id,voen,buyer_name,address,competition_count,event_statuses,sample_event_ids,last_publish_date,sample_document_number,source
etender-buyer-1,1700360581,Azərbaycan Respublikasının Dövlət Sərhəd Xidməti,"AZ 1000, Bakı şəhər, Z.Əliyeva küçəsi, 76",1036,active | awarded | cancelled | other,354566 | 354458 | 354457 | 354456 | 354454,2026-06-29,2026/AT/03163/V1,etender.gov.az/main/competitions
etender-buyer-2,1402871431,"""BAKI METROPOLİTENİ"" QAPALI SƏHMDAR CƏMİYYƏTİ","Bakı şəhəri,Nəsimi r-nu M.Rəfili 16",822,active | awarded | cancelled | other,354542 | 354483 | 354081 | 353719 | 351738,2026-06-29,2026/AT/03151/V1,etender.gov.az/main/competitions
etender-buyer-3,1300162621,AZƏRBAYCAN RESPUBLİKASI MÜDAFİƏ NAZİRLİYİ,Parlament prospekti 3,661,active | awarded | cancelled | other,354580 | 354448 | 354402 | 354357 | 354356,2026-06-29,2026/AT/02692/V2,etender.gov.az/main/competitions
etender-buyer-4,9900001751,"""İRİ ŞƏHƏRLƏRİN BİRLƏŞMİŞ SU TƏCHİZATI XİDMƏTİ"" PUBLİK HÜQUQİ ŞƏXSİ"," Moskva prospekti 67, AZ 1012 Bakı, ",638,active | awarded | cancelled | other,354592 | 354314 | 353976 | 353760 | 353758,2026-06-29,2026/AT/03173/V1,etender.gov.az/main/competitions
etender-buyer-5,1500016711,AZƏRBAYCAN RESPUBLİKASI TƏHSİL NAZİRLİYİNİN TƏSƏRRÜFAT HESABLI ƏSASLI TİKİNTİ VƏ TƏCHİZAT İDARƏSİ,"Bakı şəhəri, Y.Bakuvi küçəsi 18 ",557,active | awarded | cancelled | other,354579 | 354310 | 354192 | 353763 | 353228,2026-06-29,2026/AT/03169/V1,etender.gov.az/main/competitions
etender-buyer-6,1700121811,"""AZƏRBAYCAN MELİORASİYA VƏ SU TƏSƏRRÜFATI"" AÇIQ SƏHMDAR CƏMİYYƏTİ","Bakı ş. AZ1000, Hökümət Evi, mər. 5",431,active | awarded | cancelled | other,354488 | 354487 | 354486 | 354480 | 354477,2026-06-25,2026/AT/03130/V1,etender.gov.az/main/competitions
etender-buyer-7,9900071001,AZƏRBAYCAN RESPUBLİKASININ MƏRKƏZİ BANKI,"AZ1014, Bakı şəhəri, Rəşid Behbudov küçəsi, 90",411,active | awarded | cancelled | other,354581 | 354468 | 354431 | 354399 | 354398,2026-06-29,2026/AT/03170/V1,etender.gov.az/main/competitions
etender-buyer-8,1701393691,AZƏRBAYCAN RESPUBLİKASININ PREZİDENTİ YANINDA VƏTƏNDAŞLARA XİDMƏT VƏ SOSİAL İNNOVASİYALAR ÜZRƏ DÖVLƏT AGENTLİYİ,,389,active | awarded | cancelled | other,354233 | 353440 | 353027 | 352235 | 352011,2026-06-22,2026/AT/03044/V1,etender.gov.az/main/competitions
etender-buyer-9,1305481501,"""AZƏRALÜMİNİUM"" MƏHDUD MƏSULİYYƏTLİ CƏMİYYƏTİ","Bakı şəhəri , Yasamal r-nu, İzmir küç. 14, ASK VILLA  , AZ1065 .",387,active | awarded | cancelled | other,305027 | 302148 | 296896 | 296863 | 296857,2024-04-23,82430,etender.gov.az/main/competitions
etender-buyer-10,1404365471,AZƏRBAYCAN RESPUBLİKASININ DÖVLƏT TURİZM AGENTLİYİ,"Nəsimi rayonu, Ü. Hacıbəyli 134.",378,active | awarded | cancelled | other,354511 | 354064 | 352790 | 352626 | 352211,2026-06-25,2026/AT/03137/V1,etender.gov.az/main/competitions
etender-buyer-11,1400108191,AZƏRBAYCAN RESPUBLİKASİNİN MALİYYƏ NAZİRLİYİ,"Bakı şəhəri, Səməd Vurğun 135",367,active | awarded | cancelled | other,354556 | 353787 | 353642 | 353249 | 353162,2026-06-29,2026/AT/03159/V1,etender.gov.az/main/competitions
etender-buyer-12,1305817761,"""DAYANIQLI VƏ OPERATİV SOSİAL TƏMİNAT AGENTLİYİ"" PUBLİK HÜQUQİ ŞƏXSİ","Bakı ş., İ.Qutqaşınlı 86.",366,active | awarded | cancelled | other,352983 | 352981 | 352373 | 352372 | 351425,2026-05-26,2026/AT/02630/V1,etender.gov.az/main/competitions
etender-buyer-13,1400163961,"""AZƏRBAYCAN RESPUBLİKASININ MİNATƏMİZLƏMƏ AGENTLİYİ"" PUBLİK HÜQUQİ ŞƏXSİ","AZ1108, Bakı şəhəri, İbrahimpaşa Dadaşov küçəsi, 260",340,active | awarded | cancelled | other,354617 | 354616 | 354525 | 354352 | 354174,2026-06-29,2026/AT/02867/V2,etender.gov.az/main/competitions
etender-buyer-14,9900041961,AZƏRBAYCAN RESPUBLİKASI DÖVLƏT NEFT FONDU,"AZ1029, Bakı şəhəri, Nizami rayonu, Heydər Əliyev prospekti 165",315,active | awarded | cancelled | other,354593 | 354255 | 353836 | 353835 | 353775,2026-06-29,2026/AT/03174/V1,etender.gov.az/main/competitions
etender-buyer-15,1405196831,"""SOSİAL XİDMƏTLƏR AGENTLİYİ"" PUBLİK HÜQUQİ ŞƏXSİ","Bakı şəhəri, Ziya Bünyadov prospekti 1965, ""Çinar Park"" Biznes Mərkəzi bina 1, mərtəbə 2",313,active | awarded | cancelled | other,354614 | 354522 | 353029 | 353020 | 352977,2026-06-29,2026/AT/03181/V1,etender.gov.az/main/competitions
etender-buyer-16,1305532271,"""AZƏRPAMBIQ AQRAR SƏNAYE KOMPLEKSİ"" MƏHDUD MƏSULİYYƏTLİ CƏMİYYƏTİ","AZ1065 Bakı şəhəri, Yasamal r-nu, İzmir küçəsi 14, ASK VILLA, 2-ci mərtəbə",307,active | awarded | cancelled | other,306221 | 306111 | 306069 | 304962 | 304798,2024-05-07,83623,etender.gov.az/main/competitions
etender-buyer-17,1307417001,"""AZƏRBAYCAN RESPUBLİKASI İQTİSADİYYAT NAZİRLİYİNİN TİKİNTİ-TƏCHİZAT BİRLİYİ"" MƏHDUD MƏSULİYYƏTLİ CƏMİYYƏTİ","AZ1095, Bakı şəhəri, Səbail rayonu, Üzeyir Hacıbəyov, ev.82",306,active | awarded | cancelled | other,354472 | 353897 | 353514 | 353451 | 353225,2026-06-25,2026/AT/02676/V3,etender.gov.az/main/competitions
etender-buyer-18,1300242201,AZƏRBAYCAN RESPUBLİKASI SƏHİYYƏ NAZİRLİYİNİN İNNOVASİYA VƏ TƏCHİZAT MƏRKƏZİ,Xocasən qəsəbəsi Hacıhəsən şos. 3 ,306,active | awarded | cancelled | other,353974 | 353972 | 351948 | 350783 | 350572,2026-06-17,2026/AT/02954/V1,etender.gov.az/main/competitions
etender-buyer-19,1300050781,AZƏRBAYCAN RESPUBLİKASININ ƏMƏK VƏ ƏHALİNİN SOSİAL MÜDAFİƏSİ NAZİRLİYİ YANINDA DÖVLƏT SOSİAL MÜDAFİƏ FONDU,Həsən bəy Zərdabi 80,306,active | awarded | cancelled | other,353273 | 353028 | 352969 | 352928 | 352207,2026-06-04,2026/AT/02061/V2,etender.gov.az/main/competitions
etender-buyer-20,1500426471,AZƏRBAYCAN RESPUBLİKASI DİN DAXİLİ QOŞUNLAR BAŞ İDARƏSİ,"Rövşən Hüseynov küçəsi, 4",305,active | awarded | cancelled | other,354459 | 353790 | 353664 | 353476 | 353475,2026-06-25,2026/AT/03116/V1,etender.gov.az/main/competitions
etender-buyer-21,1701911851,"""İCBARİ TİBBİ SIĞORTA ÜZRƏ DÖVLƏT AGENTLİYİ"" PUBLİK HÜQUQİ ŞƏXS","Nəsimi rayonu, Lev Tolstoy küç 170",300,active | awarded | cancelled | other,296967 | 296023 | 294703 | 283543 | 275059,2023-10-20,72830,etender.gov.az/main/competitions
etender-buyer-22,1003853391,ƏMƏK VƏ ƏHALİNİN SOSİAL MÜDAFİƏSİ NAZİRLİYİ YANINDA DÖVLƏT TİBBİ-SOSİAL EKSPERTİZA VƏ REABİLİTASİYA XİDMƏTİ,"Bakı şəhəri, Binəqədi rayonu 6-ci mkr., Mirmahmud Kazımovski küçəsi 134",297,active | awarded | cancelled | other,351336 | 350404 | 349925 | 345205 | 293065,2026-04-30,2026/AT/02099/V1,etender.gov.az/main/competitions
etender-buyer-23,1403467421,"""AZERGOLD"" QAPALI SƏHMDAR CƏMİYYƏTİ","Azərbaycan, Bakı - AZ1004,  Mikayıl Müşfiq küç., 2H",292,active | awarded | cancelled | other,276952 | 274801 | 277464 | 275735 | 276931,2022-10-12,49339,etender.gov.az/main/competitions
etender-buyer-24,1703544251,"""ƏSASLI TİKİNTİ VƏ TƏCHİZAT"" MƏHDUD MƏSULİYYƏTLİ CƏMİYYƏTİ"," AZ1000, Azərbaycan Respublikası, Bakı şəhəri, Üzeyir Hacıbəyli küçəsi, ev 84",279,active | awarded | cancelled | other,354485 | 354469 | 354315 | 354252 | 354148,2026-06-25,2026/AT/02110/V3,etender.gov.az/main/competitions
etender-buyer-25,1300144711,ƏMƏK VƏ ƏHALİNİN SOSİAL MÜDAFİƏSİ NAZİRLİYİ YANINDA DÖVLƏT MƏŞĞULLUQ XİDMƏTİ,"AZ 1009, Bakı şəhəri, Salatın Əsgərova küçəsi, 85",259,active | awarded | cancelled | other,354078 | 349027 | 347729 | 347726 | 320359,2026-06-18,2026/AT/02991/V1,etender.gov.az/main/competitions
etender-buyer-26,1400305341,MƏCBURİ KÖÇKÜNLƏRİN SOSİAL İNKİŞAF FONDU,"Azərbaycan Respublikası, Bakı şəhəri, Tbilisi prospekti, 57D",259,active | awarded | cancelled | other,347560 | 250548 | 250308 | 249989 | 248359,2026-02-26,2026/AT/00270/V3,etender.gov.az/main/competitions
etender-buyer-27,1401347471,AZƏRBAYCAN RESPUBLİKASI FÖVQƏLADƏ HALLAR NAZİRLİYİNİN MADDİ TEXNİKİ-TƏCHİZAT  İDARƏSİ,"Bakı şəhəri, Xocahəsən-Lökbatan yolu, 7-ci km qərbi",246,active | awarded | cancelled | other,353575 | 353550 | 348107 | 302486 | 351695,2026-06-10,2026/AT/02851/V1,etender.gov.az/main/competitions
etender-buyer-28,9900069391,"""AZƏRİŞIQ"" AÇIQ SƏHMDAR CƏMİYYƏTİ","Bakı şəhəri, Bakıxanov küçəsi - 13, AZ1065",244,active | awarded | cancelled | other,354150 | 354096 | 353963 | 353807 | 353756,2026-06-19,2026/AT/03003/V2,etender.gov.az/main/competitions
etender-buyer-29,1700531291,"""AZƏRİSTİLİKTƏCHİZAT"" AÇIQ SƏHMDAR CƏMİYYƏTİ","AZ1123, Bakı şəhəri, Xətai rayonu Xudu Məmmədov küçəsi 3, ",233,active | awarded | cancelled | other,354601 | 353654 | 353518 | 353517 | 353515,2026-06-29,2026/AT/03176/V1,etender.gov.az/main/competitions
etender-buyer-30,1504595531,AZƏRBAYCAN RESPUBLİKASININ KƏND TƏSƏRRÜFATI NAZİRLİYİ YANINDA AQRAR XİDMƏTLƏR AGENTLİYİ,"Bakı şəhəri, Nərimanov rayonu, Nəcəf Nərimanov küçəsi 7A",232,active | awarded | cancelled | other,354318 | 353749 | 353287 | 353126 | 353088,2026-06-23,2026/AT/02675/V2,etender.gov.az/main/competitions
etender-buyer-31,1300430721,AZƏRBAYCAN MEMARLIQ VƏ İNŞAAT UNİVERSİTETİ,"Bakı şəhəri ,Ayna Sultanova küç, 11",231,active | awarded | cancelled | other,354570 | 354467 | 354393 | 353617 | 353601,2026-06-29,2026/AT/03165/V1,etender.gov.az/main/competitions
etender-buyer-32,1300286111,Azərbaycan Respublikasının Ədliyyə Nazirliyi,"Bakı şəhəri, Az1073, Yasamal rayonu, İnşaatçılar prospekti 1",229,active | awarded | cancelled | other,354446 | 353846 | 353108 | 352997 | 352151,2026-06-25,2026/AT/02637/V3,etender.gov.az/main/competitions
etender-buyer-33,1700354471,AZƏRBAYCAN RESPUBLİKASI BAŞ PROKURORLUĞU,"AZ1001, Bakı şəhəri, N.Rəfibəyli küçəsi 7",222,active | awarded | cancelled | other,354546 | 354149 | 354018 | 353290 | 353244,2026-06-29,2026/AT/03153/V1,etender.gov.az/main/competitions
etender-buyer-34,1005379691,AZƏRBAYCAN QİDA TƏHLÜKƏSİZLİYİ İNSTİTUTU PUBLİK HÜQUQİ ŞƏXSİ,"Süleyman Sani Axundov küçəsi, 73C",210,active | awarded | cancelled | other,354389 | 353888 | 353870 | 353685 | 352651,2026-06-24,2026/AT/03092/V1,etender.gov.az/main/competitions
etender-buyer-35,3201635961,"AĞDAM, FÜZULİ VƏ XOCAVƏND RAYONLARINDA BƏRPA,TİKİNTİ VƏ İDARƏETMƏ XİDMƏTİ PUBLİK HÜQUQİ ŞƏXSİ",Ağdam şəhəri,207,active | awarded | cancelled | other,353311 | 345896 | 348814 | 344937 | 342101,2026-06-05,2026/AT/02756/V1,etender.gov.az/main/competitions
etender-buyer-36,1603326271,AZƏRBAYCAN RESPUBLİKASININ KİÇİK VƏ ORTA BİZNESİN İNKİŞAFI AGENTLİYİ PUBLİK HÜQUQİ ŞƏXS," Bakı şəhəri, Mustafa Kamal Atatürk prospekti 134",204,awarded | cancelled | other,350268 | 345974 | 347677 | 345041 | 344566,1776276418,2026/AT/01764/V1,etender.gov.az/main/competitions
etender-buyer-37,1500171121,AZƏRBAYCAN RESPUBLİKASI GƏNCLƏR VƏ İDMAN NAZİRLİYİ,"Bakı şəhəri, Olimpiya küçəsi 4",200,active | awarded | cancelled | other,354418 | 354242 | 354235 | 354056 | 353983,2026-06-24,2026/AT/02683/V2,etender.gov.az/main/competitions
etender-buyer-38,4700664781,"""ŞAHDAĞ TURİZM MƏRKƏZİ"" QAPALI SƏHMDAR CƏMİYYƏTİ",AZ3827  Qusar rayonu Qusar-Ləzə avtomobil yolunun 29-cu kilometri         ,200,active | awarded | cancelled | other,354178 | 353928 | 353925 | 353815 | 352832,2026-06-19,2026/AT/03024/V1,etender.gov.az/main/competitions
etender-buyer-39,1300300711,TİKİLMƏKDƏ OLAN MELIORASİYA VƏ İRRİQASİYA OBYEKTLƏRİNİN BİRLƏŞMİŞ MÜDİRİYYƏTİ,"AZ1102, BAKI ŞƏHƏRİ YASAMAL RAYONU, MOSKVA PROSPEKTİ, ev.69A",194,active | awarded | cancelled | other,354337 | 354237 | 352910 | 352621 | 352429,2026-06-23,2026/AT/03075/V1,etender.gov.az/main/competitions
etender-buyer-40,1400457111,AZƏRBAYCAN TİBB UNİVERSİTETİ,Bakı ş. Nəsimi r. Ə. Qasımzadə 14,194,active | awarded | cancelled | other,353823 | 353822 | 353421 | 351277 | 350039,2026-06-12,2026/AT/02905/V1,etender.gov.az/main/competitions
etender-buyer-41,1404055601,AZƏRBAYCAN RESPUBLİKASININ QİDA TƏHLÜKƏSİZLİYİ AGENTLİYİ,Heydər Əliyev prospekti 185B,191,active | awarded | cancelled | other,354608 | 352716 | 352714 | 351545 | 351544,2026-06-29,2026/AT/03178/V1,etender.gov.az/main/competitions
etender-buyer-42,1400125591,"""BAKI  BAŞ SƏHİYYƏ MƏRKƏZİ "" PUBLİK HÜQUQİ ŞƏXSİ",M.Mirqasımov1A,191,active | awarded | cancelled | other,354236 | 353428 | 352909 | 352543 | 297214,2026-06-22,2026/AT/03047/V1,etender.gov.az/main/competitions
etender-buyer-43,1300390531,AZƏRBAYCAN RESPUBLİKASI QAÇQINLARIN VƏ MƏCBURİ KÖÇKÜNLƏRİN İŞLƏRİ ÜZRƏ DÖVLƏT KOMİTƏSİ MƏNZİL İSTİSMAR DEPARTAMENTİ,Bakı şəhəri Yasamal rayonu Tbilisi prospekti 129,190,active | awarded | cancelled | other,353994 | 352684 | 352005 | 350678 | 346572,2026-06-17,2026/AT/02961/V1,etender.gov.az/main/competitions
etender-buyer-44,1700246911,ƏDLİYYƏ NAZİRLİYİNİN PENTENSİAR XİDMƏTİ,nesimi rayonu Nizami 114,190,active | awarded | cancelled | other,353012 | 297119 | 293713 | 291077 | 290937,2026-06-01,2026/AT/02643/V1,etender.gov.az/main/competitions
etender-buyer-45,9900048721,"Azərbaycan Respublikası Nəqliyyat, Rabitə və Yüksək Texnologiyalar Nazirliyinin “Azerbaijan International Telecom (AzInTelecom)” Məhdud Məsuliyyətli Cəmiyyəti","Əlibəy Hüseynzadə, 74. AZ 1009",190,active | awarded | cancelled | other,340347 | 327515 | 327475 | 251144 | 328995,2025-10-03,120734,etender.gov.az/main/competitions
etender-buyer-46,1301946551,AZƏRBAYCAN RESPUBLİKASI DÖVLƏT GÖMRÜK KOMİTƏSİ TİBBİ XİDMƏT İDARƏSİNİN MƏRKƏZİ HOSPİTALI,Yasamal rayonu K.Kazimzadə 118,188,active | awarded | cancelled | other,354309 | 353985 | 353140 | 353139 | 353034,2026-06-23,2026/AT/03070/V1,etender.gov.az/main/competitions
etender-buyer-47,9900000421,"""AZƏRENERJİ"" AÇIQ TİPLİ SƏHMDAR CƏMİYYƏTİ","AZ 1005, Bakı, Akademik Ə.Əlizadə küçəsi, 10",184,active | awarded | cancelled | other,353995 | 353899 | 353467 | 353466 | 353222,2026-06-17,2026/AT/02962/V1,etender.gov.az/main/competitions
etender-buyer-48,1503898981,"""BAKI KONQRES MƏRKƏZİ"" MƏHDUD MƏSULİYYƏTLİ CƏMİYYƏTİ","Bakı şəhəri, Nərimanov rayonu, Təbriz küçəsi 130",184,active | awarded | cancelled | other,353942 | 353116 | 347017 | 345562 | 344786,2026-06-17,2026/AT/02941/V1,etender.gov.az/main/competitions
etender-buyer-49,1700093011,AZƏRBAYCAN RESPUBLİKASI ƏMƏK VƏ ƏHALİNİN SOSİAL MÜDAFİƏSİ NAZİRLİYİ,"AZ 1009, Bakı şəhəri, Salatın Əsgərova küçəsi, 85",181,active | awarded | cancelled | other,354214 | 350771 | 349017 | 248635 | 350777,2026-06-22,2026/AT/02632/V2,etender.gov.az/main/competitions
etender-buyer-50,1506095421,"""AZƏRBAYCAN YERÜSTÜ NƏQLİYYAT AGENTLİYİ"" PUBLİK HÜQUQİ ŞƏXSİ",Bakı şəh. Nərimanov r/n. Hacı Məmmədov 5,177,active | awarded | cancelled | other,354527 | 354043 | 353764 | 353509 | 352381,2026-06-25,2026/AT/03142/V1,etender.gov.az/main/competitions
etender-buyer-51,1300204521,AZƏRBAYCAN RESPUBLİKASININ İQTİSADİYYAT NAZİRLİYİ YANINDA DÖVLƏT VERGİ XİDMƏTİ,"AZ1029, Bakı şəhəri, Nizami rayonu, Keşlə qəsəbəsi, Heydər Əliyev prospekti 155  ",177,active | awarded | cancelled | other,354006 | 351512 | 350957 | 272652 | 351247,2026-06-18,2026/AT/02965/V1,etender.gov.az/main/competitions
etender-buyer-52,1700069791,AZƏRBAYCAN RESPUBLİKASININ KƏND TƏSƏRRÜFATI NAZİRLİYİ,"AZ1025, Bakı şəhəri, Xətai rayonu, Süleyman Vəzirov küçəsi, 91",172,active | awarded | cancelled | other,354520 | 354501 | 354500 | 354498 | 354073,2026-06-25,2026/AT/03138/V1,etender.gov.az/main/competitions
etender-buyer-53,1700760271,AZƏRBAYCAN RESPUBLİKASI DÖVLƏT MİQRASİYA XİDMƏTİ,"AZ-1114, Bakı şəhəri, Binəqədi rayonu, 3123-cü məhəllə, Binəqədi şossesi 202",172,awarded | cancelled | other,351031 | 350305 | 348855 | 348026 | 345113,1777311962,2026/AT/02006/V1,etender.gov.az/main/competitions
etender-buyer-54,1400727591,"""KLİNİKİ TİBBİ MƏRKƏZ"" PUBLİK HÜQUQİ ŞƏXSİ","Bakı şəhəri, Nəsimi rayonu, Mirqasımov küçəsi1",170,active | awarded | cancelled | other,346008 | 303646 | 299617 | 288299 | 346599,2026-01-29,2025/AT/01107/V3,etender.gov.az/main/competitions
etender-buyer-55,1604005991,"""YENİ KLİNİKA"" PUBLİK HÜQUQİ ŞƏXSİ",H.Əliyev pr 142,168,active | awarded | cancelled | other,354584 | 353831 | 348712 | 348469 | 344195,2026-06-29,2026/AT/03171/V1,etender.gov.az/main/competitions
etender-buyer-56,1701953921,"""MİDA"" MƏHDUD MƏSULİYYƏTLİ CƏMİYYƏTİ","Bakı şəhəri, Nəsimi rayonu, Süleyman Rüstəm küçəsi 31.",167,active | awarded | cancelled | other,354038 | 353929 | 353779 | 353199 | 353069,2026-06-18,2026/AT/02975/V1,etender.gov.az/main/competitions
etender-buyer-57,1302369281,"""AZƏRBAYCAN RESPUBLİKASININ KOSMİK AGENTLİYİ  (AZƏRKOSMOS)"" PUBLİK HÜQUQİ ŞƏXSİ","Bakı şəhəri, AZ1000, Üzeyir Hacıbəyli küçəsi 72 M5",167,active | awarded | cancelled | other,338598 | 328830 | 301739 | 292425 | 282483,2025-09-11,118976,etender.gov.az/main/competitions
etender-buyer-58,1101438441,"""AQRAR TƏDARÜK VƏ TƏCHİZAT"" ACIQ SƏHMDAR CƏMİYYƏTİ","Bakı şəh., Qaradağ rayonu AZ1063, Lökbatan qəs, Xocasən yolu 57",164,active | awarded | cancelled | other,354471 | 353913 | 353152 | 351584 | 268768,2026-06-25,2026/AT/03121/V1,etender.gov.az/main/competitions
etender-buyer-59,1400196861,"""AZƏRBAYCAN DÖVLƏT NEFT VƏ SƏNAYE UNİVERSİTETİ"" PUBLİK HÜQUQİ ŞƏXSİ","Bakı ş, Azadlıq pr.20",164,active | awarded | cancelled | other,352585 | 352584 | 351968 | 350075 | 348325,2026-05-21,2026/AT/02505/V1,etender.gov.az/main/competitions
etender-buyer-60,1702563281,"""BAKI ŞƏHƏR ƏSASLI TİKİNTİ VƏ TƏMİR"" MƏHDUD MƏSULİYYƏTLİ CƏMİYYƏTİ",İstiqlaliyyət  18,160,active | awarded | cancelled | other,353750 | 353050 | 352530 | 352198 | 352069,2026-06-11,2026/AT/02884/V1,etender.gov.az/main/competitions
etender-buyer-61,2000435761,İCTİMAİ TELEVİZİYA VƏ RADİO YAYIMLARI ŞİRKƏTİ,"Bakı şəhəri, Yasamal rayonu, A.M. Şərifzadə küçəsi, 241",160,active | awarded | cancelled | other,348260 | 348258 | 277581 | 271936 | 271147,2026-03-10,2026/AT/01094/V1,etender.gov.az/main/competitions
etender-buyer-62,9900044741,"""BAKI TELEFON RABİTƏSİ"" MƏHDUD MƏSULİYYƏTLİ CƏMİYYƏTİ",Üzeyir Hacıbəyli 48,156,active | awarded | cancelled | other,251271 | 251129 | 327805 | 327135 | 326440,2021-01-21,21300,etender.gov.az/main/competitions
etender-buyer-63,1304673921,"""AZƏRBAYCAN RESPUBLİKASININ DÖVLƏT İMTAHAN MƏRKƏZİ"" PUBLİK  HÜQUQİ ŞƏXSİ","AZ1138, Bakı şəhəri, Nəsimi rayonu, Ak. Həsən Əliyev küçəsi 299",151,active | awarded | cancelled | other,354568 | 354138 | 350916 | 350199 | 347192,2026-06-29,2026/AT/03164/V1,etender.gov.az/main/competitions
etender-buyer-64,2002193681,"""MƏRKƏZİ NEFTÇİLƏR XƏSTƏXANASI"" PUBLİK HÜQUQİ ŞƏXSİ","Bakı şəh., Y.Səfərov küç., 21",148,active | awarded | cancelled | other,354285 | 353941 | 351028 | 350051 | 347249,2026-06-23,2026/AT/02997/V2,etender.gov.az/main/competitions
etender-buyer-65,9900062371,"""Azərbaycan Televiziya və Radio Verilişləri"" Qapalı Səhmdar Cəmiyyəti",Bakı şəhəri M. Hüseyn küçəsi 1,148,active | awarded | cancelled | other,353483 | 311308 | 350262 | 346061 | 345570,2026-06-09,2026/AT/02343/V2,etender.gov.az/main/competitions
etender-buyer-66,2900381351,"""SUMQAYIT TİBB MƏRKƏZİ"" PUBLİK HÜQUQİ ŞƏXSİ",Heydər Əliyev pr-7,147,active | awarded | cancelled | other,354604 | 353060 | 353005 | 352738 | 349499,2026-06-29,2026/AT/03177/V1,etender.gov.az/main/competitions
etender-buyer-67,4900437551,""" DAŞKƏSƏN DƏMİR FİLİZ "" MƏHDUD MƏSULİYYƏTLİ CƏMİYYƏTİ","Bakı şəhəri, Neftçilər prospekti 24",147,active | awarded | cancelled | other,354266 | 295161 | 291819 | 291657 | 288990,2026-06-23,2026/AT/03060/V1,etender.gov.az/main/competitions
etender-buyer-68,1308560771,"""RESPUBLİKA TƏCİLİ VƏ TƏXİRƏSALINMAZ TİBBİ YARDIM MƏRKƏZİ"" PUBLİK HÜQUQİ ŞƏXSİ",Bakı şəhər Şeyx Məhəmməd Xiyabani 14 D,147,active | awarded | cancelled | other,352964 | 352950 | 352949 | 352947 | 351654,2026-05-26,2026/AT/02622/V1,etender.gov.az/main/competitions
etender-buyer-69,1402500641,BAKI SAĞLAMLIQ MƏRKƏZİ PUBLİK HÜQUQİ ŞƏXS,Azadlıq prospekti 112,146,active | awarded | cancelled | other,354549 | 354548 | 354407 | 354197 | 351959,2026-06-29,2026/AT/03156/V1,etender.gov.az/main/competitions
etender-buyer-70,3100737211,AZƏRBAYCAN RESPUBLİKASI EKOLOGİYA VƏ TƏBİİ SƏRVƏTLƏR NAZİRLİYİNİN SAHƏLƏRARASI NƏQLİYYAT VƏ KOMPLEKS MEXANİKİ TƏMİNAT İDARƏSİ,Xırdalan şəhəri Heydər Əliyev pr. 1,145,active | awarded | cancelled | other,354084 | 354083 | 353932 | 353628 | 351996,2026-06-19,2026/AT/02995/V1,etender.gov.az/main/competitions
etender-buyer-71,9900038501,"""AZTELEKOM"" MƏHDUD MƏSULİYYƏTLİ CƏMİYYƏTİ","AZ1122 Moskva pr.,ev187",139,active | awarded | cancelled | other,353864 | 316971 | 315845 | 251959 | 251538,2026-06-16,2026/AT/02655/V2,etender.gov.az/main/competitions
etender-buyer-72,9900037711,"""AZƏRPOÇT"" MƏHDUD MƏSULİYYƏTLİ CƏMİYYƏTİ","Bakı şəhəri, Ü.Hacıbəyov,72",137,awarded | cancelled | other,339547 | 338720 | 337199 | 337197 | 335010,1758733195,119933,etender.gov.az/main/competitions
etender-buyer-73,1700382471,"""AQROSERVİS"" AÇIQ SƏHMDAR CƏMİYYƏTİ","Bakı şəhəri, Nərimanov rayonu, Əhməd Rəcəbli küçəsi 1/25, “Çinar Park” Biznes mərkəzi, 1-ci bina, 4-cü mərtəbə",134,active | awarded | cancelled | other,353681 | 352480 | 349612 | 352467 | 346337,2026-06-11,2026/AT/02871/V1,etender.gov.az/main/competitions
etender-buyer-74,1403502281,AZƏRBAYCAN RESPUBLİKASININ İPOTEKA VƏ KREDİT ZƏMANƏT FONDU,"AZ1014, Bakı şəhəri, Bül-bül prospekti 40",132,active | awarded | cancelled | other,354270 | 351190 | 350725 | 288634 | 235661,2026-06-23,2026/AT/03061/V1,etender.gov.az/main/competitions
etender-buyer-75,1802077241,"AZƏRBAYCAN RESPUBLİKASI DÖVLƏT GÖMRÜK KOMİTƏSİNİN ""AZƏRTERMİNALKOMPLEKS"" BİRLİYİ",Zabrat Maştağa şosesi sol kənar 3,131,active | awarded | cancelled | other,354128 | 353448 | 353447 | 353359 | 352654,2026-06-19,2026/AT/03011/V1,etender.gov.az/main/competitions
etender-buyer-76,2600135481,"""LƏNKƏRAN DÖVLƏT UNİVERSİTETİ"" PUBLİK HÜQUQİ ŞƏXSİ","Lənkəran şəhəri, Həzi Aslanov 50",130,active | awarded | cancelled | other,354429 | 354404 | 354373 | 354094 | 354092,2026-06-25,2026/AT/03106/V1,etender.gov.az/main/competitions
etender-buyer-77,2300313061,"""GƏNCƏ DÖVLƏT UNİVERSİTETİ"" PUBLİK HÜQUQİ ŞƏXSİ",Gəncə şəhəri .Heydər Əliyev prospekti 429,128,active | awarded | cancelled | other,353854 | 353498 | 352965 | 349778 | 341043,2026-06-12,2026/AT/02917/V1,etender.gov.az/main/competitions
etender-buyer-78,2900054881,SUMQAYIT ŞƏHƏR İCRA HAKİMİYYƏTİ,"AZ 5000, Azərbaycan Respublikası, Sumqayıt ş.,  Azərbaycan prospekti, 9",128,active | awarded | cancelled | other,352506 | 351123 | 291976 | 350682 | 348584,2026-05-20,2026/AT/01992/V2,etender.gov.az/main/competitions
etender-buyer-79,1505806771,"""AZƏRBAYCAN RESPUBLİKASI DÖVLƏT EHTİYATLARI AGENTLİYİ"" PUBLİK HÜQUQİ ŞƏXSİ","Azərbaycan, Bakı ş, Heydər Əliyev pr. 152, AZ1029 Chinar Plaza Biznes Mərkəzi, 23-cü mərtəbə",123,active | awarded | cancelled | other,353718 | 352922 | 352186 | 351323 | 351322,2026-06-11,2026/AT/02878/V1,etender.gov.az/main/competitions
etender-buyer-80,2300336431,GƏNCƏ ŞƏHƏR MƏNZİL-KOMMUNAL TƏSƏRRÜFATI İSTEHSALAT BİRLİYİ,Heydər Əliyev Meydanı inzibati Bina otaq 410,123,active | awarded | cancelled | other,353671 | 353539 | 352925 | 350363 | 350619,2026-06-11,2026/AT/02870/V1,etender.gov.az/main/competitions
etender-buyer-81,1701344461,AZƏRBAYCAN RESPUBLİKASININ SƏFƏRBƏRLİK VƏ HƏRBİ XİDMƏTƏ ÇAĞIRIŞ ÜZRƏ DÖVLƏT XİDMƏTİ,"Bakı şəhəri, Səbail rayonu, Zərifə Əliyeva prospekti 30.",120,active | awarded | cancelled | other,353867 | 353463 | 353120 | 353110 | 350387,2026-06-16,2026/AT/02922/V1,etender.gov.az/main/competitions
etender-buyer-82,1300231171,"""AZƏRBAYCAN TEXNİKİ UNİVERSİTETİ"" PUBLİK HÜQUQİ ŞƏXSİ",Hüseyn Cavid pr-25,118,active | awarded | cancelled | other,354410 | 354156 | 353453 | 353018 | 353017,2026-06-24,2026/AT/03102/V1,etender.gov.az/main/competitions
etender-buyer-83,9900037841,"""RADİO-TELEVİZİYA YAYIMI VƏ PEYK KOMMUNİKASİYASI"" MƏHDUD MƏSULİYYƏTLİ CƏMİYYƏTİ",Abbasqulu Abbaszadə küçəsi 126,118,active | awarded | cancelled | other,353649 | 352056 | 301186 | 299846 | 299677,2026-06-10,2026/AT/02399/V2,etender.gov.az/main/competitions
etender-buyer-84,1702893761,"""AZƏRBAYCAN İNVESTİSİYA HOLDİNQİ"" PUBLİK HÜQUQİ ŞƏXSİ","AZ1005, Bakı ş, Səbail r, Azərbaycan prospekti 6",117,active | awarded | cancelled | other,354377 | 354313 | 351313 | 349235 | 348924,2026-06-24,2026/AT/03086/V1,etender.gov.az/main/competitions
etender-buyer-85,1000444591,TEXNOLOJİ İSTEHSALAT KOMPLEKTLƏŞDİRMƏ İDARƏSİ,M.Rəsulzadə qəsəbəsi  keçid 1285,117,active | awarded | cancelled | other,296480 | 289911 | 274312 | 348343 | 334842,2023-10-11,72377,etender.gov.az/main/competitions
etender-buyer-86,1300489621,"""BAKI DÖVLƏT UNİVERSİTETİ"" PUBLİK HÜQUQİ ŞƏXSİ","Bakı şəhəri, Yasamal rayonu, Akademik Zahid Xəlilov küç. 33",116,active | awarded | cancelled | other,354470 | 354076 | 261798 | 257040 | 347489,2026-06-25,2026/AT/03014/V2,etender.gov.az/main/competitions
etender-buyer-87,1300452181,AKADEMİK M.TOPÇUBAŞOV ADINA ELMİ CƏRRAHİYƏ MƏRKƏZİ,Bakı şəhəri Şərifzadə-196,116,active | awarded | cancelled | other,354047 | 351080 | 296459 | 293013 | 291500,2026-06-18,2026/AT/02979/V1,etender.gov.az/main/competitions
etender-buyer-88,2300213451,"""GƏNCƏ ŞƏHƏR BİRLƏŞMİŞ XƏSTƏXANASI"" PUBLİK HÜQUQİ ŞƏXSİ",Gəncə şəhəri Nizami prospekti 412,116,active | awarded | cancelled | other,353055 | 352589 | 322433 | 303810 | 261964,2026-06-02,2026/AT/02660/V1,etender.gov.az/main/competitions
etender-buyer-89,1400049171,AZƏRBAYCAN RESPUBLIKASI SƏHİYYƏ NAZİRLİYİ,"Bakı şəhəri, Nəsimi rayonu, M.Mirqasımov küçəsi 1A",114,active | awarded | cancelled | other,353950 | 352181 | 320839 | 299723 | 297553,2026-06-17,2026/AT/02944/V1,etender.gov.az/main/competitions
etender-buyer-90,1700015381,AZƏRBAYCAN RESPUBLİKASI MƏDƏNİYYƏT NAZİRLİYİ,"AZ1000, Azərbaycan Respublikası, Bakı şəhəri, Üzeyir Hacıbəyli küçəsi, ev 84",112,active | awarded | cancelled | other,299708 | 276506 | 276368 | 276032 | 271599,2023-12-18,75939,etender.gov.az/main/competitions
etender-buyer-91,1000469951,Azərbaycan Respublikası Milli Arxiv İdarəsi,"AZ1106, Bakı şəhəri, Ziya Bünyadov prospekti, 3",109,awarded | cancelled | other,345368 | 346379 | 345367 | 334873 | 335905,1768238112,2026/AT/00051/V1,etender.gov.az/main/competitions
etender-buyer-92,1502467501,"""İNNOVASİYALAR MƏRKƏZİ"" MƏHDUD MƏSULİYYƏTLİ CƏMİYYƏTİ","Bakı şəhəri, Akademik Həsən Əliyev küçəsi 36",107,active | awarded | cancelled | other,354635 | 354492 | 348841 | 290968 | 348842,2026-06-30,2026/AT/03185/V1,etender.gov.az/main/competitions
etender-buyer-93,1008078521,"""SƏHİYYƏNİN TƏMİNAT MƏRKƏZİ"" PUBLİK HÜQUQİ ŞƏXSİ","Azərbaycan Respublikası. Bakı şəhəri, AZ 1022 akad. M.Mirqasımov küç. 1A",106,active | awarded | cancelled | other,354434 | 354343 | 354031 | 352933 | 352828,2026-06-25,2026/AT/03076/V2,etender.gov.az/main/competitions
etender-buyer-94,1700332731,"AILƏ, QADİN VƏ UŞAQ PROBLEMLƏRİ ÜZRƏ DÖVLƏT KOMİTƏSİ",Baki sheheri Hokumet evi 4 cu qapi,105,active | awarded | cancelled | other,352723 | 282137 | 348762 | 344904 | 344903,2026-05-22,2026/AT/02549/V1,etender.gov.az/main/competitions
etender-buyer-95,1700865471,"""DƏNİZKƏNARI BULVAR İDARƏSİ"" PUBLİK HÜQUQİ ŞƏXSİ","Bakı ş., Səbail ray. Neftçilər pr.2A",104,active | awarded | cancelled | other,352728 | 352725 | 352255 | 351127 | 294559,2026-05-22,2026/AT/02551/V1,etender.gov.az/main/competitions
etender-buyer-96,1300204371,"""İCTİMAİ SƏHİYYƏ VƏ İSLAHATLAR MƏRKƏZİ"" PUBLİK HÜQUQİ ŞƏXSİ","Bakı şəhəri, Yasamal rayonu , H.Zərdabi 96",103,active | awarded | cancelled | other,353414 | 353232 | 352799 | 348753 | 335327,2026-06-08,2026/AT/02346/V2,etender.gov.az/main/competitions
etender-buyer-97,1703026891,AZƏRBAYCAN RESPUBLİKASI PREZİDENTİNİN TƏHLÜKƏSİZLİK XİDMƏTİ,"AZ1066, Bakı şəhəri, Səbail rayonu Lermontov küçəsi, 68",102,active | awarded | cancelled | other,354632 | 354564 | 354368 | 354365 | 354163,2026-06-30,2026/AT/02595/V3,etender.gov.az/main/competitions
etender-buyer-98,1503112971,BAKI NƏQLİYYAT AGENTLİYİ PUBLİK HÜQUQİ ŞƏXS,"Bakı şəhəri, Ziya Bünyadov 111",102,active | awarded | cancelled | other,267548 | 250848 | 284742 | 284386 | 283123,2022-04-05,39923,etender.gov.az/main/competitions
etender-buyer-99,1500495621,FÖVQƏLADƏ HALLAR NAZİRLİYİ TİKİNTİDƏ TƏHLÜKƏSİZLİYƏ NƏZARƏT DÖVLƏT AGENTLİYİNİN TİKİLMƏKDƏ OLAN OBYEKTLƏRİN BİRLƏŞMİŞ MÜDRİYYƏTİ,"Bakı şəhəri Füzuli küçəsi, bina 69, 5-ci mərtəbə",101,active | awarded | cancelled | other,354231 | 354170 | 354089 | 351295 | 351140,2026-06-22,2026/AT/03043/V1,etender.gov.az/main/competitions
etender-buyer-100,1700235621,AZƏRBAYCAN RESPUBLİKASI MİLLİ MƏCLİSİ,"Azərbaycan Respublikası, Bakı, AZ 1152, Parlament prospekti 1",101,active | awarded | cancelled | other,353892 | 353890 | 353227 | 313069 | 350476,2026-06-16,2026/AT/02929/V1,etender.gov.az/main/competitions
etender-buyer-101,1500046011,AZƏRBAYCAN RESPUBLİKASI ELM VƏ TƏHSİL NAZİRLİYİ,Bakı şəhəri Xətai prospekti 49,100,active | awarded | cancelled | other,276907 | 269340 | 348438 | 348809 | 348811,2022-10-12,49331,etender.gov.az/main/competitions
etender-buyer-102,1603161411,"""ENERJİ MƏSƏLƏLƏRİNİ TƏNZİMLƏMƏ AGENTLİYİ"" PUBLİK HÜQUQİ ŞƏXS","AZ 1000, Bakı şəhəri, Səbail rayonu, Üzeyir Hacıbəyov, ev. 84, M08, q40",98,active | awarded | cancelled | other,354452 | 354447 | 354095 | 352649 | 352648,2026-06-25,2026/AT/03110/V1,etender.gov.az/main/competitions
etender-buyer-103,1300428851,"""AKADEMİK M.Ə.MİRQASIMOV ADINA RESPUBLİKA KLİNİK XƏSTƏXANASI"" PUBLİK HÜQUQİ ŞƏXSİ",Bakı şəhəri Şərifzadə küç 212,98,active | awarded | cancelled | other,348797 | 349694 | 349999 | 348533 | 345700,2026-03-17,2026/AT/01288/V1,etender.gov.az/main/competitions
etender-buyer-104,1500194341,BAKI ŞƏHƏR MƏNZİL-KOMMUNAL TƏSƏRRÜFATI DEPARTAMENTİNİN SANİTARİYA VƏ TEXNİKİ TƏMİZLİK İDARƏSİ,"Bakı şəhəri, Balaxanı şossesi 12",97,active | awarded | cancelled | other,327831 | 327681 | 322756 | 300076 | 291910,2025-03-18,107922,etender.gov.az/main/competitions
etender-buyer-105,1501267101,AZƏRBAYCAN RESPUBLİKASI TƏHSİL NAZİRLİYİ NƏZDİNDƏ TƏHSİL SİSTEMİNİN İNFORMASİYALAŞDIRILMASI İDARƏSİ,"Bakı şəhəri, Nərimanov rayonu, Azadlıq prospekti, 909-cu məhəllə",96,active | awarded | cancelled | other,353196 | 351884 | 351704 | 351497 | 305818,2026-06-03,2026/AT/02712/V1,etender.gov.az/main/competitions
etender-buyer-106,1500374911,AZƏRBAYCAN DÖVLƏT BƏDƏN TƏRBİYƏSİ VƏ İDMAN AKADEMİYASI,Bakı F.X.Xoyski küç.98,96,active | awarded | cancelled | other,351480 | 295445 | 233480 | 349970 | 345431,2026-05-04,2026/AT/02152/V1,etender.gov.az/main/competitions
etender-buyer-107,1700091281,"""AZƏRBAYCAN DÖVLƏT İQTİSAD UNİVERSİTETİ"" PUBLİK HÜQUQİ ŞƏXS","Bakı şəhəri, İstiqlaliyyət küçəsi 6",94,active | awarded | cancelled | other,353978 | 351896 | 350500 | 349443 | 348266,2026-06-17,2026/AT/02956/V1,etender.gov.az/main/competitions
etender-buyer-108,1301261241,"""ADA"" UNİVERSİTETİ","ADA Universiteti, Nərimanov rayonu, Əhmədbəy Ağoğlu 61",93,active | awarded | cancelled | other,354529 | 351601 | 309977 | 285277 | 276635,2026-06-25,2026/AT/03144/V1,etender.gov.az/main/competitions
etender-buyer-109,2000146301,AZƏRBAYCAN MİLLİ ELMLƏR AKADEMİYASININ AKADEMİK Y.H.MƏMMƏDƏLİYEV ADINA NEFT-KİMYA PROSESLƏRİ İNSTİTUTU,"Bakı şəhəri , Xocalı prospekti-30",93,active | awarded | cancelled | other,295923 | 292892 | 292812 | 288904 | 282723,2023-09-29,71787,etender.gov.az/main/competitions
etender-buyer-110,1700341621,AZƏRBAYCAN RESPUBLİKASI DAXİLİ İŞLƏR NAZİRLİYİNİN TİBB İDARƏSİ,Azadlıq prospekti 161,92,active | awarded | cancelled | other,300738 | 282181 | 266802 | 264782 | 349604,2024-02-12,77441,etender.gov.az/main/competitions
etender-buyer-111,1500217391,BAKI ŞƏHƏR HEYVANAT PARKI,BAKIXANOV 39,91,active | awarded | cancelled | other,249374 | 248858 | 234973 | 350329 | 345961,2020-11-12,19188,etender.gov.az/main/competitions
etender-buyer-112,1500395041,AZƏRBAYCAN RESPUBLİKASI DAXİLİ İŞLƏR NAZİRLİYİNƏ BİLAVASİTƏ TABE OLAN A.N.HEYDƏROV ADINA RESPUBLİKA HOSPİTALI,Bakı ş. Ziya Bünyadov pr 36,90,active | awarded | cancelled | other,354421 | 269743 | 232301 | 350988 | 350858,2026-06-24,2026/AT/02830/V2,etender.gov.az/main/competitions
etender-buyer-113,1503323631,"Azərbaycan Respublikası ""Azərxalça"" Açıq Səhmdar Cəmiyyəti","Şumqayıt ş. Kimyaçılar küçəsi, ev1 AZ5002",90,active | awarded | cancelled | other,354369 | 354022 | 346444 | 348202 | 332446,2026-06-24,2026/AT/03083/V1,etender.gov.az/main/competitions
etender-buyer-114,1400463891,RESPUBLİKA QİÇS-LƏ MÜBARİZƏ MƏRKƏZİ,,90,active | awarded | cancelled | other,351063 | 347544 | 347539 | 347538 | 346567,2026-04-28,2026/AT/02018/V1,etender.gov.az/main/competitions
etender-buyer-115,1308009551,"""İNNOVASİYA VƏ RƏQƏMSAL İNKİŞAF AGENTLİYİ"" PUBLİK HÜQUQİ ŞƏXSİ","Bakı şəhəri, Atatürk prospekti 89, AZ1069",89,active | awarded | cancelled | other,354060 | 354059 | 354044 | 353828 | 352890,2026-06-18,2026/AT/02986/V1,etender.gov.az/main/competitions
etender-buyer-116,3200033881,AĞDAM RAYON İCRA HAKİMİYYƏTİ,"Ağdam rayonu , Quzanlı qəsəbəsi",88,active | awarded | cancelled | other,353522 | 353520 | 353519 | 353376 | 353375,2026-06-09,2026/AT/02838/V1,etender.gov.az/main/competitions
etender-buyer-117,1701622931,"""BAKUBUS"" MƏHDUD MƏSULİYYƏTLİ CƏMİYYƏTİ","AZ1091, Bakı şəhəri, Suraxanı rayonu, Zığ qəsəbəsi, Zığ-Hövsan yolu 1-ci km “1”",88,awarded | cancelled | other,345044 | 259357 | 255593 | 253671 | 253717,1766600131,2025/AT/01070/V1,etender.gov.az/main/competitions
etender-buyer-118,1800199141,"""3 NÖMRƏLİ ŞƏHƏR KLİNİK XƏSTƏXANASI"" PUBLİK HÜQUQİ ŞƏXSİ","Bakı şəhəri,Sabunçu rayon Ə.Məmmədəliyev küç 21 ",86,active | awarded | cancelled | other,353567 | 348904 | 348397 | 303861 | 346542,2026-06-09,2026/AT/02849/V1,etender.gov.az/main/competitions
etender-buyer-119,3100805251,"""ABŞERON RAYON MƏRKƏZİ XƏSTƏXANASI"" PUBLİK HÜQUQİ ŞƏXSİ","Abşeron rayon, Xırdalan şəhəri",82,active | awarded | cancelled | other,354280 | 353219 | 352283 | 352282 | 316270,2026-06-23,2026/AT/03063/V1,etender.gov.az/main/competitions
etender-buyer-120,2701171541,"""MİNGƏÇEVİR ŞƏHƏR MƏRKƏZİ XƏSTƏXANASI"" PUBLİK HÜQUQİ ŞƏXSİ","Mingəçevir şəhəri, 20 Yanvar küçəsi 12",82,active | awarded | cancelled | other,353516 | 352519 | 349733 | 264073 | 263505,2026-06-09,2026/AT/02436/V2,etender.gov.az/main/competitions
etender-buyer-121,1100496071,"""AZƏRBAYCAN YAŞILLAŞDIRMA VƏ LANDŞAFT QURULUŞU"" AÇIQ SƏHMDAR CƏMİYYƏTİ","Bakı şəhəri, Nobel 61",82,active | awarded | cancelled | other,350980 | 349851 | 351054 | 347037 | 334915,2026-04-27,2026/AT/01991/V1,etender.gov.az/main/competitions
etender-buyer-122,1400421021,ƏDLİYYƏ NAZİRLİYİ TİBB BAŞ İDARƏSİ,"Bakı şəhəri, Yasamal rayonu, Sadıx Dadaşov küçəsi, ev 84, mənzil 3/4",81,active | awarded | cancelled | other,354573 | 354051 | 354009 | 275985 | 267296,2026-06-29,2026/AT/03166/V1,etender.gov.az/main/competitions
etender-buyer-123,1703188621,"""DÖVLƏT DƏNİZ VƏ LİMAN AGENTLİYİ"" PUBLİK HÜQUQİ ŞƏXSİ","Bakı şəhəri, Səbail rayonu, Xanlar küçəsi 2 B",81,active | awarded | cancelled | other,353215 | 269075 | 351045 | 350017 | 349500,2026-06-04,2026/AT/02722/V1,etender.gov.az/main/competitions
etender-buyer-124,1702211061,AZƏRBAYCAN RESPUBLİKASININ DÖVLƏT REKLAM AGENTLİYİ PUBLİK HÜQUQİ ŞƏXSİ, Bakı şəhəri ,80,active | awarded | cancelled | other,354412 | 353203 | 352604 | 352464 | 351903,2026-06-24,2026/AT/03103/V1,etender.gov.az/main/competitions
etender-buyer-125,1001667391,"""AZƏRBAYCAN RESPUBLİKASININ PREZİDENTİ YANINDA KÜTLƏVİ İNFORMASİYA VASİTƏLƏRİNİN İNKİŞAFINA DÖVLƏT DƏSTƏYİ"" FONDU","Bakı ş, Mətbuat prospekti, 529-cu məhəllə",80,active | awarded | cancelled | other,353400 | 353399 | 339467 | 347123 | 339022,2026-06-08,2026/AT/02789/V1,etender.gov.az/main/competitions
etender-buyer-126,1700711731,"""İÇƏRİŞƏHƏR"" DÖVLƏT TARİX-MEMARLIQ QORUĞU İDARƏSİ PUBLİK HÜQUQİ ŞƏXSİ","Bakı şəhəri, Səbail rayonu, İçərişəhər, A.Zeynallı küçəsi, 20/85",80,active | awarded | cancelled | other,350998 | 348628 | 299782 | 299313 | 348630,2026-04-27,2026/AT/01999/V1,etender.gov.az/main/competitions
etender-buyer-127,5200287501,"“CƏBRAYIL, QUBADLI VƏ ZƏNGİLAN RAYONLARINDA BƏRPA, TİKİNTİ VƏ İDARƏETMƏ XİDMƏTİ” PUBLİK HÜQUQİ ŞƏXSİ","Zəngilan rayonu, Zəngilan şəhəri",79,active | awarded | cancelled | other,354436 | 352787 | 351431 | 350204 | 350202,2026-06-25,2026/AT/02677/V2,etender.gov.az/main/competitions
etender-buyer-128,1500249931,"""5 NÖMRƏLİ ŞƏHƏR KLİNİK XƏSTƏXANASI"" PUBLİK HÜQUQİ ŞƏXSİ","Bakı şəhəri, Nərimanov rayonu, F. Xoyski, 85",78,active | awarded | cancelled | other,354415 | 353512 | 353403 | 343904 | 323441,2026-06-24,2026/AT/03104/V1,etender.gov.az/main/competitions
etender-buyer-129,1305619841,"""AZƏRBAYCAN RESPUBLİKASININ SAHİBKARLIĞIN İNKİŞAFI FONDU"" PUBLİK HÜQUQİ ŞƏXS","Bakı şəhəri, Yasamal rayonu, Şərifzadə küç., 172",78,active | awarded | cancelled | other,326479 | 304622 | 325240 | 325937 | 326584,2025-02-27,106426,etender.gov.az/main/competitions
etender-buyer-130,1700241041,M.F.AXUNDOV ADINA MİLLİ KİTABXANA,Xəqani 57,77,active | awarded | cancelled | other,292794 | 255739 | 350802 | 344170 | 342668,2023-07-21,68420,etender.gov.az/main/competitions
etender-buyer-131,7300145781,Tovuz Rayon İcra Hakimiyyəti,"AZ6000, Tovuz şəhəri, İstiqlaL  küç. 2",76,active | awarded | cancelled | other,306368 | 298311 | 298195 | 298188 | 278195,2024-05-08,83979,etender.gov.az/main/competitions
etender-buyer-132,9900063851,AZƏRBAYCAN RESPUBLİKASI DAXİLİ İŞLƏR NAZİRLİYİNİN BAŞ DÖVLƏT YOL POLİSİ İDARƏSİ,Xırdalan Binəqədi şossesi 4,76,awarded | cancelled | other,345452 | 344945 | 345199 | 344111 | 344650,1768412668,2026/AT/00090/V1,etender.gov.az/main/competitions
etender-buyer-133,3400055401,AĞCABƏDİ SUVARMA SİSTEMLƏRİ İDARƏSİ,Ağcabədi rayon N. Abdullayev küçəsi 04,74,awarded | cancelled | other,338677 | 338344 | 332333 | 304358 | 293919,1757695094,119055,etender.gov.az/main/competitions
etender-buyer-134,1300597461,MİLLİ ONKOLOGİYA MƏRKƏZİ,"H.Zərdabi küçəsi 79 ""B""",73,active | awarded | cancelled | other,353068 | 350807 | 350581 | 346698 | 325763,2026-06-02,2026/AT/02664/V1,etender.gov.az/main/competitions
etender-buyer-135,1000341661,"""PROTEZ-ORTOPEDİK İSTEHSALAT VƏ REABİLİTASİYA MƏRKƏZİ"" PUBLİK HÜQUQİ ŞƏXSİ","Bakı ş.,S.Ə.Şirvani 3",72,active | awarded | cancelled | other,354353 | 344717 | 349953 | 347679 | 344676,2026-06-23,2026/AT/02382/V2,etender.gov.az/main/competitions
etender-buyer-136,1700007431,AZƏRBAYCAN  MİLLİ  ELMLƏR AKADEMİYASININ  İŞLƏR İDARƏSİ,"AZ1001, Bakı şəhəri, Səbail rayonu, İstiqlaliyyət küçəsi, 30",72,active | awarded | cancelled | other,354331 | 353561 | 352984 | 350155 | 350154,2026-06-23,2026/AT/02452/V3,etender.gov.az/main/competitions
etender-buyer-137,7300168331,TOVUZ  SU MELORASİYA  SİSTEMLƏRİNİN  İSTİSMARI İDARƏSİ,Tovuz rayon Düz Cırdaxan kəndi,72,active | awarded | cancelled | other,350600 | 350599 | 284756 | 278190 | 269750,2026-04-21,2026/AT/01864/V1,etender.gov.az/main/competitions
etender-buyer-138,3100098061,ABŞERON SU MELİORASİYA SİSTEMLƏRİNİN İSTİSMARI İDARƏSİ,"AZ0113, Abşeron rayonu, Gorədil qəsəbəsi",72,active | awarded | cancelled | other,289777 | 289175 | 267099 | 339695 | 334371,2023-05-18,65131,etender.gov.az/main/competitions
etender-buyer-139,4000209121,BƏRDƏ SU MELİORASİYA SİSTEMLƏRİNİN İSTİSMARI İDARƏSİ,Bərdə Zöhrabəyov 10,72,active | awarded | cancelled | other,273658 | 272072 | 269592 | 267069 | 349345,2022-08-04,45682,etender.gov.az/main/competitions
etender-buyer-140,1405001401,"""MİLLİ HEMATOLOGİYA VƏ TRANSFUZİOLOGİYA MƏRKƏZİ"" PUBLİK HÜQUQİ ŞƏXSİ",Mirəli Qaşqay 145,70,active | awarded | cancelled | other,354460 | 351803 | 348248 | 322007 | 320067,2026-06-25,2026/AT/03117/V1,etender.gov.az/main/competitions
etender-buyer-141,2902198151,"SUMQAYIT ŞƏHƏR İCRA HAKİMİYYƏTİ YANINDA ""MƏNZİL-KOMMUNAL TƏSƏRRÜFATI İSTEHSALAT BİRLİYİ""","Sumqayıt şəhəri, 4 mikrorayon, 27a",70,active | awarded | cancelled | other,348403 | 348396 | 348359 | 297186 | 287419,2026-03-12,2026/AT/01137/V1,etender.gov.az/main/competitions
etender-buyer-142,1502122311,HEYDƏR ƏLİYEV MƏRKƏZİ,"Bakı şəhəri, Heydər Əliyev prospekti 1, AZ1033",69,active | awarded | cancelled | other,354420 | 353971 | 351797 | 292749 | 287505,2026-06-24,2026/AT/03105/V1,etender.gov.az/main/competitions
etender-buyer-143,1500325661,AZƏRBAYCAN RESPUBLİKASI QAÇQINLARIN VƏ MƏCBURİ KÖÇKÜNLƏRİN İŞLƏRİ ÜZRƏ DÖVLƏT KOMİTƏSİNİN TİKİLMƏKDƏ OLAN MÜƏSSİSƏLƏR MÜDİRİYYƏTİ,"Bakı şəhəri, Yasamal rayonu, Tbilisi prospekti 129",68,active | awarded | cancelled | other,354307 | 255150 | 350096 | 346163 | 344993,2026-06-23,2026/AT/03068/V1,etender.gov.az/main/competitions
etender-buyer-144,8300059331,"""CƏLİLABAD RAYON MƏRKƏZİ XƏSTƏXANASI"" PUBLİK HÜQUQİ ŞƏXSİ",Cəlilabad Rayon M.Hüseyin küçəsi-82,68,active | awarded | cancelled | other,354269 | 354082 | 351834 | 340768 | 335346,2026-06-23,2026/AT/02983/V2,etender.gov.az/main/competitions
etender-buyer-145,1700326621,AZƏRBAYCAN RESPUBLİKASI ƏDLİYYƏ NAZİRLİYİ MƏHKƏMƏ EKSPERTİZASI MƏRKƏZİ,"Bakı şəhəri, Xaqani 24",68,active | awarded | cancelled | other,353770 | 351737 | 288264 | 284588 | 275488,2026-06-11,2026/AT/02463/V3,etender.gov.az/main/competitions
etender-buyer-146,1401033061,FÖVQƏLADƏ HALLAR NAZİRLİYİNİN ƏSASLI TİKİNTİ İDARƏSİ,Bakı şəhəri Nəsimi rayonu Füzuli küçəsi 69,67,active | awarded | cancelled | other,354534 | 353319 | 350376 | 336031 | 339244,2026-06-25,2026/AT/03147/V1,etender.gov.az/main/competitions
etender-buyer-147,1401555071,AZƏRBAYCAN RESPUBLİKASININ MALİYYƏ NAZİRLİYİNİN DÖVLƏT XƏZİNƏDARLIĞI AGENTLİYİ,"S. Vurğun küçəsi 135, Bakı, AZ1022",67,active | awarded | cancelled | other,350787 | 343567 | 235112 | 234701 | 234094,2026-04-23,2026/AT/01925/V1,etender.gov.az/main/competitions
etender-buyer-148,4300088331,QAX SU MELİORASİYA SİSTEMLƏRİNİN İSTİSMARI İDARƏSİ,Qax rayuonu Qaxbaş kəndi,67,awarded | cancelled | other,335123 | 334907 | 304119 | 296772 | 295008,1753200140,115492,etender.gov.az/main/competitions
etender-buyer-149,9900038911,DÖVLƏT RADİOTEZLİKLƏR İDARƏSİ,"AZ1010, Bakı ş., Droqal döngəsi, 702-ci məhəllə",66,active | awarded | cancelled | other,354481 | 353331 | 353330 | 352813 | 351608,2026-06-25,2026/AT/03126/V1,etender.gov.az/main/competitions
etender-buyer-150,3300090141,AĞDAŞ SU MELİORASİYA SİSTEMLƏRİNİN İSTİSMARI İDARƏSİ,Ağdaş rayonu Türyançay qəsəbəsi,66,active | awarded | cancelled | other,354228 | 353965 | 352619 | 351119 | 284034,2026-06-22,2026/AT/03042/V1,etender.gov.az/main/competitions
etender-buyer-151,5700115621,KÜRDƏMİR SU MELİORASİYA SİSTEMLƏRİNİN İSTİSMARI İDARƏSİ,"Kürdəmir şəhəri, Vaqif 70",66,active | awarded | cancelled | other,351237 | 304390 | 277028 | 267236 | 264256,2026-04-30,2026/AT/02066/V1,etender.gov.az/main/competitions
etender-buyer-152,4100023151,BİLƏSUVAR SU MELİORASİYA SİSTEMLƏRİNİN İSTİSMARI İDARƏSİ,"Biləsuvar şəhəri , Babək küçəsi, 5",66,active | awarded | cancelled | other,267358 | 334059 | 333733 | 330937 | 331546,2022-03-31,39642,etender.gov.az/main/competitions
etender-buyer-153,2600164831,"""LƏNKƏRAN RAYON MƏRKƏZİ XƏSTƏXANASI"" PUBLİK HÜQUQİ ŞƏXSİ","Lənkəran şəhəri, Nizami Gəncəvi küçəsi 67",64,active | awarded | cancelled | other,354335 | 353552 | 351840 | 349422 | 295929,2026-06-23,2026/AT/02844/V2,etender.gov.az/main/competitions
etender-buyer-154,3000100721,"""ŞƏKİ RAYON MƏRKƏZİ XƏSTƏXANASI"" PUBLİK HÜQUQİ ŞƏXSİ",Şəki ş. Zərifə Əliyeva 177,64,active | awarded | cancelled | other,353819 | 351781 | 351492 | 348676 | 351249,2026-06-12,2026/AT/02519/V3,etender.gov.az/main/competitions
etender-buyer-155,0201449681,"""SƏHİYYƏ MÜƏSSİSƏLƏRİNİN TƏMİNATI MƏRKƏZİ""PUBLİK HÜQUQİ ŞƏXSİ","Naxçıvan şəhəri, Kazım Talıblı küçəsi",64,active | awarded | cancelled | other,342512 | 341728 | 340959 | 340846 | 340053,2025-10-30,2025/AT/00270/V1,etender.gov.az/main/competitions
etender-buyer-156,0200021401,NAXÇIVAN MUXTAR RESPUBLİKASI DÖVLƏT ENERGETİKA XİDMƏTİ,Zərifə Əliyeva küçəsi 1/12,64,active | awarded | cancelled | other,296922 | 317613 | 314495 | 314456 | 312421,2023-10-19,72843,etender.gov.az/main/competitions
etender-buyer-157,1300189391,AZƏRBAYCAN RESPUBLİKASI ALİ MƏHKƏMƏSİ,Yusif Səfərov.26,64,awarded | cancelled | other,351358 | 348581 | 346669 | 345421 | 344950,1777627996,2026/AT/01467/V3,etender.gov.az/main/competitions
etender-buyer-158,1300226541,"""RESPUBLİKA GİGİYENA VƏ EPİDEMİOLOGİYA MƏRKƏZİ"" PUBLİK HÜQUQİ ŞƏXSİ",Bakı şəhəri Nizami rayonu Azər Manafov kücəsi 22,63,active | awarded | cancelled | other,353826 | 353542 | 353337 | 343920 | 293309,2026-06-12,2026/AT/02906/V1,etender.gov.az/main/competitions
etender-buyer-159,7000059241,AŞAĞI  MUĞAN MELİORATİV  SİSTEMLƏRİNİN   İSTİSMARI  İDARƏSİ,"Salyan şəh., Aşağı Kürkənd kəndi",63,active | awarded | cancelled | other,353271 | 290365 | 292738 | 292739 | 284928,2026-06-04,2026/AT/02748/V1,etender.gov.az/main/competitions
etender-buyer-160,2700153961,MİNGƏÇEVİR ŞƏHƏR MƏNZİL-KOMMUNAL TƏSƏRRÜFATI İSTEHSALAT BİRLİYİ,"Mingəçevir şəhəri.,H.Əliyev pr.28/12 ",63,active | awarded | cancelled | other,349595 | 344369 | 301271 | 297839 | 289856,2026-04-07,2026/AT/00637/V3,etender.gov.az/main/competitions
etender-buyer-161,7000028611,SALYAN RAYON İCRA HAKİMİYYƏTİ,"AZ-5200, Salyan şəhəri, T.Xəlilbəyli küçəsi, 136",63,active | awarded | cancelled | other,291100 | 240214 | 239903 | 332806 | 334215,2023-06-12,66571,etender.gov.az/main/competitions
etender-buyer-162,1500247381,BAKI BAŞ SƏHİYYƏ İDARƏSİNİN TƏSƏRRÜFAT HESABLI DÖVLƏT TƏCİLİ TİBBİ YARDIM AVTOBAZASI,Bakı şəh. N.Quliyev küç.5,63,awarded | cancelled | other,294813 | 293175 | 292076 | 292720 | 292459,1694083874,70591,etender.gov.az/main/competitions
etender-buyer-163,8600208181,"""ŞUŞA ŞƏHƏRİ DÖVLƏT QORUĞU İDARƏSİ"" PUBLİK HÜQUQİ ŞƏXSİ",Şuşa şəhəri ,62,active | awarded | cancelled | other,354401 | 353494 | 353493 | 353289 | 353133,2026-06-24,2026/AT/03096/V1,etender.gov.az/main/competitions
etender-buyer-164,7600060401,GÖYGÖL  SUVARMA SİSTEMLƏRİ İDARƏSİ,"Gəncə şəhəri, Totanlı küçəsi 111",62,active | awarded | cancelled | other,354396 | 353968 | 352744 | 294287 | 292066,2026-06-24,2026/AT/03093/V1,etender.gov.az/main/competitions
etender-buyer-165,4200126371,QAZAX RAYON MƏRKƏZİ XƏSTƏXANASI PUBLİK HÜQUQİ ŞƏXSİ,,62,active | awarded | cancelled | other,353960 | 353959 | 342053 | 341878 | 328034,2026-06-17,2026/AT/02948/V1,etender.gov.az/main/competitions
etender-buyer-166,1500356981,AZƏRBAYCAN RESPUBLİKASININ EKOLOGİYA VƏ TƏBİİ SƏRVƏTLƏR NAZİRLİYİ YANINDA MİLLİ HİDROMETEOROLOGİYA XİDMƏTİ,"Bakı şəhəri, H.Əliyev pr.10",62,active | awarded | cancelled | other,353717 | 349969 | 348130 | 347401 | 336443,2026-06-11,2026/AT/02877/V1,etender.gov.az/main/competitions
etender-buyer-167,1700252051,AKADEMİK ZƏRİFƏ ƏLİYEVA ADINA MİLLİ OFTALMOLOGİYA MƏRKƏZİ,"Bakı şəhəri, Cavadxan küçəsi, məhəllə 32/15",62,active | awarded | cancelled | other,353585 | 353243 | 350083 | 346287 | 336938,2026-06-10,2026/AT/02855/V1,etender.gov.az/main/competitions
etender-buyer-168,4500208661,"AZƏRBAYCAN DÖVLƏT SU EHTİYATLARI AGENTLİYİ REGİONAL SU MELİORASİYA XİDMƏTİ PUBLİK HÜQUQİ ŞƏXSİ ""QUBA SU MELİORASİYA SİSTEMLƏRİNİN İSTİSMARI İDARƏSİ""",Quba şəhəri 30 kvartal,62,active | awarded | cancelled | other,278111 | 276211 | 266582 | 332222 | 317372,2022-11-03,50619,etender.gov.az/main/competitions
etender-buyer-169,0200150211,"""NAXÇIVAN DÖVLƏT UNİVERSİTETİ"" PUBLİK HÜQUQİ ŞƏXS",Naxçıvan şəhəri,61,active | awarded | cancelled | other,353469 | 353037 | 351926 | 348720 | 326633,2026-06-08,2026/AT/02818/V1,etender.gov.az/main/competitions
etender-buyer-170,1301914311,"""TƏMİZ ŞƏHƏR"" AÇIQ SƏHMDAR CƏMİYYƏTİ",,61,active | awarded | cancelled | other,352953 | 351651 | 349671 | 287506 | 254799,2026-05-26,2026/AT/01563/V3,etender.gov.az/main/competitions
etender-buyer-171,3500028611,AĞSU SU MELİORASİYA SİSTEMLƏRİNİN İSTİSMARI İDARƏSİ,Ağsu şəh M.Hüseyin küç 1,61,active | awarded | cancelled | other,344169 | 343565 | 319096 | 252134 | 252122,2025-11-26,2025/AT/00722/V1,etender.gov.az/main/competitions
etender-buyer-172,2900390241,Sumqayıt Şəhər Mənzil Kommunal Təsərrüfatı İstehsalat Birliyi Yaşıllaşdırma İdarəsi,"Sumqayıt şəhəri, 41-ci məhəllə",61,active | awarded | cancelled | other,317239 | 285321 | 282844 | 269328 | 238357,2024-09-25,96001,etender.gov.az/main/competitions
etender-buyer-173,3700040721,ASTARA RAYON İCRA HAKİMİYYƏTİ,"Astara şəhəri, İstiqlaliyyət küçəsi 13, AZ 0700",60,active | awarded | cancelled | other,354308 | 270742 | 270725 | 347857 | 341521,2026-06-23,2026/AT/03069/V1,etender.gov.az/main/competitions
etender-buyer-174,2100078791,"""ŞİRVAN  ŞƏHƏR MƏRKƏZİ XƏSTƏXANASI"" PUBLİK HÜQUQİ ŞƏXSİ",Şirvan şəhəri H.Əliyev pr.16,60,active | awarded | cancelled | other,354124 | 353891 | 351624 | 300786 | 348036,2026-06-19,2026/AT/02579/V2,etender.gov.az/main/competitions
etender-buyer-175,1400339161,"""AZƏRBAYCAN ELMİ TƏDQİQAT TRAVMATOLOGİYA VƏ ORTOPEDİYA İNSTİTUTU""  PUBLİK HÜQUQİ ŞƏXSİ",Bakı şəhəri A.Səhhət-32,60,active | awarded | cancelled | other,347335 | 319622 | 304924 | 297596 | 294501,2026-02-24,2026/AT/00761/V1,etender.gov.az/main/competitions
etender-buyer-176,2600029891,LƏNKƏRAN ŞƏHƏRİ İCRA HAKİMİYYƏTİ,"Lənkəran Şəhəri, Ş.Axundov 33",59,active | awarded | cancelled | other,352575 | 352517 | 315677 | 302386 | 351217,2026-05-21,2026/AT/02500/V1,etender.gov.az/main/competitions
etender-buyer-177,1300049571,Azərbaycan Respublikasının Dövlət Gömrük Komitəsi,Bakı şəhəri Yasamal rayonu Landau küçəsi 10,59,active | awarded | cancelled | other,352205 | 352203 | 352170 | 347823 | 348984,2026-05-14,2026/AT/01572/V3,etender.gov.az/main/competitions
etender-buyer-178,1302126941,AZƏRBAYCAN RESPUBLİKASININ İQTİSADİYYAT NAZİRLİYİ YANINDA ANTİİNHİSAR VƏ İSTEHLAK BAZARINA NƏZARƏT DÖVLƏT XİDMƏTİ,"Bakı şəhəri Ü.Hacıbəyov küçəsi 84, Hökümət evi",58,active | awarded | cancelled | other,353106 | 353105 | 351891 | 345999 | 323692,2026-06-02,2026/AT/02681/V1,etender.gov.az/main/competitions
etender-buyer-179,4500202691,"""QUBA RAYON MƏRKƏZİ XƏSTƏXANASI"" PUBLİK HÜQUQİ ŞƏXSİ","Quba şəhəri, Fətəlixan küçəsi 10D",58,active | awarded | cancelled | other,352822 | 352336 | 344109 | 328232 | 322113,2026-05-25,2026/AT/01857/V4,etender.gov.az/main/competitions
etender-buyer-180,3000103891,ŞƏKİ SU MELİORASİYA SİSTEMLƏRİNİN İSTİSMARI İDARƏSİ,Şəki şəhəri Sabit Rəhman - 25,58,active | awarded | cancelled | other,351271 | 351268 | 238997 | 337861 | 331195,2026-04-30,2026/AT/02079/V1,etender.gov.az/main/competitions
etender-buyer-181,5300021371,ZƏRDAB SU MELİORASİYA SİSTEMLƏRİNİN İSTİSMARI İDARƏSİ,Zərdab-Ucar şossesi 41 km,58,active | awarded | cancelled | other,316028 | 298419 | 289530 | 278696 | 274810,2024-09-12,94676,etender.gov.az/main/competitions
etender-buyer-182,1700293201,"""SƏHİYYƏ NAZİRLİYİNİN TƏCİLİ VƏ TƏXİRƏSALINMAZ TİBBİ YARDIM STANSİYASI"" PUBLİK HÜQUQİ ŞƏXSİ",Bakı şəh. Ş.M.Xiyabani 14D,58,active | awarded | cancelled | other,292451 | 292449 | 291029 | 290508 | 294300,2023-07-14,68014,etender.gov.az/main/competitions
etender-buyer-183,5100030091,"""ZAQATALA RAYON MƏRKƏZİ XƏSTƏXANASI"" PUBLİK HÜQUQİ ŞƏXS","Zaqatala şəhəri, Z. Əliyeva küçəsi, 58",57,active | awarded | cancelled | other,353837 | 271066 | 345408 | 343790 | 340816,2026-06-12,2026/AT/02513/V4,etender.gov.az/main/competitions
etender-buyer-184,3102154051,"""BAKI MÜHƏNDİSLİK UNİVERSİTETİ"" PUBLİK HÜQUQİ ŞƏXSİ","AZ0102, Abşeron rayonu, Xırdalan şəhəri, ev 120, Həsən Əliyev küçəsi",57,active | awarded | cancelled | other,353053 | 352831 | 350930 | 348111 | 340837,2026-06-02,2026/AT/02659/V1,etender.gov.az/main/competitions
etender-buyer-185,6600009111,OĞUZ RAYON İCRA HAKİMİYYƏTİ,Oğuz şəhəri Heydər Əliyev prospekti 89,57,active | awarded | cancelled | other,352390 | 296011 | 260196 | 342469 | 337824,2026-05-19,2026/AT/02444/V1,etender.gov.az/main/competitions
etender-buyer-186,2700112701,MİNGƏÇEVİR ŞƏHƏR YAŞILLAŞDIRMA VƏ SANİTAR-TƏMİZLİK İDARƏSİ,"Mingəçevir şəhəri, 20 Yanvar küçəsi, 174",57,active | awarded | cancelled | other,351645 | 349692 | 348734 | 351479 | 338142,2026-05-05,2026/AT/02211/V1,etender.gov.az/main/competitions
etender-buyer-187,1300382431,AZƏRBAYCAN RESPUBLİKASI XARİCİ İŞLƏR NAZİRLİYİ,"Sh.Qurbanov küç.50, Bakı AZ1009",57,active | awarded | cancelled | other,346617 | 240470 | 346616 | 345771 | 345772,2026-02-10,2026/AT/00516/V1,etender.gov.az/main/competitions
etender-buyer-188,4700132701,AZƏRBAYCAN DÖVLƏT SU EHTİYATLARI AGENTLİYİ REGİONAL SU MELİORASİYA XİDMƏTİ PUBLİK HÜQUQİ ŞƏXSİ QUSAR SU MELİORASİYA SİSTEMLƏRİNİN İSTİSMARI İDARƏSİ,Qusar  şəhər Ç.Qurbanov21a,57,active | awarded | cancelled | other,290542 | 276485 | 270644 | 269010 | 266736,2023-06-01,65702,etender.gov.az/main/competitions
etender-buyer-189,7000047291,SALYAN SU MELİORASİYA SİSTEMLƏRİNİN İSTİSMARI İDARƏSİ,Salyan rayonu Nizami küçəsi-4,57,awarded | cancelled | other,333516 | 333515 | 314617 | 315613 | 291340,1750870935,113880,etender.gov.az/main/competitions
etender-buyer-190,7500072581,"""FÜZULİ RAYON MƏRKƏZİ XƏSTƏXANASI"" PUBLİK HÜQUQİ ŞƏXSİ",Füzuli rayon Horadiz şəhəri 20 yanvar küçəsi,56,active | awarded | cancelled | other,354384 | 352694 | 352332 | 299168 | 294258,2026-06-24,2026/AT/03090/V1,etender.gov.az/main/competitions
etender-buyer-191,3300042651,"""AĞDAŞ RAYON MƏRKƏZİ XƏSTƏXANASI"" PUBLİK HÜQUQİ ŞƏXS",Ağdaş şəhəri Heydər Əliyev prospekti 184,56,active | awarded | cancelled | other,354063 | 353641 | 353216 | 347642 | 331765,2026-06-18,2026/AT/02988/V1,etender.gov.az/main/competitions
etender-buyer-192,5100025051,ZAQATALA RAYONU İCRA HAKİMİYYƏTİ.,Zaqatala şəhəri Car küçəsi 3,56,active | awarded | cancelled | other,271741 | 349603 | 341362 | 340848 | 322454,2022-06-14,43603,etender.gov.az/main/competitions
etender-buyer-193,7400065951,UCAR SU MELİORASİYA SİSTEMLƏRİNİN İSTİSMARI İDARƏSİ,Ucar rayon Qarabörk kəndi,56,awarded | cancelled | other,332585 | 314646 | 298270 | 294560 | 294567,1749727173,112947,etender.gov.az/main/competitions
etender-buyer-194,3100176751,AZƏRBAYCAN MELİORASİYA VƏ SU TƏSƏRRÜFATI AÇIQ SƏHMDAR CƏMİYYƏTİ SAMUR-ABŞERON KANALININ İSTİSMARI İDARƏSİ,"AZ-0112  Abşeron rayonu,Ceyranbatan qəsəbəsi, Xətai küçəsi 1 ",55,active | awarded | cancelled | other,353035 | 350351 | 294279 | 289965 | 275956,2026-06-01,2026/AT/02651/V1,etender.gov.az/main/competitions
etender-buyer-195,3000072051,ŞƏKİ ŞƏHƏR İCRA HAKİMİYYƏTİ,"Az 5500  20 Yanvar küçəsi, 8",55,active | awarded | cancelled | other,296741 | 293822 | 292530 | 292197 | 261620,2023-10-16,72671,etender.gov.az/main/competitions
etender-buyer-196,5000044431,AZƏRBAYCAN RESPUBLİKASI ŞABRAN RAYON İCRA HAKİMİYYƏTİ BAŞÇISININ ŞABRAN ŞƏHƏRİ ÜZRƏ NÜMAYƏNDƏSİ,"Şabran şəhəri, M.Ə.Rəsulzadə küçəsi - 39",55,active | awarded | cancelled | other,295403 | 294685 | 266489 | 337415 | 335066,2023-09-20,70862,etender.gov.az/main/competitions
etender-buyer-197,2100113541,BAŞ-ŞİRVAN KOLLEKTORUNUN İSTİSMARI İDARƏSİ,Şirvan şəhər H.Z.Tağıyev qəsəbəsi  Baş Şirvan Kİİ,55,awarded | cancelled | other,315378 | 301674 | 293255 | 292246 | 284561,1725463398,93899,etender.gov.az/main/competitions
etender-buyer-198,1300308241,AZƏRBAYCAN MİLLİ ELMLƏR AKADEMİYASININ İNFORMASİYA TEXNOLOGİYALARI İNSTİTUTU,"Azərbaycan Respublikası, Bakı şəhəri, B.Vahabzadə küç., 9A",54,active | awarded | cancelled | other,354545 | 352510 | 352067 | 351841 | 350589,2026-06-29,2026/AT/03152/V1,etender.gov.az/main/competitions
etender-buyer-199,1500281641,DİN-nin Maddi -Texniki Təminat Baş İdarəsi,"Bakı şəhəri, Azadlıq prospekti 161",54,active | awarded | cancelled | other,354539 | 352252 | 351932 | 277955 | 350810,2026-06-26,2026/AT/03149/V1,etender.gov.az/main/competitions
etender-buyer-200,4400080791,QƏBƏLƏ RAYON İCRA HAKİMİYYƏTİ QƏBƏLƏ ŞƏHƏR İNZİBATİ ƏRAZİ NÜMAYƏNDƏLİYİ,Həzi Aslanov 31,54,active | awarded | cancelled | other,341557 | 333153 | 329941 | 315362 | 315398,2025-10-20,121944,etender.gov.az/main/competitions
etender-buyer-201,1400621881,BAKI SLAVYAN UNİVERSİTETİ,"Bakı şəhəri, Nəzimi rayonu, Süleyman Rüstəm küçəsi 33",54,active | awarded | cancelled | other,327833 | 327043 | 314538 | 345257 | 345248,2025-03-18,107954,etender.gov.az/main/competitions
etender-buyer-202,5500142121,İMİŞLİ SU MELİORASİYA SİSTEMLƏRİNİN İSTİSMARI İDARƏSİ,İmişli rayon Qaradonlu kəndi,54,active | awarded | cancelled | other,267306 | 255643 | 334266 | 293436 | 293688,2022-03-30,39615,etender.gov.az/main/competitions
etender-buyer-203,1701374451,BAKI ŞƏHƏR İCRA HAKİMİYYƏTİNİN BAKI ŞƏHƏR MƏKTƏBƏQƏDƏR TƏHSİL MÜƏSSİSƏLƏRİ VƏ UŞAQ EVLƏRİ İDARƏSİ,,54,active | awarded | cancelled | other,252461 | 274161 | 274162 | 274163 | 262770,2021-02-19,22663,etender.gov.az/main/competitions
etender-buyer-204,6600073211,OĞUZ SU MELİORASİYA SİSTEMLƏRİNİN İSTİSMARI İDARƏSİ,20 YANVAR küç 3,54,awarded | cancelled | other,333856 | 331534 | 314086 | 304951 | 290695,1751478826,114220,etender.gov.az/main/competitions
etender-buyer-205,0200024441,NAXÇIVAN MUXTAR RESPUBLİKASI AVTOMOBİL YOLLARI DÖVLƏT AGENTLİYİNİN NAXÇIVAN ŞƏHƏR YOL TƏMİR TİKİNTİ İDARƏSİ,Naxçıvan şəh Nəsrəddin Tusi 12.,53,active | awarded | cancelled | other,354169 | 352483 | 298464 | 294278 | 290611,2026-06-19,2026/AT/03020/V1,etender.gov.az/main/competitions
etender-buyer-206,2201221621,"""YEVLAX RAYON MƏRKƏZİ XƏSTƏXANASI"" PUBLİK HÜQUQİ ŞƏXSİ",Yevlax rayonu C Mustafayev 115,53,active | awarded | cancelled | other,353220 | 345794 | 314660 | 347431 | 347892,2026-06-04,2026/AT/02726/V1,etender.gov.az/main/competitions
etender-buyer-207,5100135161,ZAQATALA SU MELİORASİYA  SİSTEMLƏRİNİN İSTİSMARI İDARƏSİ,Zaqatala şəhəri Faiq Əmirov 189,53,active | awarded | cancelled | other,353103 | 330130 | 314290 | 294751 | 293860,2026-06-02,2026/AT/02679/V1,etender.gov.az/main/competitions
etender-buyer-208,3200675831,AZƏRBAYCAN MELİORASİYA VƏ SU TƏSƏRRÜFATI AÇIQ SƏHMDAR CƏMİYYƏTİNİN AĞDAM MEXANİKİ SUVARMA İDARƏSİ,Agdam r Xındırıstan kəndi,53,active | awarded | cancelled | other,350977 | 334820 | 338497 | 331156 | 315589,2026-04-27,2026/AT/01494/V2,etender.gov.az/main/competitions
etender-buyer-209,1300087531,AZƏRBAYCAN RESPUBLİKASININ ENERGETİKA NAZİRLİYİ,"Bakı şəhəri, Ü. Hacıbəyli 84, Höükumət Evi,qapı 5, AZ1000",53,active | awarded | cancelled | other,314187 | 311793 | 311329 | 234869 | 334261,2024-08-21,92558,etender.gov.az/main/competitions
etender-buyer-210,6700035821,SAATLI SU MELİORASİYA SİSTEMLƏRİNİN İSTİSMARI İDARƏSİ,"Saatlı şəh., H.Əliyev pr.235",53,active | awarded | cancelled | other,253228 | 333186 | 332033 | 316944 | 296791,2021-03-11,23538,etender.gov.az/main/competitions
etender-buyer-211,2200071801,YEVLAX SU MELİORASİYA SİSTEMLƏRİNİN İSTİSMARI İDARƏSİ,"Yevlax rayonu, Aran qəsəbəsi",52,active | awarded | cancelled | other,354248 | 354246 | 261269 | 338164 | 338165,2026-06-22,2026/AT/03052/V1,etender.gov.az/main/competitions
etender-buyer-212,2904286811,"SUMQAYIT ŞƏHƏR İCRA HAKİMİYYƏTİ BAŞÇISININ TABELİYİNDƏ ""SUMQAYIT BULVAR"" MƏHDUD MƏSULİYYƏTLİ CƏMİYYƏTİ","Sumqayıt  şəhər, Bulvar küçəsi 58 ",52,active | awarded | cancelled | other,354204 | 354203 | 283168 | 266904 | 255171,2026-06-22,2026/AT/03031/V1,etender.gov.az/main/competitions
etender-buyer-213,1300189411,AZƏRBAYCAN RESPUBLİKASI DÖVLƏT STATİSTİKA KOMİTƏSİ,"Bakı şəhəri, İnşaatçılar prospekti 81",52,active | awarded | cancelled | other,353783 | 349172 | 349171 | 345546 | 344943,2026-06-11,2026/AT/02893/V1,etender.gov.az/main/competitions
etender-buyer-214,1000071441,AZƏRBAYCAN RESPUBLİKASI PREZİDENTİNİN TƏHLÜKƏSİZLİK XİDMƏTİ MİLLİ QVARDİYA,"Bakı şəhəri, Binəqədi rayonu, M.Rəsulzadə qəsəbəsi, 3222-ci məhəllə, Musabəyov küçəsi, 20",52,active | awarded | cancelled | other,318102 | 292357 | 336468 | 334508 | 327110,2024-10-04,96302,etender.gov.az/main/competitions
etender-buyer-215,8100027051,HACIQABUL RAYON İCRA HAKİMİYYƏTİ,"2400, Hacıqabul şəhəri, İsmət Qayıbov küçəsi 7",51,active | awarded | cancelled | other,354551 | 259043 | 346682 | 337303 | 334597,2026-06-29,2026/AT/03154/V2,etender.gov.az/main/competitions
etender-buyer-216,3100056421,ABŞERON RAYON İCRA HAKİMİYYƏTİ,"Xırdalan şəhəri, M.Ə.Rəsulzadə küçəsi 7",51,active | awarded | cancelled | other,354298 | 353481 | 352451 | 352400 | 343327,2026-06-23,2026/AT/02714/V2,etender.gov.az/main/competitions
etender-buyer-217,1600188111,"AZƏRBAYCAN RESPUBLİKASININ ƏDLİYYƏ NAZİRLİYİ  ""PENİTENSİAR XİDMƏTİN  TƏCHİZAT İDARƏSİ""",Böyük şor qəs. 8 köndələn 5,51,active | awarded | cancelled | other,353882 | 353008 | 351420 | 347420 | 348301,2026-06-16,2026/AT/02758/V2,etender.gov.az/main/competitions
etender-buyer-218,1700425571,DAXİLİ İŞLƏR NAZİRLİYİNİN KOMENDAT XİDMƏTİ,Azərbaycan prospekti  7,51,active | awarded | cancelled | other,351748 | 351747 | 351678 | 351110 | 345240,2026-05-07,2026/AT/02254/V1,etender.gov.az/main/competitions
etender-buyer-219,1200097871,XƏZƏR RAYON MƏNZİL- KOMMUNAL TƏSƏRRÜFATI BİRLİYİ,"Bakı  şəh,Şüvəlan qəs, A,İldırım 32",51,active | awarded | cancelled | other,349250 | 325943 | 316435 | 268962 | 343067,2026-04-01,2026/AT/01444/V1,etender.gov.az/main/competitions
etender-buyer-220,8500224091,ŞƏMKİR SU MELİORASİYA SİSTEMLƏRİNİN İSTİSMARI İDARƏSİ,Şəmkir rayon Yeni Həyat kəndi,51,active | awarded | cancelled | other,322344 | 290555 | 289568 | 276293 | 275377,2024-11-22,101584,etender.gov.az/main/competitions
etender-buyer-221,1400584751,AZƏRBAYCAN DÖVLƏT İNFORMASİYA AGENTLİYİ (AZƏRTAC) PUBLİK HÜQUQİ ŞƏXSİ,"BAKI ŞƏH., BÜLBÜL PR 30",51,active | awarded | cancelled | other,282962 | 344612 | 343652 | 335943 | 332640,2023-02-07,55750,etender.gov.az/main/competitions
etender-buyer-222,8400086421,"""ŞAMAXI RAYON MƏRKƏZİ XƏSTƏXANASI"" PUBLİK HÜQUQİ ŞƏXSİ",Şamaxı şəhəri Qədirli küçəsi ev 87,50,active | awarded | cancelled | other,352898 | 352897 | 281333 | 349647 | 348751,2026-05-26,2026/AT/02606/V1,etender.gov.az/main/competitions
etender-buyer-223,1400043501,DAXİLİ İŞLƏR NAZİRLİYİNİN BAŞ MÜHAFİZƏ İDARƏSİ,Mərdanov qardaşları 99a,50,active | awarded | cancelled | other,352334 | 292687 | 346921 | 342739 | 341227,2026-05-18,2026/AT/02431/V1,etender.gov.az/main/competitions
etender-buyer-224,6100096361,GORANBOY SU MELİORASİYA SİSTEMLƏRİNİN İSTİSMARI İDARƏSİ,"Goranboy rayonu, Cəfər Cabbarlı küçəsi 2, AZ 2200",50,active | awarded | cancelled | other,351615 | 275171 | 259763 | 255702 | 253237,2026-05-05,2026/AT/02199/V1,etender.gov.az/main/competitions
etender-buyer-225,6800223791,SABİRABAD SU MELİORASİYA  SİSTEMLƏRİNİN İSTİSMARI İDARƏSİ,Sabirabad rayon Qaratəpə kəndi,50,active | awarded | cancelled | other,318217 | 276240 | 269617 | 269616 | 253543,2024-10-07,97076,etender.gov.az/main/competitions
etender-buyer-226,4300052111,QAX RAYON İCRA HAKİMİYYƏTİ BAŞÇISININ QAX ŞƏHƏR İNZİBATİ ƏRAZİ DAİRƏSİ ÜZRƏ NÜMAYƏNDƏLİYİ,Qax şəhəri Azərbaycan pr. 26,50,active | awarded | cancelled | other,284098 | 252999 | 339452 | 340803 | 323616,2023-03-06,56957,etender.gov.az/main/competitions
etender-buyer-227,1900086671,SURAXANI RAYON MƏNZİL-KOMMUNAL TƏSƏRRÜFATI BİRLİYİ,"Bakı şəhəri, Suraxanı rayonu, Qaraçuxur qəsəbəsi, Ə. Mehbalıyev küçəsi 3",49,active | awarded | cancelled | other,352664 | 342735 | 343075 | 325911 | 325921,2026-05-21,2026/AT/02526/V1,etender.gov.az/main/competitions
etender-buyer-228,8100058371,HACIQABUL SU MELİORASİYA SİSTEMLƏRİNİN İSTİSMARI İDARƏSİ,Hacıqabul şəhəri R.Behbudov-14,49,active | awarded | cancelled | other,294791 | 291955 | 278698 | 275687 | 275426,2023-09-06,70556,etender.gov.az/main/competitions
etender-buyer-229,1700434611,AZƏRBAYCAN MİLLİ ELMLƏR AKADEMİYASININ RESPUBLİKA SEYSMOLOJİ XİDMƏT MƏRKƏZİ,Bakı şəhəri N.Rəfibəyli küç 25,48,active | awarded | cancelled | other,354560 | 351430 | 298305 | 294709 | 291136,2026-06-29,2026/AT/03160/V1,etender.gov.az/main/competitions
etender-buyer-230,1403750111,"""AZƏRBAYCAN METROLOGİYA İNSTİTUTU"" PUBLİK HÜQUQİ ŞƏXS","Bakı ş. Nərimanov r-n, E.İsaqzadə qəsəbəsi, 7-ci Köndələn küç.",48,active | awarded | cancelled | other,354463 | 354258 | 354254 | 351470 | 349118,2026-06-25,2026/AT/03118/V1,etender.gov.az/main/competitions
etender-buyer-231,1304261871,RUSİYA FEDERASİYASI SƏHİYYƏ NAZİRLİYİNİN FEDERAL DÖVLƏT MUXTAR ALİ TƏHSİL MÜƏSSİSƏSİ İ. M. SEÇENOV ADINA BİRİNCİ MOSKVA DÖVLƏT TİBB UNİVERSİTETİNİN (SEÇENOV UNİVERSİTETİNİN) BAKI FİLİALI,"AZ1141, Bakı şəhəri, H.Cavid pr.139",48,active | awarded | cancelled | other,353484 | 352193 | 351690 | 351688 | 345552,2026-06-09,2026/AT/02824/V1,etender.gov.az/main/competitions
etender-buyer-232,1702986621,“QARABAĞ DİRÇƏLİŞ FONDU” PUBLİK HÜQUQİ ŞƏXSİ,"BAKI ŞƏHƏRİ SƏBAİL RAYONU, ÜZEYİR HACIBƏYOV ev.84",48,active | awarded | cancelled | other,351667 | 344040 | 341356 | 338066 | 338896,2026-05-06,2026/AT/02220/V1,etender.gov.az/main/competitions
etender-buyer-233,4300015071,QAX RAYON İCRA HAKİMİYYƏTİ.,Qax şəhəri.Azərbaycan prospekti 32 . poçt indeksi AZ 3400,47,active | awarded | cancelled | other,353370 | 348831 | 328201 | 328328 | 318338,2026-06-05,2026/AT/02778/V1,etender.gov.az/main/competitions
etender-buyer-234,1406055591,AZƏRBAYCAN RESPUBLİKASININ STRATEJİ OBYEKTLƏRİN MÜHAFİZƏSİ DÖVLƏT AGENTLİYİ,"AZ1069, Bakı şəhəri, Nərimanov rayonu, Azad Hümbətov küçəsi 58",47,active | awarded | cancelled | other,352508 | 351742 | 351741 | 350276 | 350275,2026-05-20,2026/AT/02477/V1,etender.gov.az/main/competitions
etender-buyer-235,4000198001,"""BƏRDƏ RAYON MƏRKƏZİ XƏSTƏXANASI"" PUBLİK HÜQUQİ ŞƏXSİ",Bərdə şəhər Nəriman Nərimanov 2,47,active | awarded | cancelled | other,351355 | 350949 | 350578 | 340315 | 350859,2026-04-30,2026/AT/02112/V1,etender.gov.az/main/competitions
etender-buyer-236,4100021031,BİLƏSUVAR RAYON İCRA HAKİMİYYƏTİ,"Mübariz İbrahimov küçəsi-50, Biləsuvar, Azərbaycan",47,active | awarded | cancelled | other,350064 | 322633 | 296911 | 296485 | 241882,2026-04-13,2026/AT/01704/V1,etender.gov.az/main/competitions
etender-buyer-237,7100019601,AZƏRBAYCAN MELİORASİYA VƏ SU TƏSƏRRÜFATI AÇIQ SƏHMDAR CƏMİYYƏTİNİN SİYƏZƏN SUVARMA SİSTEMLƏRİ İDARƏSİ,D.Turabov 3,47,active | awarded | cancelled | other,292433 | 288007 | 287449 | 266993 | 333335,2023-07-14,68019,etender.gov.az/main/competitions
etender-buyer-238,5500129781,AZƏRBAYCAN RESPUBLİKASI  MELİORASİYA VƏ SU TƏSƏRRÜFATI AÇIQ SƏHMDAR CƏMİYYƏTİNİN  MƏRKƏZİ-MUĞAN KOLLEKTORLARININ İSTİSMARI İDARƏSİ,İmişli rayonu Qaradonlu kəndi,47,active | awarded | cancelled | other,292228 | 333163 | 305598 | 293636 | 292229,2023-07-11,67791,etender.gov.az/main/competitions
etender-buyer-239,1700333371,328 SAYLI HƏRBİ HİSSƏ,"Bakı şəhəri, Cənub buxtası 3",47,active | awarded | cancelled | other,290962 | 283709 | 299879 | 298936 | 287881,2023-06-08,66419,etender.gov.az/main/competitions
etender-buyer-240,1100082331,QARADAĞ RAYON İCRA HAKİMİYYƏTİ BAŞÇISI APARATININ MƏNZİL-KOMMUNAL TƏSƏRRÜFATI İSTEHSALAT BİRLİYİ,"Lökbatan qəsəbəsi, Müsəvi -7",47,active | awarded | cancelled | other,269771 | 341889 | 340151 | 334107 | 318680,2022-04-28,41353,etender.gov.az/main/competitions
etender-buyer-241,1700041261,AZƏRBAYCAN RESPUBLİKASI XÜSUSİ DÖVLƏT MÜHAFİZƏ XİDMƏTİ,"Bakı şəhəri, Lermontov 68",47,awarded | cancelled | other,270341 | 269639 | 269652 | 270776 | 270759,1652462754,42011,etender.gov.az/main/competitions
etender-buyer-242,1702301551,MƏNƏVİ DƏYƏRLƏRİN TƏBLİĞİ FONDU,Bakı şəhəri Nəsimi rayonu S.Vurğun küç 83 World Business Center,46,active | awarded | cancelled | other,353762 | 353407 | 352561 | 352222 | 350757,2026-06-11,2026/AT/02888/V1,etender.gov.az/main/competitions
etender-buyer-243,5400089581,"""İSMAYILLI RAYON MƏRKƏZİ XƏSTƏXANASI"" PUBLİK HÜQUQİ ŞƏXSİ",İsmayıllı Rayonu İsmayıllı şəhəri M.F.Axundov 65,46,active | awarded | cancelled | other,353409 | 352462 | 349950 | 348553 | 338778,2026-06-08,2026/AT/02792/V1,etender.gov.az/main/competitions
etender-buyer-244,9900012631,AZƏRBAYCAN RESPUBLİKASININ MİLLİ DEPOZİT MƏRKƏZİ,"Bakı ş. H.Zərdabi prospekti, 2 A",46,active | awarded | cancelled | other,353079 | 351179 | 347695 | 346716 | 347476,2026-06-02,2026/AT/02669/V1,etender.gov.az/main/competitions
etender-buyer-245,1600127621,NİZAMİ RAYON  MƏNZİL KOMMUNAL TƏSƏRRÜFATI BİRLİYİ,Bakı şəhəri R.Rüstəmov 28,46,active | awarded | cancelled | other,352668 | 233520 | 349636 | 339897 | 326284,2026-05-21,2026/AT/02528/V1,etender.gov.az/main/competitions
etender-buyer-246,2201548211,YEVLAX ŞƏHƏR MƏNZİL KOMMUNAL TƏSƏRRÜFATI BİRLİYİ,Yevlax şəhəri İlqar Dəmirov 3,46,active | awarded | cancelled | other,350933 | 342511 | 290698 | 290697 | 283974,2026-04-24,2026/AT/01976/V1,etender.gov.az/main/competitions
etender-buyer-247,6900056121,SAMUX SU MELİORASİYA SİSTEMLƏRİNİN İSTİSMARI İDARƏSİ,"Samux rayonu, H.Əliyev 2",46,active | awarded | cancelled | other,350348 | 329579 | 319147 | 314582 | 294184,2026-04-16,2026/AT/01790/V1,etender.gov.az/main/competitions
etender-buyer-248,6800164641,SABİRABAD RAYON İCRA HAKİMİYYƏTİ BAŞÇISININ SABİRABAD ŞƏHƏR NÜMAYƏNDƏLİYİ,Sabirabad şəhəri İ.Qayıbov 39,46,active | awarded | cancelled | other,284362 | 246460 | 246458 | 313565 | 297439,2023-03-11,57368,etender.gov.az/main/competitions
etender-buyer-249,1307248541,"""K.Y.FƏRƏCOVA ADINA ELMİ-TƏDQİQAT PEDİATRİYA İNSTİTUTU"" PUBLİK HÜQUQİ ŞƏXSİ","Bakı, Yasamal rayonu, Bəsti Bağırova küçəsi, 15 B AZ1065",45,active | awarded | cancelled | other,354218 | 354217 | 350693 | 297943 | 297216,2026-06-22,2026/AT/03037/V1,etender.gov.az/main/competitions
etender-buyer-250,2000219651,"""RESPUBLİKA NEYROCƏRRAHİYYƏ XƏSTƏXANASI"" PUBLİK HÜQUQİ ŞƏXS","Xətai ray., Xudu Məmmədov 4",45,active | awarded | cancelled | other,319915 | 351053 | 349668 | 344446 | 326786,2024-10-24,98926,etender.gov.az/main/competitions
etender-buyer-251,3600071061,AĞSTAFA RAYON İCRA HAKİMİYYƏTİ,"Az-0500, Ağstafa şəhəri, H.Arif küç.3",45,active | awarded | cancelled | other,288996 | 285010 | 282716 | 266207 | 245216,2023-05-04,64275,etender.gov.az/main/competitions
etender-buyer-252,1702532651,"""İÇƏRİŞƏHƏR "" MUZEY MƏRKƏZİ ","Böyük Qala, 41",45,active | awarded | cancelled | other,259006 | 281694 | 281385 | 277393 | 260254,2021-08-16,30088,etender.gov.az/main/competitions
etender-buyer-253,2000015631,AZƏRBAYCAN RESPUBLİKASININ İQTİSADİYYAT NAZİRLİYİ YANINDA ƏMLAK MƏSƏLƏLƏRİ DÖVLƏT XİDMƏTİ,"Bakı şəhəri, Xətai rayonu, Yusif Səfərov küçəsi, 50.",45,awarded | cancelled | other,350596 | 344297 | 344298 | 344296 | 326227,1776782534,2026/AT/01862/V1,etender.gov.az/main/competitions
etender-buyer-254,5900076651,GƏDƏBƏY RAYON İCRA HAKİMİYYƏTİ,"Gədəbəy şəhəri, Mir Cəlal Paşayev küçəsi-3",45,awarded | cancelled | other,347075 | 336992 | 326056 | 319307 | 317884,1771513417,2026/AT/00672/V1,etender.gov.az/main/competitions
etender-buyer-255,1302005671,"""KADASTR VƏ YERQURULUŞU LAYİHƏ-TƏDQİQAT MƏRKƏZİ"" MƏHDUD MƏSULİYYƏTLİ CƏMİYYƏTİ","Bakı şəhəri, Yasamal rayonu, Ş.Mehdiyev küçəsi, 269 ",44,active | awarded | cancelled | other,354532 | 238677 | 324647 | 308220 | 314679,2026-06-25,2026/AT/03145/V1,etender.gov.az/main/competitions
etender-buyer-256,1308557161,"""RESPUBLİKA PEDİATRİYA MƏRKƏZİ"" PUBLİK HÜQUQİ ŞƏXSİ","Bakı ş, Mirəsədulla Mirqasımov 2",44,active | awarded | cancelled | other,354282 | 353413 | 353351 | 352762 | 348885,2026-06-23,2026/AT/02822/V2,etender.gov.az/main/competitions
etender-buyer-257,0200023111,NAXÇIVAN ŞƏHƏR İCRA HAKİMİYYƏTİ,Heydər Əliyev pr-66,44,active | awarded | cancelled | other,354262 | 353489 | 353207 | 349200 | 346081,2026-06-22,2026/AT/02442/V3,etender.gov.az/main/competitions
etender-buyer-258,1700272511,AZƏRBAYCAN RESPUBLİKASININ DİNİ QURUMLARLA İŞ ÜZRƏ DÖVLƏT KOMİTƏSİ,"AZ 1001, Bakı şəhəri, Səbail rayonu, Əhməd Cavad küçəsi , 16",44,active | awarded | cancelled | other,352145 | 319948 | 346981 | 346104 | 340843,2026-05-13,2026/AT/02370/V1,etender.gov.az/main/competitions
etender-buyer-259,6400043871,MASALLI RAYON İCRA HAKİMİYYƏTİ BAŞÇISININ MASALLI ŞƏHƏR ÜZRƏ NÜMAYƏNDƏLİYİ,Masallı şəhəri H.Əliyev prospekti 99,44,active | awarded | cancelled | other,277252 | 267483 | 343452 | 339463 | 333675,2022-10-18,49624,etender.gov.az/main/competitions
etender-buyer-260,3100155091,ABŞERON RAYON İCRA HAKİMİYYƏTİ BAŞÇISININ XIRDALAN ŞƏHƏRİ ÜZRƏ NÜMAYƏNDƏLİYİ,Xırdalan şəhəri Qalubiyyə küçəsi 1,44,active | awarded | cancelled | other,262734 | 261383 | 339795 | 338490 | 336369,2021-11-02,34150,etender.gov.az/main/competitions
etender-buyer-261,3600071211,AĞSTAFA SU MELİORASİYA SİSTEMLƏRİNİN İSTİSMARI İDARƏSİ,Ağstafa şəhəri Şıxəli Qurbanov 19,44,active | awarded | cancelled | other,253480 | 240051 | 233991 | 331117 | 315272,2021-03-18,23792,etender.gov.az/main/competitions
etender-buyer-262,1503403061,AZƏRBAYCAN MİLLİ ANTİDOPİNQ AGENTLİYİ PUBLİK HÜQUQİ ŞƏXS,"İzmir küç 8, Hyatt Tower III",44,awarded | cancelled | other,337418 | 337417 | 331105 | 332246 | 330683,1756221065,117794,etender.gov.az/main/competitions
etender-buyer-263,1604371211,"""NİZAMİ TİBB MƏRKƏZİ"" PUBLİK  HÜQUQİ ŞƏXSİ","Bakı şəhəri, Y. Səfərov 10",43,active | awarded | cancelled | other,354296 | 353502 | 341359 | 321286 | 337311,2026-06-23,2026/AT/03066/V1,etender.gov.az/main/competitions
etender-buyer-264,0200017821,NAXÇIVAN  MR TƏHSİL NAZİRLİYİ,Nizami küçəsi 51,43,active | awarded | cancelled | other,354261 | 302615 | 299932 | 297818 | 350230,2026-06-22,2026/AT/03058/V1,etender.gov.az/main/competitions
etender-buyer-265,1604536911,“AZƏRBAYCAN RESPUBLİKASININ İXRACIN VƏ İNVESTİSİYALARIN TƏŞVİQİ AGENTLİYİ – AZPROMO” PUBLİK HÜQUQİ ŞƏXSİ,"Bakı şəhəri, Səbail rayonu, Neftçilər prospekti, ev 44 ",43,active | awarded | cancelled | other,354259 | 353284 | 294552 | 349498 | 346360,2026-06-22,2026/AT/03057/V1,etender.gov.az/main/competitions
etender-buyer-266,1700428481,AZƏRBAYCAN RESPUBLİKASI KƏND TƏSƏRRÜFATI NAZİRLİYİ YANINDA AQRAR KREDİT VƏ İNKİŞAF AGENTLİYİ,"AZ1025, Bakı şəhəri, Xətai rayonu, Süleyman Vəzirov küçəsi, 91.",43,active | awarded | cancelled,354202 | 350644 | 293384 | 337241 | 329764,2026-06-22,2026/AT/03029/V1,etender.gov.az/main/competitions
etender-buyer-267,2300314671,AZƏRBAYCAN DÖVLƏT AQRAR UNİVERSİTETİ PUBLİK HÜQUQİ ŞƏXS,Gəncə şəhəri Atatürk prospekti 450,43,active | awarded | cancelled | other,353751 | 351865 | 348771 | 340652 | 251140,2026-06-11,2026/AT/02883/V2,etender.gov.az/main/competitions
etender-buyer-268,7500117391,FÜZULİ SU MELİORASİYA SİSTEMLƏRİNİN İSTİSMARI İDARƏSİ,Füzuli rayon Qarabağ kəndi,43,active | awarded | cancelled | other,353314 | 255973 | 315371 | 301940 | 302726,2026-06-05,2026/AT/02757/V1,etender.gov.az/main/competitions
etender-buyer-269,7700155521,"""XAÇMAZ RAYON MƏRKƏZİ XƏSTƏXANASI"" PUBLİK HÜQUQİ ŞƏXSİ","Xaçmaz şəhəri, N.Nərimanov küç.,303",43,active | awarded | cancelled | other,353217 | 348135 | 345140 | 342203 | 339421,2026-06-04,2026/AT/02724/V1,etender.gov.az/main/competitions
etender-buyer-270,0200022171,NAXÇIVAN MUXTAR RESPUBLİKASI MƏDƏNİYYƏT NAZİRLİYİ,"Naxçıvan şəhər Heydər Əliyev prospekti,1",43,active | awarded | cancelled | other,353206 | 353136 | 348488 | 345122 | 346472,2026-06-03,2026/AT/02719/V1,etender.gov.az/main/competitions
etender-buyer-271,2200074151,YEVLAX ŞƏHƏR İCRA HAKİMİYYƏTİ,"Yevlax şəhəri, Azərbaycan küçəsi 3",43,active | awarded | cancelled | other,351484 | 351483 | 350079 | 298674 | 290717,2026-05-04,2026/AT/02154/V1,etender.gov.az/main/competitions
etender-buyer-272,1900958761,AZƏRBAYCAN RESPUBLİKASI FÖVQƏLADƏ HALLAR NAZİRLİYİNİN  AKADEMİYASI,Bakı şəhəri Suraxanı rayonu Elman Qasımmov küçəsi - 8,43,active | awarded | cancelled | other,351280 | 349134 | 334114 | 310078 | 302578,2026-04-30,2026/AT/02083/V1,etender.gov.az/main/competitions
etender-buyer-273,1400616151,BAKI ŞƏHƏR BAŞ POLİS İDARƏSİ,"Baki şəhəri, Y. Səfərov 45 ",43,active | awarded | cancelled | other,307118 | 297064 | 236798 | 235693 | 235451,2024-05-17,84824,etender.gov.az/main/competitions
etender-buyer-274,1404501721,"""TİBBİ ƏRAZİ BÖLMƏLƏRİNİ İDARƏETMƏ BİRLİYİ"" PUBLİK HÜQUQİ ŞƏXSİ","Bakı şəhəri, N.Nərimanov 206A, ""Capital Towers"" Biznes Mərkəzi",43,active | awarded | cancelled | other,301748 | 295308 | 342061 | 338196 | 329514,2024-02-29,78678,etender.gov.az/main/competitions
etender-buyer-275,1300454321,YASAMAL RAYON İCRA HAKİMİYYƏTİ BAŞÇISININ APARATININ MƏNZİL-KOMMUNAL TƏSƏRRÜFATI BİRLİYİ,Ələsgər Ələkbərov küç 535-ci məhəllə,43,active | awarded | cancelled | other,294532 | 232324 | 348336 | 341638 | 325791,2023-08-31,70294,etender.gov.az/main/competitions
etender-buyer-276,3900245141,BEYLƏQAN SU MELİORASİYA SİSTEMLƏRİNİN İSTİSMARI İDARƏSİ,S.İMRƏLİYEV KÜÇƏSİ 14,43,active | awarded | cancelled | other,269309 | 338686 | 334373 | 332346 | 301821,2022-04-20,40801,etender.gov.az/main/competitions
etender-buyer-277,1700164931,BAKI ŞƏHƏR MƏDƏNİYYƏT BAŞ İDARƏSİ,Mirzə Şəfi 4,43,active | awarded | cancelled | other,257079 | 235619 | 232931 | 232199 | 280809,2021-06-25,27841,etender.gov.az/main/competitions
etender-buyer-278,1000418451,AZƏRBAYCAN RESPUBLİKASI SƏHİYYƏ NAZİRLİYİNİN TİKİLMƏKDƏ OLAN MÜƏSSİSƏLƏRİNİN MÜDİRİYYƏTİ,"Bakı şəhəri, Nəsimi rayonu, M.Mirqasımov küçəsi 1A",43,awarded | cancelled | other,351195 | 347486 | 349578 | 348491 | 347435,1777484385,2026/AT/02056/V1,etender.gov.az/main/competitions
etender-buyer-279,0201612171,"""NAXÇIVAN YOL TƏCHİZAT""MƏHDUD MƏSULİYYƏTLİ CƏMİYYƏTİ",Naxçıvan şəhəri Azərbaycan küçəsi №57,43,awarded | cancelled | other,323695 | 332693 | 331900 | 331995 | 326983,1734719760,103219,etender.gov.az/main/competitions
etender-buyer-280,3800057561,BALAKƏN SU MELİORASİYA SİSTEMLƏRİNİN İSTİSMARI İDARƏSİ,"BALAKƏN RAYONU, BALAKƏN ŞƏHƏRİ, 28 MAY, ev.5",43,awarded | cancelled | other,331767 | 316125 | 316124 | 316123 | 316126,1748517691,112126,etender.gov.az/main/competitions
etender-buyer-281,3400081411,LAÇIN SUVARMA SİSTEMLƏRİ İDARƏSİ,Ağcabədi Taxta Körpü qəsəbəsi,43,awarded | cancelled | other,294126 | 287831 | 284411 | 284947 | 284946,1692707202,69843,etender.gov.az/main/competitions
etender-buyer-282,7700122901,XAÇMAZ RAYON İCRA HAKİMİYYƏTİ, Xaçmaz Rayonu,42,active | awarded | cancelled | other,354541 | 352213 | 351640 | 348208 | 342786,2026-06-27,2026/AT/03150/V1,etender.gov.az/main/competitions
etender-buyer-283,0200144771,NAXÇIVAN MR DAXİLİ İŞLƏR NAZİRLİYİ,"Naxçıvan şəhəri, Nizami küçəsi 32",42,active | awarded | cancelled | other,354240 | 351114 | 350007 | 350963 | 349331,2026-06-22,2026/AT/03049/V1,etender.gov.az/main/competitions
etender-buyer-284,1502424361,"""MİLLİ İDMAN TİBB VƏ REABİLİTASİYA ELMİ-PRAKTİKİ İNSTİTUTU"" PUBLİK HÜQUQİ ŞƏXSİ","Olimpia küç., 4A",42,active | awarded | cancelled | other,354027 | 353945 | 352249 | 285235 | 344686,2026-06-18,2026/AT/02821/V2,etender.gov.az/main/competitions
etender-buyer-285,4400142611,QƏBƏLƏ SU MELİORASİYA SİSTEMLƏRİNİN İSTİSMARI İDARƏSİ,Qəbələ şəhər Əziz Əliyev-12,42,active | awarded | cancelled | other,351107 | 276651 | 337744 | 296778 | 293753,2026-04-28,2026/AT/02026/V1,etender.gov.az/main/competitions
etender-buyer-286,1302005391,"""İNFORMASİYA TEXNOLOGİYALARI VƏ MƏLUMAT İDARƏETMƏ MƏRKƏZİ"" MƏHDUD MƏSULİYYƏTLİ CƏMİYYƏTİ",Heydər Əliyev prospekti 139A.,42,active | awarded | cancelled | other,325402 | 284431 | 349748 | 336835 | 331814,2025-02-11,105211,etender.gov.az/main/competitions
etender-buyer-287,1502045231,"""SEDAM"" MƏHDUD MƏSULİYYƏTLİ CƏMİYYƏTİ","Bakı şəhəri, Binəqədi rayonu, Biləcəri qəsəbəsi, Məmməd Səid Ordubadi küçəsi 285.",41,active | awarded | cancelled | other,354521 | 349437 | 348713 | 350555 | 350554,2026-06-25,2026/AT/03139/V1,etender.gov.az/main/competitions
etender-buyer-288,1402715001,AZƏRBAYCAN TİBB UNİVERSİTETİNİN TƏDRİS CƏRRAHİYYƏ KLİNİKASI,"A.A.Mirqasımov küçəsi, 1004-cü məhəllə",41,active | awarded | cancelled | other,353714 | 352110 | 351933 | 351229 | 350940,2026-06-11,2026/AT/02876/V1,etender.gov.az/main/competitions
etender-buyer-289,2700195471,MƏNZİL TƏSƏRRÜFAT VƏ ABADLAŞDIRMA İDARƏSİ (DÖVLƏT MÜƏSSİSƏSİ),"Mingəçevir şəhəri ., M.Maqamayev 77",41,active | awarded | cancelled | other,352122 | 344649 | 343965 | 321215 | 266016,2026-05-13,2026/AT/02358/V1,etender.gov.az/main/competitions
etender-buyer-290,1300805451,"""ANALİTİK EKSPERTİZA MƏRKƏZİ"" PUBLİK HÜQUQİ ŞƏXSİ ",Cəfər Cabbarlı 34,41,active | awarded | cancelled | other,294457 | 348218 | 347288 | 346827 | 342854,2023-08-30,70193,etender.gov.az/main/competitions
etender-buyer-291,3600070961,AĞSTAFA RAYONU İCRA HAKİMİYYƏTİ BAŞÇISININ AĞSTAFA ŞƏHƏR İNZİBATİ ƏRAZİ DAİRƏSİ ÜZRƏ NÜMAYƏNDƏLİYİ,Ağstafa şəhəri R.Alıcanov 64,41,active | awarded | cancelled | other,291480 | 287706 | 283364 | 271348 | 342289,2023-06-20,66969,etender.gov.az/main/competitions
etender-buyer-292,1300599171,AZƏRBAYCAN RESPUBLİKASININ EKOLOGİYA VƏ TƏBİİ SƏRVƏTLƏR NAZİRLİYİ YANINDA MEŞƏLƏRİN İNKİŞAFI XİDMƏTİ,"Bakı şəhəri, Binəqədi rayonu, Biləcəri qəsəbəsi, 17-ci Biləcəri küçəsi, giriş 74",40,active | awarded | cancelled | other,352761 | 351843 | 348084 | 341932 | 334946,2026-05-22,2026/AT/02565/V1,etender.gov.az/main/competitions
etender-buyer-293,3400101701,AĞCABƏDİ RAYON İCRA HAKİMİYYƏTİ,AZ 0400 Ağcabədi şəhəri H.Əliyev prospekti 124,40,active | awarded | cancelled | other,352225 | 351211 | 349557 | 352226 | 338943,2026-05-15,2026/AT/02398/V1,etender.gov.az/main/competitions
etender-buyer-294,2902478331,"""İQTİSADİ ZONALARIN İNKİŞAFI AGENTLİYİ"" PUBLİK HÜQUQİ ŞƏXSİ","Bakı şəhəri, Nəsimi rayonu, Bülbül prospekti 20",40,active | awarded | cancelled | other,351540 | 349930 | 345425 | 287921 | 270245,2026-05-04,2026/AT/02172/V1,etender.gov.az/main/competitions
etender-buyer-295,4400125901,"""QƏBƏLƏ RAYON MƏRKƏZİ XƏSTƏXANASI"" PUBLİK HÜQUQİ ŞƏXSİ",Qəbələ şəhəri Abbas Səhhət kücəsi 12,40,active | awarded | cancelled | other,349646 | 349608 | 344076 | 334481 | 331004,2026-04-07,2026/AT/01492/V2,etender.gov.az/main/competitions
etender-buyer-296,1700097811,AZƏRBAYCAN RESPUBLİKASI KONSTİTUSİYA MƏHKƏMƏSİ,Gənclər meydanı 1,40,active | awarded | cancelled | other,348412 | 320999 | 301617 | 301607 | 347504,2026-03-12,2026/AT/01140/V1,etender.gov.az/main/competitions
etender-buyer-297,1702596741,"""SOSİAL TƏDQİQATLAR MƏRKƏZİ"" PUBLİK HÜQUQİ ŞƏXS",Ü.Hacıbəyov 62,40,active | awarded | cancelled | other,273439 | 272970 | 270752 | 344316 | 334868,2022-07-29,45510,etender.gov.az/main/competitions
etender-buyer-298,7200073341,TƏRTƏR SU MELİORASİYA SİSTEMLƏRİNİN İSTİSMARI İDARƏSİ,Tərtər şəhər H.Əliyev pr.1,40,active | awarded | cancelled | other,262992 | 333549 | 335001 | 304429 | 303445,2021-11-10,34448,etender.gov.az/main/competitions
etender-buyer-299,1500258001,AZƏRBAYCAN RESPUBLİKASI QAÇQINLARIN VƏ MƏCBURİ KÖÇKÜNLƏRİN İŞLƏRİ ÜZRƏ DÖVLƏT KOMİTƏSİ,"AZ 1122, Bakı şəhəri Tbilisi prospekti 129",39,active | awarded | cancelled | other,352204 | 352202 | 350349 | 304681 | 304155,2026-05-14,2026/AT/02388/V1,etender.gov.az/main/competitions
etender-buyer-300,1300986551,RESPUBLİKA DÖVLƏT ELMİ TİBB KİTABXANASI,"Yasamal r-n., Şərif-zadə 196",39,active | awarded | cancelled | other,340531 | 317719 | 352402 | 348726 | 351126,2025-10-07,120918,etender.gov.az/main/competitions
etender-buyer-301,8501095811,AZƏRBAYCAN MELİORASİYA VƏ SU TƏSƏRRÜFATI AÇIQ SƏHMDAR CƏMİYYƏTİ ŞƏMKİRÇAY SU ANBARI VƏ MAGİSTRAL KANALLARIN İSTİSMARI İDARƏSİ,Səmkir rayonu Seyfəli kəndi,39,active | awarded | cancelled | other,294977 | 289758 | 288929 | 271349 | 255330,2023-09-11,70765,etender.gov.az/main/competitions
etender-buyer-302,1300498771,AZƏRBAYCAN RESPUBLİKASININ ƏDLİYYƏ NAZİRLİYİ ƏDLİYYƏ SAHƏSİNDƏ XİDMƏTLƏR BAŞ İDARƏSİ,"AZ1007, Azadlıq prospekti 72",39,active | awarded | cancelled | other,291355 | 277207 | 297834 | 294707 | 289970,2023-06-19,66814,etender.gov.az/main/competitions
etender-buyer-303,8400081801,ŞAMAXI RAYON İCRA HAKİMİYYƏTİ ŞAMAXI ŞƏHƏR NÜMAYƏNDƏLİYİ,H.Əliyev kücəsi-27,39,active | awarded | cancelled | other,247491 | 246934 | 326052 | 321516 | 319066,2020-09-26,17017,etender.gov.az/main/competitions
etender-buyer-304,1505569581,TƏHSİL TƏLƏBƏ KREDİTİ FONDU,"Bаkı şəhəri, Nəsimi rayonu, Səməd Vurğun 34  (AFF Mall Biznes Mərkəzi)",38,active | awarded | cancelled | other,354087 | 351371 | 338804 | 334085 | 332923,2026-06-19,2026/AT/02996/V1,etender.gov.az/main/competitions
etender-buyer-305,4600025881,QUBADLI RAYON İCRA HAKİMİYYƏTİ,"AZ 5003, Sumqayıt şəhəri, İnşaatçılar qəsəbəsi",38,active | awarded | cancelled | other,352999 | 342257 | 342267 | 332780 | 332694,2026-06-01,2026/AT/02635/V1,etender.gov.az/main/competitions
etender-buyer-306,1300032591,AZƏRBAYCAN RESPUBLİKASININ  EKOLOGİYA VƏ TƏBİİ SƏRVƏTLƏR NAZİRLİYİ,"AZ1073, Bakı şəhəri Kazım Kazımzadə küçəsi 100A",38,active | awarded | cancelled | other,351327 | 347040 | 312148 | 298293 | 295415,2026-04-30,2026/AT/02096/V1,etender.gov.az/main/competitions
etender-buyer-307,8500207251,ŞƏMKİR RAYON İCRA HAKİMİYYƏTİ,M.Ə.Sabir küçəsi №15,38,active | awarded | cancelled | other,350015 | 253944 | 253541 | 346704 | 345469,2026-04-13,2026/AT/01684/V1,etender.gov.az/main/competitions
etender-buyer-308,1701723611,AZƏRBAYCAN RESPUBLİKASI DÖVLƏT TƏHLÜKƏSİZLİYİ XİDMƏTİNİN HƏRBİ-TİBB BAŞ İDARƏSİ,Məktəbli küçəsi 1,38,active | awarded | cancelled | other,285081 | 309770 | 307928 | 304168 | 304037,2023-03-31,58163,etender.gov.az/main/competitions
etender-buyer-309,4001728281,AZƏRBAYCAN RESPUBLİKASININ MƏDƏNİYYƏT NAZİRLİYİNİN BƏRDƏ REGİONAL MƏDƏNİYYƏT İDARƏSİ,"Bərdə şəhəri, Heydər Əliyev prospekti 100",38,active | awarded | other,277872 | 277385 | 276809 | 275660 | 275653,2022-10-29,50382,etender.gov.az/main/competitions
etender-buyer-310,5700110031,MİL QARABAĞ VƏ AŞAĞI ŞİRVAN KOLLEKTORLARININ İSTİSMARI İDARƏSİ,Kürdəmir rayon Çərtəyəz kəndi,38,active | awarded | cancelled | other,272191 | 271650 | 269621 | 318407 | 293592,2022-06-24,44045,etender.gov.az/main/competitions
etender-buyer-311,7300139671,CEYRANÇÖL QIŞ OTLAQLARININ SU TƏMİNATI SİSTEMLƏRİ İSTİSMARI İDARƏSİ,Tovuz şəhəri S.Məmmədov küç-3,38,active | awarded | cancelled | other,247452 | 247450 | 247448 | 247445 | 245731,2020-09-25,16976,etender.gov.az/main/competitions
etender-buyer-312,2200077751,YUXARI QARABAĞ KANALI İSTİSMARI İDARƏSİ,Yevlax Rayon Aran Qəsəbəsi,38,awarded | cancelled | other,303676 | 294945 | 284958 | 284948 | 284287,1712169773,80895,etender.gov.az/main/competitions
etender-buyer-313,2200134801,YUXARI ŞİRVAN KANALI İSTİSMARI İDARƏSİ,Yevlax rayonu Xanabad kəndi,38,awarded | cancelled | other,294346 | 291215 | 287991 | 287560 | 284775,1693223059,70082,etender.gov.az/main/competitions
etender-buyer-314,2006034771,AQRAR SIĞORTA FONDU,"Bakı şəhəri, Nobel prospekti 175, Nobel Plaza",37,active | awarded | cancelled | other,300711 | 343985 | 344187 | 341235 | 334113,2024-02-12,77372,etender.gov.az/main/competitions
etender-buyer-315,6500023981,NEFTÇALA SUVARMA SİSTEMLƏRİ İDARƏSİ,"Neftçala şəhəri, VII məhəllə",37,awarded | cancelled | other,336422 | 290749 | 292646 | 292424 | 288175,1754930238,116793,etender.gov.az/main/competitions
etender-buyer-316,7700151001,AZƏRBAYCAN DÖVLƏT SU EHTİYATLARI AGENTLİYİ REGİONAL SU MELİORASİYA XİDMƏTİ PUBLİK HÜQUQİ ŞƏXSİ XAÇMAZ SU MELİORASİYA SİSTEMLƏRİNİN İSTİSMARI İDARƏSİ,Xaçmaz şəhəri İ.Qayıbov 27,37,awarded | cancelled | other,331024 | 319895 | 302745 | 295365 | 295072,1747670578,111487,etender.gov.az/main/competitions
etender-buyer-317,1700774621,MƏNZİL-KOMMUNAL TƏMİR XİDMƏTİ,"Bakı, İçərişəhər, 9-cu M.Maqomayev döngəsi ev 6",37,awarded | cancelled | other,314280 | 314278 | 297989 | 297746 | 297625,1724278498,92756,etender.gov.az/main/competitions
etender-buyer-318,1703381771,AZƏRBAYCAN RESPUBLİKASININ XÜSUSİ RABİTƏ VƏ İNFORMASİYA TƏHLÜKƏSİZLİYİ DÖVLƏT XİDMƏTİ,"Bakı şəhəri, Niyazi küçəsi 23",36,active | awarded | cancelled | other,347263 | 341103 | 298241 | 297093 | 347656,2026-02-23,2026/AT/00736/V1,etender.gov.az/main/competitions
etender-buyer-319,1502473591,MÜDAFİƏ NAZİRLİYİNİN MƏNZİL-İSTİSMAR İDARƏSİ,"Bakı şəhəri, Yasamal rayonu, S.Dadaşov küç, ""Bakı-52"" hərbi şəhərciyi",36,active | awarded | cancelled | other,298103 | 293359 | 288273 | 278532 | 278100,2023-11-13,74201,etender.gov.az/main/competitions
etender-buyer-320,2000254961,XƏTAİ RAYON İCRA HAKİMİYYƏTİ BAŞÇISI MƏNZİL KOMMUNAL TƏSƏRRÜFATI BİRLİYİ,R.Quliyev23,36,active | awarded | cancelled | other,293847 | 343777 | 326356 | 321833 | 310686,2023-08-15,69565,etender.gov.az/main/competitions
etender-buyer-321,2900367701,"""SUMQAYIT DÖVLƏT UNİVERSİTETİ"" PUBLİK HÜQUQİ ŞƏXSİ","AZ 5008, Sumqayıt şəhəri, Bakı küç. 1 (43-cü məhəllə)",36,awarded | cancelled | other,350493 | 344934 | 331317 | 313339 | 315345,1776681894,2026/AT/01319/V2,etender.gov.az/main/competitions
etender-buyer-322,1700495231,AZƏRBAYCAN DÖVLƏT PEDAQOJİ UNİVERSİTETİ,Üzeyir Hacıbəyli 68,35,active | awarded | cancelled | other,354013 | 342030 | 325610 | 323409 | 317715,2026-06-18,2026/AT/02968/V1,etender.gov.az/main/competitions
etender-buyer-323,1200456151,AZƏRBAYCAN RESPUBLİKASI SƏHİYYƏ NAZİRLİYİNİN TİBBİ REABİLİTASİYA XƏSTƏXANASI,"Bakı şəhəri, Mərdəkan qəs. Baba Əliyev 11",35,active | awarded | cancelled | other,352580 | 343525 | 300057 | 289894 | 285260,2026-05-21,2026/AT/02503/V1,etender.gov.az/main/competitions
etender-buyer-324,7600050571,GÖYGÖL RAYON İCRA HAKİMİYYƏTİ BAŞÇISININ GÖYGÖL ŞƏHƏRİ ÜZRƏ NÜMAYƏNDƏLİYİ,"Göygöl  şəhəri,  Səbuhi  Hacıyev,  42",35,active | awarded | cancelled | other,296866 | 318883 | 313529 | 313359 | 306835,2023-10-18,72800,etender.gov.az/main/competitions
etender-buyer-325,5300012761,ZƏRDAB RAYON İHB-NIN ZƏRDAB ŞƏHƏR İNZİBATİ ƏRAZİ DAİRƏSİ ÜZRƏ NÜMAYƏNDƏLİYİ,Zərdab ş.R.Kərimov küç. 46,35,active | awarded | cancelled | other,295229 | 289747 | 342421 | 338343 | 332466,2023-09-15,71046,etender.gov.az/main/competitions
etender-buyer-326,1700188251,SƏBAİL RAYON MƏNZİL KOMMUNAL TƏSƏRRÜFAT BİRLİYİ,"Bakı şəhəri, Xaqani küçəsi 123-129",35,active | awarded | cancelled,294359 | 322249 | 312018 | 312017 | 312019,2023-08-28,70095,etender.gov.az/main/competitions
etender-buyer-327,1400032621,Azərbaycan Respublikasının Dövlət Şəhərsalma və Arxitektura Komitəsi,"AZ.1014 Bakı şəhəri, Füzuli küçəsi 65",35,awarded | cancelled | other,342349 | 342330 | 317632 | 296649 | 296626,1761729893,2025/AT/00215/V1,etender.gov.az/main/competitions
etender-buyer-328,1000304361,BAKI ŞƏHƏRİ MƏNZİL KOMMUNAL TƏSƏRRÜFATI DEPARTAMENTİ BİNƏQƏDİ RAYON MKTB,"Bakı şəhəri,Binəqədi rayonu, M.Ə. Rəsulzadə qəsəbəsi",34,active | awarded | cancelled | other,354287 | 331640 | 269312 | 310318 | 310319,2026-06-23,2026/AT/03064/V1,etender.gov.az/main/competitions
etender-buyer-329,1700691571,AZƏRBAYCAN RESPUBLİKASI FÖVQƏLADƏ HALLAR NAZİRLİYİNİN  XƏZƏR HÖVZƏ QƏZA XİLASETMƏ XİDMƏTİ,Səbail Buxtası 3,34,active | awarded | cancelled | other,354034 | 353697 | 353235 | 353234 | 352423,2026-06-18,2026/AT/02974/V1,etender.gov.az/main/competitions
etender-buyer-330,1300259721,S.Ə.DADAŞOV ADINA ELMİ-TƏDQİQAT VƏ LAYİHƏ-KONSTRUKTOR İNŞAAT MATERİALLARI İNSTİTUTU,,34,active | awarded | cancelled | other,352961 | 348763 | 351808 | 350086 | 342428,2026-05-26,2026/AT/02380/V2,etender.gov.az/main/competitions
etender-buyer-331,1500376341,NƏRİMANOV RAYON MƏNZİL KOMMUNAL TƏSƏRRÜFAT BİRLİYİ,Bakı şəhəri Nərimanov rayonu Dəmirçizadə küçəsi 22,34,active | awarded | cancelled | other,351876 | 292434 | 287964 | 265035 | 339118,2026-05-08,2026/AT/02292/V1,etender.gov.az/main/competitions
etender-buyer-332,1200020931,RESPUBLİKA UŞAQ SANATORİYASI,Xəzər rayonu  Buzovna qəsəbəsi R.İmanov 37.,34,active | awarded | cancelled | other,349569 | 333809 | 296350 | 283565 | 283341,2026-04-07,2026/AT/01528/V1,etender.gov.az/main/competitions
etender-buyer-333,1400332551,NƏSİMİ RAYON MƏNZİL KOMMUNAL TƏSSƏRÜFATI BİRLİYİ,"Bakı şəhəri, S.Vurğun 112",34,active | awarded | cancelled | other,326544 | 308141 | 294313 | 335129 | 315497,2025-02-28,106501,etender.gov.az/main/competitions
etender-buyer-334,0200022991,NAXÇIVAN MUXTAR RESPUBLİKASI MELİORASİYA VƏ SU TƏSƏRRÜFATI AÇIQ SƏHMDAR CƏMİYYƏTİ,Naxçıvan şəhər Xətai məhəlləsi,34,active | awarded | cancelled | other,313890 | 318421 | 314406 | 314852 | 314200,2024-08-16,91050,etender.gov.az/main/competitions
etender-buyer-335,4200130511,QAZAX SUVARMA SİSTEMLƏRİ İDARƏSİ,Qazax şəhəri N.Nərimanov küç 72,34,active | awarded | cancelled | other,288849 | 288136 | 285239 | 272638 | 293181,2023-05-02,64122,etender.gov.az/main/competitions
etender-buyer-336,3900204961,AZƏRBAYCAN RESPUBLİKASI BEYLƏQAN RAYON İCRA HAKİMİYYƏTİ BAŞÇISININ BEYLƏQAN ŞƏHƏR İNZİBATİ ƏRAZİ  DAİRƏSİ ÜZRƏ NÜMAYƏNDƏSİ,M.Ə.Rəsulzadə 101,34,active | awarded | cancelled | other,276618 | 262640 | 255241 | 342116 | 341358,2022-10-06,49007,etender.gov.az/main/competitions
etender-buyer-337,1700162531,AZƏRBAYCAN RESPUBLİKASI ƏMƏK VƏ ƏHALİNİN SOSİAL MÜDAFİƏSİ NAZİRLİYİ YANINDA DÖVLƏT ƏMƏK MÜFƏTTİŞLİYİ XİDMƏTİ,"Bakı şəhəri, Binəqədi rayonu, Svetlana Məmmədova 107",34,awarded | cancelled | other,351309 | 346391 | 337703 | 331192 | 330439,1777567449,2026/AT/02090/V1,etender.gov.az/main/competitions
etender-buyer-338,2900078351,SUMQAYIT KÜÇƏ İŞIQLARI TƏSƏRRÜFAT HESABLI XİDMƏT SAHƏSİ,"Sumqayıt şəhər, 20-ci məhəllə, K.Hüseynov küçəsi 47",34,awarded | cancelled | other,346128 | 335383 | 328308 | 319862 | 313436,1770031207,2026/AT/00023/V2,etender.gov.az/main/competitions
etender-buyer-339,3800044281,BALAKƏN RAYON İCRA HAKİMİYYƏTİ BAŞÇISININ ŞƏHƏR ÜZRƏ NÜMAYƏNDƏLİYİ.,"Balakən rayonu,Məhəmməd Əsədov küçəsi,3",34,awarded | cancelled | other,339146 | 328418 | 324627 | 325482 | 311999,1758273877,119531,etender.gov.az/main/competitions
etender-buyer-340,4100036711,CƏNUBİ MUĞAN KANALI İSTİSMARI İDARƏSİ,Biləsuvar şəhəri H. Əliyev küç. 86,34,awarded | cancelled | other,292763 | 291085 | 288580 | 287623 | 285214,1689871165,68380,etender.gov.az/main/competitions
etender-buyer-341,4800029061,QOBUSTAN RAYON İCRA HAKİMİYYƏTİ BAŞÇISININ QOBUSTAN ŞƏHƏRİ ÜZRƏ İCRA NÜMAYƏNDƏLİYİ,QOBUSTAN ŞƏHƏRİH.ƏLİYEV PR 120,34,awarded | cancelled | other,291352 | 283873 | 281073 | 278546 | 270329,1687177930,66834,etender.gov.az/main/competitions
etender-buyer-342,9900000831,"""AZƏRBAYCAN HAVA YOLLARI"" QAPALI SƏHMDAR CƏMİYYƏTİ"," Bakı şəh.,Binə qəsəbəsi,Heydər Əliyev Beynəlxalq Aeroportu",34,awarded | cancelled | other,276916 | 274678 | 273278 | 273215 | 265163,1665584847,49332,etender.gov.az/main/competitions
etender-buyer-343,6600066161,"""OĞUZ RAYON MƏRKƏZİ XƏSTƏXANASI"" PUBLİK HÜQUQİ ŞƏXSİ",Oğuz şəhəri Dədə Qorqud küçəsi,33,active | awarded | cancelled | other,353315 | 292940 | 276535 | 350633 | 337827,2026-06-05,2026/AT/02468/V4,etender.gov.az/main/competitions
etender-buyer-344,1006433071,ƏMƏK BAZARI VƏ SOSİAL MÜDAFİƏ MƏSƏLƏLƏRİ ÜZRƏ MİLLİ OBSERVATORİYA PUBLİK HÜQUQİ ŞƏXSİ,"Hüquqi ünvan: Bakı şəhəri, Yasamal r, Cəfər Cabbarlı ev 43, AZ1065",33,active | awarded | cancelled | other,352978 | 344086 | 343317 | 339107 | 334477,2026-05-26,2026/AT/02628/V1,etender.gov.az/main/competitions
etender-buyer-345,7300146981,TOVUZ RAYON MƏRKƏZİ XƏSTƏXANASI PUBLİK HÜQUQİ ŞƏXSİ,Tovuz şəhəri Şəhriyar küç 32,33,active | awarded | cancelled | other,352742 | 352017 | 288227 | 344523 | 341763,2026-05-22,2026/AT/02558/V1,etender.gov.az/main/competitions
etender-buyer-346,5501657031,İMİŞLİ MƏNZİL- KOMMUNAL TƏSƏRRÜFATI İSTEHSALAT BİRLİYİ,İmişli şəhəri Həzi Aslanov küçəsi 13,33,active | awarded | cancelled | other,292541 | 278260 | 276807 | 276806 | 276805,2023-07-17,68146,etender.gov.az/main/competitions
etender-buyer-347,4800003881,Qobustan Rayon İcra Hakimiyyəti,"AZ 3700, Qobustan şəhəri, Heydər Əliyev pr.1",33,active | awarded | cancelled | other,289627 | 278047 | 341733 | 327339 | 321412,2023-05-16,64899,etender.gov.az/main/competitions
etender-buyer-348,5500080861,İMİŞLİ RAYONU İCRA HAKİMİYYƏTİ,İmişli şəhəri M.Əsədov küçəsi 3,33,active | awarded | cancelled | other,241817 | 241816 | 339011 | 318595 | 318381,2020-04-22,11076,etender.gov.az/main/competitions
etender-buyer-349,1308069381,"""GEOLOJİ KƏŞFİYYAT AGENTLİYİ"" PUBLİK HÜQUQİ ŞƏXSİ","Bakı şəhəri, Kazım Kazımzadə küçəsi 100A",33,awarded | cancelled | other,341707 | 336212 | 335280 | 330801 | 330802,1761063251,122094,etender.gov.az/main/competitions
etender-buyer-350,1305835261,"""DOST İŞ MƏRKƏZİ"" MƏHDUD MƏSULİYYƏTLİ CƏMİYYƏTİ",AZ1100 Bakı şəhəri Yasamal rayonu Nazim Hikmət küçəsi 27,32,active | awarded | cancelled | other,354612 | 348179 | 332255 | 309657 | 304958,2026-06-29,2026/AT/03180/V1,etender.gov.az/main/competitions
etender-buyer-351,0200312291,NAXÇIVAN MUXTAR RESPUBLİKASININ FÖVQƏLADƏ HALLAR NAZİRLİYİ,"Naxçıvan şəhəri, Cəlil Məmmədquluzadə küçəsi 41",32,active | awarded | cancelled | other,354184 | 354004 | 292005 | 289733 | 288507,2026-06-20,2026/AT/03025/V1,etender.gov.az/main/competitions
etender-buyer-352,1701928961,"AZƏRBAYCAN MİLLİ ELMLƏR AKADEMİYASININ ""ELM"" NƏŞRİYYATI ",,32,active | awarded | cancelled | other,353644 | 353388 | 329883 | 329218 | 318249,2026-06-10,2026/AT/02865/V1,etender.gov.az/main/competitions
etender-buyer-353,2700208321,"""MİNGƏÇEVİR DÖVLƏT UNİVERSİTETİ"" PUBLİK HÜQUQİ ŞƏXSİ",D.Əliyeva 21,32,active | awarded | cancelled | other,352866 | 352800 | 350785 | 349450 | 335343,2026-05-26,2026/AT/02598/V1,etender.gov.az/main/competitions
etender-buyer-354,1200114691,AZƏRBAYCAN  RESPUBLİKASI  DİN POLİS AKADEMİYASI,"AZ-1044, Baki ş. Almaz İldırım küç.3, Şüvəlan qəsəbəsi.",32,active | awarded | cancelled | other,351463 | 342686 | 326860 | 331752 | 308758,2026-05-04,2026/AT/02145/V1,etender.gov.az/main/competitions
etender-buyer-355,7000144681,BAŞ MİL-MUĞAN KOLLEKTORU İSTİSMAR İDARƏSİ,Salyan rayon Bəydili kəndi,32,active | awarded | cancelled | other,351008 | 342192 | 342085 | 337577 | 292744,2026-04-27,2026/AT/01974/V2,etender.gov.az/main/competitions
etender-buyer-356,2900329461,SUMQAYIT ŞƏHƏR İCRA HAKİMİYYƏTİ BAŞÇISININ HACI ZEYNALABDİN QƏSƏBƏSİNDƏ NÜMAYƏNDƏLİYİ,"Sumqayıt şəhəri, Hacı Zeynalabdin qəsəbəsi, Qara Qarayev 10",32,active | awarded | cancelled | other,344618 | 343025 | 290732 | 335191 | 323327,2025-12-10,2025/AT/00849/V1,etender.gov.az/main/competitions
etender-buyer-357,1202441041,"""XƏZƏR TİBB MƏRKƏZİ"" PUBLİK HÜQUQİ ŞƏXSİ","Bakı şəh, Xəzər r-nu, Mərdəkan qəs, Ramin Qasımov 30",32,active | awarded | cancelled | other,341190 | 349676 | 343910 | 341191 | 338174,2025-10-15,121577,etender.gov.az/main/competitions
etender-buyer-358,2100568691,AZƏRBAYCAN RESPUBLİKASI ŞİRVAN ŞƏHƏR İCRA HAKİMİYYƏTİ BAŞÇISININ 1 NÖMRƏLİ SAHƏ İNZİBATİ ƏRAZİ DAİRƏSİ ÜZRƏ NÜMAYƏNDƏLİYİ,Şirvan şəhəri İstiqlaliyyət prospekti 12,32,active | awarded | cancelled | other,341054 | 326772 | 318913 | 316297 | 306266,2025-10-13,121441,etender.gov.az/main/competitions
etender-buyer-359,8300124331,CƏLİLABAD SU MELİORASİYA SİSTEMLƏRİNİN İSTİSMARI İDARƏSİ,Cəlilabad şəhəri M.Hüseyn küçəsi 1,32,active | awarded | cancelled | other,335938 | 335332 | 303652 | 294730 | 292435,2025-08-01,116309,etender.gov.az/main/competitions
etender-buyer-360,0200035601,NAXÇIVAN MR MELİORASİYA VƏ SU TƏSƏRRÜFATI AÇIQ SƏHMDAR CƏMİYYƏTİNİN  MATERİAL TEXNİKİ TƏCHİZAT VƏ NƏQLİYYAT İDARƏSİ,Naxçıvan Şəhər Xətai məhəlləsi,32,active | awarded | cancelled | other,301245 | 300124 | 295600 | 290484 | 288152,2024-02-22,77864,etender.gov.az/main/competitions
etender-buyer-361,1700354751,MÜDAFİƏ NAZİRLİYİ İNZİBATİ BİNA VƏ QURĞULARA QULLUQ ETMƏ XİDMƏTİ,"Bakı şəhəri , Parlament prospekti , 3",32,active | awarded | cancelled | other,290124 | 296115 | 296007 | 293684 | 292725,2023-05-24,65511,etender.gov.az/main/competitions
etender-buyer-362,6300010701,LERİK RAYON İCRA HAKİMİYYƏTİ,Lerik şəhəri H.Əliyev meydanı-1,32,awarded | cancelled | other,349159 | 349160 | 343594 | 336814 | 336024,1774978444,2026/AT/01420/V1,etender.gov.az/main/competitions
etender-buyer-363,1800355421,"""RESPUBLİKA PSİXİATRİYA XƏSTƏXANASI"" PUBLİK HÜQUQİ ŞƏXSİ","Bakı şəhəri, Sabunçu rayon, Maştağa qəs, Axund Şeyx Hüseyn küç 155",32,awarded | cancelled | other,347958 | 339691 | 337854 | 327182 | 325888,1772640927,2026/AT/00985/V1,etender.gov.az/main/competitions
etender-buyer-364,6000043011,GÖYÇAY RAYON İCRA HAKİMİYYƏTİ,"Göyçay şəhəri, M.Ə.Rəsulzadə küçəsi 118",31,active | awarded | cancelled | other,353998 | 248579 | 248578 | 352208 | 343057,2026-06-17,2026/AT/02963/V1,etender.gov.az/main/competitions
etender-buyer-365,1500361501,AZƏRBAYCAN RESPUBLİKASININ DAXİLİ İŞLƏR NAZİRLİYİNİN BAŞ İNFORMASİYA KOMMUNUKASİYA İDARƏSİ,Azərbaycan prospekti 7,31,active | awarded | other,352340 | 340407 | 340406 | 340342 | 339572,2026-05-18,2026/AT/02429/V2,etender.gov.az/main/competitions
etender-buyer-366,5000051611,ŞABRAN SUVARMA SİSTEMLƏRİ İDARƏSİ,"Şabran şəhəri, Meliorator küçəsi",31,active | awarded | cancelled | other,284540 | 280768 | 276708 | 267197 | 266760,2023-03-15,57420,etender.gov.az/main/competitions
etender-buyer-367,1404647361,"""BEYNƏLXALQ MÜNASİBƏTLƏRİN TƏHLİLİ MƏRKƏZİ"" PUBLİK HÜQUQİ ŞƏXSİ","Bakı şəhəri, Mirzə İbrahimov küçəsi 8 ,  AZ 1005",31,awarded | cancelled | other,321252 | 321531 | 317168 | 291019 | 283246,1730980053,100513,etender.gov.az/main/competitions
etender-buyer-368,8000075911,"""XANKƏNDİ ŞƏHƏRİNDƏ, AĞDƏRƏ VƏ XOCALI RAYONLARINDA BƏRPA, TİKİNTİ VƏ İDARƏETMƏ XİDMƏTİ"" PUBLİK HÜQUQİ ŞƏXSİ",Xankəndi şəhəri,30,active | awarded | cancelled | other,354380 | 354379 | 353378 | 353371 | 314055,2026-06-24,2026/AT/03088/V1,etender.gov.az/main/competitions
etender-buyer-369,9900033991,"AZƏRBAYCAN RESPUBLİKASININ NƏQLİYYAT, RABİTƏ VƏ YÜKSƏK TEXNOLOGİYALAR NAZİRLİYİ","Bakı şəhəri, Zərifə Əliyeva küçəsi 77",30,active | awarded | cancelled | other,353811 | 285280 | 272239 | 272135 | 270806,2026-06-12,2026/AT/02901/V1,etender.gov.az/main/competitions
etender-buyer-370,5000079731,"""ŞABRAN RAYON MƏRKƏZİ XƏSTƏXANASI"" PUBLİK HÜQUQİ ŞƏXSİ",Şabran rayon  H.Əliyev  Pr. 93,30,active | awarded | cancelled | other,353078 | 352743 | 348973 | 336000 | 334002,2026-06-02,2026/AT/02668/V1,etender.gov.az/main/competitions
etender-buyer-371,1308578391,"""RƏQƏMSAL TİBBİ HƏLLƏR"" MƏHDUD MƏSULİYYƏTLİ CƏMİYYƏTİ","AZ1065, Bakı şəhəri Yasamal rayonu, Nəriman Nərimanov Pr., Ev 206A",30,active | awarded | cancelled | other,352873 | 345956 | 341506 | 341507 | 339631,2026-05-26,2026/AT/02313/V2,etender.gov.az/main/competitions
etender-buyer-372,4200123871,QAZAX RAYONU İCRA HAKİMİYYƏTİ,"Qazax rayonu, Qazax şəhəri, Azadlıq küçəsi 78",30,active | awarded | cancelled | other,352614 | 346240 | 341135 | 332644 | 322942,2026-05-21,2026/AT/02511/V1,etender.gov.az/main/competitions
etender-buyer-373,1300166041,"""RESPUBLİKA SANİTARİYA-KARANTİN MƏRKƏZİ"" PUBLİK HÜQUQİ ŞƏXSİ","Bakı şəhəri, Zərgərpalan küçəsi 121",30,active | awarded | cancelled | other,350279 | 348189 | 292594 | 287909 | 283805,2026-04-16,2026/AT/01770/V1,etender.gov.az/main/competitions
etender-buyer-374,0200021121,NAXÇIVAN MUXTAR RESPUBLİKASININ ƏMƏK VƏ ƏHALİNİN SOSİAL MÜDAFİƏSİ NAZİRLİYİNİN TABELİYİNDƏ DÖVLƏT SOSİAL MÜDAFİƏ FONDU PUBLİK HÜQUQİ ŞƏXSİ,,30,active | awarded | cancelled | other,350016 | 307422 | 347315 | 345565 | 340701,2026-04-13,2026/AT/00975/V3,etender.gov.az/main/competitions
etender-buyer-375,1500298211,TƏSƏRRÜFAT HESABLI TƏCHİZAT VƏ İSTEHSALAT İDARƏSİ,"Bakı şəhəri, Tbilisi prospekti 129",30,active | awarded | cancelled | other,345655 | 346997 | 339722 | 326978 | 332305,2026-01-21,2026/AT/00172/V1,etender.gov.az/main/competitions
etender-buyer-376,1402936421,BAKI BEYNƏLXALQ MULTİKULTURALİZM MƏRKƏZİ,"Bakı şəhəri, İstiqlaliyyət küçəsi 31",30,active | awarded | cancelled,288569 | 345200 | 333770 | 331155 | 302870,2023-04-26,63803,etender.gov.az/main/competitions
etender-buyer-377,1305408641,"""ASK ŞÜŞƏ"" MƏHDUD MƏSULİYYƏTLİ  CƏMİYYƏTİ",Salyan şosesi 25,30,active | awarded | cancelled | other,283340 | 282662 | 282618 | 259439 | 243606,2023-02-16,56218,etender.gov.az/main/competitions
etender-buyer-378,1300192331,AZƏRBAYCAN RESPUBLİKASININ EKOLOGİYA VƏ TƏBİİ SƏRVƏTLƏR NAZİRLİYİ YANINDA BİOLOJİ MÜXTƏLİFLİYİN QORUNMASI XİDMƏTİ,"Bakı şəhəri, Heydər Əliyev prospekti, 10",30,active | awarded | cancelled | other,277518 | 351561 | 345463 | 294753 | 292554,2022-10-24,49993,etender.gov.az/main/competitions
etender-buyer-379,2100029711,ŞİRVAN ŞƏHƏR İCRA HAKİMİYYƏTİ,İstiqlaliyyət prospekti 10,30,active | awarded | cancelled | other,272409 | 272195 | 272181 | 319504 | 296074,2022-07-01,44361,etender.gov.az/main/competitions
etender-buyer-380,6000148471,GÖYÇAY SU MELİORASİYA SİSTEMLƏRİNİN İSTİSMARI İDARƏSİ,"Göyçay şəhəri, B.Mirzəyev küçəsi 23",30,active | awarded | cancelled | other,268637 | 337164 | 331157 | 293911 | 296667,2022-04-06,39971,etender.gov.az/main/competitions
etender-buyer-381,5400012771,ISMAYILLI RAYON İCRA HAKİMİYYƏTİ," İsmayıllı şəhəri, Heydər Əliyev pr. 51",30,awarded | cancelled | other,350793 | 343431 | 340717 | 340744 | 332763,1776954231,2026/AT/01928/V1,etender.gov.az/main/competitions
etender-buyer-382,1500067091,AZƏRBAYCAN RESPUBLİKASI ƏMLAK MƏSƏLƏLƏRİ DÖVLƏT KOMİTƏSİNİN YANINDA DAŞINMAZ ƏMLAKIN DÖVLƏT REYESTRİ XİDMƏTİNİN 1 SAYLI BAKI ƏRAZİ İDARƏSİ,"Nərimanov rayonu, Əliyar Əliyev 13",30,awarded | cancelled | other,330873 | 325077 | 318018 | 316458 | 306983,1747322724,111294,etender.gov.az/main/competitions
etender-buyer-383,3300093741,AĞDAŞ RAYON PİRƏZƏ  MEXANİKİ SUVARMA İDARƏSİ,,30,awarded | cancelled | other,255233 | 255232 | 255235 | 255310 | 253018,1620243494,25843,etender.gov.az/main/competitions
etender-buyer-384,1501516911,"""AZƏRİDMANSERVİS"" MƏHDUD MƏSULİYYƏTLİ CƏMİYYƏTİ",,29,active | awarded | cancelled | other,354575 | 354408 | 353583 | 351516 | 349582,2026-06-29,2026/AT/03167/V1,etender.gov.az/main/competitions
etender-buyer-385,1400434561,AZƏRBAYCAN DİLLƏR UNİVERSİTETİ,Rəşid Behbudov 134 ,29,active | awarded | cancelled | other,354097 | 292394 | 290871 | 342552 | 343217,2026-06-19,2026/AT/03002/V1,etender.gov.az/main/competitions
etender-buyer-386,5400089601,AZƏRBAYCAN MELİORASİYA VƏ SU TƏSƏRRÜFATI AÇIQ SƏHMDAR CƏMİYYƏTİNİN İSMAYILLI SUVARMA SİSTEMLƏRİ İDARƏSİ ,İsmayıllı şəhəri Mikayıl Müşviq küç.10,29,active | awarded | cancelled | other,353989 | 334712 | 307462 | 291030 | 284596,2026-06-17,2026/AT/02959/V1,etender.gov.az/main/competitions
etender-buyer-387,3200008661,"""AĞDAM RAYON MƏRKƏZİ XƏSTƏXANASI"" PUBLİK HÜQUQİ ŞƏXSİ",Ağdam rayon Quzanlı qəsəbəsi,29,active | awarded | cancelled | other,353839 | 344292 | 348541 | 340201 | 339943,2026-06-12,2026/AT/02912/V1,etender.gov.az/main/competitions
etender-buyer-388,0201668161,"AZƏRBAYCAN DÖVLƏT SU EHTİYATLARI AGENTLİYİ ""REGİONAL SU MELİORASİYA XİDMƏTİ"" PUBLİK HÜQUQİ ŞƏXSİN NAXÇIVAN SU MELİORASİYA SİSTEMLƏRİNİN İSTİSMARI İDARƏSİ",Naxçıvan şəhər Xətai məhəlləsi,29,active | awarded | cancelled | other,351337 | 350848 | 350739 | 349630 | 349112,2026-04-30,2026/AT/02100/V1,etender.gov.az/main/competitions
etender-buyer-389,0201598951,"""SU MELİORASİYA XİDMƏTİ""PUBLİK HÜQUQİ ŞƏXSİ",Naxçıvan şəhər Xətai məhəlləsi,29,awarded | cancelled,316117 | 319892 | 320094 | 318206 | 315226,1726169504,94718,etender.gov.az/main/competitions
etender-buyer-390,9900013961,"""BAKI ŞƏHƏR İŞIĞI"" ELEKTRİK ŞƏBƏKƏ MÜƏSSİSƏSİ","Binəqədi rayonu, Biləcəri qəs., Y.Hüseynov küçəsi 45",28,active | awarded | cancelled | other,354449 | 353875 | 297488 | 349861 | 326080,2026-06-25,2026/AT/03109/V1,etender.gov.az/main/competitions
etender-buyer-391,1703847521,"""AĞCİYƏR XƏSTƏLİKLƏRİ MƏRKƏZİ"" PUBLİK HÜQUQİ ŞƏXSİ","Bakı şəhəri Səbail rayonu, Neftçi Qurban Abbasov, ev 120",28,active | awarded | cancelled | other,354299 | 354200 | 343255 | 333764 | 346655,2026-06-23,2026/AT/03067/V1,etender.gov.az/main/competitions
etender-buyer-392,5700107781,"""KÜRDƏMİR RAYON MƏRKƏZİ XƏSTƏXANASI"" PUBLİK HÜQUQİ ŞƏXSİ",Kürdəmir rayonu X.İslamzadə küçəsi 12,28,active | awarded | cancelled | other,354290 | 332120 | 326219 | 322565 | 321773,2026-06-23,2026/AT/03065/V1,etender.gov.az/main/competitions
etender-buyer-393,1400229741,"AZƏRBAYCAN RESPUBLİKASI FÖVQALƏDƏ HALLAR NAZİRLİYİ TİKİNTİDƏ TƏHLÜKƏSİZLİYƏ NƏZARƏT DÖVLƏT AGENTLİYİ DÖVLƏT BAŞ LAYİHƏ İNSTİTUTU ""AZƏRDÖVLƏTLAYİHƏ""",Fuzuli 65,28,active | awarded | cancelled | other,353187 | 352631 | 351504 | 349166 | 329151,2026-06-03,2026/AT/02710/V1,etender.gov.az/main/competitions
etender-buyer-394,1800196641,SABUNÇU RAYONU KOMMUNAL TƏSƏRRÜFATI İDARƏSİ,"Sabunçu rayonu Bakıxanov qəs, Əhmədov Valeri 21 A ",28,active | awarded | cancelled | other,315252 | 290767 | 338090 | 326271 | 321101,2024-09-03,93796,etender.gov.az/main/competitions
etender-buyer-395,1401798401,"AZƏRBAYCAN RESPUBLİKASI SƏHİYYƏ NAZİRLİYİNİN ""SƏHİYYƏNİN  İNFORMASİYALAŞDIRILMASI MƏRKƏZİ""","Bakı şəhəri, M.Mirqasımov küçəsi ev 1a",27,active | awarded | cancelled | other,354496 | 318799 | 305453 | 292103 | 276462,2026-06-25,2026/AT/03132/V1,etender.gov.az/main/competitions
etender-buyer-396,6400132621,MASALLI SU MELİORASİYA SİSTEMLƏRİNİN İSTİSMARI İDARƏSİ,"Masallı şəhəri ,Seybətin kəndi",27,active | awarded | cancelled | other,353435 | 337620 | 336872 | 296285 | 284559,2026-06-08,2026/AT/02804/V1,etender.gov.az/main/competitions
etender-buyer-397,3400206621,AĞCABƏDİ RAYON KOMMUNAL XİDMƏT VƏ MƏNZİL İSTİSMAR İDARƏSİ,Ağcabədi şəhər Vaqif küçəsi 2A,27,active | awarded | cancelled | other,352473 | 351939 | 351612 | 342161 | 333791,2026-05-19,2026/AT/01775/V4,etender.gov.az/main/competitions
etender-buyer-398,1701931061,AZƏRBAYCAN MİLLİ ELMLƏR AKADEMİYASININ MOLEKULYAR BİOLOGİYA VƏ BİOTEXNOLOGİYALAR İNSTİTUTU,,27,active | awarded | cancelled | other,342883 | 298151 | 334812 | 322479 | 315661,2025-11-04,2025/AT/00401/V1,etender.gov.az/main/competitions
etender-buyer-399,3700071631,"""ASTARA RAYON MƏRKƏZİ XƏSTƏXANASI"" PUBLİK HÜQUQİ ŞƏXSİ",Astara şəhəri M.Cavadzadə küçəsi 01,27,active | awarded | cancelled | other,339169 | 317619 | 302488 | 290288 | 288582,2025-09-19,119554,etender.gov.az/main/competitions
etender-buyer-400,8300092931,CƏLİLABAD RAYON İCRA HAKİMİYYƏTİ BAŞÇISININ CƏLİLABAD ŞƏHƏR ƏRAZİ NÜMAYƏNDƏLİYİ,Cəlilabad şəhər H.Əliyev prospekti 151,27,active | awarded | cancelled | other,293495 | 341100 | 337375 | 333934 | 324263,2023-08-07,69165,etender.gov.az/main/competitions
etender-buyer-401,2700157811,MİNGƏÇEVİR ŞƏHƏR İŞIQLANMA İDARƏSİ,"Mingəçevir şəhəri.,Təbriz küçəsi 19",27,awarded | cancelled | other,350031 | 334747 | 332433 | 318112 | 307950,1776097346,2026/AT/01334/V2,etender.gov.az/main/competitions
etender-buyer-402,1702303001,AZƏRBAYCAN RESPUBLİKASI DÖVLƏT REKLAM AGENTLİYİNİN BAKI ŞƏHƏRİ REKLAM İDARƏSİ  ,"Bakı şəhəri, Füzuli kücəsi 37",27,awarded | cancelled | other,298459 | 295251 | 289566 | 288920 | 288118,1700241261,74588,etender.gov.az/main/competitions
etender-buyer-403,7900036821,AZƏRBAYCAN MELİORASİYA VƏ SU TƏSƏRRÜFATI AÇIQ SƏHMDAR CƏMİYYƏTİNİN XOCAVƏND SUVARMA SİSTEMLƏRİ İDARƏSİ,Beyləqan rayonu 500 ailəlik Xocavənd qəsəbəsi,27,awarded | cancelled | other,294364 | 291208 | 292426 | 291260 | 284522,1733845190,70094,etender.gov.az/main/competitions
etender-buyer-404,2900382551,AZƏRBAYCAN RESPUBLİKASININ MƏDƏNİYYƏT NAZİRLİYİNİN SUMQAYIT REGİONAL MƏDƏNİYYƏT İDARƏSİ,"Sumqayıt şəhəri, 3-cü məhəllə, N.Nərimanov k-12/15",27,awarded | cancelled | other,281709 | 281041 | 281052 | 278291 | 273261,1670429463,54367,etender.gov.az/main/competitions
etender-buyer-405,1006095481,"""SƏNAYE VƏ İNNOVASİYALAR ÜZRƏ BAKI DÖVLƏT PEŞƏ TƏHSİL MƏRKƏZİ"" PUBLİK HÜQUQİ ŞƏXSİ","AZ 1108, Bakı şəhəri, Binəqədi rayonu, K.Rəhimov 76",26,active | awarded | cancelled | other,354118 | 353006 | 345283 | 336424 | 337770,2026-06-19,2026/AT/03009/V1,etender.gov.az/main/competitions
etender-buyer-406,1309005371,AZƏRBAYCAN DÖVLƏT SU EHTİYATLARI AGENTLİYİ YANINDA SULARIN İSTİFADƏSİNƏ VƏ MÜHAFİZƏSİNƏ DÖVLƏT NƏZARƏT XİDMƏTİ,,26,active | awarded | cancelled | other,353559 | 353256 | 350891 | 349120 | 348481,2026-06-09,2026/AT/02847/V1,etender.gov.az/main/competitions
etender-buyer-407,4300061821,"""QAX RAYON MƏRKƏZİ XƏSTƏXANASI"" PUBLİK HÜQUQİ ŞƏXS",Qax şəhər 9 Aprel küçəsi 8,26,active | awarded | cancelled | other,353423 | 339735 | 337702 | 337532 | 328677,2026-06-08,2026/AT/02800/V1,etender.gov.az/main/competitions
etender-buyer-408,7500087981,FÜZULİ RAYONU İCRA HAKİMİYYƏTİ,"Füzuli rayonu Horadiz Şəhəri, Gənclər pr.2",26,active | awarded | cancelled | other,349912 | 349911 | 321591 | 349910 | 349909,2026-04-10,2026/AT/01654/V1,etender.gov.az/main/competitions
etender-buyer-409,1102415281,"""QARADAĞ TİBB MƏRKƏZİ"" PUBLİK HÜQUQİ ŞƏXSİ","Bakı şəhəri,Qaradağ rayonu,Qobustan ŞTQ,Namiq Niftəliyev(Qobustan qəs,ev,massiv 4)",26,active | awarded | cancelled | other,349784 | 341937 | 331676 | 334458 | 334390,2026-04-09,2026/AT/01247/V2,etender.gov.az/main/competitions
etender-buyer-410,4000188451,BƏRDƏ RAYON İHB-NIN ŞƏHƏR NÜMAYƏNDƏLİYİ,"Bərdə şəhəri,Heydər Əliyev prospekti 78",26,active | awarded | cancelled | other,292904 | 343373 | 334979 | 336924 | 297065,2023-07-25,68458,etender.gov.az/main/competitions
etender-buyer-411,3600080771,"""AĞSTAFAÇAY HİDROQOVŞAĞI İSTİSMARI İDARƏSİ"" MƏHDUD MƏSULİYYƏTLİ CƏMİYYƏTİ",Ağstafa şəhəri H.əliyev küçəsi 4,26,awarded | other,328658 | 284142 | 284141 | 284991 | 283944,1744298294,108594,etender.gov.az/main/competitions
etender-buyer-412,0700011511,NAXÇIVAN MUXTAR RESPUBLİKASI AVTOMOBİL YOLLARI DÖVLƏT AGENTLİYİNİN ŞƏRUR RAYON YOL TƏMİR TİKİNTİ İDARƏSİ,Şərur şəhəri Nizami küçəsi,26,awarded | cancelled | other,299050 | 297816 | 296928 | 294982 | 295179,1701279800,74373,etender.gov.az/main/competitions
etender-buyer-413,1300269811,AZƏRBAYCAN RESPUBLİKASI EKOLOGİYA VƏ TƏBİİ SƏRVƏTLƏR NAZİRLİYİ MİLLİ GEOLOJİ KƏŞFİYYAT XİDMƏTİ,"Bakı şəhəri, Kazım Kazımzadə küçəsi, 100A.",26,awarded | cancelled,274621 | 274622 | 274626 | 274522 | 274624,1661392194,46669,etender.gov.az/main/competitions
etender-buyer-414,1307418611,"""DAŞINMAZ ƏMLAKIN DÖVLƏT KADASTRI VƏ REYESTRİ"" PUBLİK HÜQUQİ ŞƏXSİ","Bakı şəhəri, Yasamal rayonu, Hüseyn Cavid pr 135",25,active | awarded | cancelled | other,354533 | 354383 | 353857 | 353856 | 352486,2026-06-25,2026/AT/03146/V1,etender.gov.az/main/competitions
etender-buyer-415,6500112991,"""NEFTÇALA RAYON MƏRKƏZİ XƏSTƏXANASI"" PUBLİK HÜQUQİ ŞƏXSİ",Mirzə Ələkbər Sabir küç. 506,25,active | awarded | cancelled | other,353143 | 326006 | 266098 | 350953 | 345447,2026-06-03,2026/AT/02695/V1,etender.gov.az/main/competitions
etender-buyer-416,3400140021,"""AĞCABƏDİ RAYON MƏRKƏZİ XƏSTƏXANASI"" PUBLİK HÜQUQİ ŞƏXSİ",,25,active | awarded | cancelled | other,352820 | 350769 | 266827 | 346966 | 339775,2026-05-25,2026/AT/02580/V1,etender.gov.az/main/competitions
etender-buyer-417,6700010741,SAATLI RAYON İCRA HAKİMİYYƏTİ,Saatlı rayonu,25,active | awarded | cancelled | other,352272 | 335770 | 334524 | 317025 | 293411,2026-05-15,2026/AT/01908/V3,etender.gov.az/main/competitions
etender-buyer-418,1600063271,"""ELMİ-TƏDQİQAT AĞCİYƏR XƏSTƏLİKLƏRİ İNSTİTUTU"" PUBLİK HÜQUQİ ŞƏXS","Bakı,M,Şərifli,163",25,active | awarded | cancelled | other,303924 | 348516 | 340200 | 336957 | 331681,2024-04-06,81209,etender.gov.az/main/competitions
etender-buyer-419,7900026321,XOCAVƏND RAYONU KOMMUNAL   MÜƏSSİSƏLƏRİ  KOMBİNATI,"Xocavənd rayonu, Xocavənd qəsəbəsi",25,active | awarded | cancelled | other,296547 | 283919 | 244732 | 297853 | 294107,2023-10-11,72448,etender.gov.az/main/competitions
etender-buyer-420,1503985871,"""ELEKTRON HÖKUMƏTİN İNKİŞAFI MƏRKƏZİ"" PUBLİK HÜQUQİ ŞƏXSİ",Atatürk prospekti 89,25,active | awarded | cancelled | other,276467 | 272376 | 267229 | 264593 | 262327,2022-10-04,48805,etender.gov.az/main/competitions
etender-buyer-421,6200038401,AZƏRBAYCAN RESPUBLİKASI LAÇIN RAYONU  İCRA HAKİMİYYƏTİ BAŞÇISININ QAYĞI QƏSƏBƏ İNZİBATİ ƏRAZİ DAİRƏSİ ÜZRƏ NÜMAYƏNDƏLİYİ,Ağçabədi rayon Taxta körpü,25,active | awarded | cancelled | other,266357 | 324456 | 314930 | 313536 | 290432,2022-03-03,38524,etender.gov.az/main/competitions
etender-buyer-422,7200072551,TƏRTƏRÇAY HİDROQOVŞAĞI İSTİSMARI İDARƏSİ,Tərtər şəh.V.Həsənov  Küç 02,25,active | awarded | cancelled | other,242204 | 239471 | 303974 | 290094 | 288100,2020-05-06,11946,etender.gov.az/main/competitions
etender-buyer-423,1000536531,HİDROGEOLOJİ-MELİORATİV XİDMƏT İDARƏSİ,"Bakı şəh.,Binəqədi ray.,M.Ə.Rəsulzadə qəs.,keç 1285",25,active | awarded | cancelled | other,240649 | 240648 | 273146 | 266542 | 266347,2020-03-10,9888,etender.gov.az/main/competitions
etender-buyer-424,1701859441,"""SU İDMANI SARAYI"" MƏHDUD MƏSULİYYƏTLİ CƏMİYYƏTİ","AZ1003,Bakı şəhəri,Səbail rayonu,akademik Əhəd Yaqubov küçəsi 15",25,awarded | cancelled | other,349216 | 344008 | 342762 | 324797 | 315940,1775056361,2026/AT/01434/V1,etender.gov.az/main/competitions
etender-buyer-425,1007728321,"""MELİORASIYA ELMİ-TƏDQİQAT İNSTİTUTU"" Məhdud Məsuliyyətli Cəmiyyəti","AZ1108, BAKI ŞƏHƏRİ BİNƏQƏDİ RAYONU, İBRAHİMPAŞA DADAŞOV, küç. 324",25,awarded | cancelled | other,349194 | 339356 | 336803 | 324054 | 314528,1775046279,2026/AT/00875/V2,etender.gov.az/main/competitions
etender-buyer-426,1300025711,"""AQRARKREDİT"" QAPALI SƏHMDAR CƏMİYYƏTİ BANK OLMAYAN KREDİT TƏŞKİLATI",Qədirli 125,25,awarded | cancelled | other,348159 | 345567 | 344721 | 337592 | 338200,1772813495,2026/AT/00567/V2,etender.gov.az/main/competitions
etender-buyer-427,1301148881,AZƏRBAYCAN  RESPUBLIKASI  MÜDAFİƏ SƏNAYESİ NAZİRLİYİ,Mətbuat pr.40,24,active | awarded | cancelled | other,354625 | 352676 | 352576 | 348303 | 339133,2026-06-30,2026/AT/03183/V1,etender.gov.az/main/competitions
etender-buyer-428,3300028291,AĞDAŞ RAYON İCRA HAKİMİYYƏTİ,"Ağdaş şəhər, Heydər Əliyev meydanı 2",24,active | awarded | cancelled | other,354615 | 296225 | 258655 | 334540 | 325153,2026-06-29,2026/AT/03182/V1,etender.gov.az/main/competitions
etender-buyer-429,6000130311,"""GÖYÇAY RAYON MƏRKƏZİ XƏSTƏXANASI"" PUBLİK HÜQUQİ ŞƏXSİ",Göyçay rayonu Nizami 183,24,active | awarded | cancelled | other,353907 | 351900 | 338183 | 343324 | 338184,2026-06-16,2026/AT/02933/V1,etender.gov.az/main/competitions
etender-buyer-430,1701948321,İQTİSADİ İSLAHATLARIN TƏHLİLİ VƏ KOMMUNİKASİYA MƏRKƏZİ,"AZ 1073,Bakı şəhəri, Yasamal rayonu, Landau küçəsi,16",24,active | awarded | cancelled | other,353553 | 353292 | 352810 | 303256 | 288430,2026-06-09,2026/AT/02846/V1,etender.gov.az/main/competitions
etender-buyer-431,4500178691,AZƏRBAYCAN RESPUBLİKASI QUBA RAYONU İCRA HAKİMİYYƏTİ,Quba şəhəri Heydər Əliyev prospekti,24,active | awarded | cancelled | other,352456 | 352093 | 320500 | 299648 | 272484,2026-05-19,2026/AT/02462/V1,etender.gov.az/main/competitions
etender-buyer-432,5100054941,ZAQATALA RAYON İCRA HAKİMİYYƏTİ BAŞÇISININ ŞƏHƏR ÜZRƏ NÜMAYƏNDƏLİYİ.,Zaqatala rayonu Nizami küçəsi 9,24,active | awarded | cancelled | other,344151 | 271538 | 321548 | 295816 | 296050,2025-11-25,2025/AT/00715/V1,etender.gov.az/main/competitions
etender-buyer-433,1202332261,"""SANATOR-KURORT REABİLİTASİYA MƏRKƏZİ"" PUBLİK HÜQUQİ ŞƏXSİ",Xəzər rayonu Buzovna qəsəbəsi Dənizkənarı 17D,24,active | awarded | cancelled | other,338962 | 337416 | 327784 | 325591 | 306334,2025-09-17,119347,etender.gov.az/main/competitions
etender-buyer-434,1604393491,“AZƏRBAYCAN RESPUBLİKASININ QEYRİ-HÖKUMƏT TƏŞKİLATLARINA DÖVLƏT DƏSTƏYİ AGENTLİYİ” PUBLİK HÜQUQİ ŞƏXSİ,"Bakı şəhəri, H.Əliyev pr. 152",24,active | awarded | cancelled | other,323643 | 341004 | 329716 | 323650 | 314437,2024-12-19,103161,etender.gov.az/main/competitions
etender-buyer-435,3900247951,"""BEYLƏQAN RAYON MƏRKƏZİ XƏSTƏXANASI"" PUBLİK HÜQUQİ ŞƏXSİ","Beyləqan Ş, Sevil Qazıyeva 21",24,active | awarded | cancelled | other,317933 | 299226 | 293644 | 272115 | 349570,2024-10-03,96256,etender.gov.az/main/competitions
etender-buyer-436,0400003491,NAXÇIVAN MUXTAR RESPUBLİKASI AVTOMOBİL YOLLARI DÖVLƏT AGENTLİYİNİN ORDUBAD RAYON YOL TƏMİR İSTİSMAR İDARƏSİ,Ordubad şəhər Şəhriyar qəsəbəsi,24,active | awarded | cancelled | other,298124 | 296017 | 296013 | 294283 | 292100,2023-11-13,74222,etender.gov.az/main/competitions
etender-buyer-437,0200022861,NAXÇIVAN  MR NAZİRLƏR KABİNETİ,Naxçıvan şəhər H.Əliyev pr 42 Naxçıvan MR Nazirlər Kabneti,24,active | awarded | cancelled | other,295166 | 340104 | 333860 | 331744 | 328488,2023-09-14,70981,etender.gov.az/main/competitions
etender-buyer-438,8400088001,ŞAMAXI RAYONU SUVARMA SİSTEMLƏRİ İDARƏSİ,"ŞAMAXI ŞƏHƏRİ , DƏDƏ QORQUD KÜÇƏSİ",24,active | awarded | cancelled | other,284654 | 317457 | 294892 | 284454 | 287622,2023-03-17,57664,etender.gov.az/main/competitions
etender-buyer-439,3400109921,AĞCABƏDİ RAYON İCRA HAKİMİYYƏTİ BAŞÇISININ AĞCABƏDİ ŞƏHƏR İNZİBATİ ƏRAZİ DAİRƏSİ ÜZRƏ NÜMAYƏNDƏSİ,F.Əlizadə 19,24,active | awarded | cancelled | other,266714 | 335088 | 317084 | 317083 | 291262,2022-03-13,38931,etender.gov.az/main/competitions
etender-buyer-440,7701750281,AZƏRBAYCAN RESPUBLİKASININ MƏDƏNİYYƏT NAZİRLİYİ XAÇMAZ REGİONAL MƏDƏNİYYƏT İDARƏSİ,"Xaçmaz Rayonu, Nəriman Nərimanov küç.1",24,active | awarded | cancelled,247943 | 247939 | 276514 | 275115 | 259667,2020-10-08,17357,etender.gov.az/main/competitions
etender-buyer-441,6400135661,"""MASALLI RAYON MƏRKƏZİ XƏSTƏXANASI"" PUBLİK HÜQUQİ ŞƏXSİ",Masallı Rayon Z.Əliyeva 6,24,awarded | cancelled | other,350742 | 345775 | 315872 | 313504 | 313518,1776882254,2026/AT/01911/V1,etender.gov.az/main/competitions
etender-buyer-442,1702590101,ƏRAZİ TİKİNTİ-PLANLAŞDIRMA MƏRKƏZİ,"Bakı ş. Səbail rayonu, İstiqlaliyat 18",24,awarded | cancelled,349218 | 349859 | 347257 | 343467 | 340254,1775057379,2026/AT/01435/V1,etender.gov.az/main/competitions
etender-buyer-443,1800280621,"DAXİLİ İŞLƏR NAZİRLİYİ ""XƏZRİ"" İSTİRAHƏT VƏ SAĞLAMLIQ MƏRKƏZİ","Bakı şəhəri, Sabunçu rayonu, Zuqulba qəsəbəsi, Rasim İmanov 40",24,awarded | cancelled | other,347761 | 346630 | 341897 | 342292 | 341927,1772454822,2026/AT/00934/V1,etender.gov.az/main/competitions
etender-buyer-444,1400617761,AZƏRBAYCAN RESPUBLİKASI ELM VƏ TƏHSİL NAZİRLİYİ YANINDA MƏKTƏBƏQƏDƏR VƏ ÜMUMİ TƏHSİL ÜZRƏ DÖVLƏT AGENTLİYİNİN BAKI ŞƏHƏRİ ÜZRƏ TƏHSİL İDARƏSİ," Azərbaycan, Bakı, Xan Şuşinski 17",24,awarded | cancelled | other,345726 | 329464 | 308123 | 307482 | 294769,1769166546,2026/AT/00197/V1,etender.gov.az/main/competitions
etender-buyer-445,6800218471,KÜR-ARAZ ÇAYLARINDA BƏNDLƏRİN İSTİSMARI  İDARƏSİ,Sabirabad şəhəri H.Əliyev prospekti 25,24,awarded | cancelled | other,341469 | 294766 | 293019 | 291539 | 290687,1760720010,121856,etender.gov.az/main/competitions
etender-buyer-446,6500011491,NEFTÇALA RAYON İCRA HAKİMİYYƏTİ,"AZE 4700, Neftçala rayonu (şəhər), H.Əliyev prospekti 25, ",24,awarded | other,340293 | 336265 | 322793 | 320754 | 294117,1759488610,120680,etender.gov.az/main/competitions
etender-buyer-447,6100038651,GORANBOY RAYON İCRA HAKİMİYYƏTİ BAŞÇISININ GORANBOY ŞƏHƏR İNZİBATİ ƏRAZİ DAİRƏSİ ÜZRƏ NÜMAYƏNDƏLİYİ ,Goranboy şəhəri Heydər Əliyev prospekti 3,24,awarded | cancelled | other,339716 | 337340 | 331690 | 316159 | 316155,1758895771,120102,etender.gov.az/main/competitions
etender-buyer-448,1401074341,AZƏRBAYCAN RESPUBLİKASI FÖVQƏLADƏ HALLAR NAZİRLİYİ DÖVLƏT YANĞIN NƏZARƏTİ XİDMƏTİ,"Xətai rayonu, Nəcəfqulu Rəfiyev küçəsi 66.",23,active | awarded | cancelled | other,353786 | 349841 | 347393 | 346215 | 321875,2026-06-12,2026/AT/02894/V1,etender.gov.az/main/competitions
etender-buyer-449,1308175121,"""AZƏRBAYCAN RESPUBLİKASININ KİNO AGENTLİYİ"" PUBLİK HÜQUQİ ŞƏXSİ","Ü.Hacıbəyli küç.84,AZ1000",23,active | awarded | cancelled | other,353497 | 353310 | 353046 | 353009 | 351466,2026-06-09,2026/AT/02829/V1,etender.gov.az/main/competitions
etender-buyer-450,4700057741,"""QUSAR RAYON MƏRKƏZİ XƏSTƏXANASI"" PUBLİK HÜQUQİ ŞƏXSİ",Qusar şəhəri Məlikov 2A,23,active | awarded | cancelled | other,353191 | 348445 | 331349 | 329271 | 296144,2026-06-03,2026/AT/02711/V1,etender.gov.az/main/competitions
etender-buyer-451,1703452051,"""İNFORMASİYA KOMMUNİKASİYA TEXNOLOGİYALARI AGENTLİYİ"" PUBLİK HÜQUQİ ŞƏXSİ","Bakı şəhəri, Səbail rayonu, Üzeyir Hacıbəyov küçəsi, 48",23,active | awarded | cancelled | other,353023 | 352230 | 352097 | 347882 | 347360,2026-06-01,2026/AT/02647/V1,etender.gov.az/main/competitions
etender-buyer-452,1701377101,"""BAKI KRİSTAL ZALI"" MƏHDUD MƏSULİYYƏTLİ CƏMİYYƏTİ","Bakı şəhəri, Səbail rayonu, Dövlət Bayrağı Meydanı",23,active | awarded | cancelled | other,352808 | 352431 | 295886 | 344413 | 333601,2026-05-25,2026/AT/02576/V1,etender.gov.az/main/competitions
etender-buyer-453,1500391751,"""AKADEMİK C.M.ABDULLAYEV ADINA ELMİ-TƏDQİQAT KARDİOLOGİYA İNSTİTUTU"" PUBLİK HÜQUQİ ŞƏXSİ",Bakı şəhəri Nərimanov rayonu F.Xoyski 85,23,active | awarded | cancelled | other,352433 | 334034 | 337354 | 334591 | 335775,2026-05-19,2026/AT/01989/V2,etender.gov.az/main/competitions
etender-buyer-454,5600014931,Yardımlı Rayon İcra Hakimiyyəti,Yardımlı rayonu,23,active | awarded | cancelled | other,321410 | 320613 | 296364 | 296339 | 296324,2024-11-07,100685,etender.gov.az/main/competitions
etender-buyer-455,5700023551,KÜRDƏMİR RAYON İCRA HAKİMİYYƏTİ,Kürdəmir şəhəri HşƏliyev prospekti -12,23,active | awarded | cancelled | other,295962 | 334186 | 331366 | 325981 | 298587,2023-10-02,71794,etender.gov.az/main/competitions
etender-buyer-456,1000108281,"AZƏRBAYCAN RESPUBLİKASI DAXİLİ İŞLƏR NAZİRLİYİNİN BDYPİ-NİN ""SİQNAL"" İXTİSASLAŞDIRILMIŞLAYİHƏ-İSTEHSALAT İDARƏSİ",Settar Behlulzadə 10,22,active | awarded | cancelled | other,354550 | 353788 | 331208 | 349995 | 333270,2026-06-29,2026/AT/03157/V1,etender.gov.az/main/competitions
etender-buyer-457,1402158371,AZƏRBAYCAN DÖVLƏT SU EHTİYATLARI AGENTLİYİ,"Bakı ş., Moskva pr, 67",22,active | awarded | cancelled | other,354312 | 352944 | 342585 | 340127 | 340247,2026-06-23,2026/AT/03071/V1,etender.gov.az/main/competitions
etender-buyer-458,1400408271,"""AZƏRBAYCAN RESPUBLİKASI MALİYYƏ NAZİRLİYİNİN MƏLUMAT HESABLAMA MƏRKƏZİ"" MƏHDUD MƏSULİYYƏTLİ CƏMİYYƏTİ",Bakı şəhəri Səməd Vurğun 135,22,active | awarded | cancelled | other,353910 | 353590 | 345218 | 344990 | 315720,2026-06-16,2026/AT/02793/V2,etender.gov.az/main/competitions
etender-buyer-459,7400068321,"""UCAR RAYON MƏRKƏZİ XƏSTƏXANASI"" PUBLİK HÜQUQİ ŞƏXSİ","Ucar şəhəri, Oğuz -93",22,active | awarded | cancelled | other,353496 | 352708 | 352544 | 352534 | 345055,2026-06-09,2026/AT/02657/V2,etender.gov.az/main/competitions
etender-buyer-460,1505702511,AZƏRBAYCAN RESPUBLİKASININ KƏND TƏSƏRRÜFATI NAZİRLİYİ YANINDA AQRAR XİDMƏTLƏR AGENTLİYİNİN AQRAR TƏLİM MƏRKƏZİ,"Nərimanov rayonu, Nəcəf Nərimanov 7A, Bakı, Azərbaycan",22,active | awarded | cancelled,352801 | 339540 | 276150 | 346972 | 346974,2026-05-25,2026/AT/02573/V1,etender.gov.az/main/competitions
etender-buyer-461,7100007931,SİYƏZƏN RAYON İCRA HAKİMİYYƏTİ,"AZ 5300, Azərbaycan Respublikası, Siyəzən şəhəri, Heydər Əliyev küçəsi 39",22,active | awarded | cancelled | other,352671 | 352670 | 350630 | 342420 | 335954,2026-05-21,2026/AT/02530/V1,etender.gov.az/main/competitions
etender-buyer-462,6900017651,SAMUX RAYON İCRA HAKİMİYYƏTİ,"AZ-5100, Samux rayon Samux şəhəri Heydər Əliyev prospekti 70",22,active | awarded | cancelled | other,351639 | 295321 | 341010 | 335609 | 296875,2026-05-05,2026/AT/02207/V1,etender.gov.az/main/competitions
etender-buyer-463,1005599801,"""AZƏRAQRAR DÖVLƏT İSTEHSALAT VƏ EMAL BİRLİYİ"" MƏHDUD MƏSULİYYƏTLİ CƏMİYYƏTİ"," Bakı şəhəri, Binəqədi rayonu, 8-ci mkr, 3123-cü məhəllə",22,active | awarded | cancelled | other,333589 | 337434 | 322910 | 293959 | 283667,2025-06-30,113953,etender.gov.az/main/competitions
etender-buyer-464,7800015151,XIZI RAYONU İCRA HAKİMİYYƏTİ BAŞÇISININ XIZI ŞƏHƏR İNZİBATİ ƏRAZİ DAİRƏSİ ÜZRƏ NÜMAYƏNDƏLİYİ,"Xızı şəhəri, Vüsaqi 28",22,active | awarded | other,329395 | 322304 | 298347 | 298343 | 335643,2025-04-21,109630,etender.gov.az/main/competitions
etender-buyer-465,1300197231,"""BAKI ŞƏHƏR DEZİNFEKSİYA MƏRKƏZİ"" PUBLİK HÜQUQİ ŞƏXSİ",Yasamal rayonu Fuad İbrahimbəyov 19/21,22,active | awarded | cancelled | other,321533 | 318235 | 344651 | 329214 | 327545,2024-11-14,100812,etender.gov.az/main/competitions
etender-buyer-466,7100023721,SİYƏZƏN RAYONU İCRA HAKİMİYYƏTİ BAŞÇISININ SİYƏZƏN ŞƏHƏR İNZİBATİ ƏRAZİ DAİRƏSİ ÜZRƏ NÜMAYƏNDƏLİYİ,Siyəzən şəh Babək küç 52,22,active | awarded | cancelled | other,273586 | 276369 | 276370 | 276371 | 275134,2022-08-03,45675,etender.gov.az/main/competitions
etender-buyer-467,5900082631,GƏDƏBƏY RAYON MƏRKƏZİ XƏSTƏXANASI PUBLİK HÜQUQİ ŞƏXSİ,,22,active | awarded | cancelled | other,273341 | 261531 | 329830 | 303233 | 293601,2022-07-27,45406,etender.gov.az/main/competitions
etender-buyer-468,5400789891,AZƏRBAYCAN RESPUBLİKASI MƏDƏNİYYƏT NAZİRLİYİNİN İSMAYILLI REGİONAL MƏDƏNİYYƏT  İDARƏSİ,"İsmayıllı şəhəri,Heydər Əliyev prospekti 61",22,active | awarded | cancelled | other,260991 | 276670 | 273417 | 273334 | 261915,2021-09-28,32274,etender.gov.az/main/competitions
etender-buyer-469,9900008771,"""İRİ ŞƏHƏRLƏRİN BİRLƏŞMİŞ SU TƏCHİZATI XİDMƏTİ"" PUBLİK HÜQUQİ ŞƏXSİN ""SUTİKİNTİ"" MƏHDUD MƏSULİYYƏTLİ CƏMİYYƏTİ","Bakı şəhəri, Mir Cəlal küç 34A",22,awarded | cancelled | other,345215 | 341574 | 293216 | 291622 | 288725,1767108774,2025/AT/01150/V1,etender.gov.az/main/competitions
etender-buyer-470,7200042691,TƏRTƏR RAYON İCRA HAKİMİYYƏTİ BAŞÇISININ TƏRTƏR ŞƏHƏRİ  ÜZRƏ NÜMAYƏNDƏSİ,Tərtər şəhəri H.Əliyev prospekti 46,22,awarded | cancelled | other,342463 | 338674 | 314891 | 314040 | 314167,1761761119,2025/AT/00245/V1,etender.gov.az/main/competitions
etender-buyer-471,9900064231,AZƏRBAYCAN DÖVLƏT DƏNİZ AKADEMİYASI PUBLİK HÜQUQİ ŞƏXSİ,"Azərbaycan Respublikası, Bakı şəhəri, AZ1000 Z.Əliyeva küç., 18",22,awarded | cancelled | other,338969 | 332304 | 310540 | 299065 | 298201,1758120348,119354,etender.gov.az/main/competitions
etender-buyer-472,1300478331,"""ELMİ-TƏDQİQAT MAMALIQ VƏ GİNEKOLOGİYA İNSTİTUTU"" PUBLİK HÜQUQİ ŞƏXSİ",,22,awarded | cancelled | other,297128 | 297136 | 297131 | 292863 | 290010,1698147632,73101,etender.gov.az/main/competitions
etender-buyer-473,2600199161,YUXARI XANBULANÇAY HİDROQOVŞAĞI İSTİSMAR İDARƏSİ,Lənkəran Şəhəri Şəhidlər Xiyabanı döngə 4 bina 2a,22,awarded | cancelled | other,292432 | 284758 | 284826 | 284536 | 284521,1689334663,68033,etender.gov.az/main/competitions
etender-buyer-474,6801193921,AZƏRBAYCAN RESPUBLİKASININ MƏDƏNİYYƏT NAZİRLİYİ SABİRABAD REGİONAL MƏDƏNİYYƏT İDARƏSİ,Sabirabad şəhəri İlham İsgəndərov küçəsi 8,22,awarded | other,278357 | 278341 | 274223 | 273032 | 273034,1667674259,50890,etender.gov.az/main/competitions
etender-buyer-475,7800017681,"""XIZI RAYON MƏRKƏZİ XƏSTƏXANASI"" PUBLİK HÜQUQİ ŞƏXS","Xızı rayonu, Xızı şəhəri, Heydər Əliyev pr., 247",21,active | awarded | cancelled | other,354479 | 276548 | 349670 | 348552 | 341207,2026-06-25,2026/AT/02701/V2,etender.gov.az/main/competitions
etender-buyer-476,2000956291,AZƏRBAYCAN RESPUBLİKASI MÜDAFİƏ SƏNAYESİ NAZİRLİYİ ELMİ-TƏDQİQAT İNSTİTUTU,Xətai rayonu rahib Məmmədov 25,21,active | awarded | other,350525 | 288019 | 337245 | 332362 | 292199,2026-04-20,2026/AT/00935/V4,etender.gov.az/main/competitions
etender-buyer-477,1400433101,"AZƏRBAYCAN RESPUBLİKASI FÖVQƏLADƏ HALLAR NAZİRLİYİ TİKİNTİDƏ TƏHLÜKƏSİZLİYƏ NƏZARƏT DÖVLƏT AGENTLİYİ ""AZKOMMUNLAYİHƏ"" KOMMUNAL LAYİHƏLƏNDİRMƏ İNSTİTUTU","Bakı ş, Nərimanov rayonu, Əliyar Əliyev 7",21,active | awarded | cancelled | other,338342 | 323452 | 317997 | 316453 | 312231,2025-09-09,118720,etender.gov.az/main/competitions
etender-buyer-478,1200993571,PİRALLAHI RAYON MƏNZİL-KOMMUNAL TƏSƏRRÜFATI BİRLİYİ,"AZ1077 Bakı, Pirallahı r-n, pirallahı qəsəbəsi, Kamil Rzayev küçəsi,25 ",21,active | awarded | other,307080 | 283506 | 314827 | 296381 | 296012,2024-05-17,84766,etender.gov.az/main/competitions
etender-buyer-479,2300571241,GƏNCƏ ŞƏHƏRİ İCRA HAKİMİYYƏTİ,"  AZ2000, Gəncə şəhəri, Heydər Əliyev adına meydan, İnzibati bina",21,awarded | other,316740 | 292454 | 277298 | 274069 | 261280,1726767590,95461,etender.gov.az/main/competitions
etender-buyer-480,3700073881,ASTARA SUVARMA SİSTEMLƏRİ İDARƏSİ,Astara S. Vurğun küç.113,21,awarded | cancelled | other,304594 | 284965 | 283824 | 283857 | 283842,1713371009,81934,etender.gov.az/main/competitions
etender-buyer-481,1700852341," ""İÇƏRİŞƏHƏR"" DÖVLƏT TARİX-MEMARLIQ QORUĞU İDARƏSİ ELMİ-MƏDƏNİ MƏRKƏZ","Bakı şəhəri, İçərişəhər, Böyük Qala 41",21,awarded | cancelled | other,299767 | 278361 | 265781 | 263657 | 263550,1703111856,76012,etender.gov.az/main/competitions
etender-buyer-482,1700012751,AZƏRBAYCAN RESPUBLİKASININ İQTİSADİYYAT  NAZİRLİYİ,"Ü.Hacıbəyli 84, Hökumət Evi",21,awarded | cancelled | other,278599 | 275275 | 267324 | 266276 | 265922,1668445458,51180,etender.gov.az/main/competitions
etender-buyer-483,2007333601,"""TƏHSİLİN İNKİŞAFI FONDU"" PUBLİK HÜQUQİ ŞƏXSİ","Bakı şəhəri, Tbilisi prospekti 49 C, Çıraq Plaza, 14-cü mərtəbə",20,active | awarded | cancelled | other,354611 | 348363 | 333249 | 331356 | 327712,2026-06-29,2026/AT/03179/V1,etender.gov.az/main/competitions
etender-buyer-484,7900013731,"""XOCAVƏND RAYON MƏRKƏZİ XƏSTƏXANASI"" PUBLİK HÜQUQİ ŞƏXSİ",Xocavənd Rayon 500 ailəlik qəsəbə,20,active | awarded | cancelled | other,354265 | 353074 | 303300 | 340380 | 340805,2026-06-23,2026/AT/03059/V1,etender.gov.az/main/competitions
etender-buyer-485,1400607821,"""MƏHKƏMƏ TİBBİ EKSPERTİZA VƏ PATOLOJİ ANATOMİYA BİRLİYİ"" PUBLİK HÜQUQİ ŞƏXSİ","Bakı şəhəri, Nəsimi rayonu, Mərdanov qardaşları küçəsi,131",20,active | awarded | other,354108 | 320715 | 304741 | 333150 | 331685,2026-06-19,2026/AT/03005/V1,etender.gov.az/main/competitions
etender-buyer-486,8500188291,ŞƏMKİR RAYON MƏRKƏZİ XƏSTƏXANASI PUBLİK HÜQUQİ ŞƏXSİ,"Şəmkir şəhəri, Bakı-Qazax magistralı 420-ci km-yi",20,active | awarded | cancelled | other,353957 | 353341 | 342039 | 326757 | 329294,2026-06-17,2026/AT/02945/V1,etender.gov.az/main/competitions
etender-buyer-487,1400057141,AZƏRBAYCAN RESPUBLİKASI FÖVQƏLADƏ HALLAR NAZİRLİYİNİN TİKİNTİDƏ TƏHLÜKƏSİZLİYƏ NƏZARƏT DÖVLƏT AGENTLİYİNİN TƏSİSATDANKƏNAR DÖVLƏT EKSPERTİZA BAŞ İDARƏSİ,"Bakı şəhəri,.Nəsimi rayonu,. Füzuli küçəsi 67B.",20,active | awarded | cancelled | other,352759 | 351964 | 348698 | 351029 | 350881,2026-05-22,2026/AT/02564/V1,etender.gov.az/main/competitions
etender-buyer-488,1005803791,"""GEODEZİYA VƏ KARTOQRAFİYA""  MƏHDUD MƏSULİYYƏTLİ CƏMİYYƏTİ","AZ1108, Bakı şəhəri Binəqədi ray. Mustafa Kamal Atatürk, 224",20,active | awarded | cancelled | other,351735 | 351734 | 341471 | 340260 | 335445,2026-05-06,2026/AT/02245/V1,etender.gov.az/main/competitions
etender-buyer-489,7800010531,XIZI SU MELİORASİYA SİSTEMLƏRİNİN İSTİSMARI İDARƏSİ,Xızı rayon Giləzi ŞTQ,20,active | awarded | cancelled | other,334069 | 268678 | 342286 | 284027 | 284649,2025-07-07,114436,etender.gov.az/main/competitions
etender-buyer-490,1700244511,YAŞILLAŞDIRMA MÜƏSSİSƏLƏRİ BAŞ İSTEHSALAT İDARƏSİNİN SU QUYULARININ İSTİSMARI VƏ TƏMİRİ XİDMƏTİ MÜƏSSİSƏSİ,Səbail rayonu Bibi-Heybət yolu 4,20,active | awarded | cancelled | other,300536 | 292658 | 290819 | 290720 | 285131,2024-02-06,77116,etender.gov.az/main/competitions
etender-buyer-491,1300172281,"""1 NÖMRƏLİ BAKI TİBB KOLLECİ"" PUBLİK HÜQUQİ ŞƏXSİ","AZ 1065, Bakı şəhəri, Bəsti Bağırova küçəsi 9",20,active | awarded | cancelled,296178 | 296176 | 344838 | 323682 | 318540,2023-10-05,72067,etender.gov.az/main/competitions
etender-buyer-492,6200019961,LAÇIN RAYONU İCRA HAKİMİYYƏTİ,Ağcabədi rayon Taxta körpü qəsəbəsi,20,active | awarded | cancelled | other,295740 | 350253 | 344900 | 333919 | 313403,2023-09-27,71592,etender.gov.az/main/competitions
etender-buyer-493,1400151881,BAKI XOREOQRAFİYA AKADEMİYASI,"Bakı şəhəri, R.Behbudov. 75",20,active | awarded | cancelled | other,288800 | 246820 | 240458 | 235123 | 342384,2023-05-01,64072,etender.gov.az/main/competitions
etender-buyer-494,8600213091,"""ŞUŞA ŞƏHƏRİ DÖVLƏT QORUĞU İDARƏSİ"" PUBLİK HÜQUQİ ŞƏXSİN MƏNZİL-KOMMUNAL VƏ TƏMİR XİDMƏTİ","Şuşa şəhəri, M.Ə.Rəsulzadə küçəsi, 1",20,awarded | cancelled | other,343352 | 332368 | 320848 | 315311 | 297656,1762968152,2025/AT/00472/V3,etender.gov.az/main/competitions
etender-buyer-495,1702095831,"""AZƏRBAYCAN TURİZM BÜROSU""  PUBLİK HÜQUQİ ŞƏXSİ","Bakı şəhəri, Üzeyir Hacıbəyli 134",20,awarded,337261 | 319349 | 295957 | 293731 | 289194,1755901399,117637,etender.gov.az/main/competitions
etender-buyer-496,0201148141,"""NAXÇIVAN MUXTAR RESPUBLİKA XƏSTƏXANASI"" PUBLİK HÜQUQİ ŞƏXSİ","Naxçıvan şəhəri, Əziz Əliyev küçəsi, ev 116",20,awarded | cancelled | other,324029 | 324150 | 315737 | 302441 | 295986,1736338872,103588,etender.gov.az/main/competitions
etender-buyer-497,1007134701,"AZƏRBAYCAN RESPUBLİKASININ ƏMƏK VƏ ƏHALİNİN SOSİAL MÜDAFİƏSİ NAZİRLİYİNİN TABELİYİNDƏ ""SOSİAL DƏSTƏK MƏRKƏZİ"" PUBLİK HÜQUQİ ŞƏXSİ","Bakı ş., Xətai ray., Mehdi Mehdizadə küçəsi 31",20,awarded | cancelled | other,305604 | 305573 | 297790 | 297558 | 290856,1714490988,83079,etender.gov.az/main/competitions
etender-buyer-498,1308850501,"""SU VƏ MELİORASİYA KOMPLEKSİNİN LAYİHƏLƏNDİRİLMƏSİ İNSTİTUTU"" PUBLİK HÜQUQİ ŞƏXSİ","Bakı şəhəri, Yasamal rayonu, Moskva prospekti, ev giriş 15",19,active | awarded | cancelled | other,354553 | 351893 | 349654 | 338717 | 338725,2026-06-29,2026/AT/03158/V1,etender.gov.az/main/competitions
etender-buyer-499,0200015011,NAXÇIVAN  MUXTAR RESPUBLİKASININ ALİ MƏCLİSİ,"Naxçıvan şəhəri, H. Əliyev prospekti 50",19,active | awarded | cancelled | other,354010 | 335750 | 298368 | 290022 | 289302,2026-06-18,2026/AT/02967/V1,etender.gov.az/main/competitions
etender-buyer-500,4700037841,QUSAR RAYON İCRA HAKİMİYYƏTİ BAŞÇISININ APARATI,Qusar şəhər.Heydər Əliyev pr.134,19,active | awarded | cancelled,353534 | 353441 | 338964 | 333330 | 333331,2026-06-09,2026/AT/02840/V1,etender.gov.az/main/competitions
etender-buyer-501,1300393031,Ə.ƏLİYEV ADINA AZƏRBAYCAN DÖVLƏT HƏKİMLƏRİ TƏKMİLLƏŞDİRMƏ İNSTİTUTU,Müzəffər Həsənov küç 35,19,active | awarded | cancelled | other,352354 | 348079 | 345046 | 333167 | 323569,2026-05-18,2026/AT/02437/V1,etender.gov.az/main/competitions
etender-buyer-502,3500019981,Ağsu Rayon İcra Hakimiyyəti ,"Az 0600, Azərbaycan Respublikası, Ağsu şəhəri N.Tağızadə küçəsi, 5 a",19,active | awarded | cancelled | other,351135 | 341285 | 321220 | 319005 | 296070,2026-04-29,2026/AT/02041/V1,etender.gov.az/main/competitions
etender-buyer-503,1500817681,AZƏRBAYCAN TURİZM VƏ MENECMENT UNİVERSİTETİ,"Bakı şəhəri, Nərimanov rayonu, Koroğlu Rəhimov küçəsi, 822/23-cü məhəllə",19,active | awarded | cancelled | other,350491 | 341886 | 335509 | 324126 | 322144,2026-04-20,2026/AT/01811/V2,etender.gov.az/main/competitions
etender-buyer-504,3800049461,"""BALAKƏN RAYON MƏRKƏZİ XƏSTƏXANASI"" PUBLİK HÜQUQİ ŞƏXS","AZ0800, Balakən rayonu, Heydər Əliyev  ev 101",19,active | awarded | cancelled | other,350078 | 350221 | 345410 | 334344 | 334096,2026-04-14,2026/AT/01701/V2,etender.gov.az/main/competitions
etender-buyer-505,3900191441,BEYLƏQAN RAYONU İCRA HAKİMİYYƏTİ,Beyləqan şəhər Heydər Əliyev prospekti 25,19,active | awarded | cancelled | other,348450 | 232333 | 341360 | 337430 | 333767,2026-03-12,2026/AT/01159/V1,etender.gov.az/main/competitions
etender-buyer-506,1102311561,"""LÖKBATAN TİBB MƏRKƏZİ"" PUBLİK HÜQUQİ ŞƏXSİ",Bakı şəhəri Qaradağ rayonu Nizami (Lökbatan qəs.) ev 9,19,active | awarded | cancelled,342290 | 323639 | 298469 | 347372 | 333632,2025-10-28,2025/AT/00190/V1,etender.gov.az/main/competitions
etender-buyer-507,6700130941,"""SAATLI RAYON MƏRKƏZİ XƏSTƏXANASI"" PUBLİK HÜQUQİ ŞƏXSİ","Saatlı şəh, H.Əliyev prosp.300",19,active | awarded | cancelled | other,302736 | 295086 | 348572 | 344860 | 342209,2024-03-15,79847,etender.gov.az/main/competitions
etender-buyer-508,1400291311,"""BAKI ŞƏHƏR TƏCİLİ VƏ TƏXİRƏSALINMAZ TİBBİ YARDIM STANSİYASI"" PUBLİK HÜQUQİ ŞƏXSİ","Baki şəh., Nəsimi rayonu, A.A. Bakixanov42",19,active | awarded | cancelled | other,281776 | 296106 | 289925 | 288497 | 276269,2022-12-08,54345,etender.gov.az/main/competitions
etender-buyer-509,2001360891,AZƏRBAYCAN  RESPUBLİKASININ  DÖVLƏT  TƏHLÜKƏSİZLİYİ  XİDMƏTİNİN 1905 SAYLI HƏRBİ HİSSƏSİ,"Bakı şəhəri, Xətai rayonu, Polad Həşimov küçəsi 18",19,active | awarded | cancelled | other,276300 | 304628 | 305491 | 305351 | 296705,2022-09-29,48619,etender.gov.az/main/competitions
etender-buyer-510,6300016091,LERİK RAYON İCRA HAKİMİYYƏTİ BAŞÇISININ LERİK ŞƏHƏR ƏRAZİ NÜMAYƏNDƏLİYİ,Lerik şəhəri H.Aslanov küçəsi 42,19,active | awarded | cancelled | other,270383 | 270378 | 336099 | 326013 | 312947,2022-05-16,42067,etender.gov.az/main/competitions
etender-buyer-511,1700654831,"AZƏRBAYCAN RESPUBLİKASININ MƏDƏNİYYƏT NAZİRLİYİ YANINDA MƏDƏNİ İRSİN QORUNMASI, İNKİŞAFI VƏ BƏRPASI ÜZRƏ DÖVLƏT XİDMƏTİ","AZ1000, Bakı şəhəri, Üzeyir Hacıbəyli 84 (Hökumət evi)",19,awarded | cancelled | other,331483 | 322817 | 276410 | 262099 | 262104,1747997092,111841,etender.gov.az/main/competitions
etender-buyer-512,1300315421,AZƏRBAYCAN MİLLİ ELMLƏR AKADEMİYASI FİZİKA İNSTİTUTU,H.Cavid pr.131,19,awarded | cancelled | other,329813 | 298471 | 298371 | 298348 | 295422,1745537410,110107,etender.gov.az/main/competitions
etender-buyer-513,5500168661,BƏHRƏMTƏPƏ HİDROQOVŞAĞI İSTİSMARI  İDARƏSİ,İmişli rayon Qaradonlu  kəndi,19,awarded | cancelled | other,293851 | 285339 | 287424 | 278075 | 274823,1692115374,69571,etender.gov.az/main/competitions
etender-buyer-514,1300048781,"C.CABBARLI ADINA ""AZƏRBAYCANFİLM"" KİNOSTUDİYASI MƏHDUD MƏSULİYYƏTLİ CƏMİYYƏTİ",Yasamal ray.Moskva pr.1,19,awarded | cancelled | other,274564 | 275269 | 263211 | 257660 | 257827,1661351446,46764,etender.gov.az/main/competitions
etender-buyer-515,2000461231,"""M.Ə.ƏFƏNDİYEV ADINA XƏTAİ TİBB MƏRKƏZİ"" PUBLİK HÜQUQİ ŞƏXSİ",Bakı ş Xətai rayonu Yusif Səfərov 25,18,active | awarded | cancelled | other,354381 | 353874 | 349051 | 295810 | 290798,2026-06-24,2026/AT/03089/V1,etender.gov.az/main/competitions
etender-buyer-516,7000158881,"""SALYAN RAYON MƏRKƏZİ XƏSTƏXANASI"" PUBLİK HÜQUQİ ŞƏXSİ","AZ 5200 Salyan şəhəri, H.Z.Tağıyev küç. 114",18,active | awarded | cancelled | other,353999 | 353038 | 348185 | 350943 | 347900,2026-06-17,2026/AT/02869/V2,etender.gov.az/main/competitions
etender-buyer-517,0200133071,"NAXÇIVAN MUXTAR RESPUBLİKASI KƏND TƏSƏRRÜFATI NAZİRLİYİNİN ""NAXÇIVAN AQROSERVİS"" AÇIQ SƏHMDAR CƏMİYYƏTİ","Naxçıvan şəhəri,Xətai məhəlləsi",18,active | awarded | cancelled | other,353627 | 351427 | 348721 | 341071 | 331698,2026-06-10,2026/AT/02860/V1,etender.gov.az/main/competitions
etender-buyer-518,4200086181,QAZAX ŞƏHƏR MƏNZİL İSTİSMAR SAHƏSİ,Qazax şəhəri Azadlıq küçəsi 99,18,active | awarded | cancelled | other,353582 | 345881 | 324293 | 316467 | 302117,2026-06-10,2026/AT/02853/V1,etender.gov.az/main/competitions
etender-buyer-519,5500074881,"""İMİŞLİ RAYON MƏRKƏZİ XƏSTƏXANASI"" PUBLİK HÜQUQİ ŞƏXSİ",İmişli şəhəri X.Bəylərov 92,18,active | awarded | cancelled | other,353248 | 349669 | 347055 | 299020 | 294367,2026-06-04,2026/AT/02741/V1,etender.gov.az/main/competitions
etender-buyer-520,2000345011,DÖVLƏT YANĞINDAN MÜHAFİZƏ XİDMƏTİNİN  NEFTAYIRMA MÜƏSSİSƏLƏRİ ÜZRƏ  YANĞINDAN MÜHAFİZƏ  DƏSTƏSİ,Nizami rayon Oqtay Vəliyev k.70,18,active | awarded | cancelled | other,352605 | 351768 | 351452 | 350481 | 343929,2026-05-21,2026/AT/02510/V1,etender.gov.az/main/competitions
etender-buyer-521,0200081081,NAXÇIVAN  MR EKOLOGİYA VƏ TƏBİİ SƏRVƏTLƏR NAZİRLİYİ,,18,active | awarded | cancelled | other,350662 | 351115 | 319481 | 315453 | 315286,2026-04-21,2026/AT/01805/V2,etender.gov.az/main/competitions
etender-buyer-522,1402550251,"""AZERBAİJAN RİGS""  MƏHDUD MƏSULİYYƏTLİ CƏMİYYƏTİ","Heydər Əliyev prospekti 152, Çinar Plaza, Bakı AZ1029, Azərbaycan",18,active | awarded | cancelled | other,341225 | 343163 | 325940 | 332029 | 257054,2025-10-15,121612,etender.gov.az/main/competitions
etender-buyer-523,6800097931,"""SABİRABAD  RAYON MƏRKƏZİ XƏSTƏXANASI"" PUBLİK HÜQUQİ ŞƏXSİ",Sabirabad rayon Qalaqayın kəndi Sabirabad rayon Mərkəzi Xəstəxanası,18,active | awarded | cancelled | other,340868 | 337422 | 350207 | 350209 | 346187,2025-10-10,121255,etender.gov.az/main/competitions
etender-buyer-524,1500240231,ABADLAŞDIRMA VƏ PARK-BAĞ TƏSƏRRÜFATININ İNKİŞAFI DEPARTAMENTİNİN YAŞILLAŞDIRMA TƏSƏRRÜFATI BİRLİYİ,"Bakı şəhəri, Suraxanı rayonu, Muxtar Fətəliyev küçəsi 15",18,active | awarded | cancelled | other,336260 | 339420 | 337499 | 314910 | 276567,2025-08-07,116631,etender.gov.az/main/competitions
etender-buyer-525,0200016061,"""Naxçıvan şəhər İcra Hakimiyyətinin NAXÇIVAN ŞƏHƏR SANİTAR TƏMİZLİK İDARƏSİ""İ",Naxçıvan şəhəri Xətai məhəlləsi ,18,active | awarded | cancelled | other,325717 | 298483 | 287846 | 287845 | 284983,2025-02-17,105587,etender.gov.az/main/competitions
etender-buyer-526,2800015041,NAFTALAN ŞƏHƏR KOMMUNAL TƏSƏRRÜFATI İSTEHSALAT BİRLİYİ,Naftalan şəhər N.Gəncəvi 01,18,active | awarded | cancelled | other,290882 | 284566 | 320433 | 306934 | 295971,2023-06-07,66252,etender.gov.az/main/competitions
etender-buyer-527,4101179521,AZƏRBAYCAN RESPUBLİKASI MƏDƏNİYYƏT NAZİRLİYİNİN BİLƏSUVAR REGİONAL MƏDƏNİYYƏT İDARƏSİ,Biləsuvar şəhəri H.Əliyev küçəsi 56,18,active | awarded | cancelled | other,261390 | 278608 | 278609 | 274332 | 274325,2021-10-06,32650,etender.gov.az/main/competitions
etender-buyer-528,0200062791,NAXÇIVAN MR KƏND TƏSƏRRÜFATI NAZİRLİYİ,"Naxçıvan şəhəri,Xətai məhəlləsi",18,awarded | cancelled | other,343772 | 340454 | 318644 | 315254 | 299757,1763488276,2025/AT/00638/V1,etender.gov.az/main/competitions
etender-buyer-529,7200013101,TƏRTƏR RAYON İCRA HAKİMİYYƏTİ," Tərtər r-n, H.Əliyev p-r 41",18,awarded | cancelled | other,338396 | 315183 | 315309 | 289391 | 278622,1757432719,118774,etender.gov.az/main/competitions
etender-buyer-530,1702661461,"AZƏRBAYCAN RESPUBLİKASI DÖVLƏT TURİZM AGENTLİYİNİN QORUQLARI İDARƏETMƏ MƏRKƏZİ PUBLİK HÜQUQİ ŞƏXSİ

",Land Mark 1,17,active | awarded | cancelled | other,354629 | 351501 | 299716 | 257841 | 325113,2026-06-30,2026/AT/03184/V1,etender.gov.az/main/competitions
etender-buyer-531,1300270591,AZƏRBAYCAN MİLLİ ELMLƏR AKADEMİYASININ NİZAMİ GƏNCƏVİ ADINA ƏDƏBİYYAT İNSTİTUTU,"Bakı şəh., Az-1143, Hüseyn Cavid pr., Akademiya şəhərçiyi, Əsas bina, IV mərtəbə ",17,active | awarded | cancelled | other,353944 | 351885 | 348643 | 348034 | 336317,2026-06-17,2026/AT/02942/V1,etender.gov.az/main/competitions
etender-buyer-532,7200068021,"""TƏRTƏR RAYON MƏRKƏZİ XƏSTƏXANASI"" PUBLİK HÜQUQİ ŞƏXSİ",Tərtər rayon R.Mürsəlov küçəsi 18,17,active | awarded | cancelled | other,353872 | 353746 | 302674 | 349747 | 339654,2026-06-16,2026/AT/02924/V1,etender.gov.az/main/competitions
etender-buyer-533,1506450261,"""ƏMƏYİN MÜHAFİZƏSİ MƏRKƏZİ"" PUBLİK HÜQUQİ ŞƏXSİ","Nərimanov rayon, Faiq Yusifov 40A",17,active | awarded | cancelled | other,353768 | 352785 | 351901 | 349142 | 346890,2026-06-11,2026/AT/02890/V1,etender.gov.az/main/competitions
etender-buyer-534,4900020341,"""DAŞKƏSƏN RAYON MƏRKƏZİ XƏSTƏXANASI"" PUBLİK HÜQUQİ ŞƏXS",Daşkəsən şəhəri Azər Abdullayev 1A,17,active | awarded | cancelled | other,353077 | 350059 | 349667 | 325367 | 304099,2026-06-02,2026/AT/02667/V1,etender.gov.az/main/competitions
etender-buyer-535,1400476481,AZƏRBAYCAN RESPUBLİKASI DAXİLİ İŞLƏR NAZİRLİYİ NƏQLİYYATDA BAŞ POLİS İDARƏSİ,"Bakı şəhəri, Suraxanı rayonu, Zığ qəsəbəsi, Zığ-Hövsan yolu 2-ci km",17,active | awarded | other,352577 | 310016 | 232890 | 232454 | 330854,2026-05-21,2026/AT/02502/V1,etender.gov.az/main/competitions
etender-buyer-536,3800010051,BALAKƏN RAYONU İCRA HAKİMİYYƏTİ.,Balakən şəhəri Heydər  Əliyev prospekti 40,17,active | awarded | cancelled | other,351341 | 351340 | 336549 | 330243 | 313647,2026-04-30,2026/AT/02103/V1,etender.gov.az/main/competitions
etender-buyer-537,3200050201,AĞDAM RAYON İHB-NIN QUZANLI ƏRAZİ NÜMAYƏNDƏLİYİ,,17,active | awarded | cancelled | other,292095 | 328903 | 328079 | 320037 | 316964,2023-07-07,67613,etender.gov.az/main/competitions
etender-buyer-538,1700675651,BAKI TURİZM  İNFORMASİYA MƏRKƏZİ,Bakı şəhəri  Üzeyir  Hacıbəyli 70,17,active | awarded | other,277300 | 263508 | 263127 | 254725 | 253538,2022-10-19,49767,etender.gov.az/main/competitions
etender-buyer-539,1403750241,"""AZƏRBAYCAN STANDARTLAŞDIRMA İNSTİTUTU"" PUBLİK HÜQUQİ ŞƏXS","Bakı şəhəri, Nərimanov rayonu, E.İsaqzadə qəsəbəsi, 7-ci köndələn",17,awarded | cancelled | other,345351 | 336510 | 320120 | 307993 | 345617,1768229444,2026/AT/00040/V1,etender.gov.az/main/competitions
etender-buyer-540,1700084531,"""TULLANTILARI İDARƏETMƏ MƏRKƏZİ"" MƏHDUD MƏSULİYYƏTLİ CƏMİYYƏTİ","Sumqayıt şəhəri, Bakı-Quba şossesinin 33-cü km-i",17,awarded | cancelled,344714 | 342322 | 335691 | 324353 | 302067,1765554867,2025/AT/00895/V1,etender.gov.az/main/competitions
etender-buyer-541,4200092981,QAZAX RAYONU İCRA HAKİMİYYƏTİ BAŞÇISININ QAZAX ŞƏHƏR İNZİBATİ ƏRAZİ DAİRƏSİ ÜZRƏ NÜMAYƏNDƏLİYİ,Qazax şəhəri Azadlıq küç 99,17,awarded | cancelled | other,342350 | 333716 | 324267 | 303504 | 294883,1761730106,2025/AT/00216/V1,etender.gov.az/main/competitions
etender-buyer-542,8700132061,"""PİRALLAHI TİBB MƏRKƏZİ"" PUBLİK HÜQUQİ ŞƏXSİ",K.Rzayev küç. kecid 22/13,17,awarded | cancelled | other,329184 | 319618 | 296442 | 290709 | 274327,1744883556,109422,etender.gov.az/main/competitions
etender-buyer-543,8200033321,CƏBRAYIL SUVARMA SİSTEMLƏRİ İDARƏSİ,Biləsuvar rayon 03 saylı Cəbrayıl qəsəbəsi,17,awarded | cancelled | other,288999 | 294069 | 292275 | 284622 | 273595,1683206283,64279,etender.gov.az/main/competitions
etender-buyer-544,2300144211,GƏNCƏ REGİONAL MƏDƏNİYYƏT İDARƏSİ,"Gəncə şəhəri,  Əttarlar küçəsi, Məhsəti Gəncəvi Mərkəzi",17,awarded | cancelled | other,275759 | 273270 | 275548 | 274811 | 259316,1663578940,48068,etender.gov.az/main/competitions
etender-buyer-545,0200003471,NAXÇIVAN MUXTAR RESPUBLİKASININ ƏMƏK VƏ ƏHALİNİN SOSİAL MÜDAFİƏSİ NAZİRLİYİ,,16,active | awarded | cancelled | other,354025 | 345795 | 327567 | 325420 | 326677,2026-06-18,2026/AT/02971/V1,etender.gov.az/main/competitions
etender-buyer-546,6100062391,"""GORANBOY RAYON MƏRKƏZİ XƏSTƏXANASI"" PUBLİK HÜQUQİ ŞƏXSİ",Goranboy şəhəri Heydər Əliyev prospekti 116,16,active | awarded | cancelled | other,353527 | 330306 | 329326 | 329118 | 327533,2026-06-09,2026/AT/02633/V2,etender.gov.az/main/competitions
etender-buyer-547,3600086201,AĞSTAFA RAYON MƏRKƏZİ XƏSTƏXANASI PUBLİK HÜQUQİ ŞƏXSİ,Ağstafa şəhəri H.əliyev prospekti 50,16,active | awarded | cancelled | other,352559 | 326312 | 321619 | 303318 | 296039,2026-05-20,2026/AT/02496/V1,etender.gov.az/main/competitions
etender-buyer-548,1904293241,"""SURAXANI TİBB MƏRKƏZİ"" PUBLİK HÜQUQİ ŞƏXSİ","Suraxanı  rayonu, Qaraçuxur qəs. A Fətullayev küç 35",16,active | awarded | cancelled | other,352219 | 340405 | 335026 | 325869 | 299077,2026-05-14,2026/AT/02394/V1,etender.gov.az/main/competitions
etender-buyer-549,2601102941,LƏNKƏRAN ŞƏHƏR İŞIQLANDIRMA MÜƏSSİSƏSİ,Lənkəran şəhər M.Rəsulzadə küçəsi 5,16,active | awarded | cancelled | other,352065 | 283417 | 278153 | 275569 | 274028,2026-05-13,2026/AT/02340/V1,etender.gov.az/main/competitions
etender-buyer-550,1700277261,BAKI ŞƏHƏR GƏNCLƏR VƏ İDMAN BAŞ İDARƏSİ,A.Babayev 5,16,active | awarded | cancelled | other,351274 | 347093 | 318952 | 316322 | 284913,2026-04-30,2026/AT/01509/V3,etender.gov.az/main/competitions
etender-buyer-551,6400029531,MASALLI RAYON İCRA HAKİMİYYƏTİ,"AZ 4400, Masallı şəhəri Qarabağ küç.20",16,active | awarded | cancelled | other,350494 | 236252 | 350551 | 336431 | 318578,2026-04-20,2026/AT/01829/V1,etender.gov.az/main/competitions
etender-buyer-552,1300433761,AZƏRBAYCAN RESPUBLİKASI DÖVLƏT GÖMRÜK KOMİTƏSİNİN AVTOMOBİL NƏQLİYYATI İDARƏSİ,Yasamal r-nu Landau küçəsi 10,16,active | awarded | cancelled | other,347978 | 324532 | 307319 | 307317 | 296868,2026-03-04,2026/AT/00990/V1,etender.gov.az/main/competitions
etender-buyer-553,4800024311,QOBUSTAN RAYON MƏRKƏZİ  XƏSTƏXANASI PUBLİK HÜQUQİ ŞƏXSİ,Qobustan rayonu Qobustan şəhəriHeydər Əliyev prospekti 272,16,active | awarded | cancelled | other,322843 | 349269 | 342884 | 342906 | 335582,2024-11-28,102249,etender.gov.az/main/competitions
etender-buyer-554,6900128551,SAMUX ŞƏHƏR İNZİBATİ ƏRAZİ DAİRƏSİ ÜZRƏ İCRA NÜMAYƏNDƏLİYİ,Samux şəhəri,16,active | awarded | other,297997 | 292378 | 337123 | 315960 | 294773,2023-11-07,74050,etender.gov.az/main/competitions
etender-buyer-555,2000267831,AZƏRBAYCAN  RESPUBLİKASI DAXİLİ İŞLƏR NAZİRLİYİNİN MADDİ-TEXNİKİ TƏMİNAT BAŞ İDARƏSİNƏ BİLAVASİTƏ TABE OLAN MƏTBƏƏ,"K.Əhmədov küç., 3",16,active | awarded | other,293132 | 284364 | 282864 | 346696 | 329846,2023-07-29,68783,etender.gov.az/main/competitions
etender-buyer-556,0200029471,NAXÇIVAN  MR GƏNCLƏR VƏ İDMAN  NAZİRLİYİ," Naxçıvan şəhəri, Nizami 49",16,active | awarded | cancelled | other,291198 | 348518 | 334674 | 334119 | 327332,2023-06-14,65928,etender.gov.az/main/competitions
etender-buyer-557,0200024981,NAXÇIVAN  MUXTAR RESPUBLİKASININ İQTİSADİYYAT NAZİRLİYİ,Naxçıvan şəhəri H. Əliyev pr 06,16,active | awarded | cancelled | other,290535 | 342738 | 342966 | 323246 | 303204,2023-05-31,65836,etender.gov.az/main/competitions
etender-buyer-558,5700856801,KÜRDƏMİR REGİONAL MƏDƏNİYYƏT İDARƏSİ ,"Kürdəmir şəhəri,Aşıq Əhməd küçəsi 36",16,active | awarded | cancelled | other,277069 | 271225 | 277313 | 273411 | 260257,2022-10-14,49299,etender.gov.az/main/competitions
etender-buyer-559,5800007101,KƏLBƏCƏR RAYONU SUVARMA SİSTEMLƏRİ İDARƏSİ,,16,active | awarded | cancelled,275530 | 273375 | 270037 | 270032 | 270024,2022-09-13,47806,etender.gov.az/main/competitions
etender-buyer-560,2000310381,3 SAYLI BAKLİFT İXTİSASLAŞDIRILMIŞ İSTEHSALAT İDARƏSİ,,16,active | awarded | cancelled | other,272646 | 332143 | 310146 | 297879 | 292478,2022-07-07,44521,etender.gov.az/main/competitions
etender-buyer-561,7100059941,"""SİYƏZƏN MÜALİCƏ DİAQNOSTİKA MƏRKƏZİ"" PUBLİK HÜQUQİ ŞƏXSİ",,16,awarded | cancelled | other,351163 | 350686 | 350601 | 339126 | 339193,1777476629,2026/AT/02045/V1,etender.gov.az/main/competitions
etender-buyer-562,1400266891,"""AZƏRDÖVLƏTSƏNAYELAYİHƏ"" DÖVLƏT LAYİHƏ İNSTİTUTU","Bakı şəhəri, Nəsimi rayonu, Füzuli küçəsi 69",16,awarded | cancelled | other,347646 | 330446 | 329420 | 325660 | 317786,1772205935,2026/AT/00874/V1,etender.gov.az/main/competitions
etender-buyer-563,8100047361,"""HACIQABUL RAYON MƏRKƏZİ RAYON XƏSTƏXANASI"" PUBLİK HÜQUQİ ŞƏXSİ",Hacıqabul şəhəri İ.Qayıbov kuç 15,16,awarded | cancelled | other,338702 | 338974 | 329806 | 326218 | 321173,1757757868,119080,etender.gov.az/main/competitions
etender-buyer-564,5400065441,İSMAYILLI RAYON İCRA HAKİMİYYƏTİ BAŞÇISININ İSMAYILLI ŞƏHƏR İNZİBATİ ƏRAZİ BÖLGÜSÜ ÜZRƏ NÜMAYƏNDİLİYİ,İsmayıllı ş. H.Əliyev pr.20,16,awarded | cancelled | other,339606 | 329852 | 317860 | 311579 | 296666,1758810633,119992,etender.gov.az/main/competitions
etender-buyer-565,1600233061,ƏDLİYYƏ NAZİRLİYİ PENİTENSİAR XİDMƏTİN 1 SAYLI CƏZAÇƏKMƏ MÜƏSSİSƏSİ,Bakı şəhəri Nizami rayon Müzəffər Nərimanov küçəsi 1,16,awarded | cancelled | other,310243 | 288526 | 282715 | 277381 | 272198,1719832216,88274,etender.gov.az/main/competitions
etender-buyer-566,3000178451,ACI NOHUR QIŞ OTLAQLARININ SU TƏMİNATI SİSTEMLƏRİ İSTİSMARI İDARƏSİ,Şəki şəhər Bağbanlar küçəsi 59,16,awarded | cancelled | other,254265 | 254271 | 254272 | 252224 | 251962,1618402775,24720,etender.gov.az/main/competitions
etender-buyer-567,0200060541,NAXÇIVAN   MR  SƏHİYYƏ NAZİRLİYİ,Naxçıvan şəhəri Ə.Əliyev 120,15,active | awarded | cancelled | other,354508 | 350250 | 349749 | 298607 | 294726,2026-06-25,2026/AT/03136/V1,etender.gov.az/main/competitions
etender-buyer-568,4400024941,QƏBƏLƏ RAYON İCRA HAKİMİYYƏTİ,Heydər Əliyev pr 226,15,active | awarded | cancelled | other,354190 | 333840 | 315997 | 294840 | 288590,2026-06-22,2026/AT/03026/V1,etender.gov.az/main/competitions
etender-buyer-569,0200370431,"AZƏRBAYCAN RESPUBLİKASI NAXÇIVAN MUXTAR RESPUBLİKASI SƏHİYYƏ NAZİRLİYİ ""NAXÇIVAN SAĞLAMLIQ MƏRKƏZİ"" PUBLİK HÜQUQİ ŞƏXSİ",NAXÇIVAQN Ş Ə.ƏLİYEV K 66 ev2A,15,active | awarded | cancelled | other,350649 | 290476 | 287400 | 323366 | 319139,2026-04-21,2026/AT/01884/V1,etender.gov.az/main/competitions
etender-buyer-570,1203391121,AZƏRBAYCAN RESPUBLİKASI DAXİLİ İŞLƏR NAZİRLİYİNİN XÜSUSİ TƏYİNATLI TƏLİM MƏRKƏZİ,,15,active | awarded | cancelled | other,348045 | 347579 | 341616 | 334973 | 329561,2026-03-05,2026/AT/00407/V3,etender.gov.az/main/competitions
etender-buyer-571,1600189981,ƏDLİYYƏ NAZİRLİYİ PENİTENSİAR XİDMƏT AVTONƏQLİYYAT  TƏSƏRRÜFATI,"Bakı şəhəri, Bəşir Bünyatov küçəsi, məhəllə 2578",15,active | awarded | cancelled | other,342274 | 292296 | 346985 | 337315 | 325194,2025-10-28,2025/AT/00185/V1,etender.gov.az/main/competitions
etender-buyer-572,7600032941,"""GÖYGÖL RAYON MƏRKƏZİ XƏSTƏXANASI"" PUBLİK HÜQUQİ ŞƏXS",Göygöl rayon M.C.Paşayev 1,15,active | awarded | cancelled | other,341957 | 349233 | 328975 | 319590 | 276919,2025-10-23,2025/AT/00080/V2,etender.gov.az/main/competitions
etender-buyer-573,1300805321,"""AZƏRTİBBTƏCHİZAT"" MƏHDUD MƏSULİYYƏTLİ CƏMİYYƏTİ","AZ 1009 Bakı şəhəri Yasamal rayonu, Cəfər Cabbarlı,ev 43",15,active | awarded | cancelled | other,323384 | 346647 | 342135 | 341197 | 327680,2024-12-10,102866,etender.gov.az/main/competitions
etender-buyer-574,0201472091,"NAXÇIVAN MUXTAR RESPUBLİKASI KƏND TƏSƏRRÜFATI NAZİRLİYİNİN ""NAXÇIVAN AQRAR XİDMƏTLƏR MƏRKƏZİ"" PUBLİK HÜQUQİ ŞƏXSİ",,15,active | awarded | cancelled | other,319651 | 300270 | 298605 | 334565 | 298468,2024-10-22,98683,etender.gov.az/main/competitions
etender-buyer-575,0201093521,100 NÖMRƏLİ HƏRBİ HİSSƏ,Naxçıvan şəhəri H.Əliyev pr.,15,active | awarded | cancelled | other,296758 | 311520 | 309501 | 309958 | 299129,2023-10-17,72702,etender.gov.az/main/competitions
etender-buyer-576,8502191241,AZƏRBAYCAN RESPUBLİKASI MƏDƏNİYYƏT NAZİRLİYİNİN ŞƏMKİR REGİONAL MƏDƏNİYYƏT İDARƏSİ,"Şəmkir şəhəri, Gəncə-Qazax şossesi, westgate ticarət binası 1.",15,active | awarded | other,270749 | 261800 | 259466 | 259473 | 259464,2022-05-23,42357,etender.gov.az/main/competitions
etender-buyer-577,1000177151,DAXİLİ İŞLƏR NAZİRLİYİ NƏZDİNDƏ BAŞ MÜHAFİZƏ İDARƏSİNİN HƏYAT ƏHƏMİYYƏTLİ OBYEKTLƏRİNİ MÜHAFİZƏ EDƏN POLİS ALAYİ,M.Ə.Rəsulzadə Azadlıq pr3,15,active | awarded | cancelled | other,269224 | 345553 | 329279 | 301027 | 294992,2022-04-18,40680,etender.gov.az/main/competitions
etender-buyer-578,7300139131,TOVUZ RAYON SUBARTEZİAN QUYULARININ İSTİSMARI İDARƏSİ,Tovuz rayonu təzəkənd kəndi,15,active | awarded | cancelled | other,251806 | 245030 | 245029 | 254750 | 254742,2021-02-07,21927,etender.gov.az/main/competitions
etender-buyer-579,1500129041,Azərbaycan Respublikası Fövqəladə Hallar Nazirliyi Sənayedə İşlərin Təhlükəsiz Görülməsi və Dağ-Mədən Nəzarəti Dövlət Agentliyi Azərbaycan Dövlət Əməyin Mühafizəsi və Təhlükəsizlik Texnikası Elmi-Tədqiqat İnstitutu,,15,awarded | cancelled | other,351726 | 347330 | 342565 | 325480 | 328844,1778087068,2026/AT/02241/V1,etender.gov.az/main/competitions
etender-buyer-580,1701934661,AZƏRBAYCAN RESPUBLİKASININ MƏNZİL İNŞAATI DÖVLƏT AGENTLİYİ PUBLİK HÜQUQİ ŞƏXS,Süleyman Rüstəm 31,15,awarded | cancelled,349030 | 342027 | 331962 | 315865 | 310899,1773937556,2026/AT/01377/V1,etender.gov.az/main/competitions
etender-buyer-581,1200140291,AZƏRBAYCAN  RESPUBLİKASI DAXİLİ İŞLƏR NAZİRLİYİ  A.N.HEYDƏROV ADINA SIRAVİ VƏ KİÇİK RƏİS HEYYƏTİ HAZIRLAYAN MƏKTƏB,Bakı şəhəri Xəzər rayonu Sabir küçəsi 17,15,awarded | cancelled | other,345979 | 343610 | 340741 | 328043 | 293169,1769702299,2026/AT/00290/V1,etender.gov.az/main/competitions
etender-buyer-582,3000118341,ŞƏKİ KOMMUNAL TƏSƏRRÜFATI İSTEHSALAT BİRLİYİ,Şəki Ə.Cəbrayılov 18,15,awarded | cancelled | other,336305 | 293848 | 288950 | 284224 | 283823,1754662286,116676,etender.gov.az/main/competitions
etender-buyer-583,7500109721,MİL-MUĞAN HİDROQOVŞAĞININ  İSTİSMARI İDARƏSİ,,15,awarded | cancelled | other,330636 | 291406 | 288000 | 288674 | 266472,1747120219,111038,etender.gov.az/main/competitions
etender-buyer-584,2900273511,SUMQAYIT ŞƏHƏR İCRA HAKİMİYYƏTİ BAŞÇISININ CORAT QƏSƏBƏ İNZİBATİ ƏRAZİ DAİRƏSİ ÜZRƏ NÜMAYƏNDƏLİYİ,Corat qəsəbəsi,15,awarded | cancelled | other,292401 | 293374 | 278400 | 274496 | 272069,1689266383,67951,etender.gov.az/main/competitions
etender-buyer-585,3400098091,AĞCABƏDİ MELİORASİYA İDARƏSİ,"Ağcabədi şəhəri, İsmət Qayıbov 41",15,awarded | cancelled | other,253446 | 254636 | 255028 | 252989 | 252126,1616004592,23794,etender.gov.az/main/competitions
etender-buyer-586,0200085621,NAXÇIVAN ŞƏHƏR İSTİLİK TƏSƏRRÜFATI İDARƏSİ,"Naxçıvan şəhəri, Xətai məhəlləsi 4/40",14,active | awarded | cancelled | other,354424 | 299057 | 311151 | 294067 | 290198,2026-06-24,2026/AT/02384/V3,etender.gov.az/main/competitions
etender-buyer-587,9900009431,"""AZƏRENERJİKOMPLEKTLƏŞDİRMƏ"" MƏHDUD MƏSULİYYƏTLİ CƏMİYYƏTİ","Bakı şəhəri, Sabunçu rayonu, O.Vəliyev küçəsi 1",14,active | awarded | other,354226 | 354222 | 354221 | 354220 | 353464,2026-06-22,2026/AT/03041/V1,etender.gov.az/main/competitions
etender-buyer-588,6200481481,"“ŞƏRQİ ZƏNGƏZUR İQTİSADİ RAYONUNDA 2 SAYLI BƏRPA, TİKİNTİ VƏ İDARƏETMƏ XİDMƏTİ” PUBLİK HÜQUQİ ŞƏXSİ","AZ0400, AĞCABƏDİ RAYONU, TAXTA KÖRPÜ",14,active | awarded | cancelled | other,354120 | 345426 | 347739 | 339622 | 335889,2026-06-19,2026/AT/03010/V1,etender.gov.az/main/competitions
etender-buyer-589,0500006151,SƏDƏRƏK RAYON İCRA HAKİMİYYƏTİ,Sədərək Rayon Heydərabad qəsəbəsi,14,active | awarded | cancelled | other,353844 | 335613 | 333014 | 329550 | 349165,2026-06-12,2026/AT/02914/V1,etender.gov.az/main/competitions
etender-buyer-590,1400266501,"""LİFTTƏMİR"" İSTEHSALAT BİRLİYİ","Bakı ş., D.Əliyeva 164",14,active | awarded | other,353444 | 266053 | 287894 | 268907 | 267202,2026-06-08,2026/AT/02808/V1,etender.gov.az/main/competitions
etender-buyer-591,0201574811,"""NAXÇIVAN QİDA TƏHLÜKƏSİZLİYİ İNSTİTUTU"" PUBLİK HÜQUQİ ŞƏXS",Naxçıvan şəhəri Kazım Talıblı 6,14,active | awarded | cancelled,353205 | 352892 | 345675 | 341276 | 332095,2026-06-03,2026/AT/02718/V1,etender.gov.az/main/competitions
etender-buyer-592,0201148271,"""NAXÇIVAN MUXTAR RESPUBLİKASI PERİNATAL MƏRKƏZİ"" PUBLİK HÜQUQİ ŞƏXSİ",Naxçıvan şəhəri,14,active | awarded | cancelled | other,352666 | 337384 | 333975 | 303881 | 303776,2026-05-21,2026/AT/02118/V2,etender.gov.az/main/competitions
etender-buyer-593,1307111641,“DÖRDÜNCÜ SƏNAYE İNQİLABININ TƏHLİLİ VƏ KOORDİNASİYA MƏRKƏZİ”  PUBLİK HÜQUQİ ŞƏXSİ,"Bakı şəhəri, Yasamal rayonu Murtuza Muxtarova küçəsi 194",14,active | awarded | cancelled | other,348311 | 347236 | 329267 | 321436 | 303530,2026-03-11,2026/AT/01114/V1,etender.gov.az/main/competitions
etender-buyer-594,1600230431,ƏDLİYYƏ NAZİRLİYİ PENİTENSİAR XİDMƏTİN 6 SAYLI CƏZAÇƏKMƏ MÜƏSSİSƏSİ,Bakı şəhəri Böyük Şor qəsəbəsi,14,active | awarded | cancelled | other,330075 | 288078 | 338171 | 312550 | 296885,2025-04-30,110395,etender.gov.az/main/competitions
etender-buyer-595,1300308521,AZƏRBAYCAN RESPUBLİKASI ELMLƏR AKADEMİYASININ MƏRKƏZİ ELMİ KİTABXANASI, Bakı şəhəri Huseyn Cavid prospekti 129,14,active | awarded | cancelled | other,329144 | 347264 | 329148 | 299809 | 278055,2025-04-16,109385,etender.gov.az/main/competitions
etender-buyer-596,1400284261,BAKLİFT-1 İXTİSASLAŞDIRILMIŞ İSTEHSALAT İDARƏSİ,"Bakı şəhəri,Nəsimi rayonu, Mirəli Qaşqay küçəsi,53",14,active | awarded | cancelled | other,309184 | 293654 | 329897 | 311741 | 296167,2024-06-12,87028,etender.gov.az/main/competitions
etender-buyer-597,3300029641,AZƏRBAYCAN RESPUBLİKASI AĞDAŞ RAYON İCRA HAKİMİYYƏTİ BAŞÇISININ AĞDAŞ ŞƏHƏRİ İNZİBATİ ƏRAZİ DAİRƏSİ ÜZRƏ NÜMAYƏNDƏSİ,,14,active | awarded | other,306923 | 306640 | 296238 | 292691 | 288689,2024-05-15,84593,etender.gov.az/main/competitions
etender-buyer-598,1305305281,"""AZƏRBAYCAN SƏNAYE KORPORASİYASI"" AÇIQ SƏHMDAR CƏMİYYƏTİ","Bakı şəh., Yasamal r-nu, İzmir küç. 14, “ASK VİLLA”",14,active | awarded | cancelled | other,299898 | 297881 | 297092 | 291010 | 273636,2023-12-26,76113,etender.gov.az/main/competitions
etender-buyer-599,2100491361,"""ŞİRVAN MÜALİCƏ DİAQNOSTİKA MƏRKƏZİ"" PUBLİK HÜQUQİ ŞƏXSİ",Şirvan şəhəri M.Ə.Rəsulzadə 99,14,active | awarded | cancelled | other,292265 | 282804 | 281552 | 276896 | 274981,2023-07-11,67831,etender.gov.az/main/competitions
etender-buyer-600,1700356461,AZƏRBAYCAN RESPUBLİKASI MÜDAFİƏ NAZİRLİYİNİN 600 SAYLI HƏRBİ HİSSƏSİ,"AZ1063 Bakı şəhəri, Qaradağ rayonu, Bakı-Ələt yolu, 17-ci km.,Puta hərbi şəhərciyi.",14,active | awarded | cancelled | other,284701 | 284004 | 291932 | 291350 | 290189,2023-03-18,57734,etender.gov.az/main/competitions
etender-buyer-601,4900018341,DAŞKƏSƏN RAYON İCRA HAKİMİYYƏTİ BAŞÇISININ ŞƏHƏR NÜMAYƏNDƏLİYİ,Daşkəsən şəhəri H.Əliyev meydanı 2,14,awarded | cancelled,336559 | 334430 | 320057 | 318864 | 295183,1755087981,116930,etender.gov.az/main/competitions
etender-buyer-602,0201591091,"""NAXÇIVAN MUXTAR RESPUBLİKASININ TİBB MÜƏSSİSƏLƏRİNİN İDARƏETMƏ BİRLİYİ"" PUBLİK HÜQUQİ ŞƏXS",,14,awarded | cancelled | other,328271 | 327716 | 329468 | 328208 | 325859,1743768800,108388,etender.gov.az/main/competitions
etender-buyer-603,1400294761,BAKIMƏNZİLAVTOMAT İXTİSASLAŞDIRILMIŞ İSTEHSALAT İDARƏSİ,Yeni Yasamal-1,14,awarded | cancelled | other,330951 | 308245 | 290952 | 269758 | 263689,1747414571,111388,etender.gov.az/main/competitions
etender-buyer-604,3001428721,AZƏRBAYCAN RESPUBLİKASININ MƏDƏNİYYƏT NAZİRLİYİNİN ŞƏKİ REGİONAL MƏDƏNİYYƏT İDARƏSİ,M.Ə.Rəsulzadə 174,14,awarded | other,308306 | 260337 | 260355 | 260347 | 261912,1717191269,86120,etender.gov.az/main/competitions
etender-buyer-605,1000506131,AZƏRBAYCAN DÖVLƏT DƏMİR YOLU MƏRKƏZİ DƏMİR YOL XƏSTƏXANASI,"Bakı şəhəri, Binəqədi rayonu, Biləcəri qəsəbəsi, Natavan küçəsi 21",14,awarded | cancelled | other,298222 | 298130 | 296505 | 277542 | 277305,1699981521,74323,etender.gov.az/main/competitions
etender-buyer-606,7500120611,FÜZULİ RAYON KOMMUNAL MÜƏSSİSƏLƏR KOMBİNATI,Horadiz şəhəri M.Ə.Rəsulzadə küçəsi,14,awarded | cancelled | other,295481 | 296889 | 277219 | 272364 | 262287,1695303813,71293,etender.gov.az/main/competitions
etender-buyer-607,3000184841,ŞƏKİ SUBARTEZİAN QUYULARININ İSTİSMARI İDARƏSİ,"Şəki rayonu, Qoxmuq kəndi",14,awarded | other,252641 | 252661 | 252660 | 251821 | 252522,1614259493,22877,etender.gov.az/main/competitions
etender-buyer-608,1700463661,AZƏRBAYCAN RESPUBLİKASI HƏRBİ PROKURORLUĞU,C.Hacibəyli 26,13,active | awarded | cancelled | other,354578 | 297726 | 293073 | 282239 | 282852,2026-06-29,2026/AT/03168/V1,etender.gov.az/main/competitions
etender-buyer-609,1900157231,AZƏRBAYCAN RESPUBLİKASI FÖVQƏLADƏ HALLAR NAZİRLİYİ DÖVLƏT YANĞINDAN MÜHAFİZƏ XİDMƏTİNİN AZƏRBAYCAN DÖVLƏT NEFT ŞİRKƏTİ OBYEKTLƏRİ ÜZRƏ YANĞINDAN MÜHAFİZƏ İDARƏSİ,"Bakı şəhəri, Suraxanı rayonu, Əmircan qəsəbəsi, S.Bəhlulzadə küçəsi 60",13,active | awarded | cancelled | other,353655 | 343598 | 337889 | 336685 | 333538,2026-06-10,2026/AT/02408/V2,etender.gov.az/main/competitions
etender-buyer-610,2304676741,"""DÖVLƏT MƏŞĞULLUQ AGENTLİYİNİN TABELİYİNDƏ GƏNCƏ PEŞƏ HAZIRLIĞI MƏRKƏZİ"" PUBLİK HÜQUQİ ŞƏXSİ",,13,active | awarded | cancelled | other,353526 | 348432 | 335054 | 327038 | 319030,2026-06-09,2026/AT/02839/V1,etender.gov.az/main/competitions
etender-buyer-611,1400338091,"""RESPUBLİKA DƏRİ-ZÖHRƏVİ MƏRKƏZİ"" PUBLİK HÜQUQİ ŞƏXSİ",Bülbül pr-ti 83,13,active | awarded | cancelled | other,353258 | 352932 | 351376 | 330784 | 328546,2026-06-04,2026/AT/02744/V1,etender.gov.az/main/competitions
etender-buyer-612,1000320841,ƏDLİYYƏ NAZİRLİYİ PENİTENSİAR XİDMƏTİNİN 11 SAYLI CƏZAÇƏKMƏ MÜƏSSİSƏSİ,Binəqədi rayonu Axundov 15,13,active | awarded | other,352103 | 332713 | 302033 | 289068 | 289085,2026-05-13,2026/AT/02353/V1,etender.gov.az/main/competitions
etender-buyer-613,1200032731,"""PROFESSOR GİNDES ADINA RESPUBLİKA UŞAQ VƏ YENİYETMƏLƏR ÜÇÜN VƏRƏM SANATORİYASI"" PUBLİK  HÜQUQİ ŞƏXSİ",Heydər  Eyvazov  29,13,active | awarded | other,328947 | 325697 | 311185 | 308490 | 301779,2025-04-15,109160,etender.gov.az/main/competitions
etender-buyer-614,2800058441,NAFTALAN ŞƏHƏR İCRA HAKİMİYYƏTİ BAŞÇISININ 1 NÖMRƏLİ SAHƏ İNZİBATİ ƏRAZİ DAİRƏSİ ÜZRƏ NÜMAYƏNDƏLİYİ,Naftalan şəhər I.Həsənzadə küçəsi döngə 04,13,active | awarded | cancelled | other,318779 | 288663 | 334686 | 293623 | 291186,2024-10-13,97035,etender.gov.az/main/competitions
etender-buyer-615,1301160431,"""SƏNAYE TƏCHİZAT SERVİS"" MƏHDUD MƏSULİYYƏTLİ CƏMİYYƏTİ",Qurban Xəlilov 7,13,active | cancelled | other,302462 | 284356 | 266176 | 345241 | 329981,2024-03-12,79518,etender.gov.az/main/competitions
etender-buyer-616,0700015341,ŞƏRUR RAYON İCRA HAKİMİYYƏTİ,,13,active | awarded | other,300999 | 300205 | 333871 | 333903 | 333902,2024-02-17,77751,etender.gov.az/main/competitions
etender-buyer-617,0800013491,NAXÇIVAN MUXTAR RESBULİKASI AVTOMOBİL YOLLARI DÖVLƏT AGENTLİYİNİN ŞAHBUZ RAYON YOL TƏMİR İSTİSMAR İDARƏSİ,Şahbuz şeher ,13,active | awarded | cancelled | other,298487 | 298486 | 295591 | 295441 | 294285,2023-11-18,74625,etender.gov.az/main/competitions
etender-buyer-618,0200422011,"""NAXÇIVAN MUXTAR RESPUBLİKASI TELEVİZİYA VƏ RADİO VERİLİŞLƏRİ""QAPALI SƏHMDAR CƏMİYYƏTİ",Naxçıvan şəhəri istiqlal 84,13,active | awarded | cancelled,291730 | 291454 | 329729 | 328798 | 309637,2023-06-24,67058,etender.gov.az/main/competitions
etender-buyer-619,8500169461,ŞƏMKİR RAYONU İCRA HAKİMİYYƏTİ BAŞÇISININ ŞƏMKİR ŞƏHƏR İNZİBATİ ƏRAZİ DAİRƏSİ ÜZRƏ NÜMAYƏNDƏLİYİ,Şəmkir r. M.Ə.Sabir 47,13,active | awarded | cancelled | other,276307 | 342507 | 342480 | 336865 | 331477,2022-09-29,48660,etender.gov.az/main/competitions
etender-buyer-620,7400067121,UCAR MELİORASİYA İDARƏSİ,Ucar Rayon Qarabörk kəndi,13,active | awarded | cancelled | other,254363 | 256638 | 254358 | 253298 | 253253,2021-04-15,24827,etender.gov.az/main/competitions
etender-buyer-621,4000189521,BƏRDƏ SUBARTEZİAN QUYULARININ İSTİSMARI İDARƏSİ,Bərdə r. Mirzalıbəyli kəndi,13,active | awarded | cancelled | other,252059 | 254708 | 254717 | 252058 | 252057,2021-02-11,22044,etender.gov.az/main/competitions
etender-buyer-622,1500506051,"""AZƏRBAYCAN ELMİ TƏDQİQAT TİBBİ BƏRPA İNSTİTUTU"" PUBLİK HÜQUQİ ŞƏXSİ     ","Bakı şəhəri, N.Nərimanov rayonu Xətai pr.9",13,awarded | cancelled | other,339913 | 311506 | 297144 | 292588 | 342013,1759170634,120299,etender.gov.az/main/competitions
etender-buyer-623,2700099841,MİNGƏÇEVİR ŞƏHƏR İCRA HAKİMİYYƏTİ,Mingəçevir şəhəri 20 Yanvar 146,13,awarded | cancelled | other,338571 | 309352 | 249250 | 247593 | 241350,1757607167,118949,etender.gov.az/main/competitions
etender-buyer-624,4700044181,QUSAR RAYON İCRA HAKİMİYYƏTİ BAŞÇISININ QUSAR ŞƏHƏR İNZİBATİ ƏRAZİ ÜZRƏ NÜMAYƏNDƏLİYİ,Qusar şəhəri Heydər Əliyev pr. 140,13,awarded | cancelled | other,336158 | 333455 | 306820 | 307540 | 297236,1754490607,116529,etender.gov.az/main/competitions
etender-buyer-625,0600008841,NAXÇIVAN MUXTAR RESPUBLİKASI AVTOMOBİL YOLLARI DÖVLƏT AGENTLİYİNİN CULFA RAYON YOL TƏMİR TİKİNTİ İSTİSMAR İDARƏSİ,Culfa şəhəri Heydər Əliyev prospekti 47,13,awarded | cancelled,310636 | 308874 | 299694 | 295045 | 295053,1720119707,87775,etender.gov.az/main/competitions
etender-buyer-626,9900065281,AZƏRBAYCAN RESPUBLİKASI BAKI BEYNƏLXALQ DƏNİZ TİCARƏT LİMANI,Ü.Hacıbəyov 140,13,awarded | cancelled | other,295764 | 284810 | 281150 | 281149 | 281144,1695831467,71608,etender.gov.az/main/competitions
etender-buyer-627,1700237611,AZƏRBAYCAN RESPUBLIKASI HESABLAMA  PALATASI,"AZ 1000, Azərbaycan Respublikası, Bakı şəhəri, Səbayıl rayonu, Xaqani küç. 33",13,awarded | cancelled,292329 | 292236 | 277063 | 270336 | 262012,1689177827,67894,etender.gov.az/main/competitions
etender-buyer-628,6401674611,AZƏRBAYCAN RESPUBLİKASI MƏDƏNİYYƏT NAZİRLİYİNİN MASALLI REGİONAL MƏDƏNİYYƏT İDARƏSİ,Masallı şəhər H.Əliyev pr 84,13,awarded | cancelled | other,277923 | 277791 | 276564 | 271878 | 247518,1667230601,50421,etender.gov.az/main/competitions
etender-buyer-629,6800218191,SABİRABAD MEXANİKİ SUVARMA İDARƏSİ,Sabirabad rayonu Surra kəndi,13,awarded | cancelled | other,259417 | 255194 | 253495 | 253534 | 254346,1629909683,30532,etender.gov.az/main/competitions
etender-buyer-630,5400379291,"""İSMAYILLI DÖVLƏT PEŞƏ TƏHSİL MƏRKƏZİ"" PUBLİK HÜQUQİ ŞƏXS",İsmayıllı rayonu Ə.Ələkbərzadə 34,12,active | awarded | cancelled | other,354563 | 354409 | 351171 | 345014 | 340292,2026-06-29,2026/AT/03161/V1,etender.gov.az/main/competitions
etender-buyer-631,1604034521,"""TEXNİKA VƏ TEXNOLOGİYALAR ÜZRƏ BAKI DÖVLƏT PEŞƏ TƏHSİL MƏRKƏZİ"" PUBLİK HÜQUQİ ŞƏXSİ","Bakı şəh, Nizami ray, İ.Məmmədov küç 148",12,active | awarded | cancelled,354206 | 353572 | 353085 | 353084 | 352700,2026-06-22,2026/AT/03033/V1,etender.gov.az/main/competitions
etender-buyer-632,1006316341,"""Ə.D.MƏLİKOV ADINA BİNƏQƏDİ TİBB MƏRKƏZİ"" PUBLİK HÜQUQİ ŞƏXSİ","Bakı ş, Azadlıq pr-ti 195",12,active | awarded | cancelled | other,353176 | 337262 | 329683 | 317874 | 299087,2026-06-03,2026/AT/02707/V1,etender.gov.az/main/competitions
etender-buyer-633,1406684001,"""KOMMUNAL LABORATORİYALAR"" Məhdud Məsuliyyətli Cəmiyyəti", Bakı ş Nizmai rayonu Oqtay Vəliyev küçəsi 72,12,active | awarded | cancelled | other,351506 | 327076 | 348531 | 319967 | 312785,2026-05-04,2026/AT/02162/V1,etender.gov.az/main/competitions
etender-buyer-634,6800017641,SABİRABAD RAYON İCRA HAKİMİYYƏTİ,Sabirabad şəhəri İ.İsgəndərov küçəsi 6,12,active | awarded | cancelled | other,350987 | 247813 | 333279 | 273602 | 240887,2026-04-27,2026/AT/01993/V1,etender.gov.az/main/competitions
etender-buyer-635,1700147791,"""AZƏRBAYCAN DÖVLƏT İQTİSAD UNİVERSİTETİNİN NƏZDİNDƏ AZƏRBAYCAN MALİYYƏ-İQTİSAD KOLLECİ"" PUBLİK HÜQUQİ ŞƏXSİ","Səbail r-nu, Y.Məmmədəliyev 8",12,active | awarded | cancelled | other,350956 | 349685 | 330403 | 334480 | 328142,2026-04-27,2026/AT/01984/V1,etender.gov.az/main/competitions
etender-buyer-636,0200531051,NAXÇIVAN MUXTAR RESPUBLİKASI QAZ İSTİSMAR XİDMƏTİ,NAXÇIVAN ŞƏHƏRİ NƏSRƏDDİN TUSİ 7,12,active | awarded | cancelled | other,319953 | 319132 | 324435 | 323585 | 314749,2024-10-24,98709,etender.gov.az/main/competitions
etender-buyer-637,3002167581,ŞƏKİ RAYON PSİXİATRİYA XƏSTƏXANASI,"Şəki rayonu, Şəki şəhəri, S.Mümtaz,3",12,active | awarded | cancelled | other,297965 | 297582 | 344885 | 323477 | 302196,2023-11-06,74036,etender.gov.az/main/competitions
etender-buyer-638,1700752861,"""İSTEHLAK MALLARININ EKSPERTİZASI MƏRKƏZİ"" MƏHDUD MƏSULİYYƏTLİ CƏMİYYƏTİ","Bakı şəhəri, Səbail rayonu, Xaqani küçəsi 82",12,active | awarded | cancelled | other,287848 | 294225 | 288003 | 283140 | 270685,2023-04-12,63039,etender.gov.az/main/competitions
etender-buyer-639,6800238371,SABİRABAD MELİORASİYA  İDARƏSİ,Sabirabad şəhəri Vidadi küçəsi 17,12,active | awarded | other,261157 | 253314 | 258695 | 257846 | 257306,2021-09-30,32467,etender.gov.az/main/competitions
etender-buyer-640,1502874221,"""BAKI TAKSİ XİDMƏTİ"" MƏHDUD MƏSULİYYƏTLİ CƏMİYYƏTİ","Bakı Şəhəri , Nərimanov rayonu, Tarzən Hacı Məmmədov               küçəsi 5",12,active | awarded | cancelled | other,251338 | 238959 | 237133 | 235970 | 234597,2021-01-25,21302,etender.gov.az/main/competitions
etender-buyer-641,3300697171,AĞDAŞ REGİONAL MƏDƏNİYYƏT İDARƏSİ,,12,active | awarded | cancelled | other,249303 | 249302 | 247345 | 247288 | 274119,2020-11-11,19019,etender.gov.az/main/competitions
etender-buyer-642,1700216081,BAKI ŞƏHƏR FƏVVARƏLƏRİN İSTİSMARI İDARƏSİ,"Nəsimi rayonu,S.Əsgərova,105  ",12,active | awarded | cancelled | other,240394 | 336450 | 317030 | 253171 | 248851,2020-03-04,9775,etender.gov.az/main/competitions
etender-buyer-643,1501447111,"""TALASSEMİYA MƏRKƏZİ"" PUBLİK HÜQUQİ ŞƏXSİ",,12,active | cancelled | other,237217 | 236654 | 235237 | 235228 | 235224,2019-12-02,6089,etender.gov.az/main/competitions
etender-buyer-644,2700120241,"ƏSASLI TİKİNTİ,TƏMİR VƏ ABADLAŞDIRMA ŞÖBƏSİ",,12,active | awarded | other,236615 | 261379 | 258107 | 256159 | 255991,2019-11-15,5197,etender.gov.az/main/competitions
etender-buyer-645,0400005481,ORDUBAD RAYON İCRA HAKİMİYYƏTİ,Naxçıvan Muxtar Respublikası Ordubad şəhəri Heydər Əliyev prospekti 21,12,awarded | cancelled | other,347988 | 349863 | 320069 | 323815 | 323816,1772644048,2026/AT/00709/V2,etender.gov.az/main/competitions
etender-buyer-646,6900031861,"""SAMUX RAYON MƏRKƏZİ XƏSTƏXANASI"" PUBLİK HÜQUQİ ŞƏXS",Mikayıl Müşfiq küçəsi 1,12,awarded | cancelled,348627 | 341389 | 331148 | 313700 | 331234,1773660774,2026/AT/01222/V1,etender.gov.az/main/competitions
etender-buyer-647,6501211891,"""XILLI BALIQ"" MƏHDUD MƏSULİYYƏTLİ CƏMİYYƏTİ","Az 4719, Neftçala rayonu, Xıllı ŞTQ, Xıllı qəsəbəsi",12,awarded | cancelled | other,349598 | 336412 | 315727 | 285048 | 265722,1775575104,2026/AT/01487/V2,etender.gov.az/main/competitions
etender-buyer-648,1006036981,DÖVLƏT MƏŞĞULLUQ AGENTLİYİNİN TABELİYİNDƏ BAKI PEŞƏ HAZIRLIĞI MƏRKƏZİ PUBLİK HÜQUQİ ŞƏXSİ,"Bakı şəhəri, Binəqədi rayonu, Səttar Bəhlulzadə küç 44",12,awarded | cancelled,345222 | 323798 | 322922 | 313269 | 306597,1767110956,2025/AT/01154/V1,etender.gov.az/main/competitions
etender-buyer-649,2700172811,MƏNZİL-KOMMUNAL TƏSƏRRÜFATI KOMBİNATI,"Mingəçevir şəhəri.,Cəmil Əliyev 16",12,awarded | cancelled | other,347412 | 326727 | 302039 | 287776 | 269445,1772014189,2026/AT/00795/V1,etender.gov.az/main/competitions
etender-buyer-650,3500060581,"""AĞSU RAYON MƏRKƏZİ XƏSTƏXANASI"" PUBLİK HÜQUQİ ŞƏXSİ",Ağsu  şəh. M.Ə.Rəsulzadə küc. 172,12,awarded | cancelled | other,338953 | 340985 | 322701 | 322461 | 294794,1758108667,119338,etender.gov.az/main/competitions
etender-buyer-651,7400012051,UCAR RAYONU İHB-NIN UCAR ŞƏHƏR İNZİBATİ ƏRAZİ DAİRƏSİ ÜZRƏ  NÜMAYƏNDƏLİYİ,Ucar şəhəri Oğuz küçəsi 15,12,awarded | other,339745 | 316062 | 293117 | 278395 | 268658,1758904149,120131,etender.gov.az/main/competitions
etender-buyer-652,1600252451,BAKLİFT-2 İXTİSASLAŞDIRILMIŞ İSTEHSALAT İDARƏSİ,"Bakı ş., Sülh küç., 252",12,awarded | cancelled | other,327799 | 307366 | 290825 | 267112 | 260434,1742315885,107890,etender.gov.az/main/competitions
etender-buyer-653,1500042851,"""KORPORATİV İDARƏETMƏNİN TƏŞKİLİ VƏ KOORDİNASİYA MƏRKƏZİ"" PUBLİK HÜQUQİ ŞƏXSİ","AZ1154, Bakı şəhəri, Z.Xəlil küç., 37",12,awarded | cancelled | other,326711 | 306742 | 302238 | 292320 | 283256,1741092947,106686,etender.gov.az/main/competitions
etender-buyer-654,3100128721,"""Daşınmaz Əmlakın Dövlət Kadastrı və Reyestri"" Publik Hüquqi Şəxsinin 4 saylı Abşeron Ərazi İdarəsi",Xırdalan şəhəri.H.Əliyev pr 255,12,awarded | cancelled | other,325829 | 316380 | 308843 | 283010 | 282363,1739893985,105718,etender.gov.az/main/competitions
etender-buyer-655,1007745291,AZƏRBAYCAN MELİORASİYA VƏ SU TƏSƏRRÜFATI AÇIQ SƏHMDAR CƏMİYYƏTİNİN HİDROGEOLOJİ-MELİORATİV XİDMƏT VƏ SULARIN İSTİFADƏSİNƏ-MÜHAFİZƏSİNƏ NƏZARƏT İDARƏSİ,"AZ. 1117, Bakı ş. Biləcəri qəs. M.S. Ordubadi küç 285",12,awarded | cancelled | other,302263 | 297493 | 295409 | 290182 | 283474,1710156182,79291,etender.gov.az/main/competitions
etender-buyer-656,3101932691,AZƏRBAYCAN RESPUBLİKASI KƏND TƏSƏRRÜFATI NAZİRLİYİNİN ƏKİNÇİLİK ELMİ-TƏDQİQAT İNSTİTUTU,"Abşeron rayonu, 2 nömrəli Sovxoz",12,awarded | cancelled | other,299692 | 299393 | 281012 | 235134 | 235918,1702902332,75916,etender.gov.az/main/competitions
etender-buyer-657,1300295951,AZƏRBAYCAN MİLLİ ELMLƏR AKADEMİYASININ İDARƏETMƏ SİSTEMLƏRİ İNSTİTUTU,B. Vahabzadə 68.,12,awarded | other,295292 | 294187 | 289765 | 287815 | 275800,1695042186,71104,etender.gov.az/main/competitions
etender-buyer-658,4100019441,CƏNUB ƏRAZİ BAŞ GÖMRÜK İDARƏSİ,Biləsuvar rayonu 8 mart küçəsi 2,12,awarded | cancelled | other,260120 | 246114 | 258272 | 244219 | 246021,1631181316,31278,etender.gov.az/main/competitions
etender-buyer-659,6100024581,AZƏRBAYCAN RESPUBLİKASI NAZİRLƏR KABİNETİ YANINDA MELİORASİYA VƏ SU TƏSƏRRÜFATI KOMİTƏSİNİN GORANBOY SUBARTEZİAN QUYULARININ İSTİSMARI İDARƏSİ,,12,awarded | cancelled | other,255578 | 254573 | 252775 | 252773 | 252767,1621352811,26203,etender.gov.az/main/competitions
etender-buyer-660,4401865381,"""QƏBƏLƏ DÖVLƏT PEŞƏ TƏHSİL MƏRKƏZİ"" PUBLİK HÜQUQİ ŞƏXS",Qəbələ şəhər 28 may küçəsi 89,11,active | awarded | cancelled | other,354596 | 353471 | 350104 | 340450 | 343469,2026-06-29,2026/AT/03175/V1,etender.gov.az/main/competitions
etender-buyer-661,0200005611,"""NAXÇIVAN AVTOMOBİL YOLLARI DÖVLƏT AGENTLİYİ"" PUBLİK HÜQUQİ ŞƏXSİ",Naxcıvan şəhər.Azərbaycan  57,11,active | cancelled | other,354011 | 353863 | 353461 | 347660 | 341918,2026-06-18,2026/AT/02131/V2,etender.gov.az/main/competitions
etender-buyer-662,2006196071,"""TURİZM VƏ SOSİAL XİDMƏTLƏR ÜZRƏ BAKI DÖVLƏT PEŞƏ TƏHSİL MƏRKƏZİ"" PUBLİK HÜQUQİ ŞƏXSİ","Bakı şəh, Xətai rayonu, Məhsəti 3",11,active | awarded | cancelled | other,353706 | 352397 | 345272 | 333241 | 333240,2026-06-11,2026/AT/02875/V1,etender.gov.az/main/competitions
etender-buyer-663,0300071711,"""NAXÇIVAN DUZ İSTEHSALI"" MƏHDUD MƏSULİYYƏTLİ CƏMİYYƏTİ","Kəngərli rayon Böyükdüz kəndi, Duzdağ Mədən ərazisi",11,active | awarded | cancelled,353420 | 353397 | 351966 | 329720 | 326828,2026-06-08,2026/AT/02798/V1,etender.gov.az/main/competitions
etender-buyer-664,1700232971,AZƏRBAYCAN RESPUBLİKASI AUDİOVİZUAL ŞURASI,"Bakı şəhəri, Yasamal r, A.M.Şərifzadə 315, AZ 1138",11,active | awarded | cancelled,353357 | 352514 | 346238 | 332171 | 324753,2026-06-05,2026/AT/02773/V1,etender.gov.az/main/competitions
etender-buyer-665,1700215291,AZƏRBAYCAN RESPUBLİKASI DAXİLİ İŞLƏR NAZİRLİYİ,"Bakı şəhəri, Azərbaycan pr. 7",11,active | awarded | cancelled,351454 | 349943 | 328621 | 325371 | 312188,2026-05-04,2026/AT/02143/V1,etender.gov.az/main/competitions
etender-buyer-666,0700097881,ŞƏRUR RAYON  MƏRKƏZİ XƏSTƏXANASI  PUBLİK HÜQUQİ ŞƏXSİ,Şərur rayon sabir küçəsi 09,11,active | awarded | other,303255 | 300523 | 300521 | 287499 | 299002,2024-03-29,80400,etender.gov.az/main/competitions
etender-buyer-667,1405060291,1 NÖMRƏLİ KÖRPƏLƏR EVİ,Bakıxanov küçəsi 37,11,active | awarded | cancelled | other,296765 | 274347 | 272611 | 266141 | 258659,2023-10-17,72714,etender.gov.az/main/competitions
etender-buyer-668,1501993271,"""AZƏRBAYCAN RESPUBLİKASININ GƏNCLƏR FONDU"" PUBLİK HÜQUQİ ŞƏXS","Bakı şəhəri, Zərifə Əliyeva küçəsi, 93",11,active | awarded | cancelled,278092 | 266856 | 266702 | 262775 | 261223,2022-11-02,50621,etender.gov.az/main/competitions
etender-buyer-669,5700058981,KÜRDƏMİR RAYON İHB-NIN KÜRDƏMİR ŞƏHƏR İNZİBATİ ƏRAZİ DAİRƏSİ ÜZRƏ NÜMAYƏNDƏLİYİ,Kürdəmir şəhər M.Ə.Rəsulzadə küçəsi 1,11,active | awarded | other,275281 | 332370 | 317480 | 292269 | 277205,2022-09-08,47545,etender.gov.az/main/competitions
etender-buyer-670,5600020221,YARDIMLI RAYON İCRA HAKİMİYYƏTİ BAŞÇISININ YARDIMLI ŞƏHƏR ƏRAZİ NÜMAYƏNDƏLİYİ,Yardımlı rayonu Yardımlı şəhəri Heydər Əliyev prospekti 152,11,active | awarded | cancelled | other,261082 | 336907 | 321573 | 320284 | 293070,2021-09-29,32383,etender.gov.az/main/competitions
etender-buyer-671,8300059591,CƏLİLABAD RAYON İCRA HAKİMİYYƏTİ BAŞÇISININ GÖYTƏPƏ ŞƏHƏR ƏRAZİ NÜMAYƏNDƏLİYİ,Göytəpə şəhəri Qurtuluş küçəsi 73,11,awarded | cancelled | other,337490 | 311721 | 296237 | 293440 | 276389,1756299027,117867,etender.gov.az/main/competitions
etender-buyer-672,1300436391,TEMP DÖVLƏT MÜƏSSİSƏSİ,"Nizami rayonu, C.Naxçıvanski küçəsi - 75",11,awarded | cancelled | other,330954 | 307718 | 290702 | 269729 | 260442,1747415003,111391,etender.gov.az/main/competitions
etender-buyer-673,5500106971,İMİŞLİ RAYON İCRA HAKİMİYYƏTİ BAŞÇISININ İMİŞLİ ŞƏHƏR ƏRAZİSİ ÜZRƏ NÜMAYƏNDƏLİYİ,M.Əsədov 5,11,awarded | cancelled | other,333514 | 317769 | 289750 | 315715 | 306886,1750870618,113878,etender.gov.az/main/competitions
etender-buyer-674,1701066551,BEYNƏLXALQ MUĞAM MƏRKƏZİ,M. Useyinov pr. 30,11,awarded | other,291986 | 288686 | 288687 | 236478 | 237277,1688576675,67519,etender.gov.az/main/competitions
etender-buyer-675,1702500001,"""GƏNCLƏRİN İNKİŞAF VƏ KARYERA MƏRKƏZİ"" MƏHDUD MƏSULİYYƏTLİ CƏMİYYƏTİ","Bakı şəhəri, Cəfər Cabbarlı küç. 609",11,awarded | cancelled,282455 | 271749 | 266981 | 265281 | 261968,1674483951,55168,etender.gov.az/main/competitions
etender-buyer-676,1300345001,"""AZƏRBAYCAN DÖVLƏT PEDAQOJİ UNİVERSİTETİNİN NƏZDİNDƏ AZƏRBAYCAN DÖVLƏT PEDAQOJİ  KOLLECİ"" PUBLİK HÜQUQİ ŞƏXSİ",,11,awarded | cancelled | other,275236 | 273954 | 260313 | 260315 | 257647,1775142134,47500,etender.gov.az/main/competitions
etender-buyer-677,0201789841,"""NAXÇIVAN POÇT VƏ TELEKOMMUNİKASİYA MƏRKƏZİ"" MƏHDUD MƏSULİYYƏTLİ CƏMİYYƏTİ","NAXÇIVAN MR,NAXÇIVAN Ş. ATATÜRK PROSPEKTİ-1A",10,active | cancelled | other,354528 | 354058 | 352774 | 352773 | 352476,2026-06-25,2026/AT/03143/V1,etender.gov.az/main/competitions
etender-buyer-678,1402515071,AZƏRBAYCAN RESPUBLİKASININ RƏQƏMSAL İNKİŞAF VƏ NƏQLİYYAT NAZİRLİYİ YANINDA ELEKTRON TƏHLÜKƏSİZLİK XİDMƏTİ,Xətai pr 16.,10,active | awarded | other,354205 | 353396 | 342642 | 341456 | 339064,2026-06-22,2026/AT/03032/V1,etender.gov.az/main/competitions
etender-buyer-679,1701862081,AZERBAYCAN RESPUBLİKASI KƏND TƏSƏRRÜFATI NAZİRLİYİNİN TABELİYİNDƏ DÖVLƏT TOXUM FONDU,"AZ0100, Xırdalan şəhəri, İsi Məlikzadə küçəsi 115, Abşeron Dövlət Aqrar İnkişaf Mərkəzinin 4-cü mərtəbəsi",10,active | awarded | cancelled | other,353992 | 353912 | 353490 | 257097 | 233701,2026-06-17,2026/AT/02960/V1,etender.gov.az/main/competitions
etender-buyer-680,4100034571,"""BİLƏSUVAR RAYON MƏRKƏZİ XƏSTƏXANASI"" PUBLİK HÜQUQİ ŞƏXSİ",Biləsuvar şəhər Heydər Əliyev 82,10,active | awarded | cancelled | other,353412 | 303481 | 351396 | 329987 | 321448,2026-06-08,2026/AT/02795/V1,etender.gov.az/main/competitions
etender-buyer-681,0200032131,NAXÇIVAN MUXTAR RESPUBLİKASININ ƏMƏK VƏ ƏHALİNİN SOSİAL MÜDAFİƏSİ NAZİRLİYİNİN TABELİYİNDƏ DÖVLƏT MƏŞĞULLUQ AGENTLİYİ PUBLİK HÜQUQİ ŞƏXSİ,"Naxçıvan şəhəri, Heydər Əliyev prospekti 42A",10,active | awarded | cancelled,352934 | 350246 | 333792 | 318233 | 297363,2026-05-26,2026/AT/02612/V1,etender.gov.az/main/competitions
etender-buyer-682,1700280201,"""AKADEMİK MİRMƏMMƏD CAVADZADƏ ADINA RESPUBLİKA KLİNİKİ UROLOJİ XƏSTƏXANASI"" PUBLİK HÜQUQİ ŞƏXSİ",Əhməd Cavad küç 19,10,active | awarded | cancelled | other,352588 | 298631 | 328828 | 280916 | 280930,2026-05-21,2026/AT/02455/V2,etender.gov.az/main/competitions
etender-buyer-683,0700283611,"ŞƏRUR ""RADİO"" ZAVODU",,10,active | awarded | cancelled | other,351387 | 350213 | 344353 | 343733 | 347079,2026-05-01,2026/AT/02074/V2,etender.gov.az/main/competitions
etender-buyer-684,0200031191,NAXÇIVAN ŞƏHƏR RABİTƏ İDARƏSİ,,10,active | awarded | other,337507 | 306832 | 298480 | 297442 | 297702,2025-08-27,117884,etender.gov.az/main/competitions
etender-buyer-685,2900258081,"""SUMQAYIT ŞƏHƏR TƏMİZLİK DEPARTAMENTİ"" MƏHDUD MƏSULİYYƏTLİ CƏMİYYƏTİ","Sumqayıt şəhəri, İnşaatçılar 2",10,active | awarded | cancelled,337408 | 299676 | 299675 | 288938 | 233382,2025-08-26,117784,etender.gov.az/main/competitions
etender-buyer-686,1400309581,AZƏRBAYCAN RESPUBLİKASI ƏDLİYYƏ NAZİRLİYİNİN ƏDLİYYƏ AKADEMİYASI,Bakı şəhər Nəsimi rayon Vidadi küçəsi 158,10,active | awarded | other,299821 | 341874 | 299813 | 298856 | 297525,2023-12-22,76072,etender.gov.az/main/competitions
etender-buyer-687,1300781181,HEYDƏR ƏLİYEV ADINA AZƏRBAYCAN ALİ HƏRBİ MƏKTƏBİ,Bakı şəhəri Xətai rayonu Polad Həşimov küçəsi 9a,10,active | awarded | cancelled | other,298779 | 287624 | 287473 | 280748 | 278249,2023-11-24,74946,etender.gov.az/main/competitions
etender-buyer-688,7300138191,TOVUZ RAYON İCRA HAKİMİYYƏTİ BAŞÇISININ TOVUZ ŞƏHƏR İNZİBATİ ƏRAZİ DAİRƏSİ ÜZRƏ NÜMAYƏNDƏLİYİ,"Tovuz şəhəri, Şəhriyar küçəsi 3",10,active | awarded | cancelled | other,293831 | 232753 | 336050 | 319897 | 296899,2023-08-15,69531,etender.gov.az/main/competitions
etender-buyer-689,6900035021,SAMUX MƏNZİL-KOMMUNAL TƏSƏRRÜFATI İSTEHSALAT BİRLİYİ,Samux Rayon Samux şəhəri A.Nəbiyev küçəsi,10,active | awarded | other,285245 | 347872 | 329217 | 311615 | 294537,2023-04-04,59352,etender.gov.az/main/competitions
etender-buyer-690,2001643981,"""RESPUBLİKA PERİNATAL MƏRKƏZİ "" PUBLİK HÜQUQİ ŞƏXSİ",,10,active | awarded | cancelled | other,280929 | 344901 | 298111 | 296359 | 278484,2022-11-21,53530,etender.gov.az/main/competitions
etender-buyer-691,2305150961,201 NÖMRƏLİ HƏRBİ HİSSƏ,Gəncə şəhəri Qara Qarayev küçəsi ev 8,10,active | awarded | cancelled | other,271886 | 295102 | 295103 | 295101 | 276530,2022-06-17,43746,etender.gov.az/main/competitions
etender-buyer-692,5700107091,MOLLAKƏND MEXANİKİ SUVARMA İDARƏSİ,Kürdəmir rayonu Çərtəyəz kəndi,10,active | awarded | cancelled | other,254240 | 251095 | 251093 | 251090 | 238281,2021-04-14,24704,etender.gov.az/main/competitions
etender-buyer-693,1700049501,AZƏRBAYCAN RESPUBLİKASI İNSAN HÜQUQLARI ÜZRƏ MÜVƏKKİLİ  (OMBUDSMAN),"Üzeyir Hacıbəyli küç. 40, Hökumət evi, 2 qapı",10,awarded | other,351944 | 346421 | 331777 | 274407 | 271851,1778581119,2026/AT/01836/V2,etender.gov.az/main/competitions
etender-buyer-694,1300695361,MƏHKƏMƏ-HÜQUQ ŞURASI,"Bakı şəhəri, AZ1073, Yasamal rayonu, Ayna.Sultanova küçəsi, 9",10,awarded | cancelled | other,348657 | 344646 | 344645 | 340532 | 332461,1773672467,2026/AT/01234/V1,etender.gov.az/main/competitions
etender-buyer-695,9900042211,"""HƏRBİLƏŞDİRİLMİŞ MÜHAFİZƏ İDARƏSİ"" MƏHDUD MƏSULİYYƏTLİ CƏMİYYƏTİ","Süleyman Rüstəm 54, Bakı, Azərbaycan.",10,awarded | cancelled | other,347648 | 338619 | 324629 | 305063 | 344969,1772206042,2026/AT/00876/V1,etender.gov.az/main/competitions
etender-buyer-696,1300612031,AZƏRBAYCAN RESPUBLİKASININ EKOLOGİYA VƏ TƏBİİ SƏRVƏTLƏR NAZİRLİYİ YANINDA DÖVLƏT EKOLOJİ TƏHLÜKƏSİZLİK XİDMƏTİ,"Bakı şəhəri, Kazım Kazımzadə küçəsi, 100A",10,awarded | cancelled,347176 | 345161 | 277091 | 271770 | 266980,1771601807,2026/AT/00708/V1,etender.gov.az/main/competitions
etender-buyer-697,1402153341,AZƏRBAYCAN TİBB UNİVERSİTETİNİN TƏDRİS TERAPEVTİK KLİNİKASI,,10,awarded | cancelled | other,344989 | 331570 | 330732 | 315859 | 313945,1766494300,2025/AT/01036/V1,etender.gov.az/main/competitions
etender-buyer-698,7600027881,GÖYGÖL RAYONU İCRA HAKİMİYYƏTİ,"AZ 2500   Göygöl şəhəri, Azay Kazımov küçəsi №1",10,awarded | cancelled,339140 | 329969 | 331731 | 329367 | 296314,1758223577,119525,etender.gov.az/main/competitions
etender-buyer-699,8300059871,CƏLİLABAD RAYON İCRA HAKİMİYYƏTİ,"Cəlilabad rayonu,Heydər Əliyev prospekti 203, AZ1500",10,awarded | other,334817 | 311636 | 295939 | 295626 | 293405,1752763073,115186,etender.gov.az/main/competitions
etender-buyer-700,1800105751,SABUNÇU RAYON MÜHAFİZƏ İDARƏSİ,"Bakı şəhəri, Sabunçu rayonu, Bakıxanov qəsəbəsi, Yavər Əliyev küçəsi, 12",10,awarded | cancelled | other,329767 | 307230 | 297123 | 292321 | 284137,1745512077,110061,etender.gov.az/main/competitions
etender-buyer-701,1500276991,NƏRİMANOV RAYON MÜHAFİZƏ İDARƏSİ,"Bakı şəhəri, Nərimanov rayonu, X.R.Ulutürk küçəsi, 5  (17 nömrəli bölmənin yanı)",10,awarded | cancelled | other,326439 | 323621 | 323004 | 311428 | 307771,1740662664,106401,etender.gov.az/main/competitions
etender-buyer-702,5900075171,GƏDƏBƏY RAYONU İCRA HAKİMİYYƏTİ BAŞÇISININ GƏDƏBƏY ŞƏHƏR İNZİBATİ ƏRAZİ DAİRƏSİ ÜZRƏ NÜMAYƏNDƏLİYİ,"Gədəbəy şəhəri, M.Ə.Rəsulzadə küçəsi-34",10,awarded | cancelled,294551 | 285149 | 271525 | 260103 | 248260,1693501177,70298,etender.gov.az/main/competitions
etender-buyer-703,1100095591,12 SAYLI CƏZAÇƏKMƏ MÜƏSSİSƏSİ,"Bakı şəhəri,Puta qəsəbəsi",10,awarded | other,287925 | 278114 | 269552 | 263384 | 255100,1681401873,63122,etender.gov.az/main/competitions
etender-buyer-704,4000189801,QARABAĞ  MEŞƏ MELİORASİYA İDARƏSİ,"Bərdə şəhəri, H.Əliyev prospekti 110",10,awarded | other,257485 | 255818 | 255311 | 255312 | 253311,1625569890,28343,etender.gov.az/main/competitions
etender-buyer-705,3000189591,ƏYRİÇAY SU ANBARI İSTİSMARI İDARƏSİ,cumakend kendi ,10,awarded | other,253799 | 252386 | 251045 | 251048 | 251049,1617283409,24162,etender.gov.az/main/competitions
etender-buyer-706,2004900751,"""ASK AYAQQABI FABRİKİ"" MƏHDUD MƏSULİYYƏTLİ CƏMİYYƏTİ","Bakı şəhəri,Binəqədi rayonu,Binəqədi şossesi 53",10,awarded | cancelled | other,250978 | 250977 | 248278 | 244584 | 238095,1609351940,20976,etender.gov.az/main/competitions
etender-buyer-707,1301696511,AZƏRBAYCAN RESPUBLİKASININ PREZİDENTİ  YANINDA QEYRİ-HÖKUMƏT TƏŞKİLATLARINA DÖVLƏT DƏSTƏYİ ŞURASININ KATİBLİYİ," Bakı şəhəri, Fikrət Əmirov küç. 1, AZ1000",10,awarded | cancelled,245833 | 247613 | 240841 | 240944 | 239244,1597442712,15037,etender.gov.az/main/competitions
etender-buyer-708,0900059011,NAXÇIVAN MUXTAR RESPUBLİKASI ƏDLİYYƏ NAZİRLİYİNİN PENİTENSİAR XİDMƏTİ,"Naxçıvan şəhəri, İslam Səfərli 1 B",9,active | awarded | cancelled | other,354159 | 329497 | 324508 | 313679 | 298165,2026-06-19,2026/AT/03019/V1,etender.gov.az/main/competitions
etender-buyer-709,1500064181,"AZƏRBAYCAN RESPUBLİKASI FÖVQƏLADƏ HALLAR NAZİRLİYİNİN ""AZƏRİNŞAATLAYİHƏ"" DÖVLƏT BAŞ LAYİHƏ KONSTRUKTOR TEXNOLOJİ İNSTİTUTU","Bakı şəhəri, Nərimanov rayonu, Ə.Əliyev 7",9,active | awarded | cancelled | other,353427 | 335462 | 313891 | 342807 | 321629,2026-06-08,2026/AT/02801/V1,etender.gov.az/main/competitions
etender-buyer-710,1300348991,ƏLİBƏY HÜSEYNZADƏ ADINA AZƏRBAYCAN DÖVLƏT MƏDƏNİYYƏT VƏ İNCƏSƏNƏT UNİVERSİTETİ,İnşaatçılar Pr. 39,9,active | awarded | cancelled | other,353242 | 290135 | 283291 | 272660 | 250694,2026-06-04,2026/AT/02738/V1,etender.gov.az/main/competitions
etender-buyer-711,1407033801,"""RESPUBLİKA QAN BANKI"" PUBLİK HÜQUQİ ŞƏXSİ",Bakı şəhəri Nəsimi rayonu Feyzulla Qasımzadə ev 65,9,active | awarded | cancelled,353197 | 352709 | 348064 | 345511 | 342252,2026-06-03,2026/AT/02713/V1,etender.gov.az/main/competitions
etender-buyer-712,9900007721,"""AZƏRBAYCAN DƏMİR YOLLARI"" QAPALI SƏHMDAR CƏMİYYƏTİ","Bakı şəhəri, Dilarə Əliyeva, 230",9,active | awarded | cancelled | other,352478 | 294835 | 294837 | 295396 | 294836,2026-05-19,2026/AT/02068/V2,etender.gov.az/main/competitions
etender-buyer-713,0300008121,BABƏK RAYON İCRA HAKİMİYYƏTİ,Babək şəhəri Heydər Əliyev prospekti,9,active | awarded | cancelled | other,350799 | 343470 | 317873 | 326762 | 346533,2026-04-23,2026/AT/01260/V3,etender.gov.az/main/competitions
etender-buyer-714,1700180441,DAXİLİ İŞLƏR NAZİRLİYİNİN BAŞ MÜHAFİZƏ İDARƏSİNİN SƏBAİL RAYON MÜHAFİZƏ İDARƏSİ,"AZ1023, Bakı şəhəri, Salyan şossesi, 3",9,active | awarded | cancelled,328680 | 328549 | 346271 | 343524 | 311848,2025-04-10,108854,etender.gov.az/main/competitions
etender-buyer-715,0200797171,NAXÇIVAN SUKANALİZASİYA İDARƏSİ,,9,active | awarded | cancelled | other,321235 | 293734 | 311257 | 299547 | 295147,2024-11-07,100155,etender.gov.az/main/competitions
etender-buyer-716,2900075291,SUMQAYIT ŞƏHƏR MÜHAFİZƏ İDARƏSİ,"Sumqayıt şəhəri, 18-ci məhəllə, R.Qəhramanov küçəsi 84",9,active | awarded | cancelled,319404 | 344793 | 340302 | 328499 | 323010,2024-10-19,98389,etender.gov.az/main/competitions
etender-buyer-717,1300530181,MİLLİ MÜDAFİƏ UNİVERSİTETİ,"Bakı şəhəri, Yasamal rayonu, Şəfaət Mehtiyev küçəsi, Qırmızı şərq  1 şəhərciyi. Bina 36",9,active | awarded | cancelled | other,300045 | 300044 | 298318 | 295128 | 278066,2023-12-31,76300,etender.gov.az/main/competitions
etender-buyer-718,1300345131,"""V.Y. AXUNDOV ADINA ELMİ-TƏDQİQAT TİBBİ PROFİLAKTİKA İNSTİTUTU""  PUBLİK HÜQUQİ ŞƏXSİ",Səbail r.Badamdar qəs.M.Topçubaşov 216,9,active | awarded | cancelled | other,297694 | 298734 | 298423 | 281869 | 280719,2023-11-02,73674,etender.gov.az/main/competitions
etender-buyer-719,4000187381,BƏRDƏ RAYON İCRA HAKİMİYYƏTİ,,9,active | awarded | cancelled | other,291483 | 343446 | 338337 | 297354 | 297360,2023-06-20,66966,etender.gov.az/main/competitions
etender-buyer-720,9900023491,"""SURAXANI MAŞINQAYIRMA ZAVODU"" AÇIQ SƏHMDAR CƏMİYYƏTİ","Bakı şəhəri, Suraxanı rayonu, Əmircan qəsəbəsi, S.Bəhlulzadə küçəsi, 411",9,active | awarded | other,272563 | 266082 | 339147 | 272423 | 272422,2022-07-05,44542,etender.gov.az/main/competitions
etender-buyer-721,2700094121,BOZ-DAĞ QIŞ OTLAQLARI SU TƏMİNATI SİSTEMLƏRİNİN İSTİSMARI İDARƏSİ,"Mingəçevir şəhəri.,Sağ sahil Tunel küçəsi Y.Q.K.İ.İ",9,active | awarded | other,238871 | 256001 | 253250 | 252247 | 238873,2020-01-31,7952,etender.gov.az/main/competitions
etender-buyer-722,1406977291,"""MƏRKƏZİ KİMYƏVİ VƏ TOKSİKOLOJİ LABORATORİYA"" PUBLİK HÜQUQİ ŞƏXSİ",BAKI ŞƏHƏRİ NƏSİMİ RAYONU,9,awarded | cancelled,350792 | 340880 | 337621 | 337409 | 349105,1776954042,2026/AT/01927/V1,etender.gov.az/main/competitions
etender-buyer-723,1500901811,TİKİLMƏKDƏ OLAN OBYEKTLƏRİN MÜDİRİYYƏTİ,,9,awarded | cancelled | other,344537 | 342247 | 336177 | 333593 | 343281,1765029130,2025/AT/00517/V2,etender.gov.az/main/competitions
etender-buyer-724,1300189261,AZƏRBAYCAN MİLLİ ELMLƏR AKADEMİYASININ GEOLOGİYA VƏ GEOFİZİKA İNSTİTUTU,"Bakı şəhəri, H.Cavid pr., 119",9,awarded | cancelled,334703 | 331272 | 322733 | 322089 | 319131,1752662909,115072,etender.gov.az/main/competitions
etender-buyer-725,0200746511,NAXÇIVAN MUXTAR RESPUBLİKASININ ƏMƏK VƏ ƏHALİNİN SOSİAL MÜDAFİƏSİ NAZİRLİYİNİN TABELİYİNDƏ DÖVLƏT TİBBİ-SOSİAL EKSPERTİZA VƏ REABİLİTASİYA AGENTLİYİ PUBLİK HÜQUQİ ŞƏXSİ,"Naxçıvan şəhəri, Heydər Əliyev prospekti 42A",9,awarded | cancelled,326559 | 317034 | 316587 | 296473 | 296535,1740753155,106478,etender.gov.az/main/competitions
etender-buyer-726,0800023171,"""ŞAHBUZ RAYON MƏRKƏZİ XƏSTƏXANASI"" PUBLİK HÜQUQİ ŞƏXSİ",Şahbuz Şəhəri,9,awarded | cancelled | other,319163 | 290216 | 316953 | 309411 | 289945,1729166384,98058,etender.gov.az/main/competitions
etender-buyer-727,3500050511,AĞSU RAYON İCRA HAKİMİYYƏTİ AĞSU ŞƏHƏR NÜMAYƏNDƏLİYİ,"Ağsu şəhəri, Ü.Hacıbəyov küç.27",9,awarded | cancelled | other,322526 | 313045 | 297518 | 299040 | 297444,1732465957,101787,etender.gov.az/main/competitions
etender-buyer-728,2300410601,GƏNCƏ QARNİZONU İDEOLOJİ VƏ MƏDƏNİYYƏT MƏRKƏZİ,"GƏNCƏ ŞƏHƏRİ, NİZAMİ PROSPEKTİ 56",9,awarded | cancelled | other,296003 | 292417 | 289519 | 289725 | 283445,1696332435,71829,etender.gov.az/main/competitions
etender-buyer-729,1400095101,NƏSİMİ RAYON MÜHAFİZƏ İDARƏSİ,"Bakı şəhəri, Nəsimi rayonu, Səməd Vurğun küçəsi, ev 112",8,active | awarded | cancelled | other,353604 | 345784 | 326153 | 314610 | 296108,2026-06-10,2026/AT/02858/V1,etender.gov.az/main/competitions
etender-buyer-730,5300050721,"""ZƏRDAB RAYON MƏRKƏZİ XƏSTƏXANASI"" PUBLİK HÜQUQİ ŞƏXSİ",Zərdab şəhəri Azərbaycan küçəsi 125,8,active | awarded | cancelled | other,353263 | 349133 | 329364 | 319090 | 325838,2026-06-04,2026/AT/02745/V1,etender.gov.az/main/competitions
etender-buyer-731,2800016651,"""NAFTALAN ŞƏHƏR MƏRKƏZİ XƏSTƏXANASI"" PUBLİK HÜQUQİ ŞƏXS ","Naftalan şəhər, İslam Həsənzadə küçəsi 197",8,active | awarded | cancelled,349923 | 325810 | 278199 | 276612 | 348161,2026-04-10,2026/AT/01658/V1,etender.gov.az/main/competitions
etender-buyer-732,0900000801,KƏNGƏRLİ RAYON İCRA HAKİMİYYƏTİ,Kəngərli Rayon Qıvraq qəsəbəsi,8,active | awarded | cancelled | other,347232 | 334919 | 326886 | 331552 | 332895,2026-02-23,2026/AT/00728/V1,etender.gov.az/main/competitions
etender-buyer-733,1500356721,ATÇILİQ İDMANI VƏ MÜASİR BEŞNÖVÇÜLÜK ÜZRƏ UŞAQ GƏNCLƏR İDMAN MƏKTƏBİ,Ziya Bünyadov 36 A,8,active | awarded | cancelled,310269 | 265028 | 315590 | 283141 | 266239,2024-07-01,88297,etender.gov.az/main/competitions
etender-buyer-734,1307514111,"""AZƏRBAYCAN MELİORASİYA VƏ SU TƏSƏRRÜFATI AÇIQ SƏHMDAR CƏMİYYƏTİNİN TABELİYİNDƏ SATINALMALARIN TƏŞKİLİ VƏ MÜQAVİLƏLƏRİN İCRASINA NƏZARƏT"" MƏHDUD MƏSULİYYƏTLİ CƏMİYYƏTİ",,8,active | awarded | other,303383 | 271026 | 289684 | 273673 | 266170,2024-04-01,80530,etender.gov.az/main/competitions
etender-buyer-735,1500051871,AZƏRBAYCAN ELMLƏR AKADEMİYASI AKADEMİK Ə.M.QULİYEV ADINA AŞQARLAR KİMYASI İNSTİTUTU,"AZ1029,Bakı şəhəri Böyükşor şossesi,2062 məhəllə",8,active | awarded | cancelled | other,298275 | 294286 | 276714 | 339176 | 335818,2023-11-15,74389,etender.gov.az/main/competitions
etender-buyer-736,1700364151,950 SAYLI HƏRBİ HİSSƏ,"Ünvan: Bakı şəhəri, Yasamal rayonu, Parlament prospekti 3:",8,active | awarded | other,297744 | 281399 | 291023 | 284037 | 244408,2023-11-02,73794,etender.gov.az/main/competitions
etender-buyer-737,7600519921,AZƏRBAYCAN RESPUBLİKASI KƏND TƏSƏRRÜFATI NAZİRLİYİNİN HEYVANDARLIQ ELMİ-TƏDQİQAT İNSTİTUTU,"Göygöl rayonu, Firuzabad qəsəbəsi",8,active | awarded | cancelled | other,296361 | 295483 | 277588 | 277539 | 275200,2023-10-09,72246,etender.gov.az/main/competitions
etender-buyer-738,3200036251,AĞDAM RAYONU İHB-NIN XINDIRISTAN ƏRAZİ NÜMAYƏNDƏLİYİ,Ağdam rayon Xındırıstan kəndi,8,active | awarded | cancelled,294536 | 337588 | 318744 | 295985 | 332675,2023-08-31,70297,etender.gov.az/main/competitions
etender-buyer-739,1500125471,BAKI ŞƏHƏRİ İCRA HAKİMİYYƏTİ YAŞILLAŞDIRMA MÜƏSSİSƏLƏRİNİN BAŞ İSTEHSALAT İDARƏSİNİN AĞAC-BƏZƏK BİTKİLƏRİ SOVXOZU,"Bakı şəhəri, Suraxanı rayonu, Muxtar Fətəliyev küçəsi, 15",8,active | awarded,293369 | 292569 | 289989 | 346948 | 344152,2023-08-03,69041,etender.gov.az/main/competitions
etender-buyer-740,3600631701,AZƏRBAYCAN RESPUBLİKASININ MƏDƏNİYYƏT NAZİRLİYİNİN AĞSTAFA REGİONAL MƏDƏNİYYƏT İDARƏSİ,Ağstafa şəhər H.Arif küçəsi ,8,active | awarded | cancelled | other,274500 | 276333 | 261366 | 261361 | 261530,2022-08-23,46685,etender.gov.az/main/competitions
etender-buyer-741,1306614461,"""DÖVLƏT MİNERAL XAMMAL EHTİYATLARINDAN İSTİFADƏ AGENTLİYİ"" PUBLİK HÜQUQİ ŞƏXSİ","Bakı ş.Səbail rayonu, İstiqlaliyyət küçəsi 31",8,active | awarded | cancelled | other,256831 | 265628 | 247701 | 265617 | 265018,2021-06-21,26806,etender.gov.az/main/competitions
etender-buyer-742,4100031661,BİLƏSUVAR RAYON İCRA HAKİMİYYƏTİ BAŞÇISININ BİLƏSUVAR ŞƏHƏR ƏRAZİ NÜMAYƏNDƏLİYİ,,8,active | awarded | other,250116 | 250114 | 316265 | 276695 | 258913,2020-11-30,20030,etender.gov.az/main/competitions
etender-buyer-743,3401060371,AZƏRBAYCAN RESPUBLİKASININ MƏDƏNİYYƏT NAZİRLİYİNİN AĞCABƏDİ REGİONAL MƏDƏNİYYƏT İDARƏSİ,,8,active | awarded | cancelled | other,249143 | 261016 | 241871 | 241872 | 274536,2020-11-05,18928,etender.gov.az/main/competitions
etender-buyer-744,8500249601,ŞƏMKİR RAYON SUBARTEZİAN   QUYULARININ İSTİSMARI İDARƏSİ,"Şəmkir rayon, Dəllər qəsəbəsi",8,active | awarded | cancelled,240624 | 240623 | 256008 | 256007 | 253412,2020-03-09,10027,etender.gov.az/main/competitions
etender-buyer-745,6100027101,Goranboy Rayon İcra Hakimiyyəti,"Azərbaycan Respublikası Goranboy rayon İcra Hakimiyyəti, Goranboy şəhəri Heydər Əliyev prospekti N1",8,active | awarded,235347 | 339139 | 297461 | 292019 | 275289,2019-10-13,4005,etender.gov.az/main/competitions
etender-buyer-746,0200074181,NAXÇIVAN MR PROKURORLUĞU,Naxçıvan şəhər Atatürk küçəsi 24,8,awarded | cancelled | other,346737 | 325338 | 287879 | 346734 | 342867,1770916187,2026/AT/00549/V1,etender.gov.az/main/competitions
etender-buyer-747,5101144671,AZƏRBAYCAN DÖVLƏT İQTİSAD UNİVERSİTETİNİN ZAQATALA FİLALI,"Zaqatala şəh., Ə.Rəcəbli küç. 4",8,awarded,348995 | 326437 | 303311 | 299987 | 272445,1773932503,2026/AT/01358/V1,etender.gov.az/main/competitions
etender-buyer-748,8400015691,Şamaxı Rayon İcra Hakimiyyəti," AZ-5600, Şamaxı şəhəri, H.Əliyev prospekti 27",8,awarded | other,345339 | 343179 | 336353 | 293785 | 273125,1767987128,2025/AT/00989/V2,etender.gov.az/main/competitions
etender-buyer-749,1301421891,BAKI  APELLYASİYA   MƏHKƏMƏSİ,"Bakı şəhəri, Zahid Xəlilov küçəsi 540-cı məhəllə",8,awarded | cancelled,341862 | 313702 | 300318 | 291400 | 277159,1761163580,2025/AT/00044/V1,etender.gov.az/main/competitions
etender-buyer-750,4200166171,BAKI DÖVLƏT UNİVERSİTETİNİN QAZAX FİLİALI,Qazax şəh. H.Əliyev pr.150,8,awarded | other,342482 | 319262 | 296824 | 278286 | 263668,1761824532,2025/AT/00256/V1,etender.gov.az/main/competitions
etender-buyer-751,6300015171,"""LERİK RAYON MƏRKƏZİ XƏSTƏXANASI"" PUBLİK HÜQUQİ ŞƏXSİ",Lerik rayonu,8,awarded | cancelled | other,342974 | 336983 | 325772 | 315819 | 336984,1762356585,2025/AT/00427/V2,etender.gov.az/main/competitions
etender-buyer-752,1404364961,AZƏRBAYCAN RESPUBLİKASININ MALİYYƏ MONİTORİNQİ XİDMƏTİ ,"AZ 1014, Bülbül prospekti 40",8,awarded | cancelled | other,340946 | 338821 | 324431 | 322174 | 296684,1760116885,121333,etender.gov.az/main/competitions
etender-buyer-753,1305654461,"""AZƏRBAYCAN İLAHİYYAT İNSTİTUTU"" PUBLİK HÜQUQİ ŞƏXS","Bakı şəhəri, Məhəmməd Naxçıvani küç,29",8,awarded | cancelled | other,337423 | 282199 | 273166 | 269111 | 284477,1756222112,117799,etender.gov.az/main/competitions
etender-buyer-754,0200069421,"""NAXÇIVAN YAŞILLAŞDIRMA XİDMƏTİ"" PUBLİK HÜQUQİ ŞƏXSİ",Naxçıvan şəhəri Xətai 4/75,8,awarded | cancelled | other,336150 | 327646 | 295208 | 289215 | 346297,1754484517,116521,etender.gov.az/main/competitions
etender-buyer-755,0200488891,"NAXÇIVAN MR AİLƏ,QADIN VƏ UŞAQ PROBLEMLƏRİ ÜZRƏ DÖVLƏT KOMİTƏSİ",Naxçıvan şəhər Heydər Əliyev prospekti - 42,8,awarded | other,327810 | 328589 | 316404 | 316399 | 316275,1742317639,107902,etender.gov.az/main/competitions
etender-buyer-756,2000217791,DAXİLİ İŞLƏR NAZİRLİYİ BAŞ MÜHAFİZƏ İDARƏSİ XƏTAİ RAYON MÜHAFİZƏ İDARƏSİ,"АZ1027 Bakı şəhəri, 2936 ci məhəllə Zığ yolu küçəsi 39 P ",8,awarded | cancelled | other,326154 | 306755 | 295566 | 271415 | 303113,1740157312,106068,etender.gov.az/main/competitions
etender-buyer-757,1304775931,AZƏRBAYCAN MİLLİ ELMLƏR AKADEMİYASININ BİOFİZİKA İNSTİTUTU,"AZ1141, Bakı ş., Z.Xəlilov küç., 117",8,awarded | cancelled | other,306786 | 297397 | 292924 | 276017 | 287984,1715706860,84460,etender.gov.az/main/competitions
etender-buyer-758,1700109031,BAKI ŞƏHƏR İCRA HAKİMİYYƏTİ,"Bakı şəhəri, İstiqlaliyyət küçəsi 18",8,awarded | other,298670 | 298622 | 298518 | 236751 | 235220,1700663810,74828,etender.gov.az/main/competitions
etender-buyer-759,7301048621,"""TOVUZ DİAQNOSTİKA VƏ HEMODİALİZ MƏRKƏZİ"" PUBLİK HÜQUQİ ŞƏXSİ",Tovuz rayon Dondar quşçu kəndi,8,awarded | cancelled,291317 | 282168 | 272482 | 269724 | 265068,1686935692,66792,etender.gov.az/main/competitions
etender-buyer-760,8100058521,PİRSAAT QIŞ OTLAQLARININ SU TƏMİNATI SİSTEMLƏRİNİN İSTİSMARI İDARƏSİ,Hacıqabul rayonu Pirsaatçay qəsəbəsi,8,awarded | cancelled,258544 | 255047 | 252638 | 251980 | 251971,1628077792,29565,etender.gov.az/main/competitions
etender-buyer-761,3700546791,AZƏRBAYCAN RESPUBLİKASI TƏHSİL NAZİRLİYİNİN 15 SAYLI ƏRAZİ MALİYYƏ HESABLAŞMA MƏRKƏZİ,"Astara şəhəri, İstiqlaliyyət küçəsi 15",8,awarded | cancelled | other,254722 | 254721 | 254720 | 240425 | 240407,1619364185,25252,etender.gov.az/main/competitions
etender-buyer-762,3900394001,AZƏRBAYCAN MELİORASİYA VƏ SUTƏSƏRRÜFATI ASC BEYLƏQAN MELİORASİYA İDARƏSİ,Beyləqan rayonu S.İmrəliyev 14A,8,awarded | cancelled,251695 | 251698 | 243786 | 243788 | 238990,1612443420,21800,etender.gov.az/main/competitions
etender-buyer-763,1700779931,YAŞIL  TEATR   BAKI KONSERT KOMPLEKSİ,Sona Vəlixanlı 1,8,awarded | cancelled | other,239522 | 237566 | 236960 | 236887 | 239535,1581694619,8683,etender.gov.az/main/competitions
etender-buyer-764,1807032081,"""SAHİBSİZ HEYVANLARA QAYĞI MƏRKƏZİ"" PUBLİK HÜQUQİ ŞƏXSİ","AZ1038,BAKI ŞƏHƏRİ SABUNÇU RAYONU, BİNƏQƏDİ -BALAXANI-ŞOSSESİ, 12",7,active | awarded | cancelled | other,354048 | 352105 | 348934 | 337583 | 338179,2026-06-18,2026/AT/02980/V1,etender.gov.az/main/competitions
etender-buyer-765,1600232831,ƏDLİYYƏ NAZİRLİYİ PENİTENSİAR XİDMƏTİN MÜHAFİZƏ ALAYI,"Bakı şəhəri.,Nizami rayonu,8-ci Köndələn küçəsi",7,active | awarded | cancelled | other,353979 | 305561 | 259859 | 292012 | 263923,2026-06-17,2026/AT/02957/V1,etender.gov.az/main/competitions
etender-buyer-766,8200007441,CƏBRAYIL RAYON İCRA HAKİMİYYƏTİ,Biləsuvar 4 saylı qəsəbə,7,active | awarded | cancelled,353793 | 320161 | 349489 | 292057 | 276225,2026-06-12,2026/AT/02898/V1,etender.gov.az/main/competitions
etender-buyer-767,8303873271,"""CƏLİLABAD DÖVLƏT PEŞƏ TƏHSİL MƏRKƏZİ"" PUBLİK HÜQUQİ ŞƏXSİ",Göytəpə şəhəri,7,active | awarded | cancelled | other,352756 | 351971 | 345094 | 323488 | 350993,2026-05-22,2026/AT/02563/V1,etender.gov.az/main/competitions
etender-buyer-768,8000075631,"""QARABAĞ UNİVERSİTETİ"" PUBLİK HÜQUQİ ŞƏXSİ",,7,active | awarded | cancelled,352415 | 351356 | 331383 | 335646 | 325609,2026-05-19,2026/AT/02450/V1,etender.gov.az/main/competitions
etender-buyer-769,1309604181,AZƏRBAYCAN DÖVLƏT SU EHTİYATLARI AGENTLİYİ YANINDA SULARIN İSTİFADƏSİNƏ VƏ MÜHAFİZƏSİNƏ DÖVLƏT NƏZARƏTİ XİDMƏTİNİN TABELİYİNDƏ MƏRKƏZİ LABORATORİYA,Bakı ş. Akim Abbasov 107,7,active | cancelled,352234 | 352168 | 352051 | 351663 | 350947,2026-05-15,2026/AT/02401/V1,etender.gov.az/main/competitions
etender-buyer-770,1309094681,"""TİBB MÜƏSSİSƏLƏRİNİN AKKREDİTASİYASI VƏ KEYFİYYƏTƏ NƏZARƏT MƏRKƏZİ"" PUBLİK HÜQUQİ ŞƏXSİ"," Bakı şəhəri, AZ 1022  H  Zərdabi küçəsi 96",7,active | awarded | cancelled,350774 | 349584 | 342437 | 342435 | 341843,2026-04-23,2026/AT/01918/V1,etender.gov.az/main/competitions
etender-buyer-771,1501937141,"""NƏQLİYYATI İNTELLEKTUAL İDARƏETMƏ MƏRKƏZİNİN RADİOSU"" MƏHDUD MƏSULİYYƏTLİ CƏMİYYƏTİ",Bakı şəhəri Nizami rayonu H.Əliyev pr 137,7,active | awarded | other,348400 | 262590 | 246002 | 245761 | 244535,2026-03-12,2026/AT/01131/V2,etender.gov.az/main/competitions
etender-buyer-772,1300203601,AZƏRBAYCAN MİLLİ ELMLƏR AKADEMİYASININ RADİASİYA PROBLEMLƏRİ İNSTİTUTU,Bəxtiyar Vahabzadə 9,7,active | awarded | other,344047 | 283542 | 322744 | 296138 | 277668,2025-11-24,2025/AT/00696/V1,etender.gov.az/main/competitions
etender-buyer-773,0200087871,NAXÇIVAN MR ƏDLİYYƏ NAZİRLİYİ,İslam Səfərli 1,7,active | awarded | other,318583 | 318607 | 320034 | 285093 | 319719,2024-10-10,97413,etender.gov.az/main/competitions
etender-buyer-774,1300407191,"AZƏRBAYCAN RESPUBLİKASI ""AZƏRBAYCAN"" NƏŞRİYYATI",Mətbuat pr 529 məh,7,active | awarded | other,317678 | 322001 | 317688 | 250785 | 236956,2024-10-01,96459,etender.gov.az/main/competitions
etender-buyer-775,0300004271,NAXÇIVAN MUXTAR RESPUBLİKASI AVTOMOBİL YOLLARI DÖVLƏT AGENTLİYİNİN BABƏK RAYON YOL TƏMİR İSTİSMAR İDARƏSİ,babək şəhəri,7,active | awarded | cancelled | other,311601 | 295117 | 294204 | 291529 | 291826,2024-07-17,89677,etender.gov.az/main/competitions
etender-buyer-776,0600048081,"""CULFA RAYON MƏRKƏZİ XƏSTƏXANASI"" PUBLİK HÜQUQİ ŞƏXSİ",Culfa şəhər E.Nağıyev küç 33,7,active | awarded | other,300517 | 300516 | 298839 | 300413 | 300405,2024-02-06,77122,etender.gov.az/main/competitions
etender-buyer-777,5300176181,"AZƏRBAYCAN RESPUBLİKASININ AİLƏ, QADIN VƏ UŞAQ PROBLEMLƏRİ ÜZRƏ DÖVLƏT KOMİTƏSİNİN ZƏRDAB UŞAQ VƏ AİLƏLƏRƏ DƏSTƏK MƏRKƏZİ",Zərdab şəhəri H.Əliyev parkının içi,7,active | awarded | cancelled | other,294776 | 284402 | 271266 | 296516 | 273931,2023-09-06,70497,etender.gov.az/main/competitions
etender-buyer-778,0400027651,"""ORDUBAD RAYON MƏRKƏZİ XƏSTƏXANASI""  PUBLİK HÜQUQİ ŞƏXSİ",Ordubad şəhəri,7,active | awarded | other,288690 | 306989 | 300039 | 299115 | 298849,2023-04-28,59472,etender.gov.az/main/competitions
etender-buyer-779,0300039441,"""BABƏK RAYON MƏRKƏZİ XƏSTƏXANASI"" PUBLİK HÜQUQİ ŞƏXSİ",Babək şəhəri Azadlıq küçəsi,7,active | awarded | cancelled | other,284124 | 324715 | 304050 | 284713 | 324436,2023-03-06,57072,etender.gov.az/main/competitions
etender-buyer-780,1300526471,"AZƏRBAYCAN RESPUBLİKASI İQTİSADİYYAT NAZİRLİYİ YANINDA DÖVLƏT VERGİ XİDMƏTİNİN TƏDRİS MƏRKƏZİ

",,7,active | awarded | other,268739 | 342265 | 342623 | 320109 | 297072,2022-04-08,39658,etender.gov.az/main/competitions
etender-buyer-781,1000227691,AZƏRBAYCAN MİLLİ AEROKOSMİK AGENTLİYİ,S.S.Axundov 1,7,awarded | cancelled | other,350819 | 349815 | 345290 | 334056 | 344512,1776960653,2026/AT/01933/V1,etender.gov.az/main/competitions
etender-buyer-782,2905736301,SUMQAYIT ŞƏHƏR PSİXİATRİYA XƏSTƏXANASI,"Sumqayıt şəhər, İnşaatçılar qəsəbəsi, K.Hüseynov-131",7,awarded | other,351381 | 344394 | 323728 | 302508 | 282606,1777639440,2026/AT/01454/V3,etender.gov.az/main/competitions
etender-buyer-783,3000118901,ŞƏKİ TİBB KOLLECİ,M.B.Əfəndiyev 11,7,awarded | other,344906 | 332449 | 323520 | 321222 | 302360,1766146744,2025/AT/00997/V1,etender.gov.az/main/competitions
etender-buyer-784,8500155541,ŞƏMKİR RAYONU İCRA HAKİMİYYƏTİ BAŞÇISININ DƏLLƏR QƏSƏBƏ İNZİBATİ ƏRAZİ DAİRƏSİ ÜZRƏ NÜMAYƏNDƏLİYİ,,7,awarded | cancelled,342179 | 334294 | 312820 | 297497 | 292966,1761578615,2025/AT/00149/V1,etender.gov.az/main/competitions
etender-buyer-785,7600062111,GÖYGÖL MƏNZİL-KOMMUNAL TƏSƏRRÜFATI İSTEHSALAT BİRLİYİ,,7,awarded | cancelled | other,343081 | 305773 | 278011 | 242042 | 241120,1762440836,2025/AT/00454/V2,etender.gov.az/main/competitions
etender-buyer-786,0600007361,CULFA RAYON İCRA HAKİMİYYƏTİ,Culfa şəhər Təbriz küçəsi 12,7,awarded | cancelled | other,330589 | 326899 | 329448 | 320635 | 338039,1747065511,110991,etender.gov.az/main/competitions
etender-buyer-787,0200028551,AZƏRBAYCAN   MİLLİ   ELMLƏR  AKADEMİYASI  NAXÇIVAN  BÖLMƏSİ,,7,awarded | cancelled | other,331611 | 352870 | 351152 | 330145 | 330139,1748273686,111961,etender.gov.az/main/competitions
etender-buyer-788,0800008451,ŞAHBUZ  RAYON   İCRA  HAKİMİYYƏTİ,ŞAHBUZ ŞƏHƏR HEYDƏR ƏLİYEV 10,7,awarded | cancelled | other,334016 | 327337 | 326169 | 327594 | 318023,1751647964,114384,etender.gov.az/main/competitions
etender-buyer-789,1400125331,HEYDƏR ƏLİYEV ADINA SARAY,,7,awarded | cancelled,332564 | 304943 | 324347 | 324083 | 312595,1749664733,112926,etender.gov.az/main/competitions
etender-buyer-790,2006524001,"""AZELAB"" MƏHDUD MƏSULİYYƏTLİ CƏMİYYƏTİ","BAKI ŞƏHƏR , XƏTAİ RAYON, XUDU MƏMMƏDOV, 3",7,awarded | cancelled,308021 | 293673 | 292998 | 277618 | 259008,1717004653,85771,etender.gov.az/main/competitions
etender-buyer-791,4500152021,AZƏRBAYCAN RESPUBLİKASI KƏND TƏSƏRRÜFATI NAZİRLİYİNİN MEYVƏÇİLİK VƏ ÇAYÇILIQ ELMİ-TƏDQİQAT İNSTİTUTU,Quba rayonu Zərdabi,7,awarded | cancelled | other,296411 | 275689 | 256810 | 233852 | 343756,1696932780,72314,etender.gov.az/main/competitions
etender-buyer-792,1002543031,"""BAKI TURİZM PEŞƏ MƏKTƏBİ"" PUBLİK HÜQUQİ ŞƏXSİ",Cəfər xəndan 17,7,awarded | other,292486 | 275811 | 273958 | 256710 | 246016,1689357616,67847,etender.gov.az/main/competitions
etender-buyer-793,1700811061,İÇƏRİ ŞƏHƏR DÖVLƏT TARİX-MEMARLIQ QORUĞU İDARƏSİ ELMİ-İSTEHSALAT BƏRPA EMALATXANASI,Müslüm Maqomayev 28,7,awarded | cancelled,277592 | 241873 | 238493 | 236505 | 236361,1666699213,50048,etender.gov.az/main/competitions
etender-buyer-794,1400872751,"AZƏRBAYCAN RESPUBLİKASININ NƏQLİYYAT, RABİTƏ VƏ YÜKSƏK TEXNOLOGİYALAR NAZİRLİYİ YANINDA DÖVLƏT DƏNİZ AGENTLİYİ","Səbail rayonu, Xanlar küçəsi 2 B",7,awarded | cancelled,254910 | 254909 | 254908 | 244032 | 244022,1619691822,24742,etender.gov.az/main/competitions
etender-buyer-795,6700036591,MİL-MUĞAN MEŞƏ MELİORASİYA İDARƏSİ,Saatlı rayonu Mollavayızlı kəndi,7,awarded | cancelled,254274 | 253870 | 253768 | 239756 | 239759,1618410832,24687,etender.gov.az/main/competitions
etender-buyer-796,3900214101,BEYLƏQAN SUBARTEZİAN QUYULARININ İSTİSMARI İDARƏSİ,Beyləqan rayonu Birinci Şahsevən kəndi,7,awarded | cancelled,255499 | 252278 | 252194 | 252196 | 238053,1621255068,26121,etender.gov.az/main/competitions
etender-buyer-797,7400503021,AZƏRBAYCAN RESPUBLİKASI TƏHSİL NAZİRLİYİNİN 11 SAYLI ƏRAZİ MALİYYƏ HESABLAŞMA MƏRKƏZİ,"Ucar şəhəri, H. Əliyev pr.17",7,awarded | cancelled,252798 | 252800 | 252801 | 238243 | 238242,1614679958,23066,etender.gov.az/main/competitions
etender-buyer-798,6700012601,AZƏRBAYCAN RESPUBLİKASI SAATLI RAYON İCRA HAKİMİYYƏTİ BAŞÇISININ SAATLI ŞƏHƏR İNZİBATİ ƏRAZİ DAİRƏSİ ÜZRƏ NÜMAYƏNDƏSİ,"Saatlı şəhəri, Qara Qarayev küçəsi 5",7,awarded | other,245044 | 245040 | 241575 | 242084 | 244921,1595269317,14108,etender.gov.az/main/competitions
etender-buyer-799,9900013141,"""AZƏRBAYCAN AVTOMOBİL YOLLARI DÖVLƏT AGENTLİYİ"" PUBLİK HÜQUQİ ŞƏXSİ ",Baki şəhəri Binəqədi rayonu Rəşid İsmayılov küşəsi 2025-ci məhəllə,7,cancelled,253000 | 253001 | 253002 | 253019 | 253027,1614965657,23291,etender.gov.az/main/competitions
etender-buyer-800,2300343181,"""AZƏRBAYCAN TEXNOLOGİYA UNİVERSİTETİ"" PUBLİK HÜQUQİ ŞƏXSİ","Gəncə şəhəri,  Ş.İ.Xətai 103",6,active | other,354535 | 353780 | 353411 | 353385 | 352312,2026-06-25,2026/AT/03148/V1,etender.gov.az/main/competitions
etender-buyer-801,8800019171,"""QARABAĞ UNİVERSİTETİNİN KLİNİKASI"" PUBLİK HÜQUQİ ŞƏXSİ","Azərbaycan Respublikası Xankəndi şəhəri, Y.Məmmədəliyev küçəsi",6,active | awarded | cancelled,353446 | 351265 | 346459 | 341192 | 350298,2026-06-08,2026/AT/02809/V1,etender.gov.az/main/competitions
etender-buyer-802,1404921851,AZƏRBAYCAN  RESPUBLİKASININ MALİYYƏ  NAZİRLİYİ YANINDA DÖVLƏT BORCUNUN VƏ MALİYYƏ  ÖHDƏLİKLƏRİNİN İDARƏ  EDİLMƏSİ  AGENTLİYİ,Səməd Vurğun 135,6,active | cancelled | other,353390 | 351350 | 351349 | 350668 | 350654,2026-06-08,2026/AT/02315/V2,etender.gov.az/main/competitions
etender-buyer-803,1506543121,AZƏRBAYCAN RESPUBLİKASININ ELM VƏ TƏHSİL NAZİRLİYİ YANINDA MƏKTƏBƏQƏDƏR VƏ ÜMUMİ TƏHSİL ÜZRƏ DÖVLƏT AGENTLİYİ,Bakı Şəhəri Fətəli Xan Xoyski 109 ,6,active | awarded | cancelled,352018 | 322879 | 342910 | 326415 | 304596,2026-05-12,2026/AT/02329/V1,etender.gov.az/main/competitions
etender-buyer-804,3105369991,AZƏRBAYCAN DÖVLƏT SU EHTİYATLARI AGENTLİYİ REGİONAL SU MELİORASİYA XİDMƏTİ PUBLİK HÜQUQİ ŞƏXSİN SU ANBARLARININ İSTİSMARI İDARƏSİ,Abşeron rayon Ceyranbatan qəsəbəsi Su Anbarlarının İstismarı İdarəsi AZE0112,6,active | awarded | other,351405 | 337964 | 337978 | 337118 | 337013,2026-05-01,2026/AT/02132/V1,etender.gov.az/main/competitions
etender-buyer-805,2300328461,GÖY-GÖL MİLLİ PARKI,Göygöl rayonu Toğanalı kəndi,6,active | awarded | cancelled,350507 | 346910 | 333657 | 307473 | 348812,2026-04-20,2026/AT/01835/V1,etender.gov.az/main/competitions
etender-buyer-806,5600037871,"""YARDIMLI RAYON MƏRKƏZİ XƏSTƏXANASI"" PUBLİK HÜQUQİ ŞƏXSİ","Yardımlı şəhəri,H.Əliyev küçəsi 224",6,active | awarded | cancelled | other,344712 | 343505 | 304053 | 325929 | 343161,2025-12-12,2025/AT/00893/V1,etender.gov.az/main/competitions
etender-buyer-807,8000001731,"""XOCALI RAYON MƏRKƏZİ XƏSTƏXANASI"" PUBLİK HÜQUQİ ŞƏXSİ",Goranboy rayon Aşağı Ağcakənd qəsəbəsi Aşıq Ələsgər küç.42,6,active | awarded | other,305051 | 274361 | 340784 | 277826 | 274507,2024-04-23,81690,etender.gov.az/main/competitions
etender-buyer-808,1100072521,MÜDAFİƏ NAZİRLİYİ 329 SAYLI HƏRBİ HİSSƏ,Bakı şəhəri  Qaradağ rayonu Lökbatan qəsəbəsi,6,active | other,301333 | 300574 | 291569 | 290908 | 300571,2024-02-23,78191,etender.gov.az/main/competitions
etender-buyer-809,3100113171,AZƏRBAYCAN RESPUBLİKASI KƏND TƏSƏRRÜFATI NAZİRLİYİNİN ÜZÜMÇÜLÜK VƏ ŞƏRABÇILIQ ELMİ-TƏDQİQAT İNSTİTUTU,"Abşeron rayonu, Mehdiabad qəs., 20 Yanvar küç.,16 (Üzümçülük və Şərabçılıq Elmi-Tədqiqat İnstitutu)",6,active | awarded | cancelled | other,298071 | 297886 | 235747 | 233818 | 233592,2023-11-09,74159,etender.gov.az/main/competitions
etender-buyer-810,5300008511,ZƏRDAB RAYON İCRA HAKİMİYYƏTİ,"Az.6300 Zərdab şəhəri, Heydər Əliyev prospekti 7",6,active | awarded | cancelled | other,284062 | 340014 | 314764 | 291797 | 310956,2023-03-03,56993,etender.gov.az/main/competitions
etender-buyer-811,7000188461,SALYAN  RAYONLARARASI PSİXİATRİYA XƏSTƏXANASI,,6,active | awarded,282560 | 344548 | 323313 | 313402 | 302987,2023-01-25,55317,etender.gov.az/main/competitions
etender-buyer-812,2900187391,ABADLAŞDIRMA TƏMİR-TİKİNTİ İDARƏSİ,"Sumqayıt şəhəri, 39-cu məhəllə, MKTİB-nin Təsərrüfat sahəsi",6,active | awarded | other,275921 | 269951 | 278273 | 272248 | 240965,2022-09-21,48222,etender.gov.az/main/competitions
etender-buyer-813,1401032961,AZƏRBAYCAN RESPUBLİKASI FÖVQƏLADƏ HALLAR NAZİRLİYİNİN TİBB XİDMƏTİ İDARƏSİ,"BAKI, N. RƏFİYEV 66",6,active | awarded | cancelled,270680 | 348195 | 338951 | 317154 | 317722,2022-05-20,42400,etender.gov.az/main/competitions
etender-buyer-814,2900538261,AZƏRBAYCAN MİLLİ ELMLƏR AKADEMİYASI POLİMER MATERİALLARI İNSTİTUTU,"Sumqayıt şəhəri, S.Vurğun 124",6,awarded | cancelled | other,350310 | 334400 | 320802 | 330459 | 318208,1776352829,2026/AT/01780/V1,etender.gov.az/main/competitions
etender-buyer-815,0200046461,NAXÇIVAN MR DİN-NİN YANINDA MÜHAFİZƏ ŞÖBƏSİ,Naxçıvan şəhər 49-cu məhəllə,6,awarded | other,347659 | 346252 | 325599 | 346302 | 345366,1772208259,2026/AT/00408/V2,etender.gov.az/main/competitions
etender-buyer-816,1800297321,Tərəvəzçilik Elmi Tədqiqat İnstitutu Publik hüquqi Şəxs,baki şəhəri.Pirşağı qəs.2 № Sovxoz,6,awarded | cancelled | other,345030 | 250495 | 234744 | 235079 | 342716,1766591076,2025/AT/01061/V1,etender.gov.az/main/competitions
etender-buyer-817,1700303251,"""AZƏRBAYCAN MİLLİ KONSERVATORİYASI"" MƏHDUD MƏSULİYYƏTLİ CƏMİYYƏTİ","Bakı şəhəri, Yasamal rayonu, Ə.Ələkbərov küçəsi 7",6,awarded | cancelled | other,345465 | 323823 | 302531 | 283209 | 344805,1768475163,2026/AT/00052/V2,etender.gov.az/main/competitions
etender-buyer-818,1500350881,"""AZƏRBAYCAN DÖVLƏT DƏNİZ AKADEMİYASININ NƏZDİNDƏ AZƏRBAYCAN DƏNİZÇİLİK KOLLECİ"" PUBLİK HÜQUQİ ŞƏXSİ","Bakı şəhəri, Xətai rayonu, Cavanşir küçəsi 3 /823-cü keçid",6,awarded | cancelled | other,342742 | 337016 | 315471 | 312644 | 312646,1762183936,2025/AT/00354/V1,etender.gov.az/main/competitions
etender-buyer-819,2700140421,"""MİNGƏÇEVİR TİBB KOLLECİ"" PUBLİK HÜQUQİ ŞƏXSİ","Mingeçevir şəhəri, Naxçıvan küç 25",6,awarded | cancelled,344932 | 325552 | 301302 | 296999 | 297251,1766157194,2025/AT/01007/V1,etender.gov.az/main/competitions
etender-buyer-820,6000319051,DÖVLƏT MƏŞĞULLUQ AGENTLİYİNİN TABELİYİNDƏ GÖYÇAY PEŞƏ HAZIRLIĞI MƏRKƏZİ PUBLİK HÜQUQİ ŞƏXSİ,Göyçay şəhəri R.Rza 70,6,awarded | cancelled | other,340987 | 308861 | 345531 | 343967 | 301424,1760357353,121374,etender.gov.az/main/competitions
etender-buyer-821,4500163851,AZƏRBAYCAN DÖVLƏT PEDAQOJİ UNİVERSİTETİNİN QUBA FİLİALI,Quba şəhəri Fətəlixan küçəsi - 4,6,awarded | other,341223 | 340124 | 321274 | 236492 | 235645,1760545112,121610,etender.gov.az/main/competitions
etender-buyer-822,2302687591,"GƏNCƏ ŞƏHƏR İCRA HAKİMİYYƏTİNİN TABELİYİNDƏ ""PARK-XİYABAN"" İSTİSMAR VƏ MÜHAFİZƏ İDARƏSİ",Gəncə Şəhəri Nİzami pr 539 Heydər Əliyev Parkı,6,awarded | cancelled | other,339550 | 296569 | 277314 | 293652 | 275662,1758733599,119936,etender.gov.az/main/competitions
etender-buyer-823,4001406051,051 NÖMRƏLİ HƏRBİ HİSSƏ,Bərdə şəhəri,6,awarded | cancelled | other,298738 | 280874 | 271614 | 274804 | 297804,1700751877,74904,etender.gov.az/main/competitions
etender-buyer-824,1301259111,AZƏRBAYCAN RESPUBLİKASININ ƏMƏK VƏ ƏHALİNİN SOSİAL MÜDAFİƏSİ NAZİRLİYİNİN TABELİYİNDƏ DÖVLƏT SOSİAL MÜDAFİƏ FONDU PUBLİK HÜQUQİ ŞƏXSİN XÜSUSİ ŞƏRTLƏRLƏ TƏYİNAT ÜZRƏ MƏRKƏZİ FİLİALI,"Bakı şəhəri, Ziya Bünyadov küçəsi 43",6,awarded | cancelled | other,259301 | 250876 | 235951 | 249244 | 235269,1629733875,30344,etender.gov.az/main/competitions
etender-buyer-825,1701661661,Azərbaycan Dövlət Tərcümə Mərkəzi," Bakı şəhəri, Nəsimi rayonu, Topçubaşov küçəsi 74.",6,awarded | cancelled | other,261740 | 244925 | 240033 | 269129 | 265905,1634144121,33102,etender.gov.az/main/competitions
etender-buyer-826,3700047871,ASTARA RAYON İCRA HAKİMİYYƏTİ BAŞÇISININ KİJƏBƏ QƏSƏBƏSİ ÜZRƏ ƏRAZİ NÜMAYƏNDƏLİYİ,Astara rayonu Kijəbə Qəsəbəsi,6,awarded | other,256776 | 255122 | 240430 | 255120 | 255116,1624035648,27504,etender.gov.az/main/competitions
etender-buyer-827,5700111491,ŞİRVAN QIŞ OTLAQLARININ  SU TƏMİNATI SİSTEMLƏRİ İSTİSMARI İDARƏSİ,"Kürdəmir şəhəri, Bakı pr. 12",6,awarded | cancelled,252392 | 252445 | 254050 | 238472 | 238470,1613653120,22476,etender.gov.az/main/competitions
etender-buyer-828,3400106171,AĞCABƏDİ SUBARTEZİAN QUYULARININ İSTİSMARI İDARƏSİ,İsmət Qayıbov küçəsi 41,6,awarded | cancelled | other,255691 | 256798 | 254028 | 252487 | 252488,1621531214,26336,etender.gov.az/main/competitions
etender-buyer-829,2200151231,ŞİRVAN  MEŞƏ MELİORASİYA İDARƏSİ,,6,awarded,251890 | 251907 | 251923 | 251934 | 238412,1612875743,22034,etender.gov.az/main/competitions
etender-buyer-830,4400200561,QƏBƏLƏ RAYON MƏNZİL İSTİSMAR VƏ KOMMUNAL MÜƏSSİSƏLƏRİ KOMBİNATI,E.Kərimov 18/,5,active | other,354376 | 351036 | 349249 | 348495 | 351019,2026-06-24,2026/AT/03085/V1,etender.gov.az/main/competitions
etender-buyer-831,0701524151,"AZƏRBAYCAN RESPUBLİKASI NAXÇIVAN MUXTAR RESPUBLİKASI SƏHİYYƏ NAZİRLİYİ ""ŞƏRUR REGİONAL TİBB MƏRKƏZİ"" PUBLİK HÜQUQİ ŞƏXSİ","Şərur  rayonu Şərur şəhəri, Sabir Küçəsi No.9 ",5,active | awarded | cancelled | other,354361 | 324179 | 321271 | 351764 | 320818,2026-06-24,2026/AT/03082/V1,etender.gov.az/main/competitions
etender-buyer-832,3104294981,ƏKİNÇİLİK ELMİ-TƏDQİQAT İNSTİTUTUNUN YARDIMÇI TƏCRÜBƏ TƏSƏRRÜFATLARI BİRLİYİ,"Abşeron rayonu, 2 nömrəli Sovxoz",5,active | cancelled,354146 | 352511 | 337224 | 315519 | 313140,2026-06-19,2026/AT/03015/V1,etender.gov.az/main/competitions
etender-buyer-833,1700329531,"""RESPUBLİKA ENDOKRİNOLOJİ MƏRKƏZİ"" PUBLİK HÜQUQİ ŞƏXSİ","Bakı şəhəri,Ü.Hacıbəyov 112",5,active | awarded | cancelled | other,353690 | 325470 | 349474 | 304138 | 353066,2026-06-11,2026/AT/02663/V2,etender.gov.az/main/competitions
etender-buyer-834,1702314011,"""İNNOVA"" İNNOVATİV REKLAMÇILIQ ŞİRKƏTİ"" MƏHDUD MƏSULİYYƏTLİ CƏMİYYƏTİ","Bakı  şəhəri ,Səbail   r-nu ,Nizami  küc. Ev 96E				",5,active | cancelled,353279 | 349561 | 351811 | 347092 | 347035,2026-06-04,2026/AT/02749/V1,etender.gov.az/main/competitions
etender-buyer-835,1400488431,AZƏRBAYCAN RESPUBLİKASININ TƏHSİL İNSTİTUTU,"Bakı şəhəri, Zərifə Əliyeva küçəsi 96 ",5,active | awarded | cancelled | other,352745 | 270129 | 352194 | 270128 | 269238,2026-05-22,2026/AT/02561/V1,etender.gov.az/main/competitions
etender-buyer-836,6200027931,"""LAÇIN RAYON MƏRKƏZİ XƏSTƏXANASI"" PUBLİK HÜQUQİ ŞƏXSİ","Laçın şəhəri , Heydər Əliyev prospekti. Laçın Rayon Mərkəzi Xəstəxanası",5,active | awarded | other,352591 | 348014 | 325845 | 274769 | 352487,2026-05-21,2026/AT/02473/V2,etender.gov.az/main/competitions
etender-buyer-837,1300479251,AZƏRBAYCAN RESPUBLİKASI DÖVLƏT GÖMRÜK KOMİTƏSİNİN AKADEMİYASI,,5,active | awarded | other,351458 | 289845 | 287688 | 270167 | 289678,2026-05-04,2026/AT/02144/V1,etender.gov.az/main/competitions
etender-buyer-838,1700248341,AZƏRBAYCAN RESPUBLİKASI PREZİDENTİ YANINDA DÖVLƏT İDARƏÇİLİK AKADEMİYASI,"Bakı şəhəri, Səbail rayonu, M.Lermontov küçəsi 74, AZ1001",5,active | awarded | cancelled,351394 | 341834 | 320797 | 297969 | 347376,2026-05-01,2026/AT/02127/V1,etender.gov.az/main/competitions
etender-buyer-839,2009203861,"AZƏRBAYCAN RESPUBLİKASI KƏND TƏSƏRRÜFATI NAZİRLİYİNİN TABELİYİNDƏ ""BALIQÇILIQ VƏ AKVAKULTURA MƏRKƏZİ"" PUBLİK HÜQUQİ ŞƏXSİ"," AZ 1025, Bakı şəhəri, Xətai rayonu, Süleyman Vəzirov küçəsi, 91",5,active | cancelled,350637 | 346315 | 346318 | 342346 | 343903,2026-04-21,2026/AT/01880/V1,etender.gov.az/main/competitions
etender-buyer-840,2000249921,AZƏRBAYCAN RESPUBLİKASI EKOLOGİYA VƏ TƏBİİ SƏRVƏTLƏR NAZİRLİYİNİN  XƏZƏR KOMPLEKS EKOLOJİ MONİTORİNQ İDARƏSİ,"Bakı şəhəri, Xətai rayonu Xudu Məmmədov 3",5,active | awarded | cancelled,350392 | 313278 | 311589 | 246225 | 309315,2026-04-17,2026/AT/01803/V1,etender.gov.az/main/competitions
etender-buyer-841,8500209801,ŞƏMKİR KOMMUNAL MÜƏSSİSƏSİ KOMBİNATI,"Şəmkir ş., Heydər Əliyev pr., 15",5,active | awarded | cancelled,342531 | 338123 | 337286 | 292497 | 336348,2025-10-30,2025/AT/00277/V1,etender.gov.az/main/competitions
etender-buyer-842,2900454031,ABŞERON-XIZI REGİONAL GƏNCLƏR VƏ İDMAN İDARƏSİ,"AZ5000 Sumqayıt şəhər, Mehdi Hüseynzadə adına stadionun inzibati binası.",5,active | awarded | cancelled | other,324008 | 320623 | 317438 | 306411 | 323947,2025-01-07,103579,etender.gov.az/main/competitions
etender-buyer-843,5000039931,ŞABRAN RAYON İCRA HAKİMİYYƏTİ,"Şabran rayonu, H.Əliyev Prospekti 60",5,active | awarded | cancelled | other,312388 | 321959 | 346777 | 307542 | 312370,2024-07-28,90657,etender.gov.az/main/competitions
etender-buyer-844,1300502871,SİLAHLI QÜVVƏLƏRİN TƏLİM VƏ TƏDRİS MƏRKƏZİ,Yasamal Rayonu Ş.Mehdiyev 17,5,active | awarded | other,300043 | 300042 | 287628 | 284212 | 284211,2023-12-31,76302,etender.gov.az/main/competitions
etender-buyer-845,2101167191,ŞİRVAN ŞƏHƏR ONKOLOJİ XƏSTƏXANASI,Şirvan şəhəri H.Əliyev küç.16/5,5,active | awarded | other,297850 | 344514 | 322307 | 299996 | 299486,2023-11-04,73916,etender.gov.az/main/competitions
etender-buyer-846,1500393051,"""PSİXİ SAĞLAMLIQ MƏRKƏZİ"" PUBLİK HÜQUQİ ŞƏXSİ",Nərimanov rayonu İsmayıl Hidayətzadə 16,5,active | awarded | other,297664 | 344601 | 323099 | 299891 | 297341,2023-11-01,73711,etender.gov.az/main/competitions
etender-buyer-847,8000002241,XOCALI ŞƏHƏR KOMMUNAL MÜƏSSİSƏLƏRİ KOMBİNATI,Goranboy rayon Aşağı Ağcakənd qəsəbəsi,5,active | awarded | cancelled,296506 | 294442 | 293917 | 296581 | 291803,2023-10-11,72084,etender.gov.az/main/competitions
etender-buyer-848,0500006301,NAXÇIVAN MUXTAR RESPUBLİKASI AVTOMOBİL YOLLARI  DÖVLƏT AGENTLİYİNİN SƏDƏRƏK RAYON YOL TƏMİR İSTİSMAR İDARƏSİ,sədərək rayon Heydərabad qəsəbəsi,5,active | awarded | other,295139 | 298454 | 295367 | 295138 | 295100,2023-09-14,70940,etender.gov.az/main/competitions
etender-buyer-849,1700495491,MÜDAFİƏ NAZİRLİYİNİN HƏRBİ POLİS İDARƏSİ,"Bakı şəhəri, Biləcəri qəsəbəsi Natavan  küçəsi, 1",5,active | awarded | cancelled,285237 | 287358 | 281039 | 276357 | 276351,2023-04-04,59338,etender.gov.az/main/competitions
etender-buyer-850,0201149751,"""NAXÇIVAN MUXTAR RESPUBLİKASI KARDİOLOJİ MƏRKƏZİ"" PUBLİK HÜQUQİ ŞƏXSİ",,5,active | awarded | other,284841 | 288135 | 287675 | 287357 | 283570,2023-03-28,57731,etender.gov.az/main/competitions
etender-buyer-851,1700432341,AZƏRBAYCAN MİLLİ ELMLƏR AKADEMİYASI BOTANİKA İNSTİTUTU,"Bakı şəhəri, Badamdar şossesi 40",5,active | awarded | cancelled | other,276378 | 308161 | 300164 | 301470 | 275618,2022-10-01,48730,etender.gov.az/main/competitions
etender-buyer-852,0201504201,NAXÇIVAN MUXTAR RESPUBLİKASININ QİDA TƏHLÜKƏSİZLİYİ AGENTLİYİ,Naxçıvan şəhəri K. Talıblı 6,5,awarded | cancelled | other,346094 | 325860 | 323420 | 316860 | 345448,1769797841,2026/AT/00088/V2,etender.gov.az/main/competitions
etender-buyer-853,1306542161,"""BAKI ŞƏHƏR NARKOLOJİ MƏRKƏZİ"" PUBLİK HÜQUQİ ŞƏXSİ"," Bakı şəhəri, Yasamal rayonu, Şərifzadə 229",5,awarded | other,344963 | 326730 | 323476 | 301861 | 325589,1766419299,2025/AT/01025/V1,etender.gov.az/main/competitions
etender-buyer-854,5701220631,KÜRDƏMİR RAYON PSİXİATRİYA XƏSTƏXANASI,Kurdamir seh. H.Eliyev PR mehelle.3 bina 47a ,5,awarded | cancelled,344565 | 323269 | 306871 | 282353 | 300687,1765214730,2025/AT/00827/V1,etender.gov.az/main/competitions
etender-buyer-855,0200024851,NAXÇIVAN MUXTAR RESPUBLİKASININ DİNİ QURUMLARLA İŞ ÜZRƏ DÖVLƏT AGENTLİYİ,C.Məmmədquluzadə 1/8,5,awarded | cancelled | other,333758 | 333478 | 330209 | 332914 | 332342,1751389745,114122,etender.gov.az/main/competitions
etender-buyer-856,4900014081,DAŞKƏSƏN RAYON İCRA HAKİMİYYƏTİ,"Daşkəsən şəhəri, Heydər Əliyev prospekti 7",5,awarded,335163 | 311610 | 288693 | 276144 | 273162,1753264685,115532,etender.gov.az/main/competitions
etender-buyer-857,8200011561,"""CƏBRAYIL RAYON  MƏRKƏZİ XƏSTƏXANASI"" PUBLİK HÜQUQİ ŞƏXSİ",Cəbrayıl (Biləsuvar) rayonu 3 saylı qəsəbə,5,awarded | other,333294 | 325971 | 309067 | 305784 | 303955,1750696846,113657,etender.gov.az/main/competitions
etender-buyer-858,2000267961,Bakı şəhəri Xətai Rayon İcra Hakimiyyəti,"Az 1025, Bakı Şəhəri, Xocalı prospekti 41",5,awarded | cancelled,314101 | 297339 | 297759 | 297285 | 293740,1724158714,92293,etender.gov.az/main/competitions
etender-buyer-859,8500148081,ŞƏMKİR RAYON İCRA HAKİMİYYƏTİ BAŞÇISININ KÜR QƏSƏBƏ İNZİBATİ ƏRAZİ DAİRƏSİ ÜZRƏ NÜMAYƏNDƏLİYİ,Şəmkir rayon Kür qəsəbəsi,5,awarded | cancelled,313783 | 303027 | 258853 | 311538 | 258849,1723736163,92202,etender.gov.az/main/competitions
etender-buyer-860,1500281771,DİN-NİN AVTOMOBİL TƏSƏRRÜFATI,,5,awarded | cancelled | other,312157 | 234608 | 234607 | 311905 | 311032,1721845272,90385,etender.gov.az/main/competitions
etender-buyer-861,1201884591,"AZƏRBAYCAN RESPUBLİKASI DÖVLƏT MÜLKİ AVİASİYA ADMİNİSTRASİYASININ TABELİYİNDƏ ""MÜLKİ AVİASİYADA UÇUŞLARIN TƏHLÜKƏSİZLİYİ ÜZRƏ DÖVLƏT MÜFƏTTİŞLİYİ"" PUBLİK HÜQUQİ ŞƏXS","Bakı şəhəri, AZ1095, Azadlıq prospekti 11",5,awarded | cancelled,311675 | 307223 | 296317 | 238577 | 289209,1721317385,89780,etender.gov.az/main/competitions
etender-buyer-862,0200232041,"""ZƏRİFƏ ƏLİYEVA ADINA NAXÇIVAN ŞƏHƏR POLİKLİNİKASI"" PUBLİK HÜQUQİ ŞƏXSİ",Naxçıvan şəh. Əziz Əliyev küç.114,5,awarded | cancelled | other,309630 | 304431 | 293557 | 319445 | 304334,1719179844,87586,etender.gov.az/main/competitions
etender-buyer-863,4000207671,AZƏRBAYCAN RESPUBLİKASI ƏMLAK MƏSƏLƏLƏRİ DÖVLƏT KOMİTƏSİNİN YANINDA DAŞINMAZ ƏMLAKIN DÖVLƏT REYESTRİ XİDMƏTİNİN 7 SAYLI BƏRDƏ ƏRAZİ İDARƏSİ,Bərdə şəhəri,5,awarded | cancelled,306417 | 295049 | 322496 | 290185 | 282881,1715209831,84023,etender.gov.az/main/competitions
etender-buyer-864,1700219551,AZƏRBAYCAN XALÇA MUZEYİ,"Səbail rayonu,M.Useynov prospekti 28.",5,awarded | cancelled,306469 | 292566 | 274706 | 311586 | 309563,1715348256,84077,etender.gov.az/main/competitions
etender-buyer-865,2300247681,"""AZƏRBAYCAN DƏMİR YOLLARI"" QAPALI SƏHMDAR CƏMİYYƏTİ HƏKİM SANİTAR XİDMƏTİ GƏNCƏ DƏMİR YOLU XƏSTƏXANASI MƏHDUD MƏSULİYYƏTLİ CƏMİYYƏTİ",Gəncə şəhər Abbas-Səhhət 21,5,awarded | cancelled | other,295346 | 246785 | 245918 | 296235 | 245899,1695124948,71159,etender.gov.az/main/competitions
etender-buyer-866,1300959901,FÖVQƏLADƏ HALLAR  NAZİRLİYİ,,5,awarded | cancelled,293938 | 293940 | 293939 | 282171 | 298641,1692271144,69633,etender.gov.az/main/competitions
etender-buyer-867,4200453811,AZƏRBAYCAN RESPUBLİKASI SƏHİYYƏ NAZİRLİYİNİN  QAZAX MÜALİCƏ  DİAQNOSTİKA MƏRKƏZİ,Qazax Aslan Kəmərli 2,5,awarded | other,282799 | 265147 | 251112 | 238985 | 238975,1675336019,55574,etender.gov.az/main/competitions
etender-buyer-868,9900001621,"""AZƏRİQAZ"" İSTEHSALAT BİRLİYİ","Yusif Səfərov küçəsi 35, Xətai rayonu, AZ 1025 Bakı",5,awarded | cancelled | other,281359 | 274258 | 292494 | 275827 | 274038,1669731565,53990,etender.gov.az/main/competitions
etender-buyer-869,1502142751,"""KOMMUNAL XİDMƏTLƏR MÜƏSSİSƏSİ"" MƏHDUD MƏSULİYYƏTLİ CƏMİYYƏTİ","Bakı şəhəri, Xətai rayonu, 8 Noyabr prospekti, 139  ",5,awarded | other,274851 | 252738 | 249219 | 274849 | 251993,1661874734,47073,etender.gov.az/main/competitions
etender-buyer-870,8300987681,AZƏRBAYCAN RESPUBLİKASI SƏHİYYƏ NAZİRLİYİNİN CƏLİLABAD MÜALİCƏ DİAQNOSTİKA MƏRKƏZİ,Cəlilabad şəhəri Qurtuluş pr.1,5,awarded | other,265144 | 250962 | 246512 | 239446 | 246420,1643280164,37010,etender.gov.az/main/competitions
etender-buyer-871,1800275561,13 SAYLI BAKI PEŞƏ MƏKTƏBİ,Bakı şəh Maştağa qəs Seyid İbad Ağa küç ev 67,5,awarded | other,263445 | 249003 | 237680 | 248997 | 248994,1637240391,34970,etender.gov.az/main/competitions
etender-buyer-872,1701243801,"DƏNİZKƏNARI BULVAR İDARƏSİNİN KOMMUNAL XİDMƏT,TƏMİR VƏ DƏNİZKƏNARI BULVAR ƏRAZİSİNİN MÜHAFİZƏSİ  MÜƏSSİSƏSİ","Bakı şəhəri, Səbail rayonu, Bayıl qəsəbəsi, ev. cənub-şərq hissəsi",5,awarded,261538 | 261770 | 255759 | 253879 | 247376,1633713892,32859,etender.gov.az/main/competitions
etender-buyer-873,3100188551,QOBUSTAN QIŞLAQLARIN SU TƏMİNATI SİSTEMLƏRİ İDARƏSİ,Xırdalan Binəqədi şosesi-3,5,awarded | cancelled,256768 | 254561 | 254560 | 234118 | 256770,1624032956,27446,etender.gov.az/main/competitions
etender-buyer-874,1700202161,AZƏRBAYCANDA İXRACIN VƏ İNVESTİSİYALARIN TƏŞVİQİ FONDU,"Bakı şəhəri, Neftçilər pr. 32, Bakı Biznes Mərkəzi, AZ 1000",5,awarded | other,258013 | 256498 | 246324 | 256763 | 256483,1626476381,28936,etender.gov.az/main/competitions
etender-buyer-875,1500285191,AZƏRBAYCAN RESPUBLİKASI KƏND TƏSƏRRÜFATI NAZİRLİYİNİN TƏCHİZAT BAZASI,Nərimanov rayonu Böyükşor st,5,awarded | other,248414 | 245699 | 245144 | 244491 | 244488,1603213048,18082,etender.gov.az/main/competitions
etender-buyer-876,2300360991,QƏRB ƏRAZİ BAŞ GÖMRÜK İDARƏSİ,"Gəncə şəhəri, Abbas Səhhət 72",5,awarded | cancelled | other,246367 | 242093 | 245193 | 246302 | 241226,1598707195,15667,etender.gov.az/main/competitions
etender-buyer-877,1200119871,ABŞERON SUBTROPİK BİTKİLƏR TƏCRÜBƏ STANSİYASI,"Xəzər rayon, Binə qəsəbəsi, Ə.İsazadə küçəsi 28",5,awarded | cancelled,235163 | 235162 | 234010 | 234012 | 233712,1570467557,3810,etender.gov.az/main/competitions
etender-buyer-878,1203765341,"""DÖVLƏT MÜLKİ AVİASİYA AGENTLİYİ"" PUBLİK HÜQUQİ ŞƏXSİ","AZ1044, Bakı şəhəri, Xəzər rayonu, Mərdəkan ŞTQ, Heydər Əliyev Beynəlxalq Aeroportu",4,active,354273 | 354053 | 349835 | 346358,2026-06-23,2026/AT/03062/V1,etender.gov.az/main/competitions
etender-buyer-879,4400477431,"AZƏRBAYCAN RESPUBLİKASI AİLƏ, QADIN VƏ UŞAQ PROBLEMLƏRİ ÜZRƏ DÖVLƏT KOMİTƏSİNİN QƏBƏLƏ UŞAQ VƏ AİLƏLƏRƏ DƏSTƏK MƏRKƏZİ",Qəbələ şəhər Nəsimi küç.67,4,active | awarded | cancelled,353859 | 244564 | 239084 | 243585,2026-06-13,2026/AT/02920/V1,etender.gov.az/main/competitions
etender-buyer-880,0200074201,NAXÇIVAN BAŞ GÖMRÜK İDARƏSİ,,4,active | awarded,352834 | 346863 | 290706 | 288204,2026-05-25,2026/AT/02586/V1,etender.gov.az/main/competitions
etender-buyer-881,1400207031,FÖVQƏLADƏ HALLAR NAZİRLİYİ DÖVLƏT YANĞINDAN MÜHAFİZƏ XİDMƏTİ,Nəcəfqulu Rəfiyev 66,4,active | cancelled,351235 | 344951 | 343249 | 344023,2026-04-30,2026/AT/02064/V1,etender.gov.az/main/competitions
etender-buyer-882,1300382691,"""AZƏRBAYCAN"" QƏZETİNİN REDAKSİYASI"" MƏHDUD MƏSULİYYƏTLİ CƏMİYYƏTİ",,4,active | cancelled | other,350399 | 350119 | 348434 | 348909,2026-04-17,2026/AT/01320/V2,etender.gov.az/main/competitions
etender-buyer-883,0200171981,NAXÇIVAN MUXTAR RESPUBLİKASININ İQTİSADİYYAT NAZİRLİYİ YANINDA ƏMLAK MƏSƏLƏLƏRİ DÖVLƏT XİDMƏTİ,"Naxçıvan şəhəri, Zərifə Əliyeva küçəsi, 15A",4,active | awarded | cancelled,348461 | 349413 | 340030 | 345945,2026-03-12,2026/AT/01163/V1,etender.gov.az/main/competitions
etender-buyer-884,0200405151,"""NAXÇIVAN MUXTAR RESPUBLİKASININ DÖVLƏT NƏQLİYYAT XİDMƏTİ"" PUBLİK HÜQUQİ ŞƏXSİ",Azərbaycan məhələsi 58,4,active | awarded | other,337136 | 308160 | 336997 | 306677,2025-08-21,117511,etender.gov.az/main/competitions
etender-buyer-885,5800494521,"KƏLBƏCƏR RAYONUNDA BƏRPA, TİKİNTİ VƏ İDARƏETMƏ XİDMƏTİ",,4,active | awarded | cancelled,334598 | 337976 | 340605 | 332398,2025-07-14,114966,etender.gov.az/main/competitions
etender-buyer-886,0201158361,"""NAXÇIVAN MUXTAR RESPUBLİKASI YOLUXUCU XƏSTƏLİKLƏR MƏRKƏZİ"" PUBLİK HÜQUQİ ŞƏXSİ",Naxçıvan şəhəri,4,active | awarded | other,324530 | 312049 | 290615 | 288377,2025-01-23,104141,etender.gov.az/main/competitions
etender-buyer-887,0200931021,"AZƏRBAYCAN RESPUBLİKSI NAXÇIVAN MUXTAR RESPUBLİKASI SƏHİYYƏ NAZİRLİYİ ""NAXÇIVAN MUXTAR RESPUBLİKASI AĞIZ VƏ DİŞ SAĞLAMLIQ MƏRKƏZİ"" PUBLİK HÜQUQİ ŞƏXSİ",,4,active | awarded | cancelled | other,323858 | 313105 | 314768 | 322941,2024-12-27,103412,etender.gov.az/main/competitions
etender-buyer-888,5200291211,"""LAYİHƏLƏRİN İCRASINA NƏZARƏT"" MƏHDUD MƏSULİYYƏTLİ CƏMİYYƏTİ",Zəngilan rayonu,4,active | awarded,308860 | 313545 | 310301 | 307707,2024-06-07,86722,etender.gov.az/main/competitions
etender-buyer-889,1400628921,AZƏRBAYCAN RESPUBLİKASININ PREZİDENTİ YANINDA ALİ ATTESTASİYA KOMİSSİYASI,"Bakı şəhəri, İstiqlaliyyət 8",4,active | awarded | cancelled,302935 | 342073 | 304945 | 301261,2024-03-19,80075,etender.gov.az/main/competitions
etender-buyer-890,2101404811,AZƏRBAYCAN RESPUBLİKASININ GƏNCLƏR VƏ İDMAN  NAZİRLİYİNİN ŞİRVAN-SALYAN REGİONAL GƏNCLƏR VƏ İDMAN İDARƏSİ,Şirvan ş. Naxçıvan küç 1b,4,active | awarded | other,299312 | 312366 | 310810 | 299003,2023-12-05,75500,etender.gov.az/main/competitions
etender-buyer-891,0201149881,"""ƏZİZ ƏLİYEV ADINA NAXÇIVAN MUXTAR RESPUBLİKASI MƏRKƏZİ UŞAQ XƏSTƏXANASI"" PUBLİK HÜQUQİ ŞƏXSİ",Naxçıvan şəhəri Ə.Əliyev 118,4,active | awarded | cancelled | other,298988 | 313342 | 305801 | 298987,2023-11-28,75173,etender.gov.az/main/competitions
etender-buyer-892,1402647071,"""HİDROTEX"" MƏHDUD MƏSULİYYƏTLİ CƏMİYYƏTİ",Bakı şəhəri Rəsul Rza-51,4,active | other,284122 | 283755 | 283461 | 283248,2023-03-06,57086,etender.gov.az/main/competitions
etender-buyer-893,1200148121,ABŞERON BİNƏ PEŞƏ LİTSEYİ,Bakı şəhəri  Xəzər rayonu Binə qəsəbəsi  Ə.İsəzadə 1 küçəsi,4,active | awarded,278272 | 237523 | 263620 | 249152,2022-11-04,50804,etender.gov.az/main/competitions
etender-buyer-894,4100063361,BİLƏSUVAR ŞƏHƏR KOMMUNAL MÜƏSSİSƏLƏRİ KOMBİNATI,,4,active | awarded,253330 | 293875 | 264963 | 259104,2021-03-15,23601,etender.gov.az/main/competitions
etender-buyer-895,1400294891,AZƏRBAYCAN  RESPULİKASI ƏRAZİLƏRİN BƏRPASI VƏ YENİDƏN QURULMASI ÜZRƏ AGENTLİK,Ibrahimpaşa Dadaşov 260,4,active | other,248160 | 247605 | 247509 | 247405,2020-10-14,17773,etender.gov.az/main/competitions
etender-buyer-896,6600404981,AZƏRBAYCAN  RESPUBLİKASI TƏHSİL NAZİRLİYİ 4 SAYLI ƏRAZİ MALİYYƏ HESABLAŞMA MƏRKƏZİ,,4,active | cancelled | other,243361 | 243359 | 241046 | 242150,2020-05-11,12138,etender.gov.az/main/competitions
etender-buyer-897,7701497581,AZƏRBAYCAN RESPUBLİKASI TƏHSİL NAZİRLİYİNİN 2 SAYLI ƏRAZİ MALİYYƏ HESABLAŞMA MƏRKƏZİ,Xaçmaz şəhər Heydər Əliyev prospekti 7,4,active | awarded,243265 | 243264 | 235895 | 234387,2020-05-07,11998,etender.gov.az/main/competitions
etender-buyer-898,1001007011,"AZƏRBAYCAN RESPUBLİKASININ MÜDAFİƏ SƏNAYESİ NAZİRLİYİ ""TƏHLÜKƏSİZLİK VƏ MÜHAFİZƏ İDARƏSİ"" MƏHDUD MƏSULİYYƏTLİ CƏMİYYƏTİ",,4,awarded | cancelled,346376 | 336802 | 339699 | 335995,1770309032,2026/AT/00437/V1,etender.gov.az/main/competitions
etender-buyer-899,2304674191,GƏNCƏ ŞƏHƏR PSİXİATRİYA XƏSTƏXANASI,"Gəncə şəhəri, Bayan küç, 217",4,awarded | other,345473 | 323850 | 303093 | 323568,1768480203,2026/AT/00097/V1,etender.gov.az/main/competitions
etender-buyer-900,7600186551,AZƏRBAYCAN RESPUBLİKASI SƏHİYYƏ NAZİRLİYİNİN KARDİOREVMATOLOJİ SANATORİYASI,Göygöl şəhəri Hummel küçəsi 42,4,awarded | other,344936 | 324536 | 311747 | 324513,1766159048,2025/AT/01011/V1,etender.gov.az/main/competitions
etender-buyer-901,1400292921,2 SAYLI KLİNİKİ PSİXATRİYA XƏSTƏXANASI,S.Rüstəm 40,4,awarded,344767 | 326895 | 301808 | 283144,1765814578,2025/AT/00930/V1,etender.gov.az/main/competitions
etender-buyer-902,4201353031,QAZAX RAYON PSİXİATRİYA XƏSTƏXANASI,Qazax H.Əliyev prospekti.№1,4,awarded,344750 | 323739 | 305428 | 282709,1765805881,2025/AT/00917/V1,etender.gov.az/main/competitions
etender-buyer-903,4502236261,QUBA RAYON PSİXONEVROLOJİ REABİLİTASİYA MƏRKƏZİ,"Quba rayonu,Zərdabi kəndi",4,awarded | other,344427 | 323547 | 300893 | 300883,1764762824,2025/AT/00794/V1,etender.gov.az/main/competitions
etender-buyer-904,2300357791,"""GƏNCƏ DÖVLƏT UNİVERSİTETİNİN NƏZDİNDƏ REGİONAL KOLLEC"" PUBLİK HÜQUQİ ŞƏXSİ",Az 2000 Gəncə şəhəri Şahsevənlər 153 ,4,awarded,342500 | 322002 | 316350 | 305783,1761834720,2025/AT/00261/V1,etender.gov.az/main/competitions
etender-buyer-905,0201545741,"NAXÇIVAN MUXTAR RESPUBLİKASININ İQTİSADİYYAT NAZİRLİYİ YANINDA ƏMLAK MƏSƏLƏLƏRİ DÖVLƏT XİDMƏTİNİN TABELİYİNDƏ ""DAŞINMAZ ƏMLAKIN DÖVLƏT KADASTRI VƏ REYESTRİ"" PUBLİK HÜQUQİ ŞƏXS","Naxçıvan şəhəri,Zərifə Əliyeva küçəsi 15A",4,awarded | other,340321 | 321797 | 321863 | 321374,1759494593,120708,etender.gov.az/main/competitions
etender-buyer-906,5200014611,"""ZƏNGİLAN  RAYON MƏRKƏZİ XƏSTƏXANASI"" PUBLİK HÜQUQİ ŞƏXSİ",,4,awarded | cancelled,339649 | 346718 | 346046 | 336636,1758819943,120035,etender.gov.az/main/competitions
etender-buyer-907,1500253491,YAŞILLAŞDIRMA TƏSƏRRÜFATI BİRLİYİ AVTOMOBİL NƏQLİYYATI İDARƏSİ,"AZ1106, BAKI ŞƏHƏRİ NƏRİMANOV RAYONU, XAN ŞUŞİNSKİ, ev 63",4,awarded | cancelled,326333 | 266140 | 249048 | 264127,1740563305,106267,etender.gov.az/main/competitions
etender-buyer-908,1301255821,MƏDƏNİYYƏT NAZİRLİYİNİN AZƏRBAYCAN DÖVLƏT RƏSM QALEREYASI,"Bakı şəhəri, Yasamal rayonu Moskva prospekti 1D",4,awarded | cancelled | other,325203 | 312906 | 323620 | 325055,1738928430,104941,etender.gov.az/main/competitions
etender-buyer-909,0201506451,"AZƏRBAYCAN RESPUBLİKASI NAXÇIVAN MUXTAR RESPUBLİKASI SƏHİYYƏ NAZİRLİYİ ""NAXÇIVAN MUXTAR RESPUBLİKASI TƏCİLİ TİBBİ YARDIM XİDMƏTİ"" PUBLİK HÜQUQİ ŞƏXSİ",Naxçıvan şəhəri K.Talıblı küç 3,4,awarded | cancelled,314888 | 315541 | 316003 | 311440,1724936528,93343,etender.gov.az/main/competitions
etender-buyer-910,1304479141,AZƏRBAYCAN MİLLİ ELMLƏR AKADEMİYASININ NEFT VƏ QAZ İNSTİTUTU,F.Əmirov 9,4,awarded | cancelled,296891 | 271610 | 293039 | 291774,1697713073,72848,etender.gov.az/main/competitions
etender-buyer-911,2100020961,ŞİRVAN BƏLƏDİYYƏSİ,,4,awarded | cancelled | other,297278 | 291671 | 288233 | 297275,1698312891,73273,etender.gov.az/main/competitions
etender-buyer-912,2600235651,LƏNKƏRAN DÖVLƏT UNİVERSİTETİNİN NƏZDİNDƏ SOSİAL VƏ AQRAR- TEXNOLOJİ KOLLEC,Lənkəran ş. Ş.Axundov 31,4,awarded,295319 | 292125 | 283680 | 283681,1695058264,71136,etender.gov.az/main/competitions
etender-buyer-913,8400091611,AZƏRBAYCAN DÖVLƏT PEDAQOJİ UNİVERSİTETİNİN ŞAMAXI FİLİALI,Şamaxı rayonu Şəhriyar qəsəbəsi,4,awarded | cancelled | other,295983 | 273726 | 273654 | 294684,1696268839,71856,etender.gov.az/main/competitions
etender-buyer-914,5200013391,ZƏNGİLAN SUVARMA SİSTEMLƏRİ İDARƏSİ,Moskva pr 69a,4,awarded | cancelled,292592 | 296846 | 295901 | 288579,1689684574,68198,etender.gov.az/main/competitions
etender-buyer-915,1500430331,AZƏRBAYCAN RESPUBLİKASI DAXİLİ İŞLƏR NAZİRLİYİNİN BAŞ İCTİMAİ TƏHLÜKƏSİZLİK İDARƏSİNƏ BİLAVASİTƏ TABE OLAN DİPLOMATİK NÜMAYƏNDƏLİKLƏRİN MÜHAFİZƏSİ ÜZRƏ ƏLAHİDDƏ POLİS TABORU,,4,awarded | cancelled,285326 | 271262 | 245151 | 244676,1680687748,59392,etender.gov.az/main/competitions
etender-buyer-916,4003432761,AZƏRBAYCAN RESPUBLİKASI DÖVLƏT ŞƏHƏRSALMA VƏ ARXİTEKTURA KOMİTƏSİ YANINDA QARABAĞ REGİONAL MEMARLIQ VƏ ŞƏHƏRSALMA BAŞ İDARƏSİ,Tərtər şəhəri Heydər Əliyev pr.54,4,awarded | other,276888 | 275661 | 272943 | 276870,1665566740,49309,etender.gov.az/main/competitions
etender-buyer-917,1306841601,"“AZƏRBAYCAN RESPUBLİKASININ DÖVLƏT DİL KOMİSSİYASI YANINDA MONİTORİNQ MƏRKƏZİ"" PUBLİK HÜQUQİ ŞƏXSİ","Bakı şəhəri, Yasamal rayonu, Hüseyn Cavid prospekti 117, mənzil 320",4,awarded | other,270206 | 269390 | 266065 | 265365,1652293894,41844,etender.gov.az/main/competitions
etender-buyer-918,2602298011,AZƏRBAYCAN RESPUBLİKASI MƏDƏNİYYƏT NAZİRLİYİNİN LƏNKƏRAN REGİONAL MƏDƏNİYYƏT İDARƏSİ,,4,awarded,263027 | 259623 | 248187 | 248131,1636564007,34492,etender.gov.az/main/competitions
etender-buyer-919,1702934871,AZƏRBAYCAN RESPUBLİKASININ ENERGETİKA NAZİRLİYİ YANINDA BƏRPA OLUNAN ENERJİ MƏNBƏLƏRİ DÖVLƏT AGENTLİYİ,"Ü.Hacıbəyli küçəsi 84,  Hökumət evi",4,awarded | other,261486 | 254923 | 261405 | 259951,1633688004,32821,etender.gov.az/main/competitions
etender-buyer-920,2201133531,AZƏRBAYCAN RESPUBLİKASI TƏHSİL NAZİRLİYİNİN 9 SAYLI ƏRAZİ MALİYYƏ HESABLAŞMA MƏRKƏZİ,Yevlax ş.H.Əliyev pr.95,4,awarded | cancelled,255292 | 250715 | 236933 | 250196,1620317940,25897,etender.gov.az/main/competitions
etender-buyer-921,7200071891,TƏRTƏR SUBARTTEZİAN QUYULARININ İSTİSMARI İDARƏSİ,Tərtər şəhəri Elman Hüseyinov 48,4,awarded,251803 | 251802 | 251801 | 238141,1612633348,21913,etender.gov.az/main/competitions
etender-buyer-922,9900037691,AZƏRBAYCAN RESPUBLİKASI RABİTƏ VƏ İNFORMASİYA TEXNOLOGİYALARI NAZİRLİYİNİN MƏLUMAT HESABLAMA MƏRKƏZİ,"AZ1010, Dilarə Əliyeva küçəsi, ev 185",4,awarded | cancelled,249166 | 245092 | 235742 | 251096,1604658443,18936,etender.gov.az/main/competitions
etender-buyer-923,1300456311,UŞAQ NEVROLOJİ XƏSTƏXANASI,Tağı Şahbazi 95,4,awarded | cancelled,250085 | 239113 | 237029 | 236972,1606743853,19986,etender.gov.az/main/competitions
etender-buyer-924,1500139001,SU HÖVZƏLƏRİNDƏ BİOLOJİ RESURSLARİN ARTIRILMASI VƏ MÜHAFİZƏSİ DEPARTAMENTİ,,4,awarded | cancelled,238834 | 236329 | 236093 | 238838,1580409306,7896,etender.gov.az/main/competitions
etender-buyer-925,2300338141,AZƏRBAYCAN RESPUBLİKASI ƏMLAK MƏSƏLƏLƏRİ DÖVLƏT KOMİTƏSİNİN YANINDA DAŞINMAZ ƏMLAKIN DÖVLƏT REYESTRİ XİDMƏTİNİN 3 SAYLI GƏNCƏ ƏRAZİ İDARƏSİ,"Gəncə şəhəri, Zərifə Əliyeva küçəsi 3",4,awarded | cancelled,236826 | 236846 | 339955 | 235446,1759234940,5638,etender.gov.az/main/competitions
etender-buyer-926,1005376781,"""DÖVLƏT AQRAR TİCARƏT ŞİRKƏTİ"" MƏHDUD MƏSULİYYƏTLİ CƏMİYYƏTİ",Nizami 154A,4,awarded | cancelled | other,236033 | 232986 | 234690 | 232985,1572457927,4790,etender.gov.az/main/competitions
etender-buyer-927,2000261321,ƏDLİYYƏ NAZİRLİYİ PENİTENSİAR XİDMƏTİNİN 4 SAYLI CƏZAÇƏKMƏ MÜƏSSİSƏSİ,Bakı şəhəri Xətai rayonu N.Əliyev -15,3,active | awarded,353000 | 290143 | 292386,2026-06-01,2026/AT/02636/V1,etender.gov.az/main/competitions
etender-buyer-928,2604788871,"""LƏNKƏRAN DÖVLƏT PEŞƏ TƏHSİL MƏRKƏZİ"" PUBLİK HÜQUQİ ŞƏXSİ","AZ4200, LƏNKƏRAN RAYONU, LƏNKƏRAN ŞƏHƏRİ, H.Z.TAĞIYEV, ev.118",3,active | awarded,352824 | 352582 | 350248,2026-05-25,2026/AT/02581/V1,etender.gov.az/main/competitions
etender-buyer-929,1000193481,T.İSMAYILOV ADINA TƏBİİ EHTİYATLARIN KOSMİK TƏDQİQİ İNSTİTUTU,S.S.Axundov küç.1,3,active | awarded | other,352733 | 308791 | 308581,2026-05-22,2026/AT/02552/V1,etender.gov.az/main/competitions
etender-buyer-930,1500377411,DÖVLƏT EKOLOJİ EKSPERTİZA AGENTLİYİ PUBLİK HÜQUQİ ŞƏXSİ,"Bakı şəhəri, Heydər Əliyev pr., 10",3,active | awarded | cancelled,352686 | 251991 | 350820,2026-05-22,2026/AT/02533/V1,etender.gov.az/main/competitions
etender-buyer-931,1000159371,AZƏRBAYCAN RESPUBLİKASI DAXİLİ İŞLƏR NAZİRLİYİNİN BİNƏQƏDİ RAYON MÜHAFİZƏ İDARƏSİ,"Bakı şəhəri, Binəqədi rayonu, S.S.Axundov küçəsi, 279  ",3,active | cancelled,352529 | 278130 | 275041,2026-05-20,2026/AT/02483/V1,etender.gov.az/main/competitions
etender-buyer-932,1202468371,4 NÖMRƏLİ UŞAQ SOMATİK SANATORİYASI,"AZ1044, BAKI ŞƏHƏRİ XƏZƏR RAYONU,  ŞÜVALAN ŞTQ, AYNA SULTANOVA  (ŞÜVƏLAN QƏS.), ev.74 ",3,active | awarded,352245 | 326286 | 304140,2026-05-15,2026/AT/02403/V1,etender.gov.az/main/competitions
etender-buyer-933,1300542261,AZƏRBAYCAN RESPUBLİKASI DAXİLİ İŞLƏR NAZİRLİYİ BAŞ MÜHAFİZƏ İDARƏSİNİN YASAMAL RAYON MÜHAFİZƏ İDARƏSİ,"Bakı şəhəri, Yasamal rayonu, Talıblı küçəsi, 26b",3,active | awarded,351904 | 311443 | 268914,2026-05-08,2026/AT/02301/V1,etender.gov.az/main/competitions
etender-buyer-934,1309278391,"""AZƏRBAYCAN BİZNESİNİN İNKİŞAFI FONDU"" AÇIQ SƏHMDAR CƏMİYYƏTİ",,3,active | awarded,351329 | 350621 | 350623,2026-04-30,2026/AT/02097/V1,etender.gov.az/main/competitions
etender-buyer-935,0201648001,"""NAXÇIVAN TELEKOM"" MƏHDUD MƏSULİYYƏTLİ CƏMİYYƏTİ",Naxçıvan şəhəri Atatürk-1,3,active | cancelled,350569 | 345573 | 345466,2026-04-21,2026/AT/01850/V1,etender.gov.az/main/competitions
etender-buyer-936,0200005051,NAXÇIVAN MR  DÖVLƏT  ŞƏHƏRSALMA VƏ ARXİTEKTURA KOMİTƏSİ,,3,active | awarded | cancelled,348436 | 299791 | 347737,2026-03-12,2026/AT/01149/V1,etender.gov.az/main/competitions
etender-buyer-937,0800013921,ŞAHBUZ  RAYON  KOMUNAL MÜƏSSİSƏLƏR  KOMBİNATI,Şahbuz rayonu,3,active | awarded | other,338740 | 350831 | 337278,2025-09-15,119118,etender.gov.az/main/competitions
etender-buyer-938,0600012011,CULFA RAYON KOMMUNAL MÜƏSSİSƏLƏR KOMBİNATI,Culfa şəhər Xəqani küçəsi,3,active | awarded | cancelled,337096 | 333275 | 331592,2025-08-20,117471,etender.gov.az/main/competitions
etender-buyer-939,0500006841,SƏDƏRƏK RAYON KOMMUNAL MÜƏSSİSƏLƏR KOMBİNATI,"Sədərək rayonu, Heydərabad qəsəbəsi",3,active | cancelled,335177 | 330847 | 328591,2025-07-23,115546,etender.gov.az/main/competitions
etender-buyer-940,2604132741,LƏNKƏRAN-ASTARA REGİONAL TƏHSİL İDARƏSİ,Lənkəran şəhəri Akademik Zərifə Əliyeva küçəsi döngə 2,3,active | cancelled,292271 | 294575 | 292129,2023-07-11,67829,etender.gov.az/main/competitions
etender-buyer-941,1701102761,AZƏRBAYCAN RESPUBLİKASININ PREZİDENTİ YANINDA ELMİN İNKİŞAFI FONDU,Yusif Səfərov 27,3,active | other,291595 | 291572 | 291530,2023-06-22,67103,etender.gov.az/main/competitions
etender-buyer-942,0200562241,NAXÇIVAN MUXTAR RESPUBLİKASININ DÖVLƏT MİQRASİYA XİDMƏTİ,Naxçıvan şəhər Əziz Əliyev 14,3,active | other,285302 | 285286 | 285195,2023-04-04,59418,etender.gov.az/main/competitions
etender-buyer-943,1804877041,"""EMAL SƏNAYESİ ÜZRƏ BAKI DÖVLƏT PEŞƏ TƏHSİL MƏRKƏZİ"" PUBLİK HÜQUQİ ŞƏXSİ","Bakı şəh, S.Mehmndrov küç 4",3,active | awarded,278113 | 264574 | 249541,2022-11-03,50634,etender.gov.az/main/competitions
etender-buyer-944,1500368371,"AZƏRBAYCAN RESPUBLİKASI TƏHSİL NAZİRLİYİ  ""TƏHSİL"" RESPUBLİKA İDMAN MƏRKƏZİ",Bakı şəhəri H.Əliyev pr.58,3,active | awarded | other,273211 | 237321 | 236633,2022-07-25,45140,etender.gov.az/main/competitions
etender-buyer-945,1400312651,AZƏRBAYCAN DÖVLƏT AKADEMİK OPERA VƏ BALET TEATRI,"Bakı şəhəri, 28 May küç.,8",3,active | cancelled,244605 | 243479 | 240652,2020-07-03,13599,etender.gov.az/main/competitions
etender-buyer-946,1700238791,6 SAYLI BAKI PEŞƏ MƏKTƏBİ,"BAKI ŞƏH ,SƏBAİL RAY,E.ƏZİZOK K 36",3,active | awarded,237835 | 263486 | 249258,2019-12-18,6761,etender.gov.az/main/competitions
etender-buyer-947,1600233471,ƏDLİYYƏ NAZİRLİYİ  PENİTENSİAR XİDMƏTİN  KONVOY  TABORU,"Bakı şəhəri, Nizami rayonu, Müzəffər Nərimanov küçəsi 1",3,awarded | cancelled | other,352187 | 349408 | 350612,1778773644,2026/AT/01870/V2,etender.gov.az/main/competitions
etender-buyer-948,1403750371,"""AZƏRBAYCAN AKKREDİTASİYA MƏRKƏZİ"" PUBLİK HÜQUQİ ŞƏXS","Nərimanov rayonu, Z.Xəlil küçəsi, ev 37",3,awarded | cancelled,345198 | 327354 | 324062,1767099373,2025/AT/01139/V1,etender.gov.az/main/competitions
etender-buyer-949,2304671021,GƏNCƏ ŞƏHƏR PSİXONEVROLOJİ DİSPANSER,"Gəncə şəhəri, Cavadxan, 76",3,awarded,346706 | 323508 | 303730,1770900455,2026/AT/00537/V1,etender.gov.az/main/competitions
etender-buyer-950,2900293541,Ə. ƏLİYEV ADINA SUMQAYIT TİBB KOLLECİ,,3,awarded,346463 | 325224 | 305913,1770399545,2026/AT/00472/V1,etender.gov.az/main/competitions
etender-buyer-951,8700114711,3 NÖMRƏLİ UŞAQ SOMATİK SANATORİYASI,,3,awarded,345607 | 323772 | 302671,1768855350,2026/AT/00152/V1,etender.gov.az/main/competitions
etender-buyer-952,2304676181,GƏNCƏ ŞƏHƏR NARKOLOJİ DİSPANSER,"Gəncə şəhər Cavadxan küç,50",3,awarded,344702 | 323055 | 302990,1765546938,2025/AT/00888/V1,etender.gov.az/main/competitions
etender-buyer-953,8301220041,CƏLİLABAD TİBB KOLLECİ,Cəlilabad ş. N.Nərimanov 2,3,awarded,344955 | 323510 | 301250,1766412357,2025/AT/01021/V1,etender.gov.az/main/competitions
etender-buyer-954,2905736431,SUMQAYIT ŞƏHƏR NARKOLOJİ DİSPANSERİ,"Sumqayıt şəhəri, 19-cu məhəllə",3,awarded,344910 | 323479 | 304049,1766149425,2025/AT/00999/V1,etender.gov.az/main/competitions
etender-buyer-955,6700527281,SAATLI TİBB KOLLECİ,"Saatlı şəh, Gənclər küç 9A",3,awarded,344854 | 323830 | 300872,1765996486,2025/AT/00972/V1,etender.gov.az/main/competitions
etender-buyer-956,3000192381,AZƏRBAYCAN RESPUBLİKASI ELM VƏ TƏHSİL NAZİRLİYİNİN TABELİYİNDƏ PUBLİK HÜQUQİ ŞƏXS STATUSUNA MALİK OLAN AZƏRBAYCAN DÖVLƏT PEDAQOJİ UNİVERSİTETİNİN ŞƏKİ FİLİALI,Şəki şəhəri M.Ə.Rəsulzadə 305,3,awarded | cancelled,344326 | 321796 | 342814,1764588898,2025/AT/00770/V1,etender.gov.az/main/competitions
etender-buyer-957,1600333771,AZƏRBAYCAN TEXNİKİ UNİVERSİTETİNİN NƏZDİNDƏ BAKI TEXNİKİ KOLLECİ,Qara Qarayev pr 2 B,3,awarded | cancelled,343430 | 337192 | 337606,1763051325,2025/AT/00555/V1,etender.gov.az/main/competitions
etender-buyer-958,0200003621,NAXÇIVAN MR  MALİYYƏ  NAZİRLİYİ,"Naxçıvan ş, C.Məmmədquluzadə küç 21               ",3,awarded,339797 | 290992 | 292517,1758977505,120183,etender.gov.az/main/competitions
etender-buyer-959,1505345401,"""PEŞƏ TƏHSİLİNİN İNKİŞAFI FONDU"" PUBLİK HÜQUQİ ŞƏXSİ",,3,awarded | other,341527 | 331980 | 339756,1760964160,121914,etender.gov.az/main/competitions
etender-buyer-960,7400011001,UCAR RAYON İCRA HAKİMİYYƏTİ,,3,awarded | other,337756 | 294920 | 336657,1756731382,118133,etender.gov.az/main/competitions
etender-buyer-961,3400144951,AĞCABƏDİ RAYON YAŞILLAŞDIRMA İDARƏSİ,Ağcabədi şəhər Üzeyir Hacıbəyov pr/ti 206,3,awarded | cancelled,334650 | 302600 | 332399,1752594164,115018,etender.gov.az/main/competitions
etender-buyer-962,0400000601,ORDUBAD RAYON KOMMUNAL MÜƏSSİSƏLƏR KOMBİNATI,Ordubad şəhəri Ə.Ağayev küçəsi 27,3,awarded | cancelled,326864 | 323263 | 319671,1741198067,106864,etender.gov.az/main/competitions
etender-buyer-963,0200878081,"""NAXÇIVAN MUXTAR RESPUBLİKASININ  İCBARİ TİBBİ SIĞORTA ÜZRƏ DÖVLƏT AGENTLİYİ"" PUBLİK HÜQUQİ ŞƏXSİ",Heydər Əliyev pr 42,3,awarded | other,325186 | 324169 | 324129,1738863856,104921,etender.gov.az/main/competitions
etender-buyer-964,8800002061,DAŞINMAZ ƏMLAKIN DÖVLƏT KADASTRI VƏ REYESTRİ PUBLİK HÜQUQİ ŞƏXSİNİN 19 SAYLI XANKƏNDİ ƏRAZİ İDARƏSİ,Xankəndi şəhəri,3,awarded | cancelled | other,323976 | 338333 | 323953,1736165001,103542,etender.gov.az/main/competitions
etender-buyer-965,0201507241,"AZƏRBAYCAN RESPUBLİKASI NAXÇIVAN MUXTAR RESPUBLİKASI SƏHİYYƏ NAZİRLİYİ ""NAXÇIVAN MUXTAR RESPUBLİKASI HEMODİALİZ MƏRKƏZİ"" PUBLİK HÜQUQİ ŞƏXSİ","Naxçıvan şəhəri, Kazım Talıblı küçəsi 3B",3,awarded | other,315045 | 313562 | 313505,1725039652,93404,etender.gov.az/main/competitions
etender-buyer-966,0200708681,"""NAXÇIVANPOÇT"" MƏHDUD MƏSULİYYƏTLİ CƏMİYYƏTİ","""Naxçıvan şəhəri Atatürk 1"" ",3,awarded | cancelled,317868 | 344387 | 333406,1764686296,96670,etender.gov.az/main/competitions
etender-buyer-967,1900076321,AZƏRBAYCAN  RESPUBLİKASI DİN-NİN MÜHAFİZƏ İDARƏSİNİN SURAXANI RAYON  MÜHAFİZƏ  İDARƏSİ,"Bakı şəhəri, Suraxani rayonu, Park kucesi, 32",3,awarded | cancelled,318612 | 295525 | 294138,1728581292,97409,etender.gov.az/main/competitions
etender-buyer-968,3201716461,AĞDAM RAYON MƏNZİL İSTİSMAR İDARƏSİ,Ağdam rayon Quzanlı qəsəbəsi,3,awarded | cancelled,318320 | 311367 | 310702,1728400869,97160,etender.gov.az/main/competitions
etender-buyer-969,1301934211,AZƏRBAYCAN RESPUBLİKASI DÖVLƏT GÖMRÜK KOMİTƏSİNİN TİBBİ XİDMƏT İDARƏSİ,"AZ1065, Bakı şəhəri, Yasamal rayonu, Kazım Kazımzadə küç., 118",3,awarded | other,313256 | 299049 | 298237,1723111855,91602,etender.gov.az/main/competitions
etender-buyer-970,1102931471,QOBUSTAN PENİTENSİAR MÜƏSSİSƏSİ,"Qaradağ ray, Qonustan qəsəbəsi",3,awarded | cancelled,312713 | 305330 | 302318,1722445345,90958,etender.gov.az/main/competitions
etender-buyer-971,0700110181,ŞƏRUR RAYON TƏHSİL ŞÖBƏSİ,Şərur şəhər Kərim Kərimov küç.,3,awarded | other,313319 | 311191 | 313301,1723138352,91665,etender.gov.az/main/competitions
etender-buyer-972,1700043791,AZƏRBAYCAN MİLLİ ELMLƏR AKADEMİYASI AZƏRBAYCAN MILLI ENSIKLOPEDIYASI ELMİ MƏRKƏZİ,Hüseyn Cavid 111,3,awarded,308291 | 266336 | 258474,1717180296,86066,etender.gov.az/main/competitions
etender-buyer-973,1700431961,AZƏRBAYCAN RESPUBLİKASI MƏRKƏZİ SEÇKİ KOMİSSİYASI,,3,awarded,307788 | 298632 | 298059,1716588005,85558,etender.gov.az/main/competitions
etender-buyer-974,0200737621,NAXÇIVAN MUXTAR RESPUBLİKASI RABİTƏ VƏ YENİ TEXNOLOGİYALARI NAZİRLİYİNİN TABELİYİNDƏ NAXÇIVAN MUXTAR RESPUBLİKASININ İNTERNET VƏ YENİ TEXNOLOGİYALARİN TƏDRİSİ MƏRKƏZİ,Naxçıvan şəhər Atatürk-1,3,awarded | other,298755 | 298491 | 298047,1700756974,74925,etender.gov.az/main/competitions
etender-buyer-975,1200141921,AZƏRBAYCAN MİLLİ ELMLƏR AKADEMİYASININ DENDROLOGİYA İNSTİTUTU,"Mərdəkan qəs., S.Yesenin küç., 89",3,awarded | cancelled,299276 | 241925 | 240873,1701785707,75453,etender.gov.az/main/competitions
etender-buyer-976,9900019091,"""AZNEFTKİMYAMAŞ-BALAXANI MAŞINQAYIRMA ZAVODU"" AÇIQ SƏHMDAR CƏMİYYƏTİ","Balaxanı ŞTQ, 3-cü mədən",3,awarded | cancelled,296384 | 298398 | 293784,1696871537,72271,etender.gov.az/main/competitions
etender-buyer-977,1703398751,"""MƏRKƏZİ NƏBATAT BAĞI"" PUBLİK HÜQUQİ ŞƏXSİ","Bakı şəhəri, Badamdar şossesi 40",3,awarded | other,297405 | 298592 | 297224,1698422410,73395,etender.gov.az/main/competitions
etender-buyer-978,0300004551,BABƏK RAYON RABİTƏ İDARƏSİ,,3,awarded | cancelled,298961 | 298557 | 298556,1701180825,75137,etender.gov.az/main/competitions
etender-buyer-979,1900544871,SURAXANI RAYONU 2 SAYLI  UŞAQ EVİ,,3,awarded,297511 | 297515 | 297514,1698693511,73449,etender.gov.az/main/competitions
etender-buyer-980,6100045681,GORANBOY RAYON İCRA HAKİMİYYƏTİ BAŞÇISININ AŞAĞI AĞCAKƏND QƏSƏBƏ İNZİBATİ ƏRAZİ DAİRƏSİ ÜZRƏ NÜMAYƏNDƏLİYİ,Ağcakənd qəsəbəsi,3,awarded | other,296312 | 294041 | 292975,1696677071,72203,etender.gov.az/main/competitions
etender-buyer-981,1400183601,"""AZƏRBAYCAN DƏMİR YOLLARI"" QAPALI SƏHMDAR CƏMİYYƏTİ ""HƏKİM-SANİTAR XİDMƏTİNİN BAKI DƏMİR YOLU XƏSTƏXANASI"" MƏHDUD MƏSULİYYƏTLİ CƏMİYYƏTİ",puskin 26,3,awarded | other,296159 | 247995 | 296081,1696499662,72041,etender.gov.az/main/competitions
etender-buyer-982,1302768331,"AZƏRBAYCAN RESPUBLİKASI QAÇQINLAR VƏ MƏCBURİ KÖÇKÜNLƏRİN İŞLƏRİ ÜZRƏ DÖVLƏT KOMİTƏSİNİN BEYNƏLXALQ ƏLAQƏLƏR, İNFORMASİYA VƏ MƏTBUAT XİDMƏTİ DEPARTAMENTİ","Bakı şəhəri, Yasamal rayonu, Tbilisi prospekti-129 ",3,awarded | cancelled,292688 | 293607 | 292755,1689787395,68273,etender.gov.az/main/competitions
etender-buyer-983,2800004291,NAFTALAN ŞƏHƏR İCRA HAKİMİYYƏTİ,Naftalan ş. Ş.Qurbanov küç.01 AZE4600,3,awarded | other,292563 | 271360 | 271354,1689613908,68148,etender.gov.az/main/competitions
etender-buyer-984,9900072871,"AZƏRBAYCAN RESPUBLİKASI ""AZƏRSU"" AÇIQ SƏHMDAR CƏMİYYƏTİNİN ""BİRLƏŞMİŞ SUKANAL"" MƏHDUD MƏSULİYYƏTLİ CƏMİYYƏTİ",General Akim Abbasov 25A,3,awarded | cancelled,281115 | 292373 | 266633,1669225468,53731,etender.gov.az/main/competitions
etender-buyer-985,6100045961,GORANBOY RAYON DƏLİMƏMMƏDLİ ŞƏHƏR ƏRAZİ İCRA NÜMAYƏNDƏSİ,Goranboy,3,awarded | other,278571 | 278559 | 277871,1668430290,51143,etender.gov.az/main/competitions
etender-buyer-986,3102507451,109 NÖMRƏLİ HƏRBİ HİSSƏ,,3,awarded,276884 | 276883 | 272887,1665519512,49220,etender.gov.az/main/competitions
etender-buyer-987,1003750741,334 SAYLI HƏRBİ HİSSƏ,"Bakı,  Binəqədi rayonu, Rəşid İsmaylov 1 A, AZ1117",3,awarded,270031 | 274413 | 245034,1651847064,41538,etender.gov.az/main/competitions
etender-buyer-988,1701463051,"""AZALTERNATİVENERJİ"" MƏHDUD MƏSULİYYƏTLİ CƏMİYYƏTİ",Hökümət evi Üzeyir Hacıbeyli 84 mərtəbə 9,3,awarded | other,273922 | 269305 | 267158,1660156802,46012,etender.gov.az/main/competitions
etender-buyer-989,1300077441,"""SALNAMƏFİLM STUDİYASI"" MƏHDUD MƏSULİYYƏTLİ CƏMİYYƏTİ",Yasamal rayonu Moskva pr 1 ,3,awarded | other,268895 | 252894 | 268704,1649770477,40339,etender.gov.az/main/competitions
etender-buyer-990,1100145871,16 SAYLI BAKI PEŞƏ LİTSEYİ,Bakı  şəh. Sahil qəs. M.Seyidov küç.2,3,awarded,263535 | 249262 | 238032,1637346735,35070,etender.gov.az/main/competitions
etender-buyer-991,1500470391,15 SAYLI PEŞƏ LİTSEYİ,"Bakı şəhəri, Zabrat 1, R.Axundov  14",3,awarded,263412 | 248987 | 237735,1637170769,34930,etender.gov.az/main/competitions
etender-buyer-992,1200095471,5 SAYLI BAKI PEŞƏ MƏKTƏBİ,BAKI ŞƏHƏRİ BUZOVNA QƏS H.EYVAZOV KÜÇ 28,3,awarded,263394 | 249307 | 237690,1637166550,34906,etender.gov.az/main/competitions
etender-buyer-993,1404497191,AZƏRBAYCAN RESPUBLİKASI MƏDƏNİYYƏT NAZİRLİYİNİN MƏDƏNİYYƏT ÜZRƏ ELMİ METODİKİ VƏ İXTİSASARTIRMA MƏRKƏZİ,Bəşir Səfəroğlu 144,3,awarded | cancelled,261495 | 240423 | 261356,1633695094,32830,etender.gov.az/main/competitions
etender-buyer-994,7200462691,AZƏRBAYCAN RESPUBLİKASI TƏHSİL NAZİRLİYİNİN 10 SAYLI ƏRAZİ MALİYYƏ HESABLAŞMA MƏRKƏZİ,Tərtər şəhəri Heydər Əliyev prospekti 4,3,awarded,255411 | 238103 | 236777,1620492440,26005,etender.gov.az/main/competitions
etender-buyer-995,1501956531,"AZƏRBAYCAN RESPUBLİKASININ NƏQLİYYAT, RABİTƏ VƏ YÜKSƏK TEXNOLOGİYALAR NAZİRLİYİ YANINDA DÖVLƏT AVTOMOBİL NƏQLİYYATI XİDMƏTİ",,3,awarded | cancelled,254168 | 240909 | 263767,1618228879,24392,etender.gov.az/main/competitions
etender-buyer-996,1800255251,11 NÖMRƏLİ İNTEQRASİYA TƏLİMLİ İNTERNAT MƏKTƏBİ,,3,awarded,253169 | 250350 | 238748,1615410530,23427,etender.gov.az/main/competitions
etender-buyer-997,7500331811,"""FÜZULİ MÜALİCƏ DİAQNOSTİKA MƏRKƏZİ"" PUBLİK HÜQUQİ ŞƏXSİ",Füzuli rayon Böyük Bəhmənli kəndi,3,awarded | other,250956 | 239941 | 239935,1609247058,20954,etender.gov.az/main/competitions
etender-buyer-998,2303238061,AZƏRBAYCAN RESPUBLİKASI TƏHSİL NAZİRLİYİNİN 8 SAYLI ƏRAZİ MALİYYƏ HESABLAŞMA MƏRKƏZİ,"AZ2010, Azərbaycan Respublikası, Gəncə şəhəri, Atatürk pr. 246",3,awarded | cancelled,251054 | 236815 | 236660,1610103027,21036,etender.gov.az/main/competitions
etender-buyer-999,4500848211,"""QUBA MÜALİCƏ DİAQNOSTİKA MƏRKƏZİ"" PUBLİK HÜQUQİ ŞƏXSİ","Quba ray., Alekseyevka kəndi",3,awarded | other,250964 | 243443 | 242184,1609262401,20961,etender.gov.az/main/competitions
etender-buyer-1000,4400563531,"""QƏBƏLƏ MÜALİCƏ DİAQNOSTİKA MƏRKƏZİ"" PUBLİK HÜQUQİ ŞƏXSİ",Qəbələ şəhəri H. Əliyev küçəsi,3,awarded | cancelled,250937 | 239772 | 239547,1609157283,20928,etender.gov.az/main/competitions
etender-buyer-1001,4400715671,"""QƏBƏLƏ RADİOLOKASİYA STANSİYASININ İNZİBATİ TƏSƏRRÜFAT ZONASI VƏ TEXNİKİ MÖVQE"" MƏHDUD MƏSULİYYƏTLİ CƏMİYYƏTİ",Qəbələ rayonu Soltannuxa kəndi,3,awarded | cancelled,247761 | 244512 | 261414,1601905394,17325,etender.gov.az/main/competitions
etender-buyer-1002,1500504881,ƏTRAF MÜHİT ÜZRƏ MİLLİ MONİTORİNQ DEPARTAMENTİ,"Bakı şəhəri, Heydər Əliyev prospekti, 10",3,awarded | cancelled,241208 | 241126 | 241124,1585509339,10731,etender.gov.az/main/competitions
etender-buyer-1003,7000845091,AZƏRBAYCAN RESPUBLİKASI TƏHSİL NAZİRLİYİNİN 13 SAYLI ƏRAZİ MALİYYƏ HESABLAŞMA MƏRKƏZİ,Salyan şəhəri Ə.Hüseynov küçəsi 2A,3,awarded | other,238963 | 237999 | 237998,1580816310,8055,etender.gov.az/main/competitions
etender-buyer-1004,0200004261,NAXÇIVAN MUXTAR RESPUBLİKASININ RƏQƏMSAL İNKİŞAF VƏ NƏQLİYYAT NAZİRLİYİ,Naxçıvan şəhər Atatürk-1,3,cancelled,342662 | 336784 | 305192,1761930659,2025/AT/00319/V1,etender.gov.az/main/competitions
etender-buyer-1005,7800018901,XIZI RAYON POLİS ŞÖBƏSİ,,3,cancelled,296098 | 291047 | 289250,1696422281,71958,etender.gov.az/main/competitions
etender-buyer-1006,1003912971,HEYDƏR MƏSCİDİ İDARƏSİ ,,2,active | awarded,354387 | 293547,2026-06-24,2026/AT/03091/V1,etender.gov.az/main/competitions
etender-buyer-1007,6600104231,OĞUZ MƏNZİL İSTİSMAR VƏ KOMMUNAL TƏSƏRRÜFATI İDARƏSİ,Oğuz şəhəri İ.Rəhimov küçəsi,2,active | cancelled,354062 | 352406,2026-06-18,2026/AT/02987/V1,etender.gov.az/main/competitions
etender-buyer-1008,8600003111,ŞUŞA DÖVLƏT MUSİQİLİ DRAM TEATRI,"8–ci Mikrorayon, S.S.Axundov – 48  ",2,active | cancelled,353958 | 352324,2026-06-17,2026/AT/02946/V1,etender.gov.az/main/competitions
etender-buyer-1009,1300404021,"""MİR"" DÖVLƏTLƏRARASI TELERADİO ŞİRKƏTİNİN AZƏRBAYCAN RESPUBLİKASININDAKI NÜMAYƏNDƏLİYİ",Əcəmi Naxçivani 22,2,active | awarded,353607 | 325032,2026-06-10,2026/AT/02859/V1,etender.gov.az/main/competitions
etender-buyer-1010,1700048281,AZƏRBAYCAN DÖVLƏT GƏNC TAMAŞAÇILAR TEATRI,Bakı Nizami 72,2,active | cancelled,351822 | 349049,2026-05-07,2026/AT/02274/V1,etender.gov.az/main/competitions
etender-buyer-1011,4900027491,DAŞKƏSƏN ŞƏHƏR KOMMUNAL MÜƏSSİSƏLƏRİ KOMBİNATI,"AZ 1600,  Daşkəsən şəhəri, Orxan Cəfəroli kücəsi, bina 9",2,active | awarded,351676 | 342707,2026-05-06,2026/AT/02223/V1,etender.gov.az/main/competitions
etender-buyer-1012,1600943181,“SOCAR PETROLEUM” QAPALI SƏHMDAR CƏMİYYƏTİ,,2,active | other,347206 | 347141,2026-02-20,2026/AT/00697/V2,etender.gov.az/main/competitions
etender-buyer-1013,0200058671,NAXÇIVAN  MÜƏLLİMLƏR  İNSTİTUTU,,2,active | other,331712 | 331242,2025-05-27,112068,etender.gov.az/main/competitions
etender-buyer-1014,6300015601,LERİK RAYON İCRA HAKİMİYYƏTİ BAŞÇISININ ORAND KƏND ƏRAZİ NÜMAYƏNDƏLİYİ,"Lerik rayonu,Orand kəndi",2,active,323402 | 321540,2024-12-11,102801,etender.gov.az/main/competitions
etender-buyer-1015,4503371951,AZƏRBAYCAN RESPUBLİKASININ GƏNCLƏR VƏ İDMAN NAZİRLİYİ QUBA-XAÇMAZ REGİONAL GƏNCLƏR VƏ İDMAN İDARƏSİ,Quba şəhəri Quba-Bakı magistiralı 4-cü km. Olinpiya İdman kompleksu,2,active | cancelled,312376 | 305369,2024-07-27,90639,etender.gov.az/main/competitions
etender-buyer-1016,2600101531,AZƏRBAYCAN RESPUBLİKASININ GƏNCLƏR VƏ İDMAN NAZİRLİYİNİN LƏNKƏRAN-ASTARA REGİONAL GƏNCLƏR VƏ İDMAN İDARƏSİ,,2,active | awarded,305413 | 310429,2024-04-26,82869,etender.gov.az/main/competitions
etender-buyer-1017,4600025061,"""QUBADLI RAYON  MƏRKƏZİ XƏSTƏXANASI"" PUBLİK HÜQUQİ ŞƏXSİ",Sumqayıt şəhəri 9cu məhəllə M.Hüseynzadə küçəsi 11,2,active | awarded,304677 | 329292,2024-04-18,81334,etender.gov.az/main/competitions
etender-buyer-1018,0200066921,"""NAXÇIVAN"" BEYNƏLXALQ HAVA LİMANI",Naxçıvan Şəh. Naxçıvan Beynəlxalq Hava Limanı,2,active | awarded,301074 | 299893,2024-02-19,76856,etender.gov.az/main/competitions
etender-buyer-1019,1600267161,1SAYLI UŞAQ EVİ,,2,active | awarded,298718 | 295756,2023-11-23,74876,etender.gov.az/main/competitions
etender-buyer-1020,1700270801,AZƏRBAYCAN MİLLİ KULİNARİYA MƏRKƏZİ,,2,active,296161 | 273546,2023-10-05,72031,etender.gov.az/main/competitions
etender-buyer-1021,0200939801,"""DUZDAĞ FİZİOTERAPİYA MƏRKƏZİ"" PUBLİK HÜQUQİ ŞƏXSİ",,2,active | other,293409 | 291883,2023-08-04,68604,etender.gov.az/main/competitions
etender-buyer-1022,0700017331,ŞƏRUR RAYON KOMMUNAL MÜƏSSİSƏLƏRİ KOMBİNATI,,2,active,293252 | 291847,2023-08-01,68926,etender.gov.az/main/competitions
etender-buyer-1023,1700171271,XALQ TƏHSİLİ MUZEYİ,,2,active | awarded,281075 | 297082,2022-11-23,53652,etender.gov.az/main/competitions
etender-buyer-1024,1302156241,AZƏRBAYCAN RESPUBLİKASI FÖVQƏLADƏ HALLAR NAZİRLİYİNİN TİBBİ XİDMƏTİNİN TİBB MƏRKƏZİ,Binəqədi rayonu  Biləcəri qəsəbəsi  Rəşad İsmayılov 124,2,active | cancelled,278270 | 277312,2022-11-04,50799,etender.gov.az/main/competitions
etender-buyer-1025,1300621871,"""BAKI AVROPA LİTSEYİ"" MƏHDUD MƏSULİYYƏTLİ CƏMİYYƏTİ",S.Vəzirov 142,2,active | awarded,276844 | 273257,2022-10-11,49261,etender.gov.az/main/competitions
etender-buyer-1026,2603118581,AZƏRBAYCAN RESPUBLİKASININ QIZILAĞAC MİLLİ PARKI,Lənkəran şəhər Balıqçılar qəsəbəsi,2,active | cancelled,275159 | 273471,2022-09-06,47362,etender.gov.az/main/competitions
etender-buyer-1027,1601737241,13 NÖMRƏLİ İXTİSASLAŞDIRILMIŞ OLİMPİYA EHTİYATLARI UŞAQ-GƏNCLƏR İDMAN MƏKTƏBİ,"Nizami rayonu, Məhsəti 133",2,active | awarded,273714 | 275446,2022-08-05,45817,etender.gov.az/main/competitions
etender-buyer-1028,1100019841,AZƏRBAYCAN RESPUBLİKASI DAXİLİ İŞLƏR NAZİRLİYİ BAŞ MÜHAFİZƏ İDARƏSİNİN QARADAĞ MÜHAFİZƏ İDARƏSİ,,2,active | other,254325 | 253299,2021-04-15,24790,etender.gov.az/main/competitions
etender-buyer-1029,5700009751,KÜRDƏMİR RAYON MÜHAFİZƏ BÖLMƏSİ,Kürdəmir şəhəri H.Əliyev pr 33,2,active | other,248600 | 248568,2020-10-26,18288,etender.gov.az/main/competitions
etender-buyer-1030,1305532551,"""AZƏRTÜTÜN AQRAR SƏNAYE KOMPLEKSİ"" MƏHDUD MƏSULİYYƏTLİ CƏMİYYƏTİ",,2,active | cancelled,247494 | 247683,2020-09-26,17014,etender.gov.az/main/competitions
etender-buyer-1031,7300155331,TOVUZ RAYON İCRA HAKİMİYYƏTİ  BAŞÇISININ QOVLAR ŞƏHƏRİ İNZİBATİ ƏRAZİ DAİRƏSİ ÜZRƏ NÜMAYƏNDƏLİYİ,Qovlar şəhəri Şəhriyar küç 01,2,active | cancelled,240855 | 240251,2020-03-13,10323,etender.gov.az/main/competitions
etender-buyer-1032,1500370781,2 SAYLI BAKI PEŞƏ MƏKTƏBİ,"Bakı şəhəri, Əhməd Rəcəbli küçəsi 5B",2,active | awarded,237831 | 249149,2019-12-18,6745,etender.gov.az/main/competitions
etender-buyer-1033,1500239691,AZƏRBAYCAN DÖVLƏT DƏMİR YOLU LİSEYİ,"Bakı şəhəri, Nərimanov rayonu, Təbriz küçəsi 19",2,active | awarded,237799 | 249142,2019-12-17,6699,etender.gov.az/main/competitions
etender-buyer-1034,2000068971,2  SAYLI BAKI PEŞƏ LİTSEYİ,"Bakı şəhəri, Xətai rayonu, Əhmədli qəsəbəsi Neapol-43",2,active | other,237501 | 237462,2019-12-09,6396,etender.gov.az/main/competitions
etender-buyer-1035,4003786841,DÖVLƏT MƏŞĞULLUQ AGENTLİYİNİN TABELİYİNDƏ QARABAĞ PEŞƏ HAZIRLIĞI MƏRKƏZİ PUBLİK HÜQUQİ ŞƏXS,Bərdə ş.  Üzeyir Hacıbəyov küç,2,awarded,345214 | 307715,1767108476,2025/AT/01149/V1,etender.gov.az/main/competitions
etender-buyer-1036,4000191241,"""BƏRDƏ DÖVLƏT PEŞƏ TƏHSİL MƏRKƏZİ"" PUBLİK HÜQUQİ ŞƏXSİ",Bərdə ş. Heydər Əliyev pr. 111,2,awarded,345104 | 324128,1766767456,2025/AT/01102/V1,etender.gov.az/main/competitions
etender-buyer-1037,1400299531,BAKI MUSİQİ AKADEMİYASI,Bakı ş.Nəsimi r-n. Ş.Bədəlbəyli -98,2,awarded,345075 | 322317,1766685382,2025/AT/01084/V1,etender.gov.az/main/competitions
etender-buyer-1038,1505617051,"""GROUND TECHNİCAL SUPPORT"" MƏHDUD MƏSULİYYƏTLİ CƏMİYYƏTİ",Bakı,2,awarded | cancelled,344830 | 343998,1765984772,2025/AT/00962/V1,etender.gov.az/main/competitions
etender-buyer-1039,0201336531,"""NAXÇIVAN DÖVLƏT UNİVERSİTETİNİN NƏZDİNDƏ GİMNAZİYA"" PUBLİK HÜQUQİ ŞƏXS",Naxçıvan şəhəri Ə.Əliyev küçəsi,2,awarded,344776 | 326081,1765820840,2025/AT/00934/V1,etender.gov.az/main/competitions
etender-buyer-1040,1800117961,"""AZƏRBAYCAN DÖVLƏT İQTİSAD UNİVERSİTETİNİN NƏZDİNDƏ SOSİAL-İQTİSADİ KOLLEC"" PUBLİK HÜQUQİ ŞƏXSİ",ramiz qəmbərov 61,2,awarded,340984 | 323033,1760356709,121371,etender.gov.az/main/competitions
etender-buyer-1041,0200068761,NAXÇIVAN ŞƏHƏR TƏHSİL ŞÖBƏSİ,Naxçıvan şəhəri Nizami küçəsi 51,2,awarded,332077 | 316483,1748883458,112435,etender.gov.az/main/competitions
etender-buyer-1042,1700364021,SƏBAİL RAYON İCRA HAKİMİYYƏTİ,"AZ–1000, Bakı şəhəri, Üz.Hacıbəyov 30",2,awarded,338837 | 321954,1758019088,119220,etender.gov.az/main/competitions
etender-buyer-1043,0200120911,NAXÇIVAN MUXTAR RESPUBLİKASININ ƏMƏK VƏ ƏHALİNİN SOSİAL MÜDAFİƏSİ NAZİRLİYİNİN TABELİYİNDƏ SOSİAL XİDMƏTLƏR AGENTLİYİ PUBLİK HÜQUQİ ŞƏXSİ,Naxçıvan şəhəri H.Əliyev prospekti 42A,2,awarded | cancelled,336717 | 333729,1755193206,117088,etender.gov.az/main/competitions
etender-buyer-1044,1200486681,"""ŞAĞAN OLİMPİYA İDMAN KOMPLEKSİ"" MƏHDUD MƏSULİYYƏTLİ CƏMİYYƏTİ","Bakı ş. Xəzər rayonu, Şağan qəs., N.Məmmədov 1A",2,awarded | other,336259 | 334478,1754586613,116630,etender.gov.az/main/competitions
etender-buyer-1045,5800013191,"""KƏLBƏCƏR RAYON MƏRKƏZİ XƏSTƏXANASI"" PUBLİK HÜQUQİ ŞƏXS",Gəncə ş.  M.Ş.Vazeh prospekti 84,2,awarded | cancelled,325918 | 304486,1739967139,105728,etender.gov.az/main/competitions
etender-buyer-1046,6100009171,GORANBOY REGİONAL MÜHAFİZƏ ŞÖBƏSİ,"Goranboy şəhəri, M.Məhərrəmov küçəsi, 10",2,awarded | other,326278 | 325315,1740491607,106216,etender.gov.az/main/competitions
etender-buyer-1047,2600339931,AZƏRBAYCAN RESPUBLİKASI ƏMLAK MƏSƏLƏLƏRİ DÖVLƏT KOMİTƏSİNİN YANINDA DAŞINMAZ ƏMLAKIN  DÖVLƏT REYESTRİ XİDMƏTİNİN 10 SAYLI  LƏNKƏRAN ƏRAZİ İDARƏSİ,Lənkəran ş Nizami küç 84 a,2,awarded | other,315941 | 314638,1726059290,94586,etender.gov.az/main/competitions
etender-buyer-1048,2200173251,DAŞINMAZ ƏMLAKIN DÖVLƏT KADASTRI VƏ REYESTRİ PUBLİK HÜQUQİ ŞƏXSİNİN 17 SAYLI YEVLAX ƏRAZİ İDARƏSİ,Yevlax şəhəri,2,awarded | cancelled,321930 | 338290,1731946889,101220,etender.gov.az/main/competitions
etender-buyer-1049,2600103241,LƏNKƏRAN REGİONAL MÜHAFİZƏ ŞÖBƏSİ,"Lənkəran şəh, Paşa Təhməzov-5",2,awarded | other,314641 | 312939,1724713146,93133,etender.gov.az/main/competitions
etender-buyer-1050,1700074031,AZƏRBAYCAN TELERADİO VERİLİŞLƏRI QAPALI SƏHMDAR CƏMİYYƏTİNİN MÜHAFİZƏSI  ÜZRƏ MÜHAFİZƏ ŞÖBƏSİ,"AZ1006, Bakl şəhəri, M.Hüseyn küçəsi, 1",2,awarded,313191 | 292169,1723043852,91533,etender.gov.az/main/competitions
etender-buyer-1051,6400148791,MASALLI RAYONU MƏNZİL-KOMMUNAL TƏSƏRRÜFATI İSTEHSALAT BİRLİYİ,,2,awarded | cancelled,298208 | 295294,1699976867,74294,etender.gov.az/main/competitions
etender-buyer-1052,1900131081,SURAXANI RAYON İCRA HAKİMİYYƏTİ,,2,awarded,298520 | 246846,1700493561,74664,etender.gov.az/main/competitions
etender-buyer-1053,0201158081,"""NAXÇIVAN MUXTAR RESPUBLİKASI AĞCİYƏR XƏSTƏLİKLƏRİ DİSPANSERİ"" PUBLİK HÜQUQİ ŞƏXSİ",Naxçıvan Şəhər Əliquluqəmküsar,2,awarded,296893 | 285121,1697713518,72669,etender.gov.az/main/competitions
etender-buyer-1054,7100038561,AZƏRBAYCAN RESPUBLİKASI DAXİLİ İŞLƏR NAZİRLİYİ SİYƏZƏN RAYON POLİS ŞÖBƏSİ,Siyəzən şəhəri Daşqın Turabov küçəsi 1,2,awarded | other,299173 | 298080,1701453016,75346,etender.gov.az/main/competitions
etender-buyer-1055,0900011811,NAXÇIVAN AVTOMOBİL YOLLARI DÖVLƏT AGENTLİYİNİN KƏNGƏRLİ RAYON YOL TƏMİR İSTİSMAR İDARƏSİ,,2,awarded | cancelled,298272 | 296010,1700050476,74358,etender.gov.az/main/competitions
etender-buyer-1056,1702367071,"""MAQSUD İBRAHİMBƏYOV YARADICILIQ MƏRKƏZİ"" ","Böyük Qala küçəsi, 28, Bakı, AZ1000,",2,awarded | cancelled,297619 | 295311,1698842240,73661,etender.gov.az/main/competitions
etender-buyer-1057,6300140841,LERİK RAYON  YAŞILLAŞDIRMA İDARƏSİ,Lerik şəhəri,2,awarded | other,297946 | 297944,1699275245,74015,etender.gov.az/main/competitions
etender-buyer-1058,0300744401,SÜNİ MAYALANMA MƏRKƏZİ,,2,awarded | other,297371 | 297369,1698403380,73376,etender.gov.az/main/competitions
etender-buyer-1059,3600095071,AĞSTAFA RAYON POLİS ŞÖBƏSİ,,2,awarded | other,298297 | 297414,1700065891,74418,etender.gov.az/main/competitions
etender-buyer-1060,0201158491,"""NAXÇIVAN ŞƏHƏR TƏCİLİ TİBB MƏRKƏZİ"" PUBLİK HÜQUQİ ŞƏXSİ",Kazım Talıbli küc 3,2,awarded | other,295220 | 295061,1694788579,71035,etender.gov.az/main/competitions
etender-buyer-1061,0900012321,"""KƏNGƏRLİ RAYON MƏRKƏZİ XƏSTƏXANASI"" PUBLİK HÜQUQİ ŞƏXSİ","Kəngərli r, Qıvraq qəsəbəsi",2,awarded | other,285053 | 284676,1680259154,58125,etender.gov.az/main/competitions
etender-buyer-1062,2005610561,CƏMŞİD NAXÇIVANSKİ ADINA HƏRBİ LİSEY ,"Xətai rayonu, Zığ şossesi",2,awarded,284992 | 276787,1680187838,57804,etender.gov.az/main/competitions
etender-buyer-1063,4300527421,QAX RAYONU DAMAZLIQ İPƏKÇİLİK STANSİYASI,"Qax rayonu, Əmbərçay kəndi",2,awarded | other,281899 | 280978,1671038282,54580,etender.gov.az/main/competitions
etender-buyer-1064,6300016801,LERİK RAYON MƏNZİL-KOMMUNAL TƏSƏRRÜFATI İSTEHSALAT BİRLİYİ,Lerik ,2,awarded | cancelled,281199 | 280941,1669324304,53823,etender.gov.az/main/competitions
etender-buyer-1065,1500485121,S.C. PİŞƏVARİ ADINA RESPUBLİKA HUMANİTAR FƏNLƏR GİMNAZİYASI,,2,awarded,278625 | 274534,1668458909,51155,etender.gov.az/main/competitions
etender-buyer-1066,2300385811,"""SƏNAYE VƏ TEXNOLOGİYALAR ÜZRƏ GƏNCƏ DÖVLƏT PEŞƏ TƏHSİL MƏRKƏZİ"" PUBLİK HÜQUQİ ŞƏXSİ",,2,awarded,275080 | 272267,1662379470,47319,etender.gov.az/main/competitions
etender-buyer-1067,2905898141,"""SƏNAYE VƏ YÜKSƏK TEXNOLOGİYALAR ÜZRƏ SUMQAYIT DÖVLƏT PEŞƏ TƏHSİL MƏRKƏZİ"" PUBLİK HÜQUQİ ŞƏXSİ","Sumqayıt şəh,  Koroğlu pr-ti ev 266",2,awarded,275074 | 272216,1662375318,47306,etender.gov.az/main/competitions
etender-buyer-1068,8400092531,AZƏRBAYCAN MİLLİ ELMLƏR AKADEMİYASI N.TUSI ADINA ŞAMAXI ASTROFİZİKA RƏSƏDXANASI,Şamaxı rayonu Yusif Məmmədəliyev qəsəbəsi,2,awarded | cancelled,274287 | 337530,1660841765,46424,etender.gov.az/main/competitions
etender-buyer-1069,2001643851,"""Humanitar fənlər təmayüllü məktəb-lisey""",Məzahir Rüstəmov küçəsi 39,2,awarded | other,273839 | 273571,1660060119,45952,etender.gov.az/main/competitions
etender-buyer-1070,2700456671,UŞAQ VƏ AİLƏLƏRƏ DƏSTƏK MƏRKƏZİ,Mingəçevir şəhəri,2,awarded | cancelled,271987 | 266739,1655827156,43839,etender.gov.az/main/competitions
etender-buyer-1071,1500241151,AZƏRBAYCAN RESPUBLİKA GƏNCLƏR VƏ İDMAN NAZİRLİYİNİN TOFIQ BƏHRAMOV ADINA RESPUBLİKA STADİONU,,2,awarded,271145 | 237429,1654098470,42771,etender.gov.az/main/competitions
etender-buyer-1072,1700244101,MUZEY SƏRVƏTLƏRİ VƏ XATİRƏ ƏŞYALARININ ELMİ BƏRPA MƏRKƏZİ,Səbail rayonu S. Rüstəmov küçəsi 3/6,2,awarded,271012 | 257779,1653671210,42781,etender.gov.az/main/competitions
etender-buyer-1073,1200159131,ABŞERON MİLLİ PARKI,,2,awarded | cancelled,269173 | 269116,1650274011,40600,etender.gov.az/main/competitions
etender-buyer-1074,1700245151,AZƏRBAYCAN MİLLİ ELMLƏR AKADEMİYASI MƏRKƏZİ  NƏBATAT BAĞI,"Bakı şəhəri,Badamdar şossesi 40",2,awarded,269395 | 266679,1650550421,40908,etender.gov.az/main/competitions
etender-buyer-1075,1500786531,"AZƏRBAYCAN RESPUBLİKASI DAXİLİ İŞLƏR NAZİRLİYİNİN BAŞ PASPORT, QEYDİYYAT VƏ MİQRASİYA İDARƏSİ","Bakı şəhəri,   Rəşid Behbudov 58",2,awarded,269175 | 248988,1650276803,40610,etender.gov.az/main/competitions
etender-buyer-1076,2303373391,AZƏRBAYCAN RESPUBLİKASI KƏND TƏSƏRRÜFATI NAZİRLİYİNİN BİTKİ MÜHAFİZƏ VƏ TEXNİKİ BİTKİLƏR ELMİ-TƏDQİQAT İNSTİTUTU,,2,awarded | other,264393 | 263147,1638986245,35978,etender.gov.az/main/competitions
etender-buyer-1077,1401559181,AZƏRBAYCAN RESRUBLİKASININ MALİYYƏ NAZİRLİYİNİN DÖVLƏT MALİYYƏ NƏZARƏTİ XİDMƏTİ,,2,awarded,262713 | 260288,1635849983,34151,etender.gov.az/main/competitions
etender-buyer-1078,1700875431,"""DƏNİZKƏNARI MİLLİ PARK"" MƏHDUD MƏSULİYYƏTLİ CƏMİYYƏTİ","Bakı şəhəri, Səbail rayonu, Neftçilər pr, ev.2A, Mərtəbə 2, Qapı-1",2,awarded,260837 | 244799,1632415777,32095,etender.gov.az/main/competitions
etender-buyer-1079,1503409571,İQTİSADİYYAT NAZİRLİYİ YANINDA DÖVLƏT VERGİ XİDMƏTİ BAKI ŞƏHƏRİ KİÇİK SAHİBKARLIQLA İŞ ÜZRƏ BAŞ İDARƏSİ,"AZ1108,Binəqədi rayonu,Z.Bünyadov pr.15",2,awarded,260507 | 258212,1631811022,31712,etender.gov.az/main/competitions
etender-buyer-1080,5100600951,AZƏRBAYCAN RESPUBLİKASI SƏHİYYƏ NAZİRLİYİNİN ZAQATALA MÜALİCƏ DİAQNOSTİKA MƏRKƏZİ,Zaqatala şəhəri F.Əmirov -187,2,awarded,251084 | 239294,1610381011,21105,etender.gov.az/main/competitions
etender-buyer-1081,4000724781,"""BƏRDƏ MÜALİCƏ DİAQNOSTİKA MƏRKƏZİ"" PUBLİK HÜQUQİ ŞƏXSİ",Bərdə şəh. Bakı küç.6,2,awarded,251029 | 240133,1609950612,21022,etender.gov.az/main/competitions
etender-buyer-1082,8400402401,AZƏRBAYCAN RESPUBLİKASI SƏHİYYƏ NAZİRLİYİNİN ŞAMAXI MÜALİCƏ DİAQNOSTİKA MƏRKƏZİ,Şamaxı şəh. Yuxarı Qala küç. 32,2,awarded,250925 | 241449,1608912244,20908,etender.gov.az/main/competitions
etender-buyer-1083,1701243931,DƏNİZKƏNARI BULVAR İDARƏSİNİN DÖVLƏT BAYRAĞI MUZEYİ,"Bakı ş., Səbail r.nu Bayıl qəs. Bayraq meydanının ərazisi",2,awarded,247877 | 247213,1602084575,17415,etender.gov.az/main/competitions
etender-buyer-1084,1400291851,AZƏRBAYCAN RESPUBLİKASININ DİASPORLA İŞ ÜZRƏ DÖVLƏT KOMİTƏSİ,"Bakı şəh. Nəsimi rayonu, S. Vurğun küç. 42",2,awarded | other,246335 | 246272,1598632396,15632,etender.gov.az/main/competitions
etender-buyer-1085,2100043081,ŞİRVAN ŞƏHƏR İCRA HAKİMİYYƏTİNİN MƏNZİL TƏSƏRRÜFATI İDARƏSİ,Şirvan şəhəri H.Əliyev prospekti 44,2,awarded | other,245218 | 245217,1595764871,14313,etender.gov.az/main/competitions
etender-buyer-1086,1400369151,"""AZƏRMARKA"" MƏHDUD MƏSULİYYƏTLİ CƏMİYYƏTİ","Bakı şəhəri, Droqal döngəsi 702-ci məhəllə",2,awarded | cancelled,241019 | 239365,1584528619,10419,etender.gov.az/main/competitions
etender-buyer-1087,2000465751,5 SAYLI BAKI PEŞƏ LİSEYİ,"Baki şəhəri, Xətai rayonu, Məhsəti küçəsi 3",2,awarded | other,237502 | 237491,1575893631,6399,etender.gov.az/main/competitions
etender-buyer-1088,1701605251,"""CƏNUB QAZ DƏHLİZİ"" QAPALI SƏHMDAR CƏMİYYƏTİ","Bakı şəh., Heydər Əliyey prospekti 121",2,awarded,237884 | 235460,1576775308,6808,etender.gov.az/main/competitions
etender-buyer-1089,6800942131,AZƏRBAYCAN RESPUBLİKASI TƏHSİL NAZİRLİYİNİN 12 SAYLI ƏRAZİ MALİYYƏ HESABLAŞMA MƏRKƏZİ,Sabirabad şəhəri 20 yanvar küçəsi 9,2,awarded | other,237756 | 236942,1576509330,6670,etender.gov.az/main/competitions
etender-buyer-1090,1403372311,AZƏRBAYCAN RESPUBLİKASININ MALİYYƏ BAZARLARINA NƏZARƏT PALATASI,,2,awarded | cancelled,235749 | 234275,1571843678,4467,etender.gov.az/main/competitions
etender-buyer-1091,0200132021,NAXÇIVAN MUXTAR RESPUBLİKASININ DÖVLƏT ARXİV İDARƏSİ,H.Əliyev pr 14,2,cancelled,338871 | 335552,1758031050,119256,etender.gov.az/main/competitions
etender-buyer-1092,3700041491,ASTARA ŞƏHƏR MƏNZİL KOMMUNAL TİKİNTİ TƏSƏRRÜFATI İSTEHSALAT BİRLİYİ MƏHDUD MƏSULİYYƏTLİ CƏMİYYƏTİ,"Astara rayonu, Astara şəhəri, Nizami küçəsi, 56",2,cancelled,343119 | 342177,1762450293,2025/AT/00470/V1,etender.gov.az/main/competitions
etender-buyer-1093,0200981601,"""NAXÇIVAN MUXTAR RESPUBLİKASININ SAHİBKARLIĞIN İNKİŞAFI FONDU"" PUBLİK HÜQUQİ ŞƏXSİ",Naxçıvan şəhəri H.Əliyev pr 6,2,cancelled,342358 | 340568,1761732253,2025/AT/00219/V1,etender.gov.az/main/competitions
etender-buyer-1094,5100243711,"""DAŞINMAZ ƏMLAKIN DÖVLƏT KADASTRI VƏ REYESTRİ"" PUBLİK HÜQUQİ ŞƏXSİNİN 18 SAYLI ZAQATALA ƏRAZİ İDARƏSİ","Zaqatala şəhəri, Faiq Əmirov küçəsi, 173",2,cancelled,338314 | 322516,1757352800,118692,etender.gov.az/main/competitions
etender-buyer-1095,4400171661,ƏMLAK  MƏSƏLƏLƏRİ DÖVLƏT KOMİTƏSİNİN YANINDA DAŞINMAZ ƏMLAKIN DÖVLƏT REYESTRİ XİDMƏTİNİN 9 SAYLI QƏBƏLƏ  ƏRAZİ İDARƏSİ,"Qəbələ şəhəri, Zərifə Əliyeva küçəsi 6",2,cancelled,338099 | 322505,1757002968,118476,etender.gov.az/main/competitions
etender-buyer-1096,2900542251,"""Daşınmaz Əmlakın Dövlət Kadastrı və Reyestri"" Publik Hüquqi Şəxsinin 2 saylı Sumqayıt Ərazi İdarəsi","Sumqayıt şəhəri, Koroğlu prospekti 42 ci məhəllə",2,cancelled,339846 | 322398,1759156715,120232,etender.gov.az/main/competitions
etender-buyer-1097,1700308151,AZƏRBAYCAN MİLLİ ELMLƏR AKADEMİYASININ FOLKLOR İNSTİTUTU,Bakı İçərişəhər 8-ci Kişik Qala küşəsi 31,2,cancelled,334948 | 334091,1752855267,115317,etender.gov.az/main/competitions
etender-buyer-1098,2700166961,MİNGƏÇEVİR ŞƏHƏR MÜHAFİZƏ ŞÖBƏSİ,"Mingəçevir şəhəri, H,Əliyev prospekti, 92 ",2,cancelled,335256 | 331203,1753312099,115626,etender.gov.az/main/competitions
etender-buyer-1099,0700010161,ŞƏRUR RAYON RABİTƏ İDARƏSİ,,2,cancelled,298554 | 298558,1700512409,74703,etender.gov.az/main/competitions
etender-buyer-1100,4200105421,QAZAX KOMMUNAL MÜƏSSİSƏLƏRİ KOMBİNATI,,2,cancelled,296290 | 296061,1696613854,72095,etender.gov.az/main/competitions
etender-buyer-1101,5100135571,ZAQATALA DÖVLƏT QORUĞU,,2,cancelled,296123 | 293682,1696432153,72004,etender.gov.az/main/competitions
etender-buyer-1102,1300106471,"AZƏRBAYCAN RESPUBLİKASI DÖVLƏT KONTRAKT KORPORASİYASI ""AZƏRKONTRAKT"" AÇIQ TİPLİ SƏHMDAR CƏMİYYƏTİ","Bakı şəhəri, Şəfaət Mehdiyev 83/23",2,cancelled,273770 | 273080,1659965172,45872,etender.gov.az/main/competitions
etender-buyer-1103,2300288701,AZƏRBAYCAN RESPUBLİKASI GƏNCƏ ŞƏHƏRİ KƏPƏZ RAYONU KƏPƏZ BƏLƏDİYYƏSİ,"Gəncə şəhəri, Ş.İ.Xətai prospekti, 101, İnzibati bina",2,cancelled,250375 | 244745,1607428866,20304,etender.gov.az/main/competitions
etender-buyer-1104,6401411531,AZƏRBAYCAN RESPUBLİKASI TƏHSİL NAZİRLİYİNİN 14 SAYLI ƏRAZİ MALİYYƏ HESABLAŞMA MƏRKƏZİ,,2,cancelled,241934 | 240808,1588006840,11597,etender.gov.az/main/competitions
etender-buyer-1105,1300397831,"""AZƏRBAYCAN MÜƏLLİMİ"" QƏZETİ REDAKSİYASI",Fətəli xan xoyski 109,1,active,354585,2026-06-29,2026/AT/03172/V1,etender.gov.az/main/competitions
etender-buyer-1106,1309721881,"""COĞRAFİYA İNSTİTUTU"" PUBLİK HÜQUQİ ŞƏXSİ",Hüseyn Cavid 117,1,active,354099,2026-06-19,2026/AT/03004/V1,etender.gov.az/main/competitions
etender-buyer-1107,1302897271,"""AZƏRBAYCAN MEMARLIQ VƏ İNŞAAT UNİVERSİTETİNİN NƏZDİNDƏ İNŞAAT KOLLECİ"" PUBLİK HÜQUQİ ŞƏXSİ",İsfəndiyar Zülalov 10,1,active,353894,2026-06-16,2026/AT/02930/V1,etender.gov.az/main/competitions
etender-buyer-1108,1001009951,"""CİHAZ İSTEHSALAT BİRLİYİ"" MƏHDUD MƏSULİYYƏTLİ CƏMİYYƏTİ",,1,active,353817,2026-06-12,2026/AT/02903/V1,etender.gov.az/main/competitions
etender-buyer-1109,4100320991,"""BİLƏSUVAR OLİMPİYA İDMAN KOMPLEKSİ"" MƏHDUD MƏSULİYYƏTLİ CƏMİYYƏTİ",,1,active,353734,2026-06-11,2026/AT/02881/V1,etender.gov.az/main/competitions
etender-buyer-1110,1300267391,"""2 NÖMRƏLİ BAKI  BAZA TİBB KOLLECİ"" PUBLİK HÜQUQİ ŞƏXSİ",Bakı şəh. Yasamal rayonu A.M.Şərifzadə küç. 204,1,active,352556,2026-05-20,2026/AT/02494/V1,etender.gov.az/main/competitions
etender-buyer-1111,1600357781,"""AZƏRBAYCAN DÖVLƏT İQTİSAD UNİVERSİTETİNİN NƏZDİNDƏ QİDA SƏNAYESİ KOLLECİ"" PUBLİK HÜQUQİ ŞƏXSİ","Bakı şəhəri, 8-ci km qəsəbəsi, R.Teymurov küçəsi 73",1,active,352346,2026-05-18,2026/AT/02434/V1,etender.gov.az/main/competitions
etender-buyer-1112,1309786631,"""FİZİKA İNSTİTUTU"" PUBLİK HÜQUQİ ŞƏXSİ",,1,active,351679,2026-05-06,2026/AT/02225/V1,etender.gov.az/main/competitions
etender-buyer-1113,1300372901,AZƏRBAYCAN MİLLİ ELMLƏR AKADEMİYASI AKADEMİK H.ƏLİYEV ADINA COĞRAFİYA İNSTİTUTU,"Bakı şəh., H. Cavid pr. 115",1,active,348006,2026-03-05,2026/AT/01002/V1,etender.gov.az/main/competitions
etender-buyer-1114,1400500631,"""AZƏRBAYCAN DÖVLƏT NEFT VƏ SƏNAYE UNİVERSİTETİNİN NƏZDİNDƏ SƏNAYE VƏ TEXNOLOGİYA KOLLECİ"" PUBLİK HÜQUQİ ŞƏXSİ",Bakı şəh.Nərimaov rayonu Təbriz küç 87,1,active,345316,2026-01-08,2026/AT/00025/V1,etender.gov.az/main/competitions
etender-buyer-1115,1400406841,BAKI DÖVLƏT SİRKİ,S.Vurğun 68,1,active,339352,2025-09-22,119738,etender.gov.az/main/competitions
etender-buyer-1116,0800013081,ŞAHBUZ  RAYON   TƏHSİL ŞÖBƏSİ,Şahbuz Şəhəri,1,active,316200,2024-09-13,94866,etender.gov.az/main/competitions
etender-buyer-1117,5500105081,"""AZƏRBAYCAN DƏMİR YOLLARI"" QAPALI SƏHMDAR CƏMİYYƏTİ HƏKİM- SANİTAR XİDMƏTİNİN İMİŞLİ DƏMİR YOLU XƏSTƏXANASI MƏHDUD MƏSULİYYƏTLİ CƏMİYYƏTİ","Məmməd Əsədov, 10, İmişli, AZ3000",1,active,296495,2023-10-11,72380,etender.gov.az/main/competitions
etender-buyer-1118,0200078161,NAXÇIVAN MR GİGİYENA VƏ EPİDEMOLOGİYA MƏRKƏZİ,Azərbaycan məhəlləsi,1,active,295555,2023-09-22,71370,etender.gov.az/main/competitions
etender-buyer-1119,7500120591,FÜZULİ RAYON MƏNZİL İSTİSMAR İDARƏSİ,Füzuli rayon Horadiz şəhəri M.Ə.Rəsulzadə küçəsi,1,active,295316,2023-09-18,71128,etender.gov.az/main/competitions
etender-buyer-1120,0200134701,NAXÇIVAN MR SƏFƏRBƏRLİK VƏ HƏRBİ XİDMƏTƏ ÇAĞIRIŞ ÜZRƏ DÖVLƏT XİDMƏTİ,Naxçıvan şəhəri Atatürk küçəsi 21,1,active,287869,2023-04-13,62982,etender.gov.az/main/competitions
etender-buyer-1121,8500143331,ŞƏMKİR PEŞƏ LİTSEYİ,"Şəmkir şəhəri, Natavan küç 70",1,active,278439,2022-11-10,50994,etender.gov.az/main/competitions
etender-buyer-1122,1100118661,8 SAYLI BAKI PEŞƏ LİTSEYİ,,1,active,278187,2022-11-04,50716,etender.gov.az/main/competitions
etender-buyer-1123,1100101701,7 SAYLI PEŞƏ MƏKTƏBİ,,1,active,278157,2022-11-03,50687,etender.gov.az/main/competitions
etender-buyer-1124,1500539641,18 SAYLI BAKI PEŞƏ LİTSEYİ,,1,active,278126,2022-11-03,50658,etender.gov.az/main/competitions
etender-buyer-1125,2000113121,RESPUBLİKA TEXNİKİ YARADICILIQ MƏRKƏZİ,Bakı ş.Əhmədli qəs.Xudı Məmmədov küç 37,1,active,273238,2022-07-25,45285,etender.gov.az/main/competitions
etender-buyer-1126,1700311071,AZƏRBAYCAN ELMLƏR AKADEMİYASININ AZƏRBAYCAN TARİXİ MUZEYİ,H.Z.Tağiyev kucəsi ev 4,1,active,269600,2022-04-25,41117,etender.gov.az/main/competitions
etender-buyer-1127,8400076591,4 SAYLI ƏRAZİ VERGİLƏR İDARƏSİ,Bakı-Qazax yolunun 118-ci km,1,active,259424,2021-08-25,30542,etender.gov.az/main/competitions
etender-buyer-1128,1600140481,4 SAYLI BAKI PEŞƏ LİTSEYİ,"baki şəhəri, Nizami rayonu, İsmayıl Məmmədov 148",1,active,237599,2019-12-11,6480,etender.gov.az/main/competitions
etender-buyer-1129,1600247001,14 SAYLI BAKI QIZ PEŞƏ  LİTSEYİ,"Baki şəhəri, Nizami rayonu, Cəmşid Naxçivanskiy 100",1,active,237592,2019-12-11,6481,etender.gov.az/main/competitions
etender-buyer-1130,1400409061,"""AZƏRBAYCAN  DƏMİR YOLLARI"" QAPALI SƏHMDAR CƏMİYYƏTİ HƏKİM- SANİTAR XİDMƏTİ YOL SANİTAR-KARANTİN MÜFƏTTİŞLİYİ",Dilarə Əliyeva 230,1,active,236417,2019-11-11,5230,etender.gov.az/main/competitions
etender-buyer-1131,4800030421,QOBUSTAN RAYON KOMMUNAL MÜƏSSİSƏLƏRİ KOMBİNATI,,1,awarded,347213,1771613639,2026/AT/00723/V1,etender.gov.az/main/competitions
etender-buyer-1132,5400071961,İSMAYILLI MƏNZİL İSTİSMAR SAHƏSİ,İsmayıllı Mənzil İstismar Sahəsi,1,awarded,343213,1762533423,2025/AT/00495/V1,etender.gov.az/main/competitions
etender-buyer-1133,1700275551,AZƏRBAYCANDA ATATÜRK MƏRKƏZİ,"Tərlan Əliyarbəyov, 5",1,awarded,342755,1762186693,2025/AT/00358/V1,etender.gov.az/main/competitions
etender-buyer-1134,5900074401,GƏDƏBƏY RAYONU POLİS ŞÖBƏSİ,Gədəbəy,1,awarded,342114,1761394078,2025/AT/00135/V1,etender.gov.az/main/competitions
etender-buyer-1135,0201295831,"NAXÇIVAN MUXTAR RESPUBLİKASININ İQTİSADİYYAT NAZİRLİYİ YANINDA ƏMLAK MƏSƏLƏLƏRİ DÖVLƏT XİDMƏTİNİN TABELİYİNDƏ ""DAŞINMAZ ƏMLAKIN DÖVLƏT KADASTRI VƏ REYESTRİ"" PUBLİK HÜQUQİ ŞƏXSİN TABELİYİNDƏ ""KADASTR VƏ YERQURULUŞU LAYİHƏ-TƏDQİQAT MƏRKƏZİ""MƏHDUD MƏSULİYYƏTLİ CƏMİYYƏTİ","Naxçıvan şəhəri, Zərifə Əliyeva küçəsi 15A",1,awarded,340396,1759514155,120783,etender.gov.az/main/competitions
etender-buyer-1136,8303096571,AZƏRBAYCAN RESPUBLİKASI MALİYYƏ NAZİRLİYİNİN DÖVLƏT XƏZİNƏDARLIĞI AGENTLİYİNİN 22 SAYLI REGİONAL XƏZİNƏDARLIQ İDARƏSİ,Lənkəran Heydər Əliyev pros. 74,1,awarded,329291,1744974311,109116,etender.gov.az/main/competitions
etender-buyer-1137,8600006281,"""ŞUŞA RAYON MƏRKƏZİ XƏSTƏXANASI"" PUBLİK HÜQUQİ ŞƏXSİ",YASAMAL RAYONU Talıblı 26,1,awarded,326309,1740502031,106248,etender.gov.az/main/competitions
etender-buyer-1138,3201705991,"""TİKİNTİ İŞLƏRİNƏ TEXNİKİ NƏZARƏT XİDMƏTİ"" MƏHDUD MƏSULİYYƏTLİ CƏMİYYƏTİ",,1,awarded,322303,1732211213,101475,etender.gov.az/main/competitions
etender-buyer-1139,3100191211,BAKI DÖVLƏT İQTİSADİYYAT VƏ HUMANİTAR KOLLECİ,M.Hüseyinzadə küç 1,1,awarded,322124,1732107290,101449,etender.gov.az/main/competitions
etender-buyer-1140,0200009161,NAXÇIVAN MR ALI MƏHKƏMƏSİ,Naxçıvan şəh Atatürk 19,1,awarded,322164,1732122620,101481,etender.gov.az/main/competitions
etender-buyer-1141,0200065441,NAXÇIVAN MR  ALİ MƏCLİSİ VƏ NAZİRLƏR KABİNETİNİN ORQANI ŞƏRQ QAPISI QƏZETİ  REDAKSİYASI,Naxçıvan şəh təbriz küçəsi 14,1,awarded,319954,1729806636,99034,etender.gov.az/main/competitions
etender-buyer-1142,4502235211,"""TƏMİZ QUBA"" MƏNZİL KOMMUNAL TƏSƏRRÜFATI BİRLİYİ",QUBA RAYONU QUBA ŞƏHƏRİ LÜTVİZADƏ 6,1,awarded,315978,1726071624,94615,etender.gov.az/main/competitions
etender-buyer-1143,1700161461,"""İNZİBATİ BİNALARIN İSTİSMARI MƏRKƏZİ"" MƏHDUD MƏSULİYYƏTLİ CƏMİYYƏTİ",Üzeyir Həcibəyov 84,1,awarded,310539,1720087664,87953,etender.gov.az/main/competitions
etender-buyer-1144,0200000841,NAXÇIVAN MUXTAR RESPUBLİKASININ DÖVLƏT VERGİ XİDMƏTİ,Əziz Əliyev küçəsi 39,1,awarded,310921,1720538936,88675,etender.gov.az/main/competitions
etender-buyer-1145,6001949261,"GÖYÇAY RAYON İCRA HAKİMİYYƏTİ YANINDA ""ŞƏHƏR TƏSƏRRÜFATI BİRLİYİ""",,1,awarded,299743,1703013631,75971,etender.gov.az/main/competitions
etender-buyer-1146,2700442191,"""LİFTLƏRİN QURAŞDIRILMASI TƏMİRİ VƏ XİDMƏTİ İDARƏSİ"" MƏHDUD MƏSULİYYƏTLİ CƏMİYYƏTİ",,1,awarded,297362,1698349916,73262,etender.gov.az/main/competitions
etender-buyer-1147,1400073901,İNFORMATİKA VƏ STATİSTİKA İDARƏSİ,"Bakı şəhəri,Həsən bəy Zərdabi küçəsi 96",1,awarded,296958,1697801543,72934,etender.gov.az/main/competitions
etender-buyer-1148,0800018821,AKADEMİK HƏSƏN ƏLİYEV ADINA  ZƏNGƏZUR MİLLİ PARKI,Şahbuz rayon,1,awarded,296981,1697812747,72942,etender.gov.az/main/competitions
etender-buyer-1149,0201091121,199 NÖMRƏLİ HƏRBİ HİSSƏ,Naxçıvan şəhəri H.Əliyev pr.,1,awarded,296390,1696872954,72215,etender.gov.az/main/competitions
etender-buyer-1150,8500147441,ŞƏMKİR RAYONLARARASI MÜHAFİZƏ ŞÖBƏSİ,"Şəmkir rayonu, H.Aslanov küçəsi 89",1,awarded,294865,1694108758,70643,etender.gov.az/main/competitions
etender-buyer-1151,1005791621,AZƏRBAYCAN RESPUBLİKASI EKOLOGİYA VƏ TƏBİİ SƏRVƏTLƏR NAZİRLİYİ 11 SAYLI REGİONAL EKOLOGİYA VƏ TƏBİİ SƏRVƏTLƏR İDARƏSİ,Səttar Bəhlulzadə 132,1,awarded,294900,1694181425,70693,etender.gov.az/main/competitions
etender-buyer-1152,0200007451,"""NAXÇIVAN DƏMİR YOLLARI"" MƏHDUD MƏSULİYYƏTLİ CƏMİYYƏTİ",Naxçıvan şəhəri Əcəmi-7,1,awarded,294391,1693305924,70127,etender.gov.az/main/competitions
etender-buyer-1153,7702367371,XAÇMAZ MƏNZİL KOMMUNAL TƏSƏRRÜFATI İDARƏSİ,Heydər Əliyev 1a,1,awarded,294080,1692631798,69588,etender.gov.az/main/competitions
etender-buyer-1154,7000121871,AZƏRBAYCAN RESPUBLİKASI EKOLOGİYA VƏ TƏBİİ SƏRVƏTLƏR NAZİRLIYİ ŞİRVAN MİLLİ PARKI,,1,awarded,293692,1691754048,69398,etender.gov.az/main/competitions
etender-buyer-1155,1700604401,"""AZƏRBAYCAN İNVESTİSİYA ŞİRKƏTİ"" AÇIQ SƏHMDAR CƏMİYYƏTİ","AZ1025,  Bakı şəhəri,Xətai rayonu,8 Noyabr pr.25E,Bakı Ağ Şəhər Ofis Binası 3-cü mərtəbə",1,awarded,290424,1685471233,65700,etender.gov.az/main/competitions
etender-buyer-1156,2000248441,7 SAYLI CƏZA ÇƏKMƏ MÜƏSSİSƏSİ,Xətai rayonu kənd Əhmədli ,1,awarded,283167,1676285673,55989,etender.gov.az/main/competitions
etender-buyer-1157,3901351221,212 NÖMRƏLİ HƏRBİ HİSSƏ,,1,awarded,281401,1669755347,54024,etender.gov.az/main/competitions
etender-buyer-1158,1600277401,"""AZƏRBAYCAN DƏMİR YOLLARI"" QAPALI SƏHMDAR CƏMİYYƏTİNİN HƏKİM- SANİTAR XİDMƏTİNİN YOL GİGİYENA VƏ EPİDEMİOLOGİYA MƏRKƏZİ",Binəqədi rn.Biləcəri qəs.35,1,awarded,278515,1668188431,51059,etender.gov.az/main/competitions
etender-buyer-1159,8502893131,193 NÖMRƏLİ HƏRBİ HİSSƏ,,1,awarded,276852,1665504492,49256,etender.gov.az/main/competitions
etender-buyer-1160,1600515921,SAĞLAMLIQ İMKANLARI MƏHDUD UŞAQLAR ÜÇÜN 3 №-Lİ RESPUBLİKA XÜSUSİ İNTERNAT MƏKTƏBİ,Şərifli 3,1,awarded,275438,1662987943,47702,etender.gov.az/main/competitions
etender-buyer-1161,2304077651,AZƏRBAYCAN RESPUBLİKASININ DÖVLƏT REKLAM AGENTLİYİ GƏNCƏ REGİONAL REKLAM İDARƏSİ,Gəncə şəhəri Fətulla Həsənov küçəsi  3,1,awarded,275306,1662641043,47501,etender.gov.az/main/competitions
etender-buyer-1162,1700446391,BAKI ŞƏHƏR BAŞ MALİYYƏ İDARƏSİ,İstiqlaliyyət küçəsi 18,1,awarded,274782,1661785489,46983,etender.gov.az/main/competitions
etender-buyer-1163,1506022161,"""TƏHSİL RESPUBLİKA İDMAN MƏRKƏZİ"" PUBLİK HÜQUQİ ŞƏXSİ","Bakı şəhəri, H.Əliyev pr.58",1,awarded,274030,1660322803,46154,etender.gov.az/main/competitions
etender-buyer-1164,5100180021,ZAQATALA ŞƏHƏR İNTERNAT MƏKTƏBİ.,Zaqatala şəhəri Saleh Qocayev küçəsi № 1A,1,awarded,273776,1659973562,45883,etender.gov.az/main/competitions
etender-buyer-1165,1701183971,132-134 NÖMRƏLİ TƏHSİL KOMPLEKSİ,,1,awarded,273529,1659377357,45616,etender.gov.az/main/competitions
etender-buyer-1166,1600265171,"""3 NÖMRƏLİ UŞAQ-GƏNCLƏR İNKİŞAF MƏRKƏZİ"" PUBLİK HÜQUQİ ŞƏXSİ",Q.Qarayev pr 61,1,awarded,273247,1658774199,45304,etender.gov.az/main/competitions
etender-buyer-1167,1200279461,S.RÜSTƏM ADINA XARİCİ DİLLƏR TƏMAYÜLLÜ GİMNAZİYA,Bakı şəh Xəzər rayon Mərdəkan qəsəbəsi S.Yesenin 94,1,awarded,273305,1658930554,45377,etender.gov.az/main/competitions
etender-buyer-1168,1505340891,"""DƏMİR YOLU VƏ METROPOLİTEN ÜZRƏ BAKI DÖVLƏT PEŞƏ TƏHSİL MƏRKƏZİ” PUBLİK HÜQUQİ ŞƏXSİ","Bakı ş, Nərimanov r-nu, Təbriz küç 19",1,awarded,264768,1641464121,36468,etender.gov.az/main/competitions
etender-buyer-1169,3100184851,ABŞERON RAYONU ÜZRƏ İCRA HAKİMİYYƏTİNİN CEYRANBATAN QƏSƏBƏSİ ÜZRƏ NÜMAYƏNDƏLİYİ,,1,awarded,261278,1633366710,32575,etender.gov.az/main/competitions
etender-buyer-1170,1700333931,AZƏRBAYCAN RESPUBLİKASININ ƏQLİ MÜLKİYYƏT AGENTLİYİNİN TABELİYİNDƏ OLAN RESPUBLİKA ELMİ-TEXNİKİ KİTABXANASI,,1,awarded,260222,1631273171,31405,etender.gov.az/main/competitions
etender-buyer-1171,2600238281,HİRKAN MİLLİ PARKI,Lənkəran rayonu Bürcəli kəndi,1,awarded,258451,1627920942,29428,etender.gov.az/main/competitions
etender-buyer-1172,2001680331,İQTİSADİYYAT NAZİRLİYİ YANINDA DÖVLƏT VERGİ XİDMƏTİ VERGİ  CİNAYƏTLƏRİNİN İBTİDAİ ARAŞDIRILMASI BAŞ İDARƏSİ,,1,awarded,253746,1617204264,24117,etender.gov.az/main/competitions
etender-buyer-1173,9900063981,SUMQAYIT TELEKOMMUNİKASİYA QOVŞAĞI,Sumqayıt şəhəri  Azərbaycan pr 15,1,awarded,251620,1612272278,21706,etender.gov.az/main/competitions
etender-buyer-1174,1303928091,"""MİLLİ NÜVƏ TƏDQİQATLARI MƏRKƏZİ"" QAPALI SƏHMDAR CƏMİYYƏTİ","Qobu qəsəbəsi, Bakı-Şamaxı şossesinin 20-ci km, AZ0130-At yalı filialı",1,awarded,250961,1609254789,20959,etender.gov.az/main/competitions
etender-buyer-1175,1800137041,SABUNÇU RAYON İCRA HAKİMİYYƏTİ,"Az-1132, Bakıxanov qəsəbəsi, M.Fətəliyev küç.56",1,awarded,249553,1605609718,19304,etender.gov.az/main/competitions
etender-buyer-1176,7400800321,AZƏRBAYCAN RESPUBLİKASI KƏND TƏSƏRRÜFATI NAZİRLİYİ UCAR REGİONAL  AQROKİMYA LABORATORİYASI,,1,awarded,249254,1605028537,19055,etender.gov.az/main/competitions
etender-buyer-1177,1500274611,MƏNZİL KOMMUNAL TƏSƏRRÜFATI BİRLİYİ,"Bakı şəhəri, Nizami rayonu, Tofiq Abbasov küçəsi, ev 37A",1,awarded,248954,1604404752,18718,etender.gov.az/main/competitions
etender-buyer-1178,1901471451,BAKI ŞƏHƏR MƏNZİL-KOMMUNAL TƏSƏRRÜFATI DEPARTAMENTİNİN 3 SAYLI XÜSUSİ TƏYİNATLI MƏNZİL-KOMMUNAL TƏSƏRRÜFATI BİRLİYİ,"Əmircan qəsəbəsi, M.Mustafayev 4",1,awarded,248924,1604334195,18682,etender.gov.az/main/competitions
etender-buyer-1179,1306249811,"""İNNOVASİYALAR AGENTLİYİ"" PUBLİK HÜQUQİ ŞƏXS",Bakı şəhəri Mikayıl Müşfiq küç. 2H,1,awarded,248460,1603303398,18128,etender.gov.az/main/competitions
etender-buyer-1180,1501412631,AZƏRBAYCAN RESPUBLİKASI MALİYYƏ NAZİRLİYİNİN DÖVLƏT XƏZİNƏDARLIĞI AGENTLİYİNİN 7 SAYLI XƏZİNƏDARLIQ İDARƏSİ,Həsən Əliyev küç 82,1,awarded,246747,1599567981,16078,etender.gov.az/main/competitions
etender-buyer-1181,2002347701,AZƏRBAYCAN RESPUBLİKASI DÖVLƏT NEFT ŞİRKƏTİNİN BAKI ALİ NEFT MƏKTƏBİ,,1,awarded,246568,1599139586,15875,etender.gov.az/main/competitions
etender-buyer-1182,1300532601,AZƏRBAYCAN MİLLİ ELMLƏR AKADEMİYASI A.BAKIXANOV ADINA TARİX İNSTİTUTU,Hüseyn Cavid pr.115,1,awarded,245688,1597159249,14848,etender.gov.az/main/competitions
etender-buyer-1183,2004900191,"""ASK XİDMƏT"" MƏHDUD MƏSULİYYƏTLİ CƏMİYYƏTİ",,1,awarded,239185,1581171908,8307,etender.gov.az/main/competitions
etender-buyer-1184,8000000121,XOCALI RAYON İCRA HAKİMİYYƏTİ,,1,awarded,238397,1579548371,7454,etender.gov.az/main/competitions
etender-buyer-1185,1800129501,12 SAYLI BAKI PEŞƏ LİTSEYİ,BAKI Ş. BAKIXANOV QƏS. S. MEHMANDAROV K. 4,1,awarded,238042,1577370616,6991,etender.gov.az/main/competitions
etender-buyer-1186,1300177741,AZƏRBAYCAN RESPUBLİKASI DÖVLƏT FİLM FONDU,,1,awarded,236319,1573137345,4926,etender.gov.az/main/competitions
etender-buyer-1187,1700462051,BAKI ŞƏHƏRİ İCRA HAKİMİYYƏTİNİN İNZİBATİ XİDMƏT OBYEKTİ,"Bakı şəhəri, İstiqlaliyyət küçəsi 18",1,awarded,235488,1571232478,4058,etender.gov.az/main/competitions
etender-buyer-1188,1700156271,R.BEHBUDOV ADINA AZƏRBAYCAN DÖVLƏT MAHNI TEATRI,"Bakı şəhəri, Rashid Behbudov küçəsi 12",1,cancelled,351542,1777918856,2026/AT/02173/V1,etender.gov.az/main/competitions
etender-buyer-1189,0201696721,"NAXÇIVAN MUXTAR RESPUBLİKASI EKOLOGİYA VƏ TƏBİİ SƏRVƏTLƏR NAZİRLİYİ ""DÖVLƏT EKOLOJİ EKSPERTİZA AGENTLİYİ"" PUBLİK HÜQUQİ ŞƏXS",,1,cancelled,350255,1776273523,2026/AT/01760/V1,etender.gov.az/main/competitions
etender-buyer-1190,1900999481,"""HÖVSAN OLİMPİYA İDMAN KOMPLEKSİ"" MƏHDUD MƏSULİYYƏTLİ CƏMİYYƏTİ",,1,cancelled,337651,1756471005,118028,etender.gov.az/main/competitions
etender-buyer-1191,1300280141,C.CABBARLI ADINA RESPUBLİKA GƏNCLƏR KİTABXANASI,N.Nərimanov 203,1,cancelled,342947,1762343252,2025/AT/00421/V1,etender.gov.az/main/competitions
etender-buyer-1192,0300011171,BABƏK RAYON KOMMUNAL MÜƏSSİSƏLƏR KOMBİNATI,Babek  seheri,1,cancelled,337855,1756824044,118231,etender.gov.az/main/competitions
etender-buyer-1193,7600068901,GÖYGÖL REGİONAL MÜHAFİZƏ ŞÖBƏSİ,"AZ2501, GÖYGÖL RAYONU, GÖYGÖL ŞƏHƏRİ, HUMMEL, ev 07",1,cancelled,339110,1758212319,119495,etender.gov.az/main/competitions
etender-buyer-1194,1500917031,"""AQREQAT İSTEHSALAT BİRLİYİ"" MƏHDUD MƏSULİYYƏTLİ CƏMİYYƏTİ",,1,cancelled,332963,1750332447,113331,etender.gov.az/main/competitions
etender-buyer-1195,3000146191,"DAŞINMAZ ƏMLAKIN DÖVLƏT KADASTRI VƏ REYESTRİ"" PUBLİK HÜQUQİ ŞƏXSİNİN 12 SAYLI ŞƏKİ ƏRAZİ  İDARƏSİ",Şəki şəhəri,1,cancelled,322506,1732382896,101879,etender.gov.az/main/competitions
etender-buyer-1196,2100188921,DAŞINMAZ ƏMLAKIN DÖVLƏT KADASTRI VƏ REYESTRİ PUBLİK HÜQUQİ ŞƏXSİNİN 13 SAYLI ŞİRVAN ƏRAZİ İDARƏSİ,"Şirvan şəhəri, Heydər Əliyev prospekti 20",1,cancelled,322515,1732384968,101881,etender.gov.az/main/competitions
etender-buyer-1197,0201475281,NAXÇIVAN MUXTAR RESPUBLİKASI KƏND TƏSƏRRÜFATI NAZİRLİYİNİN NAXÇIVAN KƏND TƏSƏRRÜFATI LABORATORİYALARI MƏRKƏZİ,Xətai küçəsi,1,cancelled,318010,1728042202,96806,etender.gov.az/main/competitions
etender-buyer-1198,4800593561,"""QOBUSTAN GƏNCLƏR EVİ"" SOSİAL XİDMƏT MÜƏSSİSƏSİ","Qobustan ş,HeydərƏliyevprospekti 521",1,cancelled,317900,1727956182,96714,etender.gov.az/main/competitions
etender-buyer-1199,0201507111,"AZƏRBAYCAN RESPUBLİKASI NAXÇIVAN MUXTAR RESPUBLİKASI SƏHİYYƏ NAZİRLİYİ ""QAN BANKI VƏ QAN KÖÇÜRMƏ MƏRKƏZİ"" PUBLİ HÜQUQİ ŞƏXSİ","Naxçıvan şəhəri, Ə.Əliyev 116",1,cancelled,320730,1730479003,99774,etender.gov.az/main/competitions
etender-buyer-1200,0600034981,CULFA RAYON TƏHSİL ŞÖBƏSİ,Culfa Şəhər,1,cancelled,311353,1721062522,89469,etender.gov.az/main/competitions
etender-buyer-1201,0200062811,NAXÇIVAN MUXTAR RESPUBLİKASI KƏND TƏSƏRRÜFATI NAZİRLİYİNİN AKADEMİK HƏSƏN ƏLİYEV ADINA NAXÇIVAN KƏND TƏSƏRRÜFATI ELMİ-TƏDQİQAT İNSTİTUTU,Naxçıvan şəhəri Xətai məhəlləsi,1,cancelled,304736,1713458240,82098,etender.gov.az/main/competitions
etender-buyer-1202,1200374171,ŞÜVƏLAN UŞAQ VƏ AİLƏLƏRƏ DƏSTƏK MƏRKƏZİ,"Xəzər ray,Şüvəlan qəs,Almas ildırım küç,dön.1,dal.1,bina 20V",1,cancelled,300945,1708085981,77508,etender.gov.az/main/competitions
etender-buyer-1203,2300056401,GƏNCƏ REGİONAL MÜHAFİZƏ İDARƏSİ,Gəncə ş. Nizami pr. 250,1,cancelled,285038,1680198374,57982,etender.gov.az/main/competitions
etender-buyer-1204,4900451501,"""AZERBLAST"" MƏHDUD MƏSULİYYƏTLİ CƏMİYYƏTİ","AZ1003, Bakı şəhəri, Səbail rayonu, Neftçi Qurban Abbasov küçəsi, 29 (Bayıl Plaza biznes mərkəzi II mərtəbə)",1,cancelled,302176,1709811375,78962,etender.gov.az/main/competitions
etender-buyer-1205,0200067431,NAXÇIVAN NEFT VƏ QAZ MƏHSULLARI TƏMİNATI MÜƏSSİSƏSİ,Azərbaycan küçəsi-36,1,cancelled,300307,1706543937,76802,etender.gov.az/main/competitions
etender-buyer-1206,1602473621,İQTİSADİYYAT NAZİRLİYİ YANINDA DÖVLƏT VERGİ XİDMƏTİ MİLLİ GƏLİRLƏR BAŞ İDARƏSİ,Bakı şəhəri Nizami rayonu H.Əliyev pr 105,1,cancelled,291845,1688399586,67351,etender.gov.az/main/competitions
etender-buyer-1207,1500345281,"""YENİ BEMZ"" AÇIQ SƏHMDAR CƏMİYYƏTİ","Bakı şəhəri, Nərimanov Rayonu, 4cü köndələn 3",1,cancelled,287495,1680860214,62629,etender.gov.az/main/competitions
etender-buyer-1208,0900001031,NAXÇIVAN MR TƏHSİL NAZİRLİYİNİN KƏNGƏRLİ RAYON TƏHSİL ŞÖBƏSİ,NAXÇIVAN MR KƏNGƏRLİ RAYON,1,cancelled,284981,1680181461,57860,etender.gov.az/main/competitions
etender-buyer-1209,4500671661,AZƏRBAYCAN RESPUBLİKASININ ŞAHDAĞ MİLLİ PARKI,Şabran rayon Pirəmsən kəndi,1,cancelled,272723,1657302178,44715,etender.gov.az/main/competitions
etender-buyer-1210,1404403001,AZƏRBAYCAN RESPUBLİKASININ ƏQLİ MÜLKİYYƏT AGENTLİYİNİN TABELİYİNDƏ OLAN ƏQLİ MÜLKİYYƏT HÜQUQLARININ TƏMİNATI MƏRKƏZİ,,1,cancelled,273983,1660245344,46085,etender.gov.az/main/competitions
etender-buyer-1211,5500732451,İMİŞLİ RAYON MƏNZİL İSTEHSALAT TƏMİR İSTİSMAR SAHƏSİ,İmişli şəhəri H.Əliyev prospekti 152,1,cancelled,241808,1587572817,11140,etender.gov.az/main/competitions
etender-buyer-1212,3500052221,AĞSU RAYON MƏNZİL İSTİSMAR İDARƏSİ,,1,cancelled,237095,1574870896,5956,etender.gov.az/main/competitions
etender-buyer-1213,2304674211,GƏNCƏ ŞƏHƏR KÖRPƏLƏR EVİ,20 yanvar 61,1,cancelled,246853,1599817171,16211,etender.gov.az/main/competitions