id,company_name,country,category,stand,exhibition_site,exhibition_label,exhibition_year,exhibition_id,company_id,source_url
expo-raw-000001,AZƏRBAYCAN MEMARLAR İTTİFAQI,Azərbaycan,DƏSTƏK,B1018,bakubuild,BakuBuild,2019,183,5652,https://bakubuild.az/az/exhibitors-list/year/2019
expo-raw-000002,AZƏRBAYCAN RESPUBLİKASI SAHİBKARLAR (İŞƏGÖTÜRƏNLƏR) TƏŞKİLATLARI MİLLİ KONFEDERASİYASI,Azərbaycan,DƏSTƏK,B2062,bakubuild,BakuBuild,2019,183,4292,https://bakubuild.az/az/exhibitors-list/year/2019
expo-raw-000003,AZƏRBAYCAN RESPUBLİKASININ KİÇİK VƏ ORTA BİZNESİN İNKİŞAFI AGENTLİYİ,Azərbaycan,DƏSTƏK,B2405,bakubuild,BakuBuild,2019,183,4316,https://bakubuild.az/az/exhibitors-list/year/2019
expo-raw-000004,AZƏRBAYCAN RESPUBLİKASININ MƏNZİL İNŞAATI DÖVLƏT AGENTLİYİ,Azərbaycan,DƏSTƏK,B1310,bakubuild,BakuBuild,2019,183,5653,https://bakubuild.az/az/exhibitors-list/year/2019
expo-raw-000005,AZƏRBAYCAN RESPUBLİKASININ İXRACIN VƏ İNVESTİSİYALARIN TƏŞVİQİ AGENTLİYİ (AZPROMO),Azərbaycan,DƏSTƏK,-,bakubuild,BakuBuild,2019,183,4289,https://bakubuild.az/az/exhibitors-list/year/2019
expo-raw-000006,1 NEWS İNFORMASİYA AGENTLİYİ MMC,Azərbaycan,MEDİA,-,bakubuild,BakuBuild,2019,183,4265,https://bakubuild.az/az/exhibitors-list/year/2019
expo-raw-000007,"ALO, HƏKİM JURNALI",Azərbaycan,MEDİA,P142,bakubuild,BakuBuild,2019,183,5457,https://bakubuild.az/az/exhibitors-list/year/2019
expo-raw-000008,ARENDA.AZ MMC,Azərbaycan,MEDİA,P124,bakubuild,BakuBuild,2019,183,5864,https://bakubuild.az/az/exhibitors-list/year/2019
expo-raw-000009,ASAN RADİO 100 FM,Azərbaycan,MEDİA,-,bakubuild,BakuBuild,2019,183,4258,https://bakubuild.az/az/exhibitors-list/year/2019
expo-raw-000010,AZƏRTAC,Azərbaycan,MEDİA,P112,bakubuild,BakuBuild,2019,183,4259,https://bakubuild.az/az/exhibitors-list/year/2019
expo-raw-000011,BAKUCİTY.AZ,Azərbaycan,MEDİA,P114,bakubuild,BakuBuild,2019,183,4829,https://bakubuild.az/az/exhibitors-list/year/2019
expo-raw-000012,BAKUİNFORM.AZ İNFO PORTAL,Azərbaycan,MEDİA,-,bakubuild,BakuBuild,2019,183,4260,https://bakubuild.az/az/exhibitors-list/year/2019
expo-raw-000013,BAGCAM.AZ,Azərbaycan,MEDİA,-,bakubuild,BakuBuild,2019,183,,https://bakubuild.az/az/exhibitors-list/year/2019
expo-raw-000014,CASPIAN ENERGY CLUB,Azərbaycan,MEDİA,-,bakubuild,BakuBuild,2019,183,4932,https://bakubuild.az/az/exhibitors-list/year/2019
expo-raw-000015,CASPIAN ENERGY INTERNATIONAL MEDIA GROUP,Azərbaycan,MEDİA,P138,bakubuild,BakuBuild,2019,183,4364,https://bakubuild.az/az/exhibitors-list/year/2019
expo-raw-000016,CİTYLİFE.AZ,Azərbaycan,MEDİA,-,bakubuild,BakuBuild,2019,183,,https://bakubuild.az/az/exhibitors-list/year/2019
expo-raw-000017,CİTYMAG.AZ,Azərbaycan,MEDİA,-,bakubuild,BakuBuild,2019,183,,https://bakubuild.az/az/exhibitors-list/year/2019
expo-raw-000018,DASHİNMAZEMLAK.AZ,Azərbaycan,MEDİA,-,bakubuild,BakuBuild,2019,183,5862,https://bakubuild.az/az/exhibitors-list/year/2019
expo-raw-000019,DİZEL.AZ,Azərbaycan,MEDİA,-,bakubuild,BakuBuild,2019,183,5280,https://bakubuild.az/az/exhibitors-list/year/2019
expo-raw-000020,EMLAK.AZ,Azərbaycan,MEDİA,P132,bakubuild,BakuBuild,2019,183,5860,https://bakubuild.az/az/exhibitors-list/year/2019
expo-raw-000021,EV VE İNTERYER JURNALI,Azərbaycan,MEDİA,-,bakubuild,BakuBuild,2019,183,5854,https://bakubuild.az/az/exhibitors-list/year/2019
expo-raw-000022,FACEMARK.AZ,Azərbaycan,MEDİA,-,bakubuild,BakuBuild,2019,183,4261,https://bakubuild.az/az/exhibitors-list/year/2019
expo-raw-000023,FİNEKO AİA,Azərbaycan,MEDİA,-,bakubuild,BakuBuild,2019,183,4266,https://bakubuild.az/az/exhibitors-list/year/2019
expo-raw-000024,KOMPASS AZƏRBAYCAN MMC,Azərbaycan,MEDİA,P140,bakubuild,BakuBuild,2019,183,4368,https://bakubuild.az/az/exhibitors-list/year/2019
expo-raw-000025,KONSALTİNQ & BİZNES,Azərbaycan,MEDİA,P146,bakubuild,BakuBuild,2019,183,4365,https://bakubuild.az/az/exhibitors-list/year/2019
expo-raw-000026,MAKINA.AZ,Azərbaycan,MEDİA,-,bakubuild,BakuBuild,2019,183,5282,https://bakubuild.az/az/exhibitors-list/year/2019
expo-raw-000027,MYVİDEO.AZ,Azərbaycan,MEDİA,-,bakubuild,BakuBuild,2019,183,4374,https://bakubuild.az/az/exhibitors-list/year/2019
expo-raw-000028,NAVİGATOR.AZ,Azərbaycan,MEDİA,P118,bakubuild,BakuBuild,2019,183,,https://bakubuild.az/az/exhibitors-list/year/2019
expo-raw-000029,RİELTOR.AZ,Azərbaycan,MEDİA,-,bakubuild,BakuBuild,2019,183,5859,https://bakubuild.az/az/exhibitors-list/year/2019
expo-raw-000030,SALAMNEWS İNFORMASİYA AGENTLİYİ,Azərbaycan,MEDİA,-,bakubuild,BakuBuild,2019,183,4267,https://bakubuild.az/az/exhibitors-list/year/2019
expo-raw-000031,SANDIQÇA,Azərbaycan,MEDİA,P116,bakubuild,BakuBuild,2019,183,4409,https://bakubuild.az/az/exhibitors-list/year/2019
expo-raw-000032,SPUTNİK AZƏRBAYCAN BEYNƏLXALQ İNFORMASİYA AGENTLİYİ VƏ RADİOSU,Azərbaycan,MEDİA,-,bakubuild,BakuBuild,2019,183,4269,https://bakubuild.az/az/exhibitors-list/year/2019
expo-raw-000033,TEZEBİNA.AZ,Azərbaycan,MEDİA,P136,bakubuild,BakuBuild,2019,183,5856,https://bakubuild.az/az/exhibitors-list/year/2019
expo-raw-000034,URBAN.AZ,Azərbaycan,MEDİA,-,bakubuild,BakuBuild,2019,183,4835,https://bakubuild.az/az/exhibitors-list/year/2019
expo-raw-000035,VİDEO.AZ,Azərbaycan,MEDİA,-,bakubuild,BakuBuild,2019,183,4378,https://bakubuild.az/az/exhibitors-list/year/2019
expo-raw-000036,YELLOWPAGES.AZ,Azərbaycan,MEDİA,P120,bakubuild,BakuBuild,2019,183,5339,https://bakubuild.az/az/exhibitors-list/year/2019
expo-raw-000037,İTİCKET.AZ LLC,Azərbaycan,MEDİA,-,bakubuild,BakuBuild,2019,183,4373,https://bakubuild.az/az/exhibitors-list/year/2019
expo-raw-000038,"BOULEVARD HOTEL BAKU, AUTOGRAPH COLLECTION",Azərbaycan,TƏRƏFDAŞLAR,-,bakubuild,BakuBuild,2019,183,4863,https://bakubuild.az/az/exhibitors-list/year/2019
expo-raw-000039,GILAN HOSPITALITY GROUP (QAFQAZ HOTELS & RESORTS),Azərbaycan,TƏRƏFDAŞLAR,-,bakubuild,BakuBuild,2019,183,4290,https://bakubuild.az/az/exhibitors-list/year/2019
expo-raw-000040,GREENWICH TRAVEL CLUB,Azərbaycan,TƏRƏFDAŞLAR,-,bakubuild,BakuBuild,2019,183,4816,https://bakubuild.az/az/exhibitors-list/year/2019
expo-raw-000041,"INTOURIST HOTEL BAKU, AUTOGRAPH COLLECTION",Azərbaycan,TƏRƏFDAŞLAR,-,bakubuild,BakuBuild,2019,183,4874,https://bakubuild.az/az/exhibitors-list/year/2019
expo-raw-000042,AGAH GROUP İNŞAAT ŞİRKƏTİ,Azərbaycan,TƏRƏFDAŞLAR,B1048,bakubuild,BakuBuild,2019,183,5950,https://bakubuild.az/az/exhibitors-list/year/2019
expo-raw-000043,ARCHİ GLASS,Azərbaycan,TƏRƏFDAŞLAR,B1314,bakubuild,BakuBuild,2019,183,5729,https://bakubuild.az/az/exhibitors-list/year/2019
expo-raw-000044,AZROS-PL,Azərbaycan,TƏRƏFDAŞLAR,B1332,bakubuild,BakuBuild,2019,183,5521,https://bakubuild.az/az/exhibitors-list/year/2019
expo-raw-000045,BAKI İNŞAAT SƏNAYE ASC,Azərbaycan,TƏRƏFDAŞLAR,B1015,bakubuild,BakuBuild,2019,183,5876,https://bakubuild.az/az/exhibitors-list/year/2019
expo-raw-000046,BAKI İNŞAAT İSGƏLƏ MMC,Azərbaycan,TƏRƏFDAŞLAR,B1109,bakubuild,BakuBuild,2019,183,5695,https://bakubuild.az/az/exhibitors-list/year/2019
expo-raw-000047,CASPİAN ELEKTRİK,Azərbaycan,TƏRƏFDAŞLAR,B1306,bakubuild,BakuBuild,2019,183,5520,https://bakubuild.az/az/exhibitors-list/year/2019
expo-raw-000048,CASPİNOX MMC - STAİNLESS STEEL,Azərbaycan,TƏRƏFDAŞLAR,B2206,bakubuild,BakuBuild,2019,183,5893,https://bakubuild.az/az/exhibitors-list/year/2019
expo-raw-000049,FAYTON LTD,Azərbaycan,TƏRƏFDAŞLAR,B2201,bakubuild,BakuBuild,2019,183,6010,https://bakubuild.az/az/exhibitors-list/year/2019
expo-raw-000050,FENİX CONSTRUCTİON,Azərbaycan,TƏRƏFDAŞLAR,B1328,bakubuild,BakuBuild,2019,183,5610,https://bakubuild.az/az/exhibitors-list/year/2019
expo-raw-000051,FÖVQƏLADƏ HALLAR NAZİRLİYİ. TİKİNTİDƏ TƏHLÜKƏSİZLİYƏ NƏZARƏT DÖVLƏT AGENTLİYİ S.Ə.DADAŞOV ADINA ETLKİMİ,Azərbaycan,TƏRƏFDAŞLAR,B1080,bakubuild,BakuBuild,2019,183,5697,https://bakubuild.az/az/exhibitors-list/year/2019
expo-raw-000052,FƏXRƏDDİN - K MMC,Azərbaycan,TƏRƏFDAŞLAR,B1324,bakubuild,BakuBuild,2019,183,5523,https://bakubuild.az/az/exhibitors-list/year/2019
expo-raw-000053,G-KOMPANİ,Azərbaycan,TƏRƏFDAŞLAR,B2100,bakubuild,BakuBuild,2019,183,5912,https://bakubuild.az/az/exhibitors-list/year/2019
expo-raw-000054,GENPOWER - AZƏRBAYCAN,Azərbaycan,TƏRƏFDAŞLAR,B2302,bakubuild,BakuBuild,2019,183,5941,https://bakubuild.az/az/exhibitors-list/year/2019
expo-raw-000055,GLOBAL SECURİTY SYSTEMS,Azərbaycan,TƏRƏFDAŞLAR,B1025,bakubuild,BakuBuild,2019,183,5872,https://bakubuild.az/az/exhibitors-list/year/2019
expo-raw-000056,GİLAN HOLDİNG,Azərbaycan,TƏRƏFDAŞLAR,B1108,bakubuild,BakuBuild,2019,183,5189,https://bakubuild.az/az/exhibitors-list/year/2019
expo-raw-000057,KENSİNGTON MMC,Azərbaycan,TƏRƏFDAŞLAR,B1224,bakubuild,BakuBuild,2019,183,5696,https://bakubuild.az/az/exhibitors-list/year/2019
expo-raw-000058,NABUCCO A&C,Azərbaycan,TƏRƏFDAŞLAR,B1114,bakubuild,BakuBuild,2019,183,4654,https://bakubuild.az/az/exhibitors-list/year/2019
expo-raw-000059,NB HOLDİNQ ASC,Azərbaycan,TƏRƏFDAŞLAR,B1122,bakubuild,BakuBuild,2019,183,5525,https://bakubuild.az/az/exhibitors-list/year/2019
expo-raw-000060,PANDA BOYA,Azərbaycan,TƏRƏFDAŞLAR,B1222,bakubuild,BakuBuild,2019,183,5617,https://bakubuild.az/az/exhibitors-list/year/2019
expo-raw-000061,QAZAX SEMENT ZAVODU MMC,Azərbaycan,TƏRƏFDAŞLAR,B1318,bakubuild,BakuBuild,2019,183,5700,https://bakubuild.az/az/exhibitors-list/year/2019
expo-raw-000062,TALEH-İ MMC,Azərbaycan,TƏRƏFDAŞLAR,B1208,bakubuild,BakuBuild,2019,183,5526,https://bakubuild.az/az/exhibitors-list/year/2019
expo-raw-000063,UNİVERSAL PRO,Azərbaycan,TƏRƏFDAŞLAR,B1212,bakubuild,BakuBuild,2019,183,5590,https://bakubuild.az/az/exhibitors-list/year/2019
expo-raw-000064,1 NEWS İNFORMASİYA AGENTLİYİ MMC,Azərbaycan,MEDİA,-,bakubuild,BakuBuild,2021,210,4265,https://bakubuild.az/az/exhibitors-list/year/2021
expo-raw-000065,CİTYLİFE.AZ,Azərbaycan,MEDİA,-,bakubuild,BakuBuild,2021,210,,https://bakubuild.az/az/exhibitors-list/year/2021
expo-raw-000066,CİTYMAG.AZ,Azərbaycan,MEDİA,-,bakubuild,BakuBuild,2021,210,,https://bakubuild.az/az/exhibitors-list/year/2021
expo-raw-000067,FİNEKO AİA,Azərbaycan,MEDİA,-,bakubuild,BakuBuild,2021,210,4266,https://bakubuild.az/az/exhibitors-list/year/2021
expo-raw-000068,MYVİDEO.AZ,Azərbaycan,MEDİA,-,bakubuild,BakuBuild,2021,210,4374,https://bakubuild.az/az/exhibitors-list/year/2021
expo-raw-000069,MEMAR JURNALI,Azərbaycan,MEDİA,-,bakubuild,BakuBuild,2021,210,,https://bakubuild.az/az/exhibitors-list/year/2021
expo-raw-000070,VİDEO.AZ,Azərbaycan,MEDİA,-,bakubuild,BakuBuild,2021,210,4378,https://bakubuild.az/az/exhibitors-list/year/2021
expo-raw-000071,İTİCKET.AZ LLC,Azərbaycan,MEDİA,-,bakubuild,BakuBuild,2021,210,4373,https://bakubuild.az/az/exhibitors-list/year/2021
expo-raw-000072,CİTY MANSİON,Azərbaycan,TƏRƏFDAŞLAR,-,bakubuild,BakuBuild,2021,210,6837,https://bakubuild.az/az/exhibitors-list/year/2021
expo-raw-000073,ALTİS GROUP OF COMPANIES,Azərbaycan,TƏRƏFDAŞLAR,B2114,bakubuild,BakuBuild,2021,210,6681,https://bakubuild.az/az/exhibitors-list/year/2021
expo-raw-000074,AMK FASAD,Azərbaycan,TƏRƏFDAŞLAR,B1116-1,bakubuild,BakuBuild,2021,210,6781,https://bakubuild.az/az/exhibitors-list/year/2021
expo-raw-000075,AZƏRBAYCAN MEMARLAR İTTİFAQI,Azərbaycan,TƏRƏFDAŞLAR,-,bakubuild,BakuBuild,2021,210,5652,https://bakubuild.az/az/exhibitors-list/year/2021
expo-raw-000076,AZƏRBAYCAN RESPUBLİKASI SAHİBKARLAR (İŞƏGÖTÜRƏNLƏR) TƏŞKİLATLARI MİLLİ KONFEDERASİYASI,Azərbaycan,TƏRƏFDAŞLAR,-,bakubuild,BakuBuild,2021,210,4292,https://bakubuild.az/az/exhibitors-list/year/2021
expo-raw-000077,AZƏRBAYCAN RESPUBLİKASININ KİÇİK VƏ ORTA BİZNESİN İNKİŞAFI AGENTLİYİ,Azərbaycan,TƏRƏFDAŞLAR,K1206,bakubuild,BakuBuild,2021,210,4316,https://bakubuild.az/az/exhibitors-list/year/2021
expo-raw-000078,AZƏRBAYCAN RESPUBLİKASININ MƏNZİL İNŞAATI DÖVLƏT AGENTLİYİ,Azərbaycan,TƏRƏFDAŞLAR,-,bakubuild,BakuBuild,2021,210,5653,https://bakubuild.az/az/exhibitors-list/year/2021
expo-raw-000079,AZƏRBAYCAN RESPUBLİKASININ İXRACIN VƏ İNVESTİSİYALARIN TƏŞVİQİ AGENTLİYİ (AZPROMO),Azərbaycan,TƏRƏFDAŞLAR,-,bakubuild,BakuBuild,2021,210,4289,https://bakubuild.az/az/exhibitors-list/year/2021
expo-raw-000080,B2B GROUP MMC,Azərbaycan,TƏRƏFDAŞLAR,B1078,bakubuild,BakuBuild,2021,210,6678,https://bakubuild.az/az/exhibitors-list/year/2021
expo-raw-000081,BİRLƏŞMİŞ MİLLƏTLƏR TƏŞKİLATININ AZƏRBAYCANDAKI NÜMAYƏNDƏLİYİ,Azərbaycan,TƏRƏFDAŞLAR,B1066,bakubuild,BakuBuild,2021,210,6685,https://bakubuild.az/az/exhibitors-list/year/2021
expo-raw-000082,CASPİAN ENERGY GROUP,Azərbaycan,TƏRƏFDAŞLAR,B1208,bakubuild,BakuBuild,2021,210,6725,https://bakubuild.az/az/exhibitors-list/year/2021
expo-raw-000083,CASPİNOX MMC - STAİNLESS STEEL,Azərbaycan,TƏRƏFDAŞLAR,B1210,bakubuild,BakuBuild,2021,210,5893,https://bakubuild.az/az/exhibitors-list/year/2021
expo-raw-000084,CENGİZ İNŞAAT SANAYİ VE TİCARET ANONİM ŞİRKETİNİN AZƏRBAYCAN RESPULİKASINDAKI FİLİALI,Azərbaycan,TƏRƏFDAŞLAR,B2072,bakubuild,BakuBuild,2021,210,6842,https://bakubuild.az/az/exhibitors-list/year/2021
expo-raw-000085,CYBERSPACE,Azərbaycan,TƏRƏFDAŞLAR,B1316,bakubuild,BakuBuild,2021,210,6734,https://bakubuild.az/az/exhibitors-list/year/2021
expo-raw-000086,EMBAWOOD MMC,Azərbaycan,TƏRƏFDAŞLAR,B1106,bakubuild,BakuBuild,2021,210,6671,https://bakubuild.az/az/exhibitors-list/year/2021
expo-raw-000087,EVEREST KİŞ ŞİRKƏTİ,Azərbaycan,TƏRƏFDAŞLAR,B2122,bakubuild,BakuBuild,2021,210,6763,https://bakubuild.az/az/exhibitors-list/year/2021
expo-raw-000088,EVİM CONSRTUCTİON MMC,Azərbaycan,TƏRƏFDAŞLAR,B1076,bakubuild,BakuBuild,2021,210,6537,https://bakubuild.az/az/exhibitors-list/year/2021
expo-raw-000089,GLOBAL INTERIORS GROUP MMC,Azərbaycan,TƏRƏFDAŞLAR,B1080,bakubuild,BakuBuild,2021,210,6673,https://bakubuild.az/az/exhibitors-list/year/2021
expo-raw-000090,GREENWICH TRAVEL CLUB,Azərbaycan,TƏRƏFDAŞLAR,-,bakubuild,BakuBuild,2021,210,4816,https://bakubuild.az/az/exhibitors-list/year/2021
expo-raw-000091,GƏMİQAYA HOLDİNQ,Azərbaycan,TƏRƏFDAŞLAR,B1216,bakubuild,BakuBuild,2021,210,6735,https://bakubuild.az/az/exhibitors-list/year/2021
expo-raw-000092,KONTİNENT İNŞAAT MMC,Azərbaycan,TƏRƏFDAŞLAR,B2218,bakubuild,BakuBuild,2021,210,6758,https://bakubuild.az/az/exhibitors-list/year/2021
expo-raw-000093,MASTER TOOLS MMC-NİN AZƏRBAYCAN RESPUBLİKASINDAKI  FİLİALI,Azərbaycan,TƏRƏFDAŞLAR,B1310,bakubuild,BakuBuild,2021,210,6311,https://bakubuild.az/az/exhibitors-list/year/2021
expo-raw-000094,MAYBO MMC,Azərbaycan,TƏRƏFDAŞLAR,B1120,bakubuild,BakuBuild,2021,210,4735,https://bakubuild.az/az/exhibitors-list/year/2021
expo-raw-000095,MƏRMƏR XALÇA CONTRUCTİON,Azərbaycan,TƏRƏFDAŞLAR,B1224,bakubuild,BakuBuild,2021,210,6656,https://bakubuild.az/az/exhibitors-list/year/2021
expo-raw-000096,NABUCCO A&C,Azərbaycan,TƏRƏFDAŞLAR,B1324,bakubuild,BakuBuild,2021,210,4654,https://bakubuild.az/az/exhibitors-list/year/2021
expo-raw-000097,NB HOLDİNQ ASC,Azərbaycan,TƏRƏFDAŞLAR,B1122,bakubuild,BakuBuild,2021,210,5525,https://bakubuild.az/az/exhibitors-list/year/2021
expo-raw-000098,NI GROUP MMC,Azərbaycan,TƏRƏFDAŞLAR,B1226,bakubuild,BakuBuild,2021,210,6447,https://bakubuild.az/az/exhibitors-list/year/2021
expo-raw-000099,NORM ASC,Azərbaycan,TƏRƏFDAŞLAR,B2210,bakubuild,BakuBuild,2021,210,6800,https://bakubuild.az/az/exhibitors-list/year/2021
expo-raw-000100,NİLA KİMYA AZ,Azərbaycan,TƏRƏFDAŞLAR,B1336,bakubuild,BakuBuild,2021,210,,https://bakubuild.az/az/exhibitors-list/year/2021
expo-raw-000101,PANDA BOYA,Azərbaycan,TƏRƏFDAŞLAR,B1222,bakubuild,BakuBuild,2021,210,5617,https://bakubuild.az/az/exhibitors-list/year/2021
expo-raw-000102,SUMQAYIT TEXNOLOGİYALAR PARKI MMC,Azərbaycan,TƏRƏFDAŞLAR,K1204,bakubuild,BakuBuild,2021,210,6250,https://bakubuild.az/az/exhibitors-list/year/2021
expo-raw-000103,SİKA MMC,Azərbaycan,TƏRƏFDAŞLAR,B2216,bakubuild,BakuBuild,2021,210,6268,https://bakubuild.az/az/exhibitors-list/year/2021
expo-raw-000104,TECHNOGYM AZƏRBAYCAN,Azərbaycan,TƏRƏFDAŞLAR,B1318-B1118,bakubuild,BakuBuild,2021,210,6652,https://bakubuild.az/az/exhibitors-list/year/2021
expo-raw-000105,TUTTO BELLO MMC,Azərbaycan,TƏRƏFDAŞLAR,B1112,bakubuild,BakuBuild,2021,210,6733,https://bakubuild.az/az/exhibitors-list/year/2021
expo-raw-000106,WORKPLACE INTERIORS,Azərbaycan,TƏRƏFDAŞLAR,K2303,bakubuild,BakuBuild,2021,210,6834,https://bakubuild.az/az/exhibitors-list/year/2021
expo-raw-000107,1 NEWS İNFORMASİYA AGENTLİYİ MMC,Azərbaycan,MEDİA,-,bakubuild,BakuBuild,2022,230,4265,https://bakubuild.az/az/exhibitors-list/year/2022
expo-raw-000108,ALP XƏBƏR,Azərbaycan,MEDİA,-,bakubuild,BakuBuild,2022,230,7530,https://bakubuild.az/az/exhibitors-list/year/2022
expo-raw-000109,APA GROUP,Azərbaycan,MEDİA,-,bakubuild,BakuBuild,2022,230,4257,https://bakubuild.az/az/exhibitors-list/year/2022
expo-raw-000110,BAGCAM.AZ,Azərbaycan,MEDİA,-,bakubuild,BakuBuild,2022,230,,https://bakubuild.az/az/exhibitors-list/year/2022
expo-raw-000111,BİZNES DÜNYASI JURNALI,Azərbaycan,MEDİA,P104,bakubuild,BakuBuild,2022,230,,https://bakubuild.az/az/exhibitors-list/year/2022
expo-raw-000112,FİNEKO AİA,Azərbaycan,MEDİA,-,bakubuild,BakuBuild,2022,230,4266,https://bakubuild.az/az/exhibitors-list/year/2022
expo-raw-000113,SALAMNEWS İNFORMASİYA AGENTLİYİ,Azərbaycan,MEDİA,-,bakubuild,BakuBuild,2022,230,4267,https://bakubuild.az/az/exhibitors-list/year/2022
expo-raw-000114,ADIS AZERBAİJAN MMC,Azərbaycan,MEDİA,B1208,bakubuild,BakuBuild,2022,230,7047,https://bakubuild.az/az/exhibitors-list/year/2022
expo-raw-000115,ASSAN-STP PANEL MMC,Azərbaycan,MEDİA,B2410,bakubuild,BakuBuild,2022,230,7361,https://bakubuild.az/az/exhibitors-list/year/2022
expo-raw-000116,AZƏRBAYCAN MEMARLAR İTTİFAQI,Azərbaycan,MEDİA,-,bakubuild,BakuBuild,2022,230,5652,https://bakubuild.az/az/exhibitors-list/year/2022
expo-raw-000117,AZƏRBAYCAN RESPUBLİKASI SAHİBKARLAR (İŞƏGÖTÜRƏNLƏR) TƏŞKİLATLARI MİLLİ KONFEDERASİYASI,Azərbaycan,MEDİA,B2028,bakubuild,BakuBuild,2022,230,4292,https://bakubuild.az/az/exhibitors-list/year/2022
expo-raw-000118,AZƏRBAYCAN RESPUBLİKASININ KİÇİK VƏ ORTA BİZNESİN İNKİŞAFI AGENTLİYİ,Azərbaycan,MEDİA,K1204,bakubuild,BakuBuild,2022,230,4316,https://bakubuild.az/az/exhibitors-list/year/2022
expo-raw-000119,AZƏRBAYCAN RESPUBLİKASININ İXRACIN VƏ İNVESTİSİYALARIN TƏŞVİQİ AGENTLİYİ (AZPROMO),Azərbaycan,MEDİA,-,bakubuild,BakuBuild,2022,230,4289,https://bakubuild.az/az/exhibitors-list/year/2022
expo-raw-000120,CASPİAN CABLE SYSTEMS MMC,Azərbaycan,MEDİA,B1106,bakubuild,BakuBuild,2022,230,7146,https://bakubuild.az/az/exhibitors-list/year/2022
expo-raw-000121,CASPİAN ENERGY GROUP,Azərbaycan,MEDİA,B1206,bakubuild,BakuBuild,2022,230,6725,https://bakubuild.az/az/exhibitors-list/year/2022
expo-raw-000122,EVİM CONSRTUCTİON MMC,Azərbaycan,MEDİA,B1006,bakubuild,BakuBuild,2022,230,6537,https://bakubuild.az/az/exhibitors-list/year/2022
expo-raw-000123,FIRE SAFETY CASPIAN AZERBAIJAN MMC,Azərbaycan,MEDİA,-,bakubuild,BakuBuild,2022,230,5476,https://bakubuild.az/az/exhibitors-list/year/2022
expo-raw-000124,GREEN STREAM INTERNATIONAL MMC,Azərbaycan,MEDİA,B2092,bakubuild,BakuBuild,2022,230,5958,https://bakubuild.az/az/exhibitors-list/year/2022
expo-raw-000125,GREENWICH TRAVEL CLUB,Azərbaycan,MEDİA,-,bakubuild,BakuBuild,2022,230,4816,https://bakubuild.az/az/exhibitors-list/year/2022
expo-raw-000126,GƏMİQAYA HOLDİNQ,Azərbaycan,MEDİA,B1110,bakubuild,BakuBuild,2022,230,6735,https://bakubuild.az/az/exhibitors-list/year/2022
expo-raw-000127,HILTON BAKU,Azərbaycan,MEDİA,-,bakubuild,BakuBuild,2022,230,7045,https://bakubuild.az/az/exhibitors-list/year/2022
expo-raw-000128,HYATT REGENCY BAKU,Azərbaycan,MEDİA,-,bakubuild,BakuBuild,2022,230,4291,https://bakubuild.az/az/exhibitors-list/year/2022
expo-raw-000129,IMPERİAL CERAMİC CENTER,Azərbaycan,MEDİA,B1060,bakubuild,BakuBuild,2022,230,7526,https://bakubuild.az/az/exhibitors-list/year/2022
expo-raw-000130,KARTAŞ LTD MMC,Azərbaycan,MEDİA,B1220,bakubuild,BakuBuild,2022,230,6985,https://bakubuild.az/az/exhibitors-list/year/2022
expo-raw-000131,KOVROLİN.AZ,Azərbaycan,MEDİA,B2026,bakubuild,BakuBuild,2022,230,7657,https://bakubuild.az/az/exhibitors-list/year/2022
expo-raw-000132,LİFE HEALTH MMC,Azərbaycan,MEDİA,B2084,bakubuild,BakuBuild,2022,230,7639,https://bakubuild.az/az/exhibitors-list/year/2022
expo-raw-000133,MASTER TOOLS MMC-NİN AZƏRBAYCAN RESPUBLİKASINDAKI  FİLİALI,Azərbaycan,MEDİA,B1306,bakubuild,BakuBuild,2022,230,6311,https://bakubuild.az/az/exhibitors-list/year/2022
expo-raw-000134,MRT MMC,Azərbaycan,MEDİA,-,bakubuild,BakuBuild,2022,230,7426,https://bakubuild.az/az/exhibitors-list/year/2022
expo-raw-000135,NB HOLDİNQ ASC,Azərbaycan,MEDİA,B1120,bakubuild,BakuBuild,2022,230,7002,https://bakubuild.az/az/exhibitors-list/year/2022
expo-raw-000136,NI GROUP MMC,Azərbaycan,MEDİA,B1226,bakubuild,BakuBuild,2022,230,6447,https://bakubuild.az/az/exhibitors-list/year/2022
expo-raw-000137,OFFISSA DIZAYN KO MMC,Azərbaycan,MEDİA,B2318,bakubuild,BakuBuild,2022,230,7712,https://bakubuild.az/az/exhibitors-list/year/2022
expo-raw-000138,OPEN SYSTEMS MMC,Azərbaycan,MEDİA,B1108,bakubuild,BakuBuild,2022,230,7172,https://bakubuild.az/az/exhibitors-list/year/2022
expo-raw-000139,OTTIMO TOOLS AND TECHNOLOGIES,Azərbaycan,MEDİA,B2096,bakubuild,BakuBuild,2022,230,7614,https://bakubuild.az/az/exhibitors-list/year/2022
expo-raw-000140,PIMAPEN,Azərbaycan,MEDİA,B1124-1,bakubuild,BakuBuild,2022,230,5558,https://bakubuild.az/az/exhibitors-list/year/2022
expo-raw-000141,PROFİTOOLS MMC,Azərbaycan,MEDİA,B1002,bakubuild,BakuBuild,2022,230,7842,https://bakubuild.az/az/exhibitors-list/year/2022
expo-raw-000142,RETOUCH MEMARLIQ VƏ DİZAYN MMC,Azərbaycan,MEDİA,B2020,bakubuild,BakuBuild,2022,230,7678,https://bakubuild.az/az/exhibitors-list/year/2022
expo-raw-000143,S-ENNA MMC,Azərbaycan,MEDİA,B1222,bakubuild,BakuBuild,2022,230,7001,https://bakubuild.az/az/exhibitors-list/year/2022
expo-raw-000144,SULTAN KERAMİK,Azərbaycan,MEDİA,B1318,bakubuild,BakuBuild,2022,230,7451,https://bakubuild.az/az/exhibitors-list/year/2022
expo-raw-000145,SİKA MMC,Azərbaycan,MEDİA,B1212,bakubuild,BakuBuild,2022,230,6268,https://bakubuild.az/az/exhibitors-list/year/2022
expo-raw-000146,TECHNOGYM AZƏRBAYCAN,Azərbaycan,MEDİA,B1118,bakubuild,BakuBuild,2022,230,6652,https://bakubuild.az/az/exhibitors-list/year/2022
expo-raw-000147,TEGETA MOTORS BAKU MMC,Azərbaycan,MEDİA,-,bakubuild,BakuBuild,2022,230,7706,https://bakubuild.az/az/exhibitors-list/year/2022
expo-raw-000148,TOPDAN QAPILAR MMC,Azərbaycan,MEDİA,B1030,bakubuild,BakuBuild,2022,230,,https://bakubuild.az/az/exhibitors-list/year/2022
expo-raw-000149,TUTTO BELLO MMC,Azərbaycan,MEDİA,B1116,bakubuild,BakuBuild,2022,230,6733,https://bakubuild.az/az/exhibitors-list/year/2022
expo-raw-000150,İKMA SERVİCES MMC,Azərbaycan,MEDİA,B2209,bakubuild,BakuBuild,2022,230,7595,https://bakubuild.az/az/exhibitors-list/year/2022
expo-raw-000151,1 NEWS İNFORMASİYA AGENTLİYİ MMC,Azərbaycan,MEDİA,-,bakubuild,BakuBuild,2023,362,4265,https://bakubuild.az/az/exhibitors-list/year/2023
expo-raw-000152,APA GROUP,Azərbaycan,MEDİA,-,bakubuild,BakuBuild,2023,362,4257,https://bakubuild.az/az/exhibitors-list/year/2023
expo-raw-000153,AZƏRBAYCAN DÜNYASI JURNALI,Azərbaycan,MEDİA,3P029,bakubuild,BakuBuild,2023,362,,https://bakubuild.az/az/exhibitors-list/year/2023
expo-raw-000154,AZƏRTAC,Azərbaycan,MEDİA,-,bakubuild,BakuBuild,2023,362,4259,https://bakubuild.az/az/exhibitors-list/year/2023
expo-raw-000155,BOOKSBYBAHRAM,Azərbaycan,MEDİA,-,bakubuild,BakuBuild,2023,362,7840,https://bakubuild.az/az/exhibitors-list/year/2023
expo-raw-000156,BUSİNESS TİME JURNALI,Azərbaycan,MEDİA,3P016,bakubuild,BakuBuild,2023,362,273808,https://bakubuild.az/az/exhibitors-list/year/2023
expo-raw-000157,FİNEKO AİA,Azərbaycan,MEDİA,-,bakubuild,BakuBuild,2023,362,4266,https://bakubuild.az/az/exhibitors-list/year/2023
expo-raw-000158,MEMAR JURNALI,Azərbaycan,MEDİA,-,bakubuild,BakuBuild,2023,362,5865,https://bakubuild.az/az/exhibitors-list/year/2023
expo-raw-000159,ROCKVELL.COM,Azərbaycan,MEDİA,-,bakubuild,BakuBuild,2023,362,278897,https://bakubuild.az/az/exhibitors-list/year/2023
expo-raw-000160,SHARAF MEDIA,Azərbaycan,MEDİA,3P028,bakubuild,BakuBuild,2023,362,301703,https://bakubuild.az/az/exhibitors-list/year/2023
expo-raw-000161,TÜRKİYƏ VƏ AZƏRBAYCAN İŞ ADAMLARI VƏ SƏNAYEÇİLƏRİ İCTİMAİ BİRLİYİ,Azərbaycan,MEDİA,3P019,bakubuild,BakuBuild,2023,362,6647,https://bakubuild.az/az/exhibitors-list/year/2023
expo-raw-000162,ÜMİD YERİ UŞAQ SIĞINACAĞI,Azərbaycan,MEDİA,-,bakubuild,BakuBuild,2023,362,5492,https://bakubuild.az/az/exhibitors-list/year/2023
expo-raw-000163,İTİCKET.AZ MMC,Azərbaycan,MEDİA,-,bakubuild,BakuBuild,2023,362,4373,https://bakubuild.az/az/exhibitors-list/year/2023
expo-raw-000164,"METALLPLASTPRIORITI, OOO",Azərbaycan,ÇELYABİNSK VİLAYƏTİ,1B240-3,bakubuild,BakuBuild,2023,362,,https://bakubuild.az/az/exhibitors-list/year/2023
expo-raw-000165,ADIS AZERBAİJAN MMC,Azərbaycan,ÇELYABİNSK VİLAYƏTİ,1B354,bakubuild,BakuBuild,2023,362,7047,https://bakubuild.az/az/exhibitors-list/year/2023
expo-raw-000166,AR GROUP CONSTRUCTİON SERVİCES MMC,Azərbaycan,ÇELYABİNSK VİLAYƏTİ,2B015,bakubuild,BakuBuild,2023,362,298138,https://bakubuild.az/az/exhibitors-list/year/2023
expo-raw-000167,ARKOZ QAZAX SEMENT ZAVODU MMC,Azərbaycan,ÇELYABİNSK VİLAYƏTİ,1B324,bakubuild,BakuBuild,2023,362,277231,https://bakubuild.az/az/exhibitors-list/year/2023
expo-raw-000168,AZƏRBAYCAN RESPUBLİKASI SAHİBKARLAR (İŞƏGÖTÜRƏNLƏR) TƏŞKİLATLARI MİLLİ KONFEDERASİYASI,Azərbaycan,ÇELYABİNSK VİLAYƏTİ,2B431,bakubuild,BakuBuild,2023,362,4292,https://bakubuild.az/az/exhibitors-list/year/2023
expo-raw-000169,AZƏRBAYCAN RESPUBLİKASININ KİÇİK VƏ ORTA BİZNESİN İNKİŞAFI AGENTLİYİ,Azərbaycan,ÇELYABİNSK VİLAYƏTİ,-,bakubuild,BakuBuild,2023,362,4316,https://bakubuild.az/az/exhibitors-list/year/2023
expo-raw-000170,AZƏRBAYCAN RESPUBLİKASININ İXRACIN VƏ İNVESTİSİYALARIN TƏŞVİQİ AGENTLİYİ (AZPROMO),Azərbaycan,ÇELYABİNSK VİLAYƏTİ,-,bakubuild,BakuBuild,2023,362,4289,https://bakubuild.az/az/exhibitors-list/year/2023
expo-raw-000171,AZƏRBAYCAN SƏRGİ TƏŞKİLATÇILARI ASSOSİASİYASI,Azərbaycan,ÇELYABİNSK VİLAYƏTİ,-,bakubuild,BakuBuild,2023,362,301259,https://bakubuild.az/az/exhibitors-list/year/2023
expo-raw-000172,BEST DOORS COMPANY,Azərbaycan,ÇELYABİNSK VİLAYƏTİ,2B041,bakubuild,BakuBuild,2023,362,301036,https://bakubuild.az/az/exhibitors-list/year/2023
expo-raw-000173,BESTEL TEKNOLOJIK URUNLER SAN. VE TIC. A.S,Azərbaycan,ÇELYABİNSK VİLAYƏTİ,3B220,bakubuild,BakuBuild,2023,362,,https://bakubuild.az/az/exhibitors-list/year/2023
expo-raw-000174,CASPİAN CABLE SYSTEMS MMC,Azərbaycan,ÇELYABİNSK VİLAYƏTİ,1B226,bakubuild,BakuBuild,2023,362,7146,https://bakubuild.az/az/exhibitors-list/year/2023
expo-raw-000175,CASPİAN ENERGY GROUP,Azərbaycan,ÇELYABİNSK VİLAYƏTİ,1B334,bakubuild,BakuBuild,2023,362,6725,https://bakubuild.az/az/exhibitors-list/year/2023
expo-raw-000176,DAMLA AZTƏMİNATLI AİLƏLƏRƏ QAYĞI İCTİMAİ BİRLİYİ,Azərbaycan,ÇELYABİNSK VİLAYƏTİ,-,bakubuild,BakuBuild,2023,362,4310,https://bakubuild.az/az/exhibitors-list/year/2023
expo-raw-000177,FERROGYM,Azərbaycan,ÇELYABİNSK VİLAYƏTİ,2B434,bakubuild,BakuBuild,2023,362,7986,https://bakubuild.az/az/exhibitors-list/year/2023
expo-raw-000178,FNK SERVICES AND CONSULTING LLC,Azərbaycan,ÇELYABİNSK VİLAYƏTİ,-,bakubuild,BakuBuild,2023,362,302848,https://bakubuild.az/az/exhibitors-list/year/2023
expo-raw-000179,GREENWICH TRAVEL CLUB,Azərbaycan,ÇELYABİNSK VİLAYƏTİ,-,bakubuild,BakuBuild,2023,362,4816,https://bakubuild.az/az/exhibitors-list/year/2023
expo-raw-000180,IBIS BAKU CITY,Azərbaycan,ÇELYABİNSK VİLAYƏTİ,-,bakubuild,BakuBuild,2023,362,301276,https://bakubuild.az/az/exhibitors-list/year/2023
expo-raw-000181,IBIS BAKU CITY,Azərbaycan,ÇELYABİNSK VİLAYƏTİ,-,bakubuild,BakuBuild,2023,362,301276,https://bakubuild.az/az/exhibitors-list/year/2023
expo-raw-000182,KATSAN GROUP MMC,Azərbaycan,ÇELYABİNSK VİLAYƏTİ,1B052,bakubuild,BakuBuild,2023,362,300767,https://bakubuild.az/az/exhibitors-list/year/2023
expo-raw-000183,KOMİFOREST MMC,Azərbaycan,ÇELYABİNSK VİLAYƏTİ,1B120,bakubuild,BakuBuild,2023,362,7335,https://bakubuild.az/az/exhibitors-list/year/2023
expo-raw-000184,KORONA PREMİUM MMC,Azərbaycan,ÇELYABİNSK VİLAYƏTİ,1B320,bakubuild,BakuBuild,2023,362,,https://bakubuild.az/az/exhibitors-list/year/2023
expo-raw-000185,LDSP MMC,Azərbaycan,ÇELYABİNSK VİLAYƏTİ,1B058,bakubuild,BakuBuild,2023,362,300819,https://bakubuild.az/az/exhibitors-list/year/2023
expo-raw-000186,LILAC,Azərbaycan,ÇELYABİNSK VİLAYƏTİ,-,bakubuild,BakuBuild,2023,362,303175,https://bakubuild.az/az/exhibitors-list/year/2023
expo-raw-000187,MLK TECH GROUP MMC,Azərbaycan,ÇELYABİNSK VİLAYƏTİ,-,bakubuild,BakuBuild,2023,362,7983,https://bakubuild.az/az/exhibitors-list/year/2023
expo-raw-000188,NB HOLDİNQ ASC,Azərbaycan,ÇELYABİNSK VİLAYƏTİ,1B140,bakubuild,BakuBuild,2023,362,7002,https://bakubuild.az/az/exhibitors-list/year/2023
expo-raw-000189,PENOPLEX PRİKAVKAZYE MMC,Azərbaycan,ÇELYABİNSK VİLAYƏTİ,1B230,bakubuild,BakuBuild,2023,362,273285,https://bakubuild.az/az/exhibitors-list/year/2023
expo-raw-000190,RORTVEST SAFETY UNİFORM MMC,Azərbaycan,ÇELYABİNSK VİLAYƏTİ,1B002,bakubuild,BakuBuild,2023,362,5628,https://bakubuild.az/az/exhibitors-list/year/2023
expo-raw-000191,S-ENNA MMC,Azərbaycan,ÇELYABİNSK VİLAYƏTİ,1B236,bakubuild,BakuBuild,2023,362,7001,https://bakubuild.az/az/exhibitors-list/year/2023
expo-raw-000192,TEAM VALUE MMC,Azərbaycan,ÇELYABİNSK VİLAYƏTİ,3B122,bakubuild,BakuBuild,2023,362,301023,https://bakubuild.az/az/exhibitors-list/year/2023
expo-raw-000193,TECHNOGYM AZƏRBAYCAN,Azərbaycan,ÇELYABİNSK VİLAYƏTİ,1B132,bakubuild,BakuBuild,2023,362,6652,https://bakubuild.az/az/exhibitors-list/year/2023
expo-raw-000194,TUTTO BELLO MMC,Azərbaycan,ÇELYABİNSK VİLAYƏTİ,1B130,bakubuild,BakuBuild,2023,362,6733,https://bakubuild.az/az/exhibitors-list/year/2023
expo-raw-000195,ZİVELLA OFİS MEBELLƏRİ,Azərbaycan,ÇELYABİNSK VİLAYƏTİ,-,bakubuild,BakuBuild,2023,362,301235,https://bakubuild.az/az/exhibitors-list/year/2023
expo-raw-000196,İKMA SERVİCES MMC,Azərbaycan,ÇELYABİNSK VİLAYƏTİ,1B244,bakubuild,BakuBuild,2023,362,7595,https://bakubuild.az/az/exhibitors-list/year/2023
expo-raw-000197,İNTEGRAS MMC,Azərbaycan,ÇELYABİNSK VİLAYƏTİ,1B222,bakubuild,BakuBuild,2023,362,7923,https://bakubuild.az/az/exhibitors-list/year/2023
expo-raw-000198,ASAN RADİO 100 FM,Azərbaycan,MEDİA,-,bakubuild,BakuBuild,2024,400,4258,https://bakubuild.az/az/exhibitors-list/year/2024
expo-raw-000199,AZƏRTAC,Azərbaycan,MEDİA,-,bakubuild,BakuBuild,2024,400,4259,https://bakubuild.az/az/exhibitors-list/year/2024
expo-raw-000200,BUSİNESS TİME JURNALI,Azərbaycan,MEDİA,-,bakubuild,BakuBuild,2024,400,273808,https://bakubuild.az/az/exhibitors-list/year/2024
expo-raw-000201,FİNEKO AİA,Azərbaycan,MEDİA,-,bakubuild,BakuBuild,2024,400,4266,https://bakubuild.az/az/exhibitors-list/year/2024
expo-raw-000202,FİRST NEWS İNFORMASİYA AGENTLİYİ MMC,Azərbaycan,MEDİA,-,bakubuild,BakuBuild,2024,400,4265,https://bakubuild.az/az/exhibitors-list/year/2024
expo-raw-000203,KOMPASS AZƏRBAYCAN MMC,Azərbaycan,MEDİA,-,bakubuild,BakuBuild,2024,400,4368,https://bakubuild.az/az/exhibitors-list/year/2024
expo-raw-000204,VİSİON TV AZƏRBAYCAN,Azərbaycan,MEDİA,-,bakubuild,BakuBuild,2024,400,313538,https://bakubuild.az/az/exhibitors-list/year/2024
expo-raw-000205,ANQARD MMC,Azərbaycan,MEDİA,1B312,bakubuild,BakuBuild,2024,400,324476,https://bakubuild.az/az/exhibitors-list/year/2024
expo-raw-000206,APA GROUP,Azərbaycan,MEDİA,-,bakubuild,BakuBuild,2024,400,4257,https://bakubuild.az/az/exhibitors-list/year/2024
expo-raw-000207,ATMİA - AZƏRBAYCAN TIKINTI MATERIALLARI İSTEHSALÇILARI ASSOSIASIYASI,Azərbaycan,MEDİA,-,bakubuild,BakuBuild,2024,400,326106,https://bakubuild.az/az/exhibitors-list/year/2024
expo-raw-000208,ATƏŞGAH SIĞORTA ŞİRKƏTİ ASC,Azərbaycan,MEDİA,-,bakubuild,BakuBuild,2024,400,,https://bakubuild.az/az/exhibitors-list/year/2024
expo-raw-000209,AZCD GROUP QSC,Azərbaycan,MEDİA,1B330,bakubuild,BakuBuild,2024,400,310769,https://bakubuild.az/az/exhibitors-list/year/2024
expo-raw-000210,AZEXPOMONTAGE,Azərbaycan,MEDİA,-,bakubuild,BakuBuild,2024,400,4283,https://bakubuild.az/az/exhibitors-list/year/2024
expo-raw-000211,AZƏRBAYCAN RESPUBLİKASI SAHİBKARLAR (İŞƏGÖTÜRƏNLƏR) TƏŞKİLATLARI MİLLİ KONFEDERASİYASI,Azərbaycan,MEDİA,-,bakubuild,BakuBuild,2024,400,4292,https://bakubuild.az/az/exhibitors-list/year/2024
expo-raw-000212,AZƏRBAYCAN RESPUBLİKASININ DÖVLƏT ŞƏHƏRSALMA VƏ MEMARLIQ KOMİTƏSİ,Azərbaycan,MEDİA,-,bakubuild,BakuBuild,2024,400,326088,https://bakubuild.az/az/exhibitors-list/year/2024
expo-raw-000213,AZƏRBAYCAN RESPUBLİKASININ KİÇİK VƏ ORTA BİZNESİN İNKİŞAFI AGENTLİYİ,Azərbaycan,MEDİA,-,bakubuild,BakuBuild,2024,400,4316,https://bakubuild.az/az/exhibitors-list/year/2024
expo-raw-000214,AZƏRBAYCAN RESPUBLİKASININ İQTİSADİYYAT NAZİRLİYİ,Azərbaycan,MEDİA,-,bakubuild,BakuBuild,2024,400,326086,https://bakubuild.az/az/exhibitors-list/year/2024
expo-raw-000215,AZƏRBAYCAN RESPUBLİKASININ İXRACIN VƏ İNVESTİSİYALARIN TƏŞVİQİ AGENTLİYİ (AZPROMO),Azərbaycan,MEDİA,-,bakubuild,BakuBuild,2024,400,4289,https://bakubuild.az/az/exhibitors-list/year/2024
expo-raw-000216,AZƏRBAYCAN SƏRGİ TƏŞKİLATÇILARI ASSOSİASİYASI,Azərbaycan,MEDİA,-,bakubuild,BakuBuild,2024,400,301259,https://bakubuild.az/az/exhibitors-list/year/2024
expo-raw-000217,AZƏRBAYCAN TİKİNTİ İSTEHSALÇILARI ASSOSİYASI(ATİA),Azərbaycan,MEDİA,4B018,bakubuild,BakuBuild,2024,400,326105,https://bakubuild.az/az/exhibitors-list/year/2024
expo-raw-000218,BAGCAM.AZ,Azərbaycan,MEDİA,-,bakubuild,BakuBuild,2024,400,,https://bakubuild.az/az/exhibitors-list/year/2024
expo-raw-000219,BAKU EXPO CENTER,Azərbaycan,MEDİA,-,bakubuild,BakuBuild,2024,400,,https://bakubuild.az/az/exhibitors-list/year/2024
expo-raw-000220,CASPİAN CABLE SYSTEMS MMC,Azərbaycan,MEDİA,1B242,bakubuild,BakuBuild,2024,400,7146,https://bakubuild.az/az/exhibitors-list/year/2024
expo-raw-000221,CASPİAN ENERGY GROUP,Azərbaycan,MEDİA,1B334,bakubuild,BakuBuild,2024,400,6725,https://bakubuild.az/az/exhibitors-list/year/2024
expo-raw-000222,CASPİAN YÜK DAŞIMA XİDMƏTLƏRİ,Azərbaycan,MEDİA,-,bakubuild,BakuBuild,2024,400,,https://bakubuild.az/az/exhibitors-list/year/2024
expo-raw-000223,DAMLA AZTƏMİNATLI AİLƏLƏRƏ QAYĞI İCTİMAİ BİRLİYİ,Azərbaycan,MEDİA,4M022,bakubuild,BakuBuild,2024,400,,https://bakubuild.az/az/exhibitors-list/year/2024
expo-raw-000224,ELBERG,Azərbaycan,MEDİA,1B230,bakubuild,BakuBuild,2024,400,310021,https://bakubuild.az/az/exhibitors-list/year/2024
expo-raw-000225,ESTET ENGİNEERİNG,Azərbaycan,MEDİA,1B244,bakubuild,BakuBuild,2024,400,7377,https://bakubuild.az/az/exhibitors-list/year/2024
expo-raw-000226,EUROFLOOR,Azərbaycan,MEDİA,1B018,bakubuild,BakuBuild,2024,400,313810,https://bakubuild.az/az/exhibitors-list/year/2024
expo-raw-000227,FERROGYM,Azərbaycan,MEDİA,2B434,bakubuild,BakuBuild,2024,400,7986,https://bakubuild.az/az/exhibitors-list/year/2024
expo-raw-000228,G-STONE MMC,Azərbaycan,MEDİA,1B240,bakubuild,BakuBuild,2024,400,301209,https://bakubuild.az/az/exhibitors-list/year/2024
expo-raw-000229,GM MİMARLIK LTD. ŞTİ,Azərbaycan,MEDİA,2B007,bakubuild,BakuBuild,2024,400,324768,https://bakubuild.az/az/exhibitors-list/year/2024
expo-raw-000230,GRANDTEK MMC,Azərbaycan,MEDİA,1B054,bakubuild,BakuBuild,2024,400,7336,https://bakubuild.az/az/exhibitors-list/year/2024
expo-raw-000231,GREENWİCH TRAVEL CLUB,Azərbaycan,MEDİA,-,bakubuild,BakuBuild,2024,400,4816,https://bakubuild.az/az/exhibitors-list/year/2024
expo-raw-000232,HYATT REGENCY BAKU,Azərbaycan,MEDİA,-,bakubuild,BakuBuild,2024,400,4291,https://bakubuild.az/az/exhibitors-list/year/2024
expo-raw-000233,KANAATALÜMNIYUM,Azərbaycan,MEDİA,1B010,bakubuild,BakuBuild,2024,400,324601,https://bakubuild.az/az/exhibitors-list/year/2024
expo-raw-000234,KARCHER MMC,Azərbaycan,MEDİA,1B002,bakubuild,BakuBuild,2024,400,310498,https://bakubuild.az/az/exhibitors-list/year/2024
expo-raw-000235,KOMİFOREST MMC,Azərbaycan,MEDİA,1B058,bakubuild,BakuBuild,2024,400,7335,https://bakubuild.az/az/exhibitors-list/year/2024
expo-raw-000236,KOVROLİN.AZ,Azərbaycan,MEDİA,1B044,bakubuild,BakuBuild,2024,400,7657,https://bakubuild.az/az/exhibitors-list/year/2024
expo-raw-000237,MARS-A MMC,Azərbaycan,MEDİA,1B026,bakubuild,BakuBuild,2024,400,314117,https://bakubuild.az/az/exhibitors-list/year/2024
expo-raw-000238,MATRİXPRO MMC,Azərbaycan,MEDİA,2B124,bakubuild,BakuBuild,2024,400,324809,https://bakubuild.az/az/exhibitors-list/year/2024
expo-raw-000239,NB HOLDİNQ ASC,Azərbaycan,MEDİA,1B140,bakubuild,BakuBuild,2024,400,7002,https://bakubuild.az/az/exhibitors-list/year/2024
expo-raw-000240,OMAX SƏNAYE QRUPU MMC,Azərbaycan,MEDİA,2B300,bakubuild,BakuBuild,2024,400,314114,https://bakubuild.az/az/exhibitors-list/year/2024
expo-raw-000241,PALID-2015 MMC,Azərbaycan,MEDİA,1B332,bakubuild,BakuBuild,2024,400,321181,https://bakubuild.az/az/exhibitors-list/year/2024
expo-raw-000242,PENOPLEX PRİKAVKAZYE MMC,Azərbaycan,MEDİA,1B132,bakubuild,BakuBuild,2024,400,273285,https://bakubuild.az/az/exhibitors-list/year/2024
expo-raw-000243,PRO GLASS MMC,Azərbaycan,MEDİA,1B130,bakubuild,BakuBuild,2024,400,310378,https://bakubuild.az/az/exhibitors-list/year/2024
expo-raw-000244,RADİSSON HOTEL BAKU,Azərbaycan,MEDİA,-,bakubuild,BakuBuild,2024,400,313113,https://bakubuild.az/az/exhibitors-list/year/2024
expo-raw-000245,REGES TİKİNTİ MATERİALLARI MMC,Azərbaycan,MEDİA,2B424,bakubuild,BakuBuild,2024,400,313410,https://bakubuild.az/az/exhibitors-list/year/2024
expo-raw-000246,RENEWABLES.AZ,Azərbaycan,MEDİA,-,bakubuild,BakuBuild,2024,400,276034,https://bakubuild.az/az/exhibitors-list/year/2024
expo-raw-000247,ROCKVELL.COM,Azərbaycan,MEDİA,-,bakubuild,BakuBuild,2024,400,278897,https://bakubuild.az/az/exhibitors-list/year/2024
expo-raw-000248,SAFE SEASON MMC,Azərbaycan,MEDİA,1B234,bakubuild,BakuBuild,2024,400,324624,https://bakubuild.az/az/exhibitors-list/year/2024
expo-raw-000249,SAS GROUP MMC,Azərbaycan,MEDİA,4B002,bakubuild,BakuBuild,2024,400,313277,https://bakubuild.az/az/exhibitors-list/year/2024
expo-raw-000250,SF-SR GROUP MMC,Azərbaycan,MEDİA,2B060,bakubuild,BakuBuild,2024,400,300821,https://bakubuild.az/az/exhibitors-list/year/2024
expo-raw-000251,TAM ADVİSORY,Azərbaycan,MEDİA,-,bakubuild,BakuBuild,2024,400,310117,https://bakubuild.az/az/exhibitors-list/year/2024
expo-raw-000252,TAĞISOY ELEKTRIK MMC,Azərbaycan,MEDİA,-,bakubuild,BakuBuild,2024,400,273451,https://bakubuild.az/az/exhibitors-list/year/2024
expo-raw-000253,TECHNOGYM AZƏRBAYCAN,Azərbaycan,MEDİA,1B134,bakubuild,BakuBuild,2024,400,6652,https://bakubuild.az/az/exhibitors-list/year/2024
expo-raw-000254,VEKA RUS MMC-NİN AR NÜMAYƏNDƏLİYİ,Azərbaycan,MEDİA,2B430,bakubuild,BakuBuild,2024,400,313411,https://bakubuild.az/az/exhibitors-list/year/2024
expo-raw-000255,İBİS BAKU CİTY,Azərbaycan,MEDİA,-,bakubuild,BakuBuild,2024,400,301276,https://bakubuild.az/az/exhibitors-list/year/2024
expo-raw-000256,FİRST NYUS MEDİA MMC,Azərbaycan,MEDİA,-,bakubuild,BakuBuild,2025,424,4265,https://bakubuild.az/az/exhibitors-list/year/2025
expo-raw-000257,APA GROUP,Azərbaycan,MEDİA,-,bakubuild,BakuBuild,2025,424,4257,https://bakubuild.az/az/exhibitors-list/year/2025
expo-raw-000258,ASAN RADİO 100 FM,Azərbaycan,MEDİA,-,bakubuild,BakuBuild,2025,424,4258,https://bakubuild.az/az/exhibitors-list/year/2025
expo-raw-000259,"AZƏRBAYCAN TELEVİZİYA VƏ RADİO VERİLİŞLƏRİ"" QAPALI SƏHMDAR CƏMİYYƏTİ",Azərbaycan,MEDİA,-,bakubuild,BakuBuild,2025,424,283254,https://bakubuild.az/az/exhibitors-list/year/2025
expo-raw-000260,AZƏRTAC,Azərbaycan,MEDİA,-,bakubuild,BakuBuild,2025,424,4259,https://bakubuild.az/az/exhibitors-list/year/2025
expo-raw-000261,BAKU.NEWS,Azərbaycan,MEDİA,-,bakubuild,BakuBuild,2025,424,313534,https://bakubuild.az/az/exhibitors-list/year/2025
expo-raw-000262,BOOKS BY BAHRAM,Azərbaycan,MEDİA,2M546,bakubuild,BakuBuild,2025,424,,https://bakubuild.az/az/exhibitors-list/year/2025
expo-raw-000263,BUSİNESS TİME JURNALI,Azərbaycan,MEDİA,2M062,bakubuild,BakuBuild,2025,424,273808,https://bakubuild.az/az/exhibitors-list/year/2025
expo-raw-000264,BİZNES TV,Azərbaycan,MEDİA,2M540,bakubuild,BakuBuild,2025,424,347163,https://bakubuild.az/az/exhibitors-list/year/2025
expo-raw-000265,FİNEKO AİA,Azərbaycan,MEDİA,-,bakubuild,BakuBuild,2025,424,4266,https://bakubuild.az/az/exhibitors-list/year/2025
expo-raw-000266,KASPİAN JURNALI,Azərbaycan,MEDİA,2M256,bakubuild,BakuBuild,2025,424,,https://bakubuild.az/az/exhibitors-list/year/2025
expo-raw-000267,RADİO ENERJİ 101.1 FM,Azərbaycan,MEDİA,-,bakubuild,BakuBuild,2025,424,,https://bakubuild.az/az/exhibitors-list/year/2025
expo-raw-000268,166 LOGİSTİKA,Azərbaycan,TƏRƏFDAŞLAR,-,bakubuild,BakuBuild,2025,424,320699,https://bakubuild.az/az/exhibitors-list/year/2025
expo-raw-000269,BAGCAM.AZ,Azərbaycan,TƏRƏFDAŞLAR,-,bakubuild,BakuBuild,2025,424,,https://bakubuild.az/az/exhibitors-list/year/2025
expo-raw-000270,BOOMERANG AGENCY,Azərbaycan,TƏRƏFDAŞLAR,-,bakubuild,BakuBuild,2025,424,335320,https://bakubuild.az/az/exhibitors-list/year/2025
expo-raw-000271,BUKETERIA,Azərbaycan,TƏRƏFDAŞLAR,-,bakubuild,BakuBuild,2025,424,345290,https://bakubuild.az/az/exhibitors-list/year/2025
expo-raw-000272,COSTA COFFEE,Azərbaycan,TƏRƏFDAŞLAR,-,bakubuild,BakuBuild,2025,424,,https://bakubuild.az/az/exhibitors-list/year/2025
expo-raw-000273,DAMLA İB,Azərbaycan,TƏRƏFDAŞLAR,2M060,bakubuild,BakuBuild,2025,424,320955,https://bakubuild.az/az/exhibitors-list/year/2025
expo-raw-000274,MG PLUS MMC,Azərbaycan,TƏRƏFDAŞLAR,-,bakubuild,BakuBuild,2025,424,,https://bakubuild.az/az/exhibitors-list/year/2025
expo-raw-000275,REFERANS MEDİCAL GROUP,Azərbaycan,TƏRƏFDAŞLAR,-,bakubuild,BakuBuild,2025,424,7900,https://bakubuild.az/az/exhibitors-list/year/2025
expo-raw-000276,ABŞERON TİCARƏT MƏRKƏZİ,Azərbaycan,TƏRƏFDAŞLAR,2B420,bakubuild,BakuBuild,2025,424,345406,https://bakubuild.az/az/exhibitors-list/year/2025
expo-raw-000277,AGAT GROUP MMC,Azərbaycan,TƏRƏFDAŞLAR,1B140,bakubuild,BakuBuild,2025,424,333883,https://bakubuild.az/az/exhibitors-list/year/2025
expo-raw-000278,ALGROUP MMC,Azərbaycan,TƏRƏFDAŞLAR,2B310,bakubuild,BakuBuild,2025,424,345134,https://bakubuild.az/az/exhibitors-list/year/2025
expo-raw-000279,ARKOZ MEBEL FABRİKİ MMC,Azərbaycan,TƏRƏFDAŞLAR,2B020,bakubuild,BakuBuild,2025,424,345057,https://bakubuild.az/az/exhibitors-list/year/2025
expo-raw-000280,AS TECHNOLOGIES,Azərbaycan,TƏRƏFDAŞLAR,2B254,bakubuild,BakuBuild,2025,424,345368,https://bakubuild.az/az/exhibitors-list/year/2025
expo-raw-000281,ASR ALLIANCE,Azərbaycan,TƏRƏFDAŞLAR,2B016,bakubuild,BakuBuild,2025,424,345078,https://bakubuild.az/az/exhibitors-list/year/2025
expo-raw-000282,ATMİA - AZƏRBAYCAN TIKINTI MATERIALLARI İSTEHSALÇILARI ASSOSIASIYASI,Azərbaycan,TƏRƏFDAŞLAR,-,bakubuild,BakuBuild,2025,424,326106,https://bakubuild.az/az/exhibitors-list/year/2025
expo-raw-000283,AZFLEX MMC,Azərbaycan,TƏRƏFDAŞLAR,1B234,bakubuild,BakuBuild,2025,424,324715,https://bakubuild.az/az/exhibitors-list/year/2025
expo-raw-000284,AZƏRBAYCAN RESPUBLİKASI SAHİBKARLAR (İŞƏGÖTÜRƏNLƏR) TƏŞKİLATLARI MİLLİ KONFEDERASİYASI,Azərbaycan,TƏRƏFDAŞLAR,2M544,bakubuild,BakuBuild,2025,424,4292,https://bakubuild.az/az/exhibitors-list/year/2025
expo-raw-000285,AZƏRBAYCAN TİKİNTİ İSTEHSALÇILARI ASSOSİYASI(ATİA),Azərbaycan,TƏRƏFDAŞLAR,-,bakubuild,BakuBuild,2025,424,326105,https://bakubuild.az/az/exhibitors-list/year/2025
expo-raw-000286,BAKU HOTEL COMPANY CJSC,Azərbaycan,TƏRƏFDAŞLAR,-,bakubuild,BakuBuild,2025,424,,https://bakubuild.az/az/exhibitors-list/year/2025
expo-raw-000287,BILBORD.AL,Azərbaycan,TƏRƏFDAŞLAR,-,bakubuild,BakuBuild,2025,424,345787,https://bakubuild.az/az/exhibitors-list/year/2025
expo-raw-000288,BM SUPPLY COMPANY,Azərbaycan,TƏRƏFDAŞLAR,2B006,bakubuild,BakuBuild,2025,424,333821,https://bakubuild.az/az/exhibitors-list/year/2025
expo-raw-000289,CASPİAN CABLE SYSTEMS MMC,Azərbaycan,TƏRƏFDAŞLAR,1B142,bakubuild,BakuBuild,2025,424,7146,https://bakubuild.az/az/exhibitors-list/year/2025
expo-raw-000290,CASPİAN ENERGY GROUP,Azərbaycan,TƏRƏFDAŞLAR,1B334,bakubuild,BakuBuild,2025,424,6725,https://bakubuild.az/az/exhibitors-list/year/2025
expo-raw-000291,ENERJI N MMC,Azərbaycan,TƏRƏFDAŞLAR,-,bakubuild,BakuBuild,2025,424,,https://bakubuild.az/az/exhibitors-list/year/2025
expo-raw-000292,ESTET ENGİNEERİNG,Azərbaycan,TƏRƏFDAŞLAR,1B132,bakubuild,BakuBuild,2025,424,7377,https://bakubuild.az/az/exhibitors-list/year/2025
expo-raw-000293,GLOBAL ACTİVİTY MƏHDUD MƏSULİYYƏTLİ CƏMİYYƏTİ,Azərbaycan,TƏRƏFDAŞLAR,2B430,bakubuild,BakuBuild,2025,424,325194,https://bakubuild.az/az/exhibitors-list/year/2025
expo-raw-000294,GLORIA GARDEN,Azərbaycan,TƏRƏFDAŞLAR,-,bakubuild,BakuBuild,2025,424,,https://bakubuild.az/az/exhibitors-list/year/2025
expo-raw-000295,GREENWICH TRAVEL CLUB,Azərbaycan,TƏRƏFDAŞLAR,-,bakubuild,BakuBuild,2025,424,4816,https://bakubuild.az/az/exhibitors-list/year/2025
expo-raw-000296,HILTON BAKU,Azərbaycan,TƏRƏFDAŞLAR,-,bakubuild,BakuBuild,2025,424,7045,https://bakubuild.az/az/exhibitors-list/year/2025
expo-raw-000297,HILTON GARDEN INN BAKU,Azərbaycan,TƏRƏFDAŞLAR,-,bakubuild,BakuBuild,2025,424,336561,https://bakubuild.az/az/exhibitors-list/year/2025
expo-raw-000298,HOLCİM AZERBAİJAN,Azərbaycan,TƏRƏFDAŞLAR,1B220,bakubuild,BakuBuild,2025,424,310768,https://bakubuild.az/az/exhibitors-list/year/2025
expo-raw-000299,IBIS BAKU CITY,Azərbaycan,TƏRƏFDAŞLAR,-,bakubuild,BakuBuild,2025,424,301276,https://bakubuild.az/az/exhibitors-list/year/2025
expo-raw-000300,INES PRECAST MMC,Azərbaycan,TƏRƏFDAŞLAR,-,bakubuild,BakuBuild,2025,424,,https://bakubuild.az/az/exhibitors-list/year/2025
expo-raw-000301,INVERNIZZI INTERNATIONAL SALES SA,Azərbaycan,TƏRƏFDAŞLAR,2 350,bakubuild,BakuBuild,2025,424,,https://bakubuild.az/az/exhibitors-list/year/2025
expo-raw-000302,KANAATALÜMNIYUM,Azərbaycan,TƏRƏFDAŞLAR,1B126,bakubuild,BakuBuild,2025,424,324601,https://bakubuild.az/az/exhibitors-list/year/2025
expo-raw-000303,KOMİFOREST MMC,Azərbaycan,TƏRƏFDAŞLAR,1B012,bakubuild,BakuBuild,2025,424,7335,https://bakubuild.az/az/exhibitors-list/year/2025
expo-raw-000304,KOVROLİN.AZ,Azərbaycan,TƏRƏFDAŞLAR,1B002,bakubuild,BakuBuild,2025,424,7657,https://bakubuild.az/az/exhibitors-list/year/2025
expo-raw-000305,LECA AZERBAYCAN,Azərbaycan,TƏRƏFDAŞLAR,2B244,bakubuild,BakuBuild,2025,424,345172,https://bakubuild.az/az/exhibitors-list/year/2025
expo-raw-000306,MONOLİTH CASPİAN MMC,Azərbaycan,TƏRƏFDAŞLAR,1B038,bakubuild,BakuBuild,2025,424,345295,https://bakubuild.az/az/exhibitors-list/year/2025
expo-raw-000307,MƏTANƏT-A ŞİRKƏTİ,Azərbaycan,TƏRƏFDAŞLAR,1B240,bakubuild,BakuBuild,2025,424,5982,https://bakubuild.az/az/exhibitors-list/year/2025
expo-raw-000308,NORM ASC,Azərbaycan,TƏRƏFDAŞLAR,2B100,bakubuild,BakuBuild,2025,424,6800,https://bakubuild.az/az/exhibitors-list/year/2025
expo-raw-000309,PALID-2015 MMC,Azərbaycan,TƏRƏFDAŞLAR,1B332,bakubuild,BakuBuild,2025,424,321181,https://bakubuild.az/az/exhibitors-list/year/2025
expo-raw-000310,PAŞA BANK,Azərbaycan,TƏRƏFDAŞLAR,-,bakubuild,BakuBuild,2025,424,4714,https://bakubuild.az/az/exhibitors-list/year/2025
expo-raw-000311,PMD GROUP MMC,Azərbaycan,TƏRƏFDAŞLAR,-,bakubuild,BakuBuild,2025,424,7421,https://bakubuild.az/az/exhibitors-list/year/2025
expo-raw-000312,PR PREMIUM REZIDENCE,Azərbaycan,TƏRƏFDAŞLAR,-,bakubuild,BakuBuild,2025,424,347925,https://bakubuild.az/az/exhibitors-list/year/2025
expo-raw-000313,PRO GLASS MMC,Azərbaycan,TƏRƏFDAŞLAR,1B230,bakubuild,BakuBuild,2025,424,310378,https://bakubuild.az/az/exhibitors-list/year/2025
expo-raw-000314,RADİSSON HOTEL BAKU,Azərbaycan,TƏRƏFDAŞLAR,-,bakubuild,BakuBuild,2025,424,313569,https://bakubuild.az/az/exhibitors-list/year/2025
expo-raw-000315,RERAPIER MMC,Azərbaycan,TƏRƏFDAŞLAR,1B312,bakubuild,BakuBuild,2025,424,345135,https://bakubuild.az/az/exhibitors-list/year/2025
expo-raw-000316,S-ENNA MMC,Azərbaycan,TƏRƏFDAŞLAR,2B220,bakubuild,BakuBuild,2025,424,7001,https://bakubuild.az/az/exhibitors-list/year/2025
expo-raw-000317,S.I.G.N LTD MMC,Azərbaycan,TƏRƏFDAŞLAR,2B542,bakubuild,BakuBuild,2025,424,345110,https://bakubuild.az/az/exhibitors-list/year/2025
expo-raw-000318,SEMTAŞ,Azərbaycan,TƏRƏFDAŞLAR,2B002,bakubuild,BakuBuild,2025,424,301037,https://bakubuild.az/az/exhibitors-list/year/2025
expo-raw-000319,SEYF PLUS MMC,Azərbaycan,TƏRƏFDAŞLAR,2B054,bakubuild,BakuBuild,2025,424,,https://bakubuild.az/az/exhibitors-list/year/2025
expo-raw-000320,TECHNOGYM AZƏRBAYCAN,Azərbaycan,TƏRƏFDAŞLAR,1B134,bakubuild,BakuBuild,2025,424,6652,https://bakubuild.az/az/exhibitors-list/year/2025
expo-raw-000321,TEXNOFORMA GROUP AZ,Azərbaycan,TƏRƏFDAŞLAR,2B320,bakubuild,BakuBuild,2025,424,345215,https://bakubuild.az/az/exhibitors-list/year/2025
expo-raw-000322,TIMSPORT,Azərbaycan,TƏRƏFDAŞLAR,2B434,bakubuild,BakuBuild,2025,424,7986,https://bakubuild.az/az/exhibitors-list/year/2025
expo-raw-000323,VERTUS ENGINEERING CO MMC,Azərbaycan,TƏRƏFDAŞLAR,2B120,bakubuild,BakuBuild,2025,424,345079,https://bakubuild.az/az/exhibitors-list/year/2025
expo-raw-000324,ÜMİD YERİ UŞAQ SIĞINACAĞI,Azərbaycan,TƏRƏFDAŞLAR,4M024,bakubuild,BakuBuild,2025,424,,https://bakubuild.az/az/exhibitors-list/year/2025
expo-raw-000325,OLD BAKU CONSTRUCTİPN MMC,Azərbaycan,TƏRƏFDAŞLAR,-,bakubuild,BakuBuild,2025,424,276145,https://bakubuild.az/az/exhibitors-list/year/2025
expo-raw-000326,İNŞAAT MS,Azərbaycan,TƏRƏFDAŞLAR,2B024,bakubuild,BakuBuild,2025,424,345109,https://bakubuild.az/az/exhibitors-list/year/2025
expo-raw-000327,ABSHERON HOTEL GROUP,Azərbaycan,TƏRƏFDAŞLAR,-,bakubuild,BakuBuild,2026,451,,https://bakubuild.az/az/exhibitors-list/year/2026
expo-raw-000328,HILTON GARDEN INN BAKU,Azərbaycan,TƏRƏFDAŞLAR,-,bakubuild,BakuBuild,2026,451,336561,https://bakubuild.az/az/exhibitors-list/year/2026
expo-raw-000329,TEST EVENT,Azərbaycan,TƏRƏFDAŞLAR,-,bakubuild,BakuBuild,2026,451,,https://bakubuild.az/az/exhibitors-list/year/2026
expo-raw-000330,"""CHINA BIRLƏŞMIŞ İNŞAAT TEXNOLOGIYASI"" MƏHDUD MƏSULIYYƏTLI CƏMIYYƏTI",Azərbaycan,TƏRƏFDAŞLAR,-,bakubuild,BakuBuild,2026,451,,https://bakubuild.az/az/exhibitors-list/year/2026
expo-raw-000331,ABSHERON TRADE CENTER,Azərbaycan,TƏRƏFDAŞLAR,-,bakubuild,BakuBuild,2026,451,,https://bakubuild.az/az/exhibitors-list/year/2026
expo-raw-000332,AYFA GROUP MMC,Azərbaycan,TƏRƏFDAŞLAR,-,bakubuild,BakuBuild,2026,451,,https://bakubuild.az/az/exhibitors-list/year/2026
expo-raw-000333,AZİDMAN MMC,Azərbaycan,TƏRƏFDAŞLAR,-,bakubuild,BakuBuild,2026,451,,https://bakubuild.az/az/exhibitors-list/year/2026
expo-raw-000334,BILBORD.AL,Azərbaycan,TƏRƏFDAŞLAR,-,bakubuild,BakuBuild,2026,451,345787,https://bakubuild.az/az/exhibitors-list/year/2026
expo-raw-000335,CAHAN SƏNAYE KOMPLEKSI MMC,Azərbaycan,TƏRƏFDAŞLAR,-,bakubuild,BakuBuild,2026,451,,https://bakubuild.az/az/exhibitors-list/year/2026
expo-raw-000336,CASPIAN CABLE SYSTEMS,Azərbaycan,TƏRƏFDAŞLAR,-,bakubuild,BakuBuild,2026,451,,https://bakubuild.az/az/exhibitors-list/year/2026
expo-raw-000337,CASPIAN ENERGY GROUP MMC,Azərbaycan,TƏRƏFDAŞLAR,-,bakubuild,BakuBuild,2026,451,,https://bakubuild.az/az/exhibitors-list/year/2026
expo-raw-000338,DECOFORM MMC,Azərbaycan,TƏRƏFDAŞLAR,-,bakubuild,BakuBuild,2026,451,363186,https://bakubuild.az/az/exhibitors-list/year/2026
expo-raw-000339,DECOR LAB MMC,Azərbaycan,TƏRƏFDAŞLAR,-,bakubuild,BakuBuild,2026,451,,https://bakubuild.az/az/exhibitors-list/year/2026
expo-raw-000340,GLOBAL ACTIVITY CONSTRUCTION MMC,Azərbaycan,TƏRƏFDAŞLAR,-,bakubuild,BakuBuild,2026,451,,https://bakubuild.az/az/exhibitors-list/year/2026
expo-raw-000341,HOLCIM AZERBAIJAN,Azərbaycan,TƏRƏFDAŞLAR,-,bakubuild,BakuBuild,2026,451,,https://bakubuild.az/az/exhibitors-list/year/2026
expo-raw-000342,IBIS BAKU CITY,Azərbaycan,TƏRƏFDAŞLAR,-,bakubuild,BakuBuild,2026,451,301276,https://bakubuild.az/az/exhibitors-list/year/2026
expo-raw-000343,ICE - ITALIAN TRADE AGENCY,Azərbaycan,TƏRƏFDAŞLAR,-,bakubuild,BakuBuild,2026,451,,https://bakubuild.az/az/exhibitors-list/year/2026
expo-raw-000344,KANAAT ALÜMİNYUM  MMC,Azərbaycan,TƏRƏFDAŞLAR,-,bakubuild,BakuBuild,2026,451,,https://bakubuild.az/az/exhibitors-list/year/2026
expo-raw-000345,KOVROLİN.AZ,Azərbaycan,TƏRƏFDAŞLAR,-,bakubuild,BakuBuild,2026,451,7657,https://bakubuild.az/az/exhibitors-list/year/2026
expo-raw-000346,MONOLITH CASPIAN,Azərbaycan,TƏRƏFDAŞLAR,-,bakubuild,BakuBuild,2026,451,,https://bakubuild.az/az/exhibitors-list/year/2026
expo-raw-000347,NORM ASC,Azərbaycan,TƏRƏFDAŞLAR,-,bakubuild,BakuBuild,2026,451,,https://bakubuild.az/az/exhibitors-list/year/2026
expo-raw-000348,PAŞA BANK,Azərbaycan,TƏRƏFDAŞLAR,-,bakubuild,BakuBuild,2026,451,,https://bakubuild.az/az/exhibitors-list/year/2026
expo-raw-000349,RADİSSON HOTEL BAKU,Azərbaycan,TƏRƏFDAŞLAR,-,bakubuild,BakuBuild,2026,451,313569,https://bakubuild.az/az/exhibitors-list/year/2026
expo-raw-000350,RASMAR MMC,Azərbaycan,TƏRƏFDAŞLAR,-,bakubuild,BakuBuild,2026,451,333915,https://bakubuild.az/az/exhibitors-list/year/2026
expo-raw-000351,REGES TIKINTI MATERIALLARI MMC,Azərbaycan,TƏRƏFDAŞLAR,-,bakubuild,BakuBuild,2026,451,,https://bakubuild.az/az/exhibitors-list/year/2026
expo-raw-000352,SOBSAN MMC,Azərbaycan,TƏRƏFDAŞLAR,-,bakubuild,BakuBuild,2026,451,,https://bakubuild.az/az/exhibitors-list/year/2026
expo-raw-000353,TAHIROĞLU İNSAAT,Azərbaycan,TƏRƏFDAŞLAR,-,bakubuild,BakuBuild,2026,451,,https://bakubuild.az/az/exhibitors-list/year/2026
expo-raw-000354,THE SPORT MMC,Azərbaycan,TƏRƏFDAŞLAR,-,bakubuild,BakuBuild,2026,451,,https://bakubuild.az/az/exhibitors-list/year/2026
expo-raw-000355,THE SPORT MMC,Azərbaycan,TƏRƏFDAŞLAR,-,bakubuild,BakuBuild,2026,451,,https://bakubuild.az/az/exhibitors-list/year/2026
expo-raw-000356,“POLIMER PARTNERS AZ” MMC,Azərbaycan,TƏRƏFDAŞLAR,-,bakubuild,BakuBuild,2026,451,,https://bakubuild.az/az/exhibitors-list/year/2026
expo-raw-000357,AZƏRBAYCAN RESPUBLİKASI SAHİBKARLAR (İŞƏGÖTÜRƏNLƏR) TƏŞKİLATLARI MİLLİ KONFEDERASİYASI,Azərbaycan,DƏSTƏK,-,aquatherm,Aquatherm Baku,2019,182,4292,https://aquatherm.az/az/exhibitors-list/year/2019
expo-raw-000358,AZƏRBAYCAN RESPUBLİKASININ KİÇİK VƏ ORTA BİZNESİN İNKİŞAFI AGENTLİYİ,Azərbaycan,DƏSTƏK,-,aquatherm,Aquatherm Baku,2019,182,4316,https://aquatherm.az/az/exhibitors-list/year/2019
expo-raw-000359,AZƏRBAYCAN RESPUBLİKASININ İXRACIN VƏ İNVESTİSİYALARIN TƏŞVİQİ AGENTLİYİ (AZPROMO),Azərbaycan,DƏSTƏK,-,aquatherm,Aquatherm Baku,2019,182,4289,https://aquatherm.az/az/exhibitors-list/year/2019
expo-raw-000360,1 NEWS İNFORMASİYA AGENTLİYİ MMC,Azərbaycan,MEDİA,-,aquatherm,Aquatherm Baku,2019,182,4265,https://aquatherm.az/az/exhibitors-list/year/2019
expo-raw-000361,ASAN RADİO 100 FM,Azərbaycan,MEDİA,-,aquatherm,Aquatherm Baku,2019,182,4258,https://aquatherm.az/az/exhibitors-list/year/2019
expo-raw-000362,AZƏRTAC,Azərbaycan,MEDİA,-,aquatherm,Aquatherm Baku,2019,182,4259,https://aquatherm.az/az/exhibitors-list/year/2019
expo-raw-000363,BAKUCİTY.AZ,Azərbaycan,MEDİA,-,aquatherm,Aquatherm Baku,2019,182,4829,https://aquatherm.az/az/exhibitors-list/year/2019
expo-raw-000364,BAKUİNFORM.AZ İNFO PORTAL,Azərbaycan,MEDİA,-,aquatherm,Aquatherm Baku,2019,182,4260,https://aquatherm.az/az/exhibitors-list/year/2019
expo-raw-000365,BIZNESINFO.AZ,Azərbaycan,MEDİA,-,aquatherm,Aquatherm Baku,2019,182,4256,https://aquatherm.az/az/exhibitors-list/year/2019
expo-raw-000366,FACEMARK.AZ,Azərbaycan,MEDİA,-,aquatherm,Aquatherm Baku,2019,182,4261,https://aquatherm.az/az/exhibitors-list/year/2019
expo-raw-000367,FİNEKO AİA,Azərbaycan,MEDİA,-,aquatherm,Aquatherm Baku,2019,182,4266,https://aquatherm.az/az/exhibitors-list/year/2019
expo-raw-000368,SALAMNEWS İNFORMASİYA AGENTLİYİ,Azərbaycan,MEDİA,-,aquatherm,Aquatherm Baku,2019,182,4267,https://aquatherm.az/az/exhibitors-list/year/2019
expo-raw-000369,SPUTNİK AZƏRBAYCAN BEYNƏLXALQ İNFORMASİYA AGENTLİYİ VƏ RADİOSU,Azərbaycan,MEDİA,-,aquatherm,Aquatherm Baku,2019,182,4269,https://aquatherm.az/az/exhibitors-list/year/2019
expo-raw-000370,"BOULEVARD HOTEL BAKU, AUTOGRAPH COLLECTION",Azərbaycan,TƏRƏFDAŞLAR,-,aquatherm,Aquatherm Baku,2019,182,4863,https://aquatherm.az/az/exhibitors-list/year/2019
expo-raw-000371,GILAN HOSPITALITY GROUP (QAFQAZ HOTELS & RESORTS),Azərbaycan,TƏRƏFDAŞLAR,-,aquatherm,Aquatherm Baku,2019,182,4290,https://aquatherm.az/az/exhibitors-list/year/2019
expo-raw-000372,GREENWICH TRAVEL CLUB,Azərbaycan,TƏRƏFDAŞLAR,-,aquatherm,Aquatherm Baku,2019,182,4816,https://aquatherm.az/az/exhibitors-list/year/2019
expo-raw-000373,"INTOURIST HOTEL BAKU, AUTOGRAPH COLLECTION",Azərbaycan,TƏRƏFDAŞLAR,-,aquatherm,Aquatherm Baku,2019,182,4874,https://aquatherm.az/az/exhibitors-list/year/2019
expo-raw-000374,ARİS MMC,Azərbaycan,TƏRƏFDAŞLAR,A2066,aquatherm,Aquatherm Baku,2019,182,5819,https://aquatherm.az/az/exhibitors-list/year/2019
expo-raw-000375,AZERTEXNOLAYN MMC,Azərbaycan,TƏRƏFDAŞLAR,A2218,aquatherm,Aquatherm Baku,2019,182,4580,https://aquatherm.az/az/exhibitors-list/year/2019
expo-raw-000376,AZGRAFT CONSTRUCTİON MMC,Azərbaycan,TƏRƏFDAŞLAR,A2134,aquatherm,Aquatherm Baku,2019,182,5773,https://aquatherm.az/az/exhibitors-list/year/2019
expo-raw-000377,CAHAN SƏNAYE KOMPLEKSİ,Azərbaycan,TƏRƏFDAŞLAR,A2210,aquatherm,Aquatherm Baku,2019,182,5547,https://aquatherm.az/az/exhibitors-list/year/2019
expo-raw-000378,EUROCLİMA MMC,Azərbaycan,TƏRƏFDAŞLAR,A2114,aquatherm,Aquatherm Baku,2019,182,5675,https://aquatherm.az/az/exhibitors-list/year/2019
expo-raw-000379,LEİSTER AZERBAİJAN,Azərbaycan,TƏRƏFDAŞLAR,A2084,aquatherm,Aquatherm Baku,2019,182,5602,https://aquatherm.az/az/exhibitors-list/year/2019
expo-raw-000380,NYUKOND MMC,Azərbaycan,TƏRƏFDAŞLAR,A2130/A2226,aquatherm,Aquatherm Baku,2019,182,5538,https://aquatherm.az/az/exhibitors-list/year/2019
expo-raw-000381,POLİMART MMC,Azərbaycan,TƏRƏFDAŞLAR,A2086,aquatherm,Aquatherm Baku,2019,182,4604,https://aquatherm.az/az/exhibitors-list/year/2019
expo-raw-000382,SABKOND-HVAC,Azərbaycan,TƏRƏFDAŞLAR,A2112,aquatherm,Aquatherm Baku,2019,182,5539,https://aquatherm.az/az/exhibitors-list/year/2019
expo-raw-000383,SAVALAN GROUP MMC,Azərbaycan,TƏRƏFDAŞLAR,A2132,aquatherm,Aquatherm Baku,2019,182,5821,https://aquatherm.az/az/exhibitors-list/year/2019
expo-raw-000384,VENKA TEKNİK,Azərbaycan,TƏRƏFDAŞLAR,A2120,aquatherm,Aquatherm Baku,2019,182,5540,https://aquatherm.az/az/exhibitors-list/year/2019
expo-raw-000385,WILO SE,Azərbaycan,TƏRƏFDAŞLAR,A2090,aquatherm,Aquatherm Baku,2019,182,6008,https://aquatherm.az/az/exhibitors-list/year/2019
expo-raw-000386,YUSİ KO,Azərbaycan,TƏRƏFDAŞLAR,A2122,aquatherm,Aquatherm Baku,2019,182,5541,https://aquatherm.az/az/exhibitors-list/year/2019
expo-raw-000387,1 NEWS İNFORMASİYA AGENTLİYİ MMC,Azərbaycan,MEDİA,-,aquatherm,Aquatherm Baku,2021,211,4265,https://aquatherm.az/az/exhibitors-list/year/2021
expo-raw-000388,CİTYLİFE.AZ,Azərbaycan,MEDİA,-,aquatherm,Aquatherm Baku,2021,211,,https://aquatherm.az/az/exhibitors-list/year/2021
expo-raw-000389,CİTYMAG.AZ,Azərbaycan,MEDİA,-,aquatherm,Aquatherm Baku,2021,211,,https://aquatherm.az/az/exhibitors-list/year/2021
expo-raw-000390,FİNEKO AİA,Azərbaycan,MEDİA,-,aquatherm,Aquatherm Baku,2021,211,4266,https://aquatherm.az/az/exhibitors-list/year/2021
expo-raw-000391,MYVİDEO.AZ,Azərbaycan,MEDİA,-,aquatherm,Aquatherm Baku,2021,211,4374,https://aquatherm.az/az/exhibitors-list/year/2021
expo-raw-000392,VİDEO.AZ,Azərbaycan,MEDİA,-,aquatherm,Aquatherm Baku,2021,211,4378,https://aquatherm.az/az/exhibitors-list/year/2021
expo-raw-000393,İTİCKET.AZ LLC,Azərbaycan,MEDİA,-,aquatherm,Aquatherm Baku,2021,211,4373,https://aquatherm.az/az/exhibitors-list/year/2021
expo-raw-000394,AZERTEXNOLAYN MMC,Azərbaycan,MEDİA,A2212,aquatherm,Aquatherm Baku,2021,211,4580,https://aquatherm.az/az/exhibitors-list/year/2021
expo-raw-000395,AZƏRBAYCAN RESPUBLİKASI SAHİBKARLAR (İŞƏGÖTÜRƏNLƏR) TƏŞKİLATLARI MİLLİ KONFEDERASİYASI,Azərbaycan,MEDİA,-,aquatherm,Aquatherm Baku,2021,211,4292,https://aquatherm.az/az/exhibitors-list/year/2021
expo-raw-000396,AZƏRBAYCAN RESPUBLİKASININ KİÇİK VƏ ORTA BİZNESİN İNKİŞAFI AGENTLİYİ,Azərbaycan,MEDİA,-,aquatherm,Aquatherm Baku,2021,211,4316,https://aquatherm.az/az/exhibitors-list/year/2021
expo-raw-000397,AZƏRBAYCAN RESPUBLİKASININ İXRACIN VƏ İNVESTİSİYALARIN TƏŞVİQİ AGENTLİYİ (AZPROMO),Azərbaycan,MEDİA,-,aquatherm,Aquatherm Baku,2021,211,4289,https://aquatherm.az/az/exhibitors-list/year/2021
expo-raw-000398,FÖVQƏLADƏ HALLAR NAZİRLİYİ. TİKİNTİDƏ TƏHLÜKƏSİZLİYƏ NƏZARƏT DÖVLƏT AGENTLİYİ S.Ə.DADAŞOV ADINA ETLKİMİ,Azərbaycan,MEDİA,A2084,aquatherm,Aquatherm Baku,2021,211,5697,https://aquatherm.az/az/exhibitors-list/year/2021
expo-raw-000399,GREENWICH TRAVEL CLUB,Azərbaycan,MEDİA,-,aquatherm,Aquatherm Baku,2021,211,4816,https://aquatherm.az/az/exhibitors-list/year/2021
expo-raw-000400,POLİMART MMC,Azərbaycan,MEDİA,A2086,aquatherm,Aquatherm Baku,2021,211,4604,https://aquatherm.az/az/exhibitors-list/year/2021
expo-raw-000401,SABKOND-HVAC,Azərbaycan,MEDİA,A2112,aquatherm,Aquatherm Baku,2021,211,5539,https://aquatherm.az/az/exhibitors-list/year/2021
expo-raw-000402,1 NEWS İNFORMASİYA AGENTLİYİ MMC,Azərbaycan,MEDİA,-,aquatherm,Aquatherm Baku,2022,231,4265,https://aquatherm.az/az/exhibitors-list/year/2022
expo-raw-000403,ALP XƏBƏR,Azərbaycan,MEDİA,-,aquatherm,Aquatherm Baku,2022,231,7530,https://aquatherm.az/az/exhibitors-list/year/2022
expo-raw-000404,APA GROUP,Azərbaycan,MEDİA,-,aquatherm,Aquatherm Baku,2022,231,4257,https://aquatherm.az/az/exhibitors-list/year/2022
expo-raw-000405,AZERBAİJAN TODAY SAYTI,Azərbaycan,MEDİA,-,aquatherm,Aquatherm Baku,2022,231,7454,https://aquatherm.az/az/exhibitors-list/year/2022
expo-raw-000406,FİNEKO AİA,Azərbaycan,MEDİA,-,aquatherm,Aquatherm Baku,2022,231,4266,https://aquatherm.az/az/exhibitors-list/year/2022
expo-raw-000407,SALAMNEWS İNFORMASİYA AGENTLİYİ,Azərbaycan,MEDİA,-,aquatherm,Aquatherm Baku,2022,231,4267,https://aquatherm.az/az/exhibitors-list/year/2022
expo-raw-000408,AES-TRADING,Azərbaycan,MEDİA,A2112,aquatherm,Aquatherm Baku,2022,231,6984,https://aquatherm.az/az/exhibitors-list/year/2022
expo-raw-000409,AQUALINK MMC,Azərbaycan,MEDİA,A2094,aquatherm,Aquatherm Baku,2022,231,6215,https://aquatherm.az/az/exhibitors-list/year/2022
expo-raw-000410,AQUATECH MMC,Azərbaycan,MEDİA,A2405,aquatherm,Aquatherm Baku,2022,231,6353,https://aquatherm.az/az/exhibitors-list/year/2022
expo-raw-000411,AZERTEXNOLAYN MMC,Azərbaycan,MEDİA,A2210,aquatherm,Aquatherm Baku,2022,231,4580,https://aquatherm.az/az/exhibitors-list/year/2022
expo-raw-000412,AZƏRBAYCAN RESPUBLİKASI SAHİBKARLAR (İŞƏGÖTÜRƏNLƏR) TƏŞKİLATLARI MİLLİ KONFEDERASİYASI,Azərbaycan,MEDİA,B2028,aquatherm,Aquatherm Baku,2022,231,4292,https://aquatherm.az/az/exhibitors-list/year/2022
expo-raw-000413,AZƏRBAYCAN RESPUBLİKASININ KİÇİK VƏ ORTA BİZNESİN İNKİŞAFI AGENTLİYİ,Azərbaycan,MEDİA,-,aquatherm,Aquatherm Baku,2022,231,4316,https://aquatherm.az/az/exhibitors-list/year/2022
expo-raw-000414,AZƏRBAYCAN RESPUBLİKASININ İXRACIN VƏ İNVESTİSİYALARIN TƏŞVİQİ AGENTLİYİ (AZPROMO),Azərbaycan,MEDİA,-,aquatherm,Aquatherm Baku,2022,231,4289,https://aquatherm.az/az/exhibitors-list/year/2022
expo-raw-000415,CARSAN LLC,Azərbaycan,MEDİA,A2328,aquatherm,Aquatherm Baku,2022,231,7844,https://aquatherm.az/az/exhibitors-list/year/2022
expo-raw-000416,GREEN LIFE ENGINEERING MMC,Azərbaycan,MEDİA,A2114,aquatherm,Aquatherm Baku,2022,231,7681,https://aquatherm.az/az/exhibitors-list/year/2022
expo-raw-000417,GREENWICH TRAVEL CLUB,Azərbaycan,MEDİA,-,aquatherm,Aquatherm Baku,2022,231,4816,https://aquatherm.az/az/exhibitors-list/year/2022
expo-raw-000418,HILTON BAKU,Azərbaycan,MEDİA,-,aquatherm,Aquatherm Baku,2022,231,7045,https://aquatherm.az/az/exhibitors-list/year/2022
expo-raw-000419,HYATT REGENCY BAKU,Azərbaycan,MEDİA,-,aquatherm,Aquatherm Baku,2022,231,4291,https://aquatherm.az/az/exhibitors-list/year/2022
expo-raw-000420,KLİMATECHNİK MMC,Azərbaycan,MEDİA,A2006,aquatherm,Aquatherm Baku,2022,231,7628,https://aquatherm.az/az/exhibitors-list/year/2022
expo-raw-000421,NEP-ENGİNEERİNG ММC,Azərbaycan,MEDİA,A2506,aquatherm,Aquatherm Baku,2022,231,7539,https://aquatherm.az/az/exhibitors-list/year/2022
expo-raw-000422,SABKOND-HVAC,Azərbaycan,MEDİA,A2110,aquatherm,Aquatherm Baku,2022,231,5539,https://aquatherm.az/az/exhibitors-list/year/2022
expo-raw-000423,TAIS IKF LLC,Azərbaycan,MEDİA,A2085,aquatherm,Aquatherm Baku,2022,231,7702,https://aquatherm.az/az/exhibitors-list/year/2022
expo-raw-000424,1 NEWS İNFORMASİYA AGENTLİYİ MMC,Azərbaycan,MEDİA,-,aquatherm,Aquatherm Baku,2023,361,4265,https://aquatherm.az/az/exhibitors-list/year/2023
expo-raw-000425,APA GROUP,Azərbaycan,MEDİA,-,aquatherm,Aquatherm Baku,2023,361,4257,https://aquatherm.az/az/exhibitors-list/year/2023
expo-raw-000426,AZƏRTAC,Azərbaycan,MEDİA,-,aquatherm,Aquatherm Baku,2023,361,4259,https://aquatherm.az/az/exhibitors-list/year/2023
expo-raw-000427,FİNEKO AİA,Azərbaycan,MEDİA,-,aquatherm,Aquatherm Baku,2023,361,4266,https://aquatherm.az/az/exhibitors-list/year/2023
expo-raw-000428,ROCKVELL.COM,Azərbaycan,MEDİA,-,aquatherm,Aquatherm Baku,2023,361,278897,https://aquatherm.az/az/exhibitors-list/year/2023
expo-raw-000429,İTİCKET.AZ MMC,Azərbaycan,MEDİA,-,aquatherm,Aquatherm Baku,2023,361,4373,https://aquatherm.az/az/exhibitors-list/year/2023
expo-raw-000430,AES-TRADING,Azərbaycan,MEDİA,2A126,aquatherm,Aquatherm Baku,2023,361,6984,https://aquatherm.az/az/exhibitors-list/year/2023
expo-raw-000431,ANADOLU KAFKAS INSAAT MAKINA SANAYI VE TICARET A.S.,Azərbaycan,MEDİA,2A240,aquatherm,Aquatherm Baku,2023,361,6545,https://aquatherm.az/az/exhibitors-list/year/2023
expo-raw-000432,AQUALINK MMC,Azərbaycan,MEDİA,2A080,aquatherm,Aquatherm Baku,2023,361,6215,https://aquatherm.az/az/exhibitors-list/year/2023
expo-raw-000433,AQUALUX MMC,Azərbaycan,MEDİA,-,aquatherm,Aquatherm Baku,2023,361,,https://aquatherm.az/az/exhibitors-list/year/2023
expo-raw-000434,AZERTEXNOLAYN MMC,Azərbaycan,MEDİA,2A222,aquatherm,Aquatherm Baku,2023,361,4580,https://aquatherm.az/az/exhibitors-list/year/2023
expo-raw-000435,AZREF MMC,Azərbaycan,MEDİA,2A074,aquatherm,Aquatherm Baku,2023,361,298115,https://aquatherm.az/az/exhibitors-list/year/2023
expo-raw-000436,AZƏRBAYCAN RESPUBLİKASI SAHİBKARLAR (İŞƏGÖTÜRƏNLƏR) TƏŞKİLATLARI MİLLİ KONFEDERASİYASI,Azərbaycan,MEDİA,-,aquatherm,Aquatherm Baku,2023,361,4292,https://aquatherm.az/az/exhibitors-list/year/2023
expo-raw-000437,AZƏRBAYCAN RESPUBLİKASININ KİÇİK VƏ ORTA BİZNESİN İNKİŞAFI AGENTLİYİ,Azərbaycan,MEDİA,-,aquatherm,Aquatherm Baku,2023,361,4316,https://aquatherm.az/az/exhibitors-list/year/2023
expo-raw-000438,AZƏRBAYCAN RESPUBLİKASININ İXRACIN VƏ İNVESTİSİYALARIN TƏŞVİQİ AGENTLİYİ (AZPROMO),Azərbaycan,MEDİA,-,aquatherm,Aquatherm Baku,2023,361,4289,https://aquatherm.az/az/exhibitors-list/year/2023
expo-raw-000439,AZƏRBAYCAN SƏRGİ TƏŞKİLATÇILARI ASSOSİASİYASI,Azərbaycan,MEDİA,-,aquatherm,Aquatherm Baku,2023,361,301259,https://aquatherm.az/az/exhibitors-list/year/2023
expo-raw-000440,AİRVENT CONSTRUCTİON PRODUCTS MMC,Azərbaycan,MEDİA,2A120,aquatherm,Aquatherm Baku,2023,361,277239,https://aquatherm.az/az/exhibitors-list/year/2023
expo-raw-000441,BAFFINA MMC,Azərbaycan,MEDİA,2A078,aquatherm,Aquatherm Baku,2023,361,301192,https://aquatherm.az/az/exhibitors-list/year/2023
expo-raw-000442,BƏRƏKƏT-İ MMC,Azərbaycan,MEDİA,2A077,aquatherm,Aquatherm Baku,2023,361,301784,https://aquatherm.az/az/exhibitors-list/year/2023
expo-raw-000443,EUROCLİMA MMC,Azərbaycan,MEDİA,2A124,aquatherm,Aquatherm Baku,2023,361,5675,https://aquatherm.az/az/exhibitors-list/year/2023
expo-raw-000444,FNK SERVICES AND CONSULTING LLC,Azərbaycan,MEDİA,-,aquatherm,Aquatherm Baku,2023,361,302848,https://aquatherm.az/az/exhibitors-list/year/2023
expo-raw-000445,GREENWICH TRAVEL CLUB,Azərbaycan,MEDİA,-,aquatherm,Aquatherm Baku,2023,361,4816,https://aquatherm.az/az/exhibitors-list/year/2023
expo-raw-000446,GREENWICH TRAVEL CLUB,Azərbaycan,MEDİA,-,aquatherm,Aquatherm Baku,2023,361,4816,https://aquatherm.az/az/exhibitors-list/year/2023
expo-raw-000447,IBIS BAKU CITY,Azərbaycan,MEDİA,-,aquatherm,Aquatherm Baku,2023,361,301276,https://aquatherm.az/az/exhibitors-list/year/2023
expo-raw-000448,IBIS BAKU CITY,Azərbaycan,MEDİA,-,aquatherm,Aquatherm Baku,2023,361,301276,https://aquatherm.az/az/exhibitors-list/year/2023
expo-raw-000449,LILAC,Azərbaycan,MEDİA,-,aquatherm,Aquatherm Baku,2023,361,303175,https://aquatherm.az/az/exhibitors-list/year/2023
expo-raw-000450,LUTZ-JESCO GMBH,Azərbaycan,MEDİA,1B342,aquatherm,Aquatherm Baku,2023,361,,https://aquatherm.az/az/exhibitors-list/year/2023
expo-raw-000451,MICA (MIDEA CAUCASUS MMC),Azərbaycan,MEDİA,2A530,aquatherm,Aquatherm Baku,2023,361,277240,https://aquatherm.az/az/exhibitors-list/year/2023
expo-raw-000452,MM TEXNIKA MMC,Azərbaycan,MEDİA,2A122,aquatherm,Aquatherm Baku,2023,361,298122,https://aquatherm.az/az/exhibitors-list/year/2023
expo-raw-000453,1 NEWS İNFORMASİYA AGENTLİYİ MMC,Azərbaycan,MEDİA,-,aquatherm,Aquatherm Baku,2024,401,4265,https://aquatherm.az/az/exhibitors-list/year/2024
expo-raw-000454,AZƏRTAC,Azərbaycan,MEDİA,-,aquatherm,Aquatherm Baku,2024,401,4259,https://aquatherm.az/az/exhibitors-list/year/2024
expo-raw-000455,BUSİNESS TİME JURNALI,Azərbaycan,MEDİA,-,aquatherm,Aquatherm Baku,2024,401,273808,https://aquatherm.az/az/exhibitors-list/year/2024
expo-raw-000456,FİNEKO AİA,Azərbaycan,MEDİA,-,aquatherm,Aquatherm Baku,2024,401,4266,https://aquatherm.az/az/exhibitors-list/year/2024
expo-raw-000457,"""FNK SERVICES AND CONSULTING"" LLC",Azərbaycan,MEDİA,-,aquatherm,Aquatherm Baku,2024,401,,https://aquatherm.az/az/exhibitors-list/year/2024
expo-raw-000458,A-KOND 1 QSC,Azərbaycan,MEDİA,2A224,aquatherm,Aquatherm Baku,2024,401,325192,https://aquatherm.az/az/exhibitors-list/year/2024
expo-raw-000459,AAC GOBUSTONE,Azərbaycan,MEDİA,2A132-1,aquatherm,Aquatherm Baku,2024,401,,https://aquatherm.az/az/exhibitors-list/year/2024
expo-raw-000460,AQUAFİLTER MMC,Azərbaycan,MEDİA,2A130,aquatherm,Aquatherm Baku,2024,401,324553,https://aquatherm.az/az/exhibitors-list/year/2024
expo-raw-000461,AQUALİNK MMC,Azərbaycan,MEDİA,2A098,aquatherm,Aquatherm Baku,2024,401,6215,https://aquatherm.az/az/exhibitors-list/year/2024
expo-raw-000462,ATƏŞGAH SIĞORTA ŞIRKƏTI ASC,Azərbaycan,MEDİA,-,aquatherm,Aquatherm Baku,2024,401,,https://aquatherm.az/az/exhibitors-list/year/2024
expo-raw-000463,AZERTEXNOLAYN,Azərbaycan,MEDİA,2A132-2,aquatherm,Aquatherm Baku,2024,401,,https://aquatherm.az/az/exhibitors-list/year/2024
expo-raw-000464,AZEXPOMONTAGE,Azərbaycan,MEDİA,-,aquatherm,Aquatherm Baku,2024,401,4283,https://aquatherm.az/az/exhibitors-list/year/2024
expo-raw-000465,AZMADE GROUP,Azərbaycan,MEDİA,2A132,aquatherm,Aquatherm Baku,2024,401,4580,https://aquatherm.az/az/exhibitors-list/year/2024
expo-raw-000466,AZƏRBAYCAN RESPUBLİKASI SAHİBKARLAR (İŞƏGÖTÜRƏNLƏR) TƏŞKİLATLARI MİLLİ KONFEDERASİYASI,Azərbaycan,MEDİA,-,aquatherm,Aquatherm Baku,2024,401,4292,https://aquatherm.az/az/exhibitors-list/year/2024
expo-raw-000467,AZƏRBAYCAN RESPUBLİKASININ İXRACIN VƏ İNVESTİSİYALARIN TƏŞVİQİ AGENTLİYİ (AZPROMO),Azərbaycan,MEDİA,-,aquatherm,Aquatherm Baku,2024,401,4289,https://aquatherm.az/az/exhibitors-list/year/2024
expo-raw-000468,AZƏRBAYCAN SƏRGİ TƏŞKİLATÇILARI ASSOSİASİYASI,Azərbaycan,MEDİA,-,aquatherm,Aquatherm Baku,2024,401,301259,https://aquatherm.az/az/exhibitors-list/year/2024
expo-raw-000469,BAKU EXPO CENTER,Azərbaycan,MEDİA,-,aquatherm,Aquatherm Baku,2024,401,,https://aquatherm.az/az/exhibitors-list/year/2024
expo-raw-000470,CASPİAN YÜK DAŞIMA XİDMƏTLƏRİ,Azərbaycan,MEDİA,-,aquatherm,Aquatherm Baku,2024,401,,https://aquatherm.az/az/exhibitors-list/year/2024
expo-raw-000471,EKİN ENDÜSTRİYEL ISITMA SOĞUTMA SANAYİ VE TİCARET A.Ş.,Azərbaycan,MEDİA,2A122,aquatherm,Aquatherm Baku,2024,401,320662,https://aquatherm.az/az/exhibitors-list/year/2024
expo-raw-000472,EUROCLİMA MMC,Azərbaycan,MEDİA,2A126,aquatherm,Aquatherm Baku,2024,401,5675,https://aquatherm.az/az/exhibitors-list/year/2024
expo-raw-000473,GLORIA GARDEN,Azərbaycan,MEDİA,-,aquatherm,Aquatherm Baku,2024,401,,https://aquatherm.az/az/exhibitors-list/year/2024
expo-raw-000474,GREENWİCH TRAVEL CLUB,Azərbaycan,MEDİA,-,aquatherm,Aquatherm Baku,2024,401,4816,https://aquatherm.az/az/exhibitors-list/year/2024
expo-raw-000475,HYATT REGENCY BAKU,Azərbaycan,MEDİA,-,aquatherm,Aquatherm Baku,2024,401,4291,https://aquatherm.az/az/exhibitors-list/year/2024
expo-raw-000476,MİCA (MİDEA CAUCASUS MMC),Azərbaycan,MEDİA,2A530,aquatherm,Aquatherm Baku,2024,401,277240,https://aquatherm.az/az/exhibitors-list/year/2024
expo-raw-000477,PLASTCON GROUP PİPE MMC,Azərbaycan,MEDİA,2A152,aquatherm,Aquatherm Baku,2024,401,310225,https://aquatherm.az/az/exhibitors-list/year/2024
expo-raw-000478,RADİSSON HOTEL BAKU,Azərbaycan,MEDİA,-,aquatherm,Aquatherm Baku,2024,401,313113,https://aquatherm.az/az/exhibitors-list/year/2024
expo-raw-000479,SPARK BETON LLS -YÜKLƏMƏ QALDIRICI SAXLAMA,Azərbaycan,MEDİA,2A132-4,aquatherm,Aquatherm Baku,2024,401,,https://aquatherm.az/az/exhibitors-list/year/2024
expo-raw-000480,TAM ADVİSORY,Azərbaycan,MEDİA,-,aquatherm,Aquatherm Baku,2024,401,310117,https://aquatherm.az/az/exhibitors-list/year/2024
expo-raw-000481,ZƏYƏM TEXNALOGIYALAR PARKI -ZTP,Azərbaycan,MEDİA,2A132-3,aquatherm,Aquatherm Baku,2024,401,,https://aquatherm.az/az/exhibitors-list/year/2024
expo-raw-000482,İBİS BAKU CİTY,Azərbaycan,MEDİA,-,aquatherm,Aquatherm Baku,2024,401,301276,https://aquatherm.az/az/exhibitors-list/year/2024
expo-raw-000483,FİRST NYUS MEDİA MMC,Azərbaycan,MEDİA,-,aquatherm,Aquatherm Baku,2025,425,4265,https://aquatherm.az/az/exhibitors-list/year/2025
expo-raw-000484,ASAN RADİO 100 FM,Azərbaycan,MEDİA,-,aquatherm,Aquatherm Baku,2025,425,4258,https://aquatherm.az/az/exhibitors-list/year/2025
expo-raw-000485,"AZƏRBAYCAN TELEVİZİYA VƏ RADİO VERİLİŞLƏRİ"" QAPALI SƏHMDAR CƏMİYYƏTİ",Azərbaycan,MEDİA,-,aquatherm,Aquatherm Baku,2025,425,,https://aquatherm.az/az/exhibitors-list/year/2025
expo-raw-000486,AZƏRTAC,Azərbaycan,MEDİA,-,aquatherm,Aquatherm Baku,2025,425,4259,https://aquatherm.az/az/exhibitors-list/year/2025
expo-raw-000487,BAKU.NEWS,Azərbaycan,MEDİA,-,aquatherm,Aquatherm Baku,2025,425,313534,https://aquatherm.az/az/exhibitors-list/year/2025
expo-raw-000488,FİNEKO AİA,Azərbaycan,MEDİA,-,aquatherm,Aquatherm Baku,2025,425,4266,https://aquatherm.az/az/exhibitors-list/year/2025
expo-raw-000489,ABSHERON HOTEL GROUP,Azərbaycan,MEDİA,-,aquatherm,Aquatherm Baku,2025,425,,https://aquatherm.az/az/exhibitors-list/year/2025
expo-raw-000490,APA GROUP,Azərbaycan,MEDİA,-,aquatherm,Aquatherm Baku,2025,425,4257,https://aquatherm.az/az/exhibitors-list/year/2025
expo-raw-000491,AQUALUX MMC,Azərbaycan,MEDİA,4A402,aquatherm,Aquatherm Baku,2025,425,302351,https://aquatherm.az/az/exhibitors-list/year/2025
expo-raw-000492,AZ TV,Azərbaycan,MEDİA,-,aquatherm,Aquatherm Baku,2025,425,325185,https://aquatherm.az/az/exhibitors-list/year/2025
expo-raw-000493,BESTERM YAPI MALZEMELERI,Azərbaycan,MEDİA,-,aquatherm,Aquatherm Baku,2025,425,,https://aquatherm.az/az/exhibitors-list/year/2025
expo-raw-000494,BILBORD.AL,Azərbaycan,MEDİA,-,aquatherm,Aquatherm Baku,2025,425,345787,https://aquatherm.az/az/exhibitors-list/year/2025
expo-raw-000495,CK TRADING MMC,Azərbaycan,MEDİA,4A310,aquatherm,Aquatherm Baku,2025,425,345216,https://aquatherm.az/az/exhibitors-list/year/2025
expo-raw-000496,CVH MÜHƏNDİSLİK MMC,Azərbaycan,MEDİA,4A008,aquatherm,Aquatherm Baku,2025,425,346983,https://aquatherm.az/az/exhibitors-list/year/2025
expo-raw-000497,HLKT ENGİNEERİNG AND CONSTRUCTİON MMC  ANDRITZ AG,Azərbaycan,MEDİA,4A210,aquatherm,Aquatherm Baku,2025,425,334325,https://aquatherm.az/az/exhibitors-list/year/2025
expo-raw-000498,KOZANLAR ISI,Azərbaycan,MEDİA,-,aquatherm,Aquatherm Baku,2025,425,,https://aquatherm.az/az/exhibitors-list/year/2025
expo-raw-000499,MAN-G DESIGN AND CONSTRUCTION,Azərbaycan,MEDİA,4A122,aquatherm,Aquatherm Baku,2025,425,345177,https://aquatherm.az/az/exhibitors-list/year/2025
expo-raw-000500,MICA (MIDEA CAUCASUS MMC),Azərbaycan,MEDİA,4A110,aquatherm,Aquatherm Baku,2025,425,277240,https://aquatherm.az/az/exhibitors-list/year/2025
expo-raw-000501,PAŞA BANK,Azərbaycan,MEDİA,-,aquatherm,Aquatherm Baku,2025,425,4714,https://aquatherm.az/az/exhibitors-list/year/2025
expo-raw-000502,PMD GROUP MMC,Azərbaycan,MEDİA,-,aquatherm,Aquatherm Baku,2025,425,7421,https://aquatherm.az/az/exhibitors-list/year/2025
expo-raw-000503,RADİO ENERJİ 101.1 FM,Azərbaycan,MEDİA,-,aquatherm,Aquatherm Baku,2025,425,,https://aquatherm.az/az/exhibitors-list/year/2025
expo-raw-000504,REFERANS MEDİCAL GROUP,Azərbaycan,MEDİA,-,aquatherm,Aquatherm Baku,2025,425,7900,https://aquatherm.az/az/exhibitors-list/year/2025
expo-raw-000505,WILO SE (VİLO SE ŞİRKƏTİNİN AR NÜMAYƏNDƏLİYİ),Azərbaycan,MEDİA,4A022,aquatherm,Aquatherm Baku,2025,425,301928,https://aquatherm.az/az/exhibitors-list/year/2025
expo-raw-000506,ABSHERON HOTEL GROUP,Azərbaycan,,-,aquatherm,Aquatherm Baku,2026,449,,https://aquatherm.az/az/exhibitors-list/year/2026
expo-raw-000507,ACCURATE AZ,Azərbaycan,,-,aquatherm,Aquatherm Baku,2026,449,,https://aquatherm.az/az/exhibitors-list/year/2026
expo-raw-000508,BILBORD.AL,Azərbaycan,,-,aquatherm,Aquatherm Baku,2026,449,345787,https://aquatherm.az/az/exhibitors-list/year/2026
expo-raw-000509,CK TRADİNG MMC,Azərbaycan,,-,aquatherm,Aquatherm Baku,2026,449,,https://aquatherm.az/az/exhibitors-list/year/2026
expo-raw-000510,MAN-G DESIGN AND CONSTRUCTION,Azərbaycan,,-,aquatherm,Aquatherm Baku,2026,449,363131,https://aquatherm.az/az/exhibitors-list/year/2026
expo-raw-000511,PAEC MMC,Azərbaycan,,-,aquatherm,Aquatherm Baku,2026,449,,https://aquatherm.az/az/exhibitors-list/year/2026
expo-raw-000512,PAŞA BANK,Azərbaycan,,-,aquatherm,Aquatherm Baku,2026,449,4714,https://aquatherm.az/az/exhibitors-list/year/2026
expo-raw-000513,AZƏRBAYCAN RESPUBLİKASI SAHİBKARLAR (İŞƏGÖTÜRƏNLƏR) TƏŞKİLATLARI MİLLİ KONFEDERASİYASI,Azərbaycan,DƏSTƏK,-,beautyexpo,Beauty Expo Baku,2019,190,4292,https://beautyexpo.az/az/exhibitors-list/year/2019
expo-raw-000514,AZƏRBAYCAN RESPUBLİKASININ KİÇİK VƏ ORTA BİZNESİN İNKİŞAFI AGENTLİYİ,Azərbaycan,DƏSTƏK,-,beautyexpo,Beauty Expo Baku,2019,190,4316,https://beautyexpo.az/az/exhibitors-list/year/2019
expo-raw-000515,AZƏRBAYCAN RESPUBLİKASININ İXRACIN VƏ İNVESTİSİYALARIN TƏŞVİQİ AGENTLİYİ (AZPROMO),Azərbaycan,DƏSTƏK,-,beautyexpo,Beauty Expo Baku,2019,190,4289,https://beautyexpo.az/az/exhibitors-list/year/2019
expo-raw-000516,1 NEWS İNFORMASİYA AGENTLİYİ MMC,Azərbaycan,MEDİA,-,beautyexpo,Beauty Expo Baku,2019,190,4265,https://beautyexpo.az/az/exhibitors-list/year/2019
expo-raw-000517,ASAN RADİO 100 FM,Azərbaycan,MEDİA,-,beautyexpo,Beauty Expo Baku,2019,190,4258,https://beautyexpo.az/az/exhibitors-list/year/2019
expo-raw-000518,AZƏRTAC,Azərbaycan,MEDİA,-,beautyexpo,Beauty Expo Baku,2019,190,4259,https://beautyexpo.az/az/exhibitors-list/year/2019
expo-raw-000519,BAKUCİTY.AZ,Azərbaycan,MEDİA,-,beautyexpo,Beauty Expo Baku,2019,190,4829,https://beautyexpo.az/az/exhibitors-list/year/2019
expo-raw-000520,BAKUİNFORM.AZ İNFO PORTAL,Azərbaycan,MEDİA,-,beautyexpo,Beauty Expo Baku,2019,190,4260,https://beautyexpo.az/az/exhibitors-list/year/2019
expo-raw-000521,BOUTİQUE BAKU JURNALI,Azərbaycan,MEDİA,P120,beautyexpo,Beauty Expo Baku,2019,190,4294,https://beautyexpo.az/az/exhibitors-list/year/2019
expo-raw-000522,FACEMARK.AZ,Azərbaycan,MEDİA,-,beautyexpo,Beauty Expo Baku,2019,190,4261,https://beautyexpo.az/az/exhibitors-list/year/2019
expo-raw-000523,FİNEKO AİA,Azərbaycan,MEDİA,-,beautyexpo,Beauty Expo Baku,2019,190,4266,https://beautyexpo.az/az/exhibitors-list/year/2019
expo-raw-000524,LALAFO.AZ,Azərbaycan,MEDİA,P118,beautyexpo,Beauty Expo Baku,2019,190,4496,https://beautyexpo.az/az/exhibitors-list/year/2019
expo-raw-000525,MYVİDEO.AZ,Azərbaycan,MEDİA,-,beautyexpo,Beauty Expo Baku,2019,190,4374,https://beautyexpo.az/az/exhibitors-list/year/2019
expo-raw-000526,SALAMNEWS İNFORMASİYA AGENTLİYİ,Azərbaycan,MEDİA,-,beautyexpo,Beauty Expo Baku,2019,190,4267,https://beautyexpo.az/az/exhibitors-list/year/2019
expo-raw-000527,SANDIQÇA,Azərbaycan,MEDİA,P122,beautyexpo,Beauty Expo Baku,2019,190,4409,https://beautyexpo.az/az/exhibitors-list/year/2019
expo-raw-000528,SPUTNİK AZƏRBAYCAN BEYNƏLXALQ İNFORMASİYA AGENTLİYİ VƏ RADİOSU,Azərbaycan,MEDİA,-,beautyexpo,Beauty Expo Baku,2019,190,4269,https://beautyexpo.az/az/exhibitors-list/year/2019
expo-raw-000529,URBAN.AZ,Azərbaycan,MEDİA,-,beautyexpo,Beauty Expo Baku,2019,190,4835,https://beautyexpo.az/az/exhibitors-list/year/2019
expo-raw-000530,VİDEO.AZ,Azərbaycan,MEDİA,-,beautyexpo,Beauty Expo Baku,2019,190,4378,https://beautyexpo.az/az/exhibitors-list/year/2019
expo-raw-000531,İTİCKET.AZ LLC,Azərbaycan,MEDİA,-,beautyexpo,Beauty Expo Baku,2019,190,4373,https://beautyexpo.az/az/exhibitors-list/year/2019
expo-raw-000532,"BOULEVARD HOTEL BAKU, AUTOGRAPH COLLECTION",Azərbaycan,TƏRƏFDAŞLAR,-,beautyexpo,Beauty Expo Baku,2019,190,4863,https://beautyexpo.az/az/exhibitors-list/year/2019
expo-raw-000533,GILAN HOSPITALITY GROUP (QAFQAZ HOTELS & RESORTS),Azərbaycan,TƏRƏFDAŞLAR,-,beautyexpo,Beauty Expo Baku,2019,190,4290,https://beautyexpo.az/az/exhibitors-list/year/2019
expo-raw-000534,GREENWICH TRAVEL CLUB,Azərbaycan,TƏRƏFDAŞLAR,-,beautyexpo,Beauty Expo Baku,2019,190,4816,https://beautyexpo.az/az/exhibitors-list/year/2019
expo-raw-000535,"INTOURIST HOTEL BAKU, AUTOGRAPH COLLECTION",Azərbaycan,TƏRƏFDAŞLAR,-,beautyexpo,Beauty Expo Baku,2019,190,4874,https://beautyexpo.az/az/exhibitors-list/year/2019
expo-raw-000536,211 GROUP,Azərbaycan,TƏRƏFDAŞLAR,B1103,beautyexpo,Beauty Expo Baku,2019,190,6038,https://beautyexpo.az/az/exhibitors-list/year/2019
expo-raw-000537,AZESTETİK GROUP,Azərbaycan,TƏRƏFDAŞLAR,B1130,beautyexpo,Beauty Expo Baku,2019,190,5975,https://beautyexpo.az/az/exhibitors-list/year/2019
expo-raw-000538,MEDİCAL BEAUTY MMC,Azərbaycan,TƏRƏFDAŞLAR,B1026,beautyexpo,Beauty Expo Baku,2019,190,5799,https://beautyexpo.az/az/exhibitors-list/year/2019
expo-raw-000539,MESA GROUP,Azərbaycan,TƏRƏFDAŞLAR,B1110,beautyexpo,Beauty Expo Baku,2019,190,5564,https://beautyexpo.az/az/exhibitors-list/year/2019
expo-raw-000540,NARGİZ MED MMC,Azərbaycan,TƏRƏFDAŞLAR,B1134,beautyexpo,Beauty Expo Baku,2019,190,6019,https://beautyexpo.az/az/exhibitors-list/year/2019
expo-raw-000541,NATIONAL BEAUTY COMPANY,Azərbaycan,TƏRƏFDAŞLAR,B1041,beautyexpo,Beauty Expo Baku,2019,190,5983,https://beautyexpo.az/az/exhibitors-list/year/2019
expo-raw-000542,1 NEWS İNFORMASİYA AGENTLİYİ MMC,Azərbaycan,MEDİA,-,beautyexpo,Beauty Expo Baku,2022,214,4265,https://beautyexpo.az/az/exhibitors-list/year/2022
expo-raw-000543,ALP XƏBƏR,Azərbaycan,MEDİA,-,beautyexpo,Beauty Expo Baku,2022,214,7530,https://beautyexpo.az/az/exhibitors-list/year/2022
expo-raw-000544,APA GROUP,Azərbaycan,MEDİA,-,beautyexpo,Beauty Expo Baku,2022,214,4257,https://beautyexpo.az/az/exhibitors-list/year/2022
expo-raw-000545,AZERBAİJAN TODAY SAYTI,Azərbaycan,MEDİA,-,beautyexpo,Beauty Expo Baku,2022,214,7454,https://beautyexpo.az/az/exhibitors-list/year/2022
expo-raw-000546,FİNEKO AİA,Azərbaycan,MEDİA,-,beautyexpo,Beauty Expo Baku,2022,214,4266,https://beautyexpo.az/az/exhibitors-list/year/2022
expo-raw-000547,SALAMNEWS İNFORMASİYA AGENTLİYİ,Azərbaycan,MEDİA,-,beautyexpo,Beauty Expo Baku,2022,214,4267,https://beautyexpo.az/az/exhibitors-list/year/2022
expo-raw-000548,AGNI MMC,Azərbaycan,MEDİA,M015-1,beautyexpo,Beauty Expo Baku,2022,214,7908,https://beautyexpo.az/az/exhibitors-list/year/2022
expo-raw-000549,AZƏRBAYCAN RESPUBLİKASI SAHİBKARLAR (İŞƏGÖTÜRƏNLƏR) TƏŞKİLATLARI MİLLİ KONFEDERASİYASI,Azərbaycan,MEDİA,-,beautyexpo,Beauty Expo Baku,2022,214,4292,https://beautyexpo.az/az/exhibitors-list/year/2022
expo-raw-000550,AZƏRBAYCAN RESPUBLİKASININ KİÇİK VƏ ORTA BİZNESİN İNKİŞAFI AGENTLİYİ,Azərbaycan,MEDİA,-,beautyexpo,Beauty Expo Baku,2022,214,4316,https://beautyexpo.az/az/exhibitors-list/year/2022
expo-raw-000551,AZƏRBAYCAN RESPUBLİKASININ İXRACIN VƏ İNVESTİSİYALARIN TƏŞVİQİ AGENTLİYİ (AZPROMO),Azərbaycan,MEDİA,-,beautyexpo,Beauty Expo Baku,2022,214,4289,https://beautyexpo.az/az/exhibitors-list/year/2022
expo-raw-000552,GAZELLİ GROUP MMC,Azərbaycan,MEDİA,B012,beautyexpo,Beauty Expo Baku,2022,214,7671,https://beautyexpo.az/az/exhibitors-list/year/2022
expo-raw-000553,GREENWICH TRAVEL CLUB,Azərbaycan,MEDİA,-,beautyexpo,Beauty Expo Baku,2022,214,4816,https://beautyexpo.az/az/exhibitors-list/year/2022
expo-raw-000554,HILTON BAKU,Azərbaycan,MEDİA,-,beautyexpo,Beauty Expo Baku,2022,214,7045,https://beautyexpo.az/az/exhibitors-list/year/2022
expo-raw-000555,IHG-DECAAR,Azərbaycan,MEDİA,B110,beautyexpo,Beauty Expo Baku,2022,214,,https://beautyexpo.az/az/exhibitors-list/year/2022
expo-raw-000556,FİRST NYUS MEDİA MMC,Azərbaycan,MEDİA,-,beautyexpo,Beauty Expo Baku,2023,376,4265,https://beautyexpo.az/az/exhibitors-list/year/2023
expo-raw-000557,APA GROUP,Azərbaycan,MEDİA,-,beautyexpo,Beauty Expo Baku,2023,376,4257,https://beautyexpo.az/az/exhibitors-list/year/2023
expo-raw-000558,AZƏRTAC,Azərbaycan,MEDİA,-,beautyexpo,Beauty Expo Baku,2023,376,4259,https://beautyexpo.az/az/exhibitors-list/year/2023
expo-raw-000559,FİNEKO AİA,Azərbaycan,MEDİA,-,beautyexpo,Beauty Expo Baku,2023,376,4266,https://beautyexpo.az/az/exhibitors-list/year/2023
expo-raw-000560,İTİCKET.AZ LLC,Azərbaycan,MEDİA,-,beautyexpo,Beauty Expo Baku,2023,376,4373,https://beautyexpo.az/az/exhibitors-list/year/2023
expo-raw-000561,JEANMISHEL,Azərbaycan,YAROSLAVL VILAYƏTİNİN ŞİRKƏTLƏRİ,-,beautyexpo,Beauty Expo Baku,2023,376,,https://beautyexpo.az/az/exhibitors-list/year/2023
expo-raw-000562,ИП ГУРОВА Л.А.,Azərbaycan,YAROSLAVL VILAYƏTİNİN ŞİRKƏTLƏRİ,-,beautyexpo,Beauty Expo Baku,2023,376,,https://beautyexpo.az/az/exhibitors-list/year/2023
expo-raw-000563,AZƏRBAYCAN RESPUBLİKASI SAHİBKARLAR (İŞƏGÖTÜRƏNLƏR) TƏŞKİLATLARI MİLLİ KONFEDERASİYASI,Azərbaycan,YAROSLAVL VILAYƏTİNİN ŞİRKƏTLƏRİ,-,beautyexpo,Beauty Expo Baku,2023,376,4292,https://beautyexpo.az/az/exhibitors-list/year/2023
expo-raw-000564,AZƏRSUN HOLDİNQ MMC,Azərbaycan,YAROSLAVL VILAYƏTİNİN ŞİRKƏTLƏRİ,B120,beautyexpo,Beauty Expo Baku,2023,376,6049,https://beautyexpo.az/az/exhibitors-list/year/2023
expo-raw-000565,FNK SERVICES AND CONSULTING LLC,Azərbaycan,YAROSLAVL VILAYƏTİNİN ŞİRKƏTLƏRİ,-,beautyexpo,Beauty Expo Baku,2023,376,302848,https://beautyexpo.az/az/exhibitors-list/year/2023
expo-raw-000566,GREENWICH TRAVEL CLUB,Azərbaycan,YAROSLAVL VILAYƏTİNİN ŞİRKƏTLƏRİ,-,beautyexpo,Beauty Expo Baku,2023,376,4816,https://beautyexpo.az/az/exhibitors-list/year/2023
expo-raw-000567,GREENWICH TRAVEL CLUB,Azərbaycan,YAROSLAVL VILAYƏTİNİN ŞİRKƏTLƏRİ,-,beautyexpo,Beauty Expo Baku,2023,376,4816,https://beautyexpo.az/az/exhibitors-list/year/2023
expo-raw-000568,IBIS BAKU CITY,Azərbaycan,YAROSLAVL VILAYƏTİNİN ŞİRKƏTLƏRİ,-,beautyexpo,Beauty Expo Baku,2023,376,301276,https://beautyexpo.az/az/exhibitors-list/year/2023
expo-raw-000569,LILAC,Azərbaycan,YAROSLAVL VILAYƏTİNİN ŞİRKƏTLƏRİ,-,beautyexpo,Beauty Expo Baku,2023,376,303175,https://beautyexpo.az/az/exhibitors-list/year/2023
expo-raw-000570,1 NEWS İNFORMASİYA AGENTLİYİ MMC,Azərbaycan,MEDİA,-,interfood,InterFood Azerbaijan,2019,165,4265,https://interfood.az/az/exhibitors-list/year/2019
expo-raw-000571,ASAN RADİO 100 FM,Azərbaycan,MEDİA,-,interfood,InterFood Azerbaijan,2019,165,4258,https://interfood.az/az/exhibitors-list/year/2019
expo-raw-000572,AZEXPORT.AZ,Azərbaycan,MEDİA,P106,interfood,InterFood Azerbaijan,2019,165,4382,https://interfood.az/az/exhibitors-list/year/2019
expo-raw-000573,AZƏRBAYCAN TÜRKİYƏ İŞ ADAMLARI BİRLİYİ (ATIB),Azərbaycan,MEDİA,P110,interfood,InterFood Azerbaijan,2019,165,4366,https://interfood.az/az/exhibitors-list/year/2019
expo-raw-000574,AZƏRTAC,Azərbaycan,MEDİA,-,interfood,InterFood Azerbaijan,2019,165,4259,https://interfood.az/az/exhibitors-list/year/2019
expo-raw-000575,BAKUCİTY.AZ,Azərbaycan,MEDİA,P108,interfood,InterFood Azerbaijan,2019,165,4829,https://interfood.az/az/exhibitors-list/year/2019
expo-raw-000576,BAKUİNFORM.AZ İNFO PORTAL,Azərbaycan,MEDİA,-,interfood,InterFood Azerbaijan,2019,165,4260,https://interfood.az/az/exhibitors-list/year/2019
expo-raw-000577,BIZNESINFO.AZ,Azərbaycan,MEDİA,-,interfood,InterFood Azerbaijan,2019,165,4256,https://interfood.az/az/exhibitors-list/year/2019
expo-raw-000578,BUSİNESS CATALOGUE,Azərbaycan,MEDİA,P130,interfood,InterFood Azerbaijan,2019,165,,https://interfood.az/az/exhibitors-list/year/2019
expo-raw-000579,BAGCAM.AZ,Azərbaycan,MEDİA,-,interfood,InterFood Azerbaijan,2019,165,,https://interfood.az/az/exhibitors-list/year/2019
expo-raw-000580,BİZİM MƏTBƏX,Azərbaycan,MEDİA,P118,interfood,InterFood Azerbaijan,2019,165,5267,https://interfood.az/az/exhibitors-list/year/2019
expo-raw-000581,CASPIAN ENERGY CLUB,Azərbaycan,MEDİA,-,interfood,InterFood Azerbaijan,2019,165,4932,https://interfood.az/az/exhibitors-list/year/2019
expo-raw-000582,CASPIAN ENERGY INTERNATIONAL MEDIA GROUP,Azərbaycan,MEDİA,P116,interfood,InterFood Azerbaijan,2019,165,4364,https://interfood.az/az/exhibitors-list/year/2019
expo-raw-000583,FACEMARK.AZ,Azərbaycan,MEDİA,-,interfood,InterFood Azerbaijan,2019,165,4261,https://interfood.az/az/exhibitors-list/year/2019
expo-raw-000584,FOODİNFO.AZ,Azərbaycan,MEDİA,-,interfood,InterFood Azerbaijan,2019,165,5254,https://interfood.az/az/exhibitors-list/year/2019
expo-raw-000585,FİNEKO AİA,Azərbaycan,MEDİA,-,interfood,InterFood Azerbaijan,2019,165,4266,https://interfood.az/az/exhibitors-list/year/2019
expo-raw-000586,KONSALTİNQ & BİZNES,Azərbaycan,MEDİA,P120,interfood,InterFood Azerbaijan,2019,165,4365,https://interfood.az/az/exhibitors-list/year/2019
expo-raw-000587,NAVİGATOR.AZ,Azərbaycan,MEDİA,P112,interfood,InterFood Azerbaijan,2019,165,4388,https://interfood.az/az/exhibitors-list/year/2019
expo-raw-000588,SALAMNEWS İNFORMASİYA AGENTLİYİ,Azərbaycan,MEDİA,-,interfood,InterFood Azerbaijan,2019,165,4267,https://interfood.az/az/exhibitors-list/year/2019
expo-raw-000589,SANDIQÇA,Azərbaycan,MEDİA,P132,interfood,InterFood Azerbaijan,2019,165,4409,https://interfood.az/az/exhibitors-list/year/2019
expo-raw-000590,SPUTNİK AZƏRBAYCAN BEYNƏLXALQ İNFORMASİYA AGENTLİYİ VƏ RADİOSU,Azərbaycan,MEDİA,-,interfood,InterFood Azerbaijan,2019,165,4269,https://interfood.az/az/exhibitors-list/year/2019
expo-raw-000591,ABAD PHŞ,Azərbaycan,MEDİA,F1022,interfood,InterFood Azerbaijan,2019,165,4282,https://interfood.az/az/exhibitors-list/year/2019
expo-raw-000592,ABSHERON SAFFRON LTD,Azərbaycan,MEDİA,F2069,interfood,InterFood Azerbaijan,2019,165,5467,https://interfood.az/az/exhibitors-list/year/2019
expo-raw-000593,ACQUE MINERALI D’ITALIA HOLDING,Azərbaycan,MEDİA,F2414,interfood,InterFood Azerbaijan,2019,165,,https://interfood.az/az/exhibitors-list/year/2019
expo-raw-000594,AKKIK MMC,Azərbaycan,MEDİA,F1108,interfood,InterFood Azerbaijan,2019,165,4655,https://interfood.az/az/exhibitors-list/year/2019
expo-raw-000595,ASTARAÇAY MMC,Azərbaycan,MEDİA,F1316,interfood,InterFood Azerbaijan,2019,165,4675,https://interfood.az/az/exhibitors-list/year/2019
expo-raw-000596,ATENA MMC,Azərbaycan,MEDİA,F3124,interfood,InterFood Azerbaijan,2019,165,5491,https://interfood.az/az/exhibitors-list/year/2019
expo-raw-000597,AZERBAİJAN ORGANİC COMPANY,Azərbaycan,MEDİA,F2048,interfood,InterFood Azerbaijan,2019,165,5059,https://interfood.az/az/exhibitors-list/year/2019
expo-raw-000598,AZGRANATA MMC,Azərbaycan,MEDİA,1F350,interfood,InterFood Azerbaijan,2019,165,,https://interfood.az/az/exhibitors-list/year/2019
expo-raw-000599,AZNUR,Azərbaycan,MEDİA,F1324,interfood,InterFood Azerbaijan,2019,165,4646,https://interfood.az/az/exhibitors-list/year/2019
expo-raw-000600,AZƏRBAYCAN RESPUBLİKASI SAHİBKARLAR (İŞƏGÖTÜRƏNLƏR) TƏŞKİLATLARI MİLLİ KONFEDERASİYASI,Azərbaycan,MEDİA,A3013,interfood,InterFood Azerbaijan,2019,165,4292,https://interfood.az/az/exhibitors-list/year/2019
expo-raw-000601,AZƏRBAYCAN RESPUBLİKASININ KİÇİK VƏ ORTA BİZNESİN İNKİŞAFI AGENTLİYİ,Azərbaycan,MEDİA,F3010,interfood,InterFood Azerbaijan,2019,165,4316,https://interfood.az/az/exhibitors-list/year/2019
expo-raw-000602,AZƏRBAYCAN RESPUBLİKASININ QIDA TƏHLÜKƏSİZLİYİ AGENTLİYİ,Azərbaycan,MEDİA,F1314/F4006,interfood,InterFood Azerbaijan,2019,165,5119,https://interfood.az/az/exhibitors-list/year/2019
expo-raw-000603,AZƏRBAYCAN RESPUBLİKASININ İXRACIN VƏ İNVESTİSİYALARIN TƏŞVİQİ AGENTLİYİ (AZPROMO),Azərbaycan,MEDİA,-,interfood,InterFood Azerbaijan,2019,165,4289,https://interfood.az/az/exhibitors-list/year/2019
expo-raw-000604,BETA TEA AZERBAİJAN,Azərbaycan,MEDİA,F1110,interfood,InterFood Azerbaijan,2019,165,4861,https://interfood.az/az/exhibitors-list/year/2019
expo-raw-000605,BIOGYA,Azərbaycan,MEDİA,F2414,interfood,InterFood Azerbaijan,2019,165,,https://interfood.az/az/exhibitors-list/year/2019
expo-raw-000606,"BOULEVARD HOTEL BAKU, AUTOGRAPH COLLECTION",Azərbaycan,MEDİA,-,interfood,InterFood Azerbaijan,2019,165,4863,https://interfood.az/az/exhibitors-list/year/2019
expo-raw-000607,CAHAN TABAK BEYNƏLXALQ MMC,Azərbaycan,MEDİA,2F002,interfood,InterFood Azerbaijan,2019,165,4656,https://interfood.az/az/exhibitors-list/year/2019
expo-raw-000608,CAN-PA MMC,Azərbaycan,MEDİA,1F254,interfood,InterFood Azerbaijan,2019,165,4647,https://interfood.az/az/exhibitors-list/year/2019
expo-raw-000609,CEYLON FRESH TEAS PVT LTD,Azərbaycan,MEDİA,F1054,interfood,InterFood Azerbaijan,2019,165,4730,https://interfood.az/az/exhibitors-list/year/2019
expo-raw-000610,FOSTANPAK,Azərbaycan,MEDİA,1F014,interfood,InterFood Azerbaijan,2019,165,4657,https://interfood.az/az/exhibitors-list/year/2019
expo-raw-000611,FRİGO MEKANİK INSAAT TESİSAT VE TAAHHUT SAN. VE TİC. A.S.,Azərbaycan,MEDİA,F1040,interfood,InterFood Azerbaijan,2019,165,4862,https://interfood.az/az/exhibitors-list/year/2019
expo-raw-000612,GREENWICH TRAVEL CLUB,Azərbaycan,MEDİA,-,interfood,InterFood Azerbaijan,2019,165,4816,https://interfood.az/az/exhibitors-list/year/2019
expo-raw-000613,GİLAN HOLDİNG,Azərbaycan,MEDİA,F1216,interfood,InterFood Azerbaijan,2019,165,5189,https://interfood.az/az/exhibitors-list/year/2019
expo-raw-000614,"INTOURIST HOTEL BAKU, AUTOGRAPH COLLECTION",Azərbaycan,MEDİA,-,interfood,InterFood Azerbaijan,2019,165,4874,https://interfood.az/az/exhibitors-list/year/2019
expo-raw-000615,KRASNİY PİSHEVİK,Azərbaycan,MEDİA,F2106,interfood,InterFood Azerbaijan,2019,165,4940,https://interfood.az/az/exhibitors-list/year/2019
expo-raw-000616,MAYBO MMC,Azərbaycan,MEDİA,A2220,interfood,InterFood Azerbaijan,2019,165,4735,https://interfood.az/az/exhibitors-list/year/2019
expo-raw-000617,MFT ITALİA FOOD TECH,Azərbaycan,MEDİA,F2414,interfood,InterFood Azerbaijan,2019,165,,https://interfood.az/az/exhibitors-list/year/2019
expo-raw-000618,MİLAN KALA PLAST CO.,Azərbaycan,MEDİA,F4018,interfood,InterFood Azerbaijan,2019,165,5312,https://interfood.az/az/exhibitors-list/year/2019
expo-raw-000619,NABUCCO A&C,Azərbaycan,MEDİA,F1004,interfood,InterFood Azerbaijan,2019,165,4654,https://interfood.az/az/exhibitors-list/year/2019
expo-raw-000620,NATURA,Azərbaycan,MEDİA,F1216,interfood,InterFood Azerbaijan,2019,165,,https://interfood.az/az/exhibitors-list/year/2019
expo-raw-000621,PALUGICA,Azərbaycan,MEDİA,F2414,interfood,InterFood Azerbaijan,2019,165,,https://interfood.az/az/exhibitors-list/year/2019
expo-raw-000622,PİGO,Azərbaycan,MEDİA,F2414,interfood,InterFood Azerbaijan,2019,165,,https://interfood.az/az/exhibitors-list/year/2019
expo-raw-000623,ŞƏRQ-QƏRB ASC,Azərbaycan,MEDİA,F1024,interfood,InterFood Azerbaijan,2019,165,4669,https://interfood.az/az/exhibitors-list/year/2019
expo-raw-000624,SANDIQÇA,Azərbaycan,MEDİA,P104,interfood,InterFood Azerbaijan,2021,192,4409,https://interfood.az/az/exhibitors-list/year/2021
expo-raw-000625,ABSHERON SAFFRON LTD,Azərbaycan,MEDİA,F1018,interfood,InterFood Azerbaijan,2021,192,5467,https://interfood.az/az/exhibitors-list/year/2021
expo-raw-000626,ASTARAÇAY MMC,Azərbaycan,MEDİA,F1314,interfood,InterFood Azerbaijan,2021,192,4675,https://interfood.az/az/exhibitors-list/year/2021
expo-raw-000627,ATENA MMC,Azərbaycan,MEDİA,F1006,interfood,InterFood Azerbaijan,2021,192,5491,https://interfood.az/az/exhibitors-list/year/2021
expo-raw-000628,AZERSUN HOLDING,Azərbaycan,MEDİA,F1106-1/F1108,interfood,InterFood Azerbaijan,2021,192,6050,https://interfood.az/az/exhibitors-list/year/2021
expo-raw-000629,AZGRANATA MMC,Azərbaycan,MEDİA,1F350,interfood,InterFood Azerbaijan,2021,192,4650,https://interfood.az/az/exhibitors-list/year/2021
expo-raw-000630,AZNUR,Azərbaycan,MEDİA,F2411,interfood,InterFood Azerbaijan,2021,192,4646,https://interfood.az/az/exhibitors-list/year/2021
expo-raw-000631,AZƏRBAYCAN QİDA VƏ İÇKİ SƏNAYEÇİLƏRİ ASSOSİASİYASI,Azərbaycan,MEDİA,0001,interfood,InterFood Azerbaijan,2021,192,6521,https://interfood.az/az/exhibitors-list/year/2021
expo-raw-000632,AZƏRBAYCAN RESPUBLİKASININ KİÇİK VƏ ORTA BİZNESİN İNKİŞAFI AGENTLİYİ,Azərbaycan,MEDİA,F1054,interfood,InterFood Azerbaijan,2021,192,4316,https://interfood.az/az/exhibitors-list/year/2021
expo-raw-000633,AZƏRBAYCAN RESPUBLİKASININ İXRACIN VƏ İNVESTİSİYALARIN TƏŞVİQİ AGENTLİYİ (AZPROMO),Azərbaycan,MEDİA,-,interfood,InterFood Azerbaijan,2021,192,4289,https://interfood.az/az/exhibitors-list/year/2021
expo-raw-000634,AZƏRSUN HOLDİNQ MMC,Azərbaycan,MEDİA,F1108-1106,interfood,InterFood Azerbaijan,2021,192,,https://interfood.az/az/exhibitors-list/year/2021
expo-raw-000635,BETA GIDA SANAYI VE TICARET A.Ş.,Azərbaycan,MEDİA,F1110,interfood,InterFood Azerbaijan,2021,192,5717,https://interfood.az/az/exhibitors-list/year/2021
expo-raw-000636,BUTA GROUP,Azərbaycan,MEDİA,F1215,interfood,InterFood Azerbaijan,2021,192,6206,https://interfood.az/az/exhibitors-list/year/2021
expo-raw-000637,CAN-PA MMC,Azərbaycan,MEDİA,1F254,interfood,InterFood Azerbaijan,2021,192,4647,https://interfood.az/az/exhibitors-list/year/2021
expo-raw-000638,FOSTANPAK,Azərbaycan,MEDİA,1F014,interfood,InterFood Azerbaijan,2021,192,4657,https://interfood.az/az/exhibitors-list/year/2021
expo-raw-000639,ŞİRVAN ŞƏRABLARI MMC,Azərbaycan,MEDİA,F1217,interfood,InterFood Azerbaijan,2021,192,5301,https://interfood.az/az/exhibitors-list/year/2021
expo-raw-000640,ORBIS AUTOMATIC,Azərbaycan,MEDİA,F2016,interfood,InterFood Azerbaijan,2021,192,6077,https://interfood.az/az/exhibitors-list/year/2021
expo-raw-000641,1 NEWS İNFORMASİYA AGENTLİYİ MMC,Azərbaycan,MEDİA,-,interfood,InterFood Azerbaijan,2022,223,4265,https://interfood.az/az/exhibitors-list/year/2022
expo-raw-000642,CASPIAN ENERGY CLUB,Azərbaycan,MEDİA,P110,interfood,InterFood Azerbaijan,2022,223,4932,https://interfood.az/az/exhibitors-list/year/2022
expo-raw-000643,SALAMNEWS İNFORMASİYA AGENTLİYİ,Azərbaycan,MEDİA,-,interfood,InterFood Azerbaijan,2022,223,4267,https://interfood.az/az/exhibitors-list/year/2022
expo-raw-000644,"""AZERPRODUCT"" MMC (NARLI BRENDİ)",Azərbaycan,MEDİA,F1010-4,interfood,InterFood Azerbaijan,2022,223,,https://interfood.az/az/exhibitors-list/year/2022
expo-raw-000645,"""BANUÇİÇƏK""",Azərbaycan,MEDİA,F1010-7,interfood,InterFood Azerbaijan,2022,223,,https://interfood.az/az/exhibitors-list/year/2022
expo-raw-000646,"""MAGNAT GROUP"" MMC (ORGANİCA.AZ)",Azərbaycan,MEDİA,F1010-5,interfood,InterFood Azerbaijan,2022,223,,https://interfood.az/az/exhibitors-list/year/2022
expo-raw-000647,AGROTRADE SUPPLY MMC,Azərbaycan,MEDİA,F1320,interfood,InterFood Azerbaijan,2022,223,6976,https://interfood.az/az/exhibitors-list/year/2022
expo-raw-000648,AQRO MİX MMC,Azərbaycan,MEDİA,F1010-2,interfood,InterFood Azerbaijan,2022,223,,https://interfood.az/az/exhibitors-list/year/2022
expo-raw-000649,AZERSUN HOLDING,Azərbaycan,MEDİA,F1106/F1108,interfood,InterFood Azerbaijan,2022,223,6050,https://interfood.az/az/exhibitors-list/year/2022
expo-raw-000650,AZFP CO LTD,Azərbaycan,MEDİA,F2021,interfood,InterFood Azerbaijan,2022,223,7109,https://interfood.az/az/exhibitors-list/year/2022
expo-raw-000651,AZGRANATA MMC,Azərbaycan,MEDİA,1F350,interfood,InterFood Azerbaijan,2022,223,4650,https://interfood.az/az/exhibitors-list/year/2022
expo-raw-000652,AZƏRBAYCAN QİDA VƏ İÇKİ SƏNAYEÇİLƏRİ ASSOSİASİYASI,Azərbaycan,MEDİA,-,interfood,InterFood Azerbaijan,2022,223,6521,https://interfood.az/az/exhibitors-list/year/2022
expo-raw-000653,AZƏRBAYCAN RESPUBLİKASI SAHİBKARLAR (İŞƏGÖTÜRƏNLƏR) TƏŞKİLATLARI MİLLİ KONFEDERASİYASI,Azərbaycan,MEDİA,F2428,interfood,InterFood Azerbaijan,2022,223,4292,https://interfood.az/az/exhibitors-list/year/2022
expo-raw-000654,AZƏRBAYCAN RESPUBLİKASI İQTİSADİYYAT NAZİRLİYİ SAHİBKARLIĞIN İNKİŞAFI FONDU,Azərbaycan,MEDİA,F1028,interfood,InterFood Azerbaijan,2022,223,7051,https://interfood.az/az/exhibitors-list/year/2022
expo-raw-000655,AZƏRBAYCAN RESPUBLİKASININ KİÇİK VƏ ORTA BİZNESİN İNKİŞAFI AGENTLİYİ,Azərbaycan,MEDİA,F1010,interfood,InterFood Azerbaijan,2022,223,4316,https://interfood.az/az/exhibitors-list/year/2022
expo-raw-000656,AZƏRBAYCAN RESPUBLİKASININ İXRACIN VƏ İNVESTİSİYALARIN TƏŞVİQİ AGENTLİYİ (AZPROMO),Azərbaycan,MEDİA,-,interfood,InterFood Azerbaijan,2022,223,4289,https://interfood.az/az/exhibitors-list/year/2022
expo-raw-000657,AZƏRSUN HOLDİNQ MMC,Azərbaycan,MEDİA,-,interfood,InterFood Azerbaijan,2022,223,,https://interfood.az/az/exhibitors-list/year/2022
expo-raw-000658,ABSHERON TAXİL MMC,Azərbaycan,MEDİA,F2021-2,interfood,InterFood Azerbaijan,2022,223,,https://interfood.az/az/exhibitors-list/year/2022
expo-raw-000659,CAHAN TABAK BEYNƏLXALQ MMC,Azərbaycan,MEDİA,2F002,interfood,InterFood Azerbaijan,2022,223,4656,https://interfood.az/az/exhibitors-list/year/2022
expo-raw-000660,CAN-PA MMC,Azərbaycan,MEDİA,1F254,interfood,InterFood Azerbaijan,2022,223,4647,https://interfood.az/az/exhibitors-list/year/2022
expo-raw-000661,CEYLON TEA LAND (PVT) LTD,Azərbaycan,MEDİA,F2336,interfood,InterFood Azerbaijan,2022,223,6996,https://interfood.az/az/exhibitors-list/year/2022
expo-raw-000662,CRİSPA SNACKS,Azərbaycan,MEDİA,F1010-6,interfood,InterFood Azerbaijan,2022,223,,https://interfood.az/az/exhibitors-list/year/2022
expo-raw-000663,"EU LAYİHƏSİ ""YURDUMUN LƏZZƏTİ"" BRENDİ HÜSEYNOV VÜSAL",Azərbaycan,MEDİA,F1010-3,interfood,InterFood Azerbaijan,2022,223,,https://interfood.az/az/exhibitors-list/year/2022
expo-raw-000664,FOSTANPAK,Azərbaycan,MEDİA,1F014,interfood,InterFood Azerbaijan,2022,223,4657,https://interfood.az/az/exhibitors-list/year/2022
expo-raw-000665,GREENWICH TRAVEL CLUB,Azərbaycan,MEDİA,-,interfood,InterFood Azerbaijan,2022,223,4816,https://interfood.az/az/exhibitors-list/year/2022
expo-raw-000666,HILTON BAKU,Azərbaycan,MEDİA,-,interfood,InterFood Azerbaijan,2022,223,7045,https://interfood.az/az/exhibitors-list/year/2022
expo-raw-000667,HUMIX MMC,Azərbaycan,MEDİA,F1010-1,interfood,InterFood Azerbaijan,2022,223,,https://interfood.az/az/exhibitors-list/year/2022
expo-raw-000668,KRISTAL LTD MMC,Azərbaycan,MEDİA,-,interfood,InterFood Azerbaijan,2022,223,6350,https://interfood.az/az/exhibitors-list/year/2022
expo-raw-000669,LƏZZƏT QİDA SENAYƏ MMC,Azərbaycan,MEDİA,1F264,interfood,InterFood Azerbaijan,2022,223,6249,https://interfood.az/az/exhibitors-list/year/2022
expo-raw-000670,MR.BEE,Azərbaycan,MEDİA,F1010-9,interfood,InterFood Azerbaijan,2022,223,,https://interfood.az/az/exhibitors-list/year/2022
expo-raw-000671,XUDAVERDİLİ NATİQ OKTAY OĞLU,Azərbaycan,MEDİA,F1010-8,interfood,InterFood Azerbaijan,2022,223,,https://interfood.az/az/exhibitors-list/year/2022
expo-raw-000672,FİRST NYUS MEDİA MMC,Azərbaycan,MEDİA,-,interfood,InterFood Azerbaijan,2023,239,4265,https://interfood.az/az/exhibitors-list/year/2023
expo-raw-000673,APA GROUP,Azərbaycan,MEDİA,P104,interfood,InterFood Azerbaijan,2023,239,4257,https://interfood.az/az/exhibitors-list/year/2023
expo-raw-000674,AZƏRTAC,Azərbaycan,MEDİA,-,interfood,InterFood Azerbaijan,2023,239,4259,https://interfood.az/az/exhibitors-list/year/2023
expo-raw-000675,BAKU GUİDE© SİNCE 1996,Azərbaycan,MEDİA,-,interfood,InterFood Azerbaijan,2023,239,5272,https://interfood.az/az/exhibitors-list/year/2023
expo-raw-000676,CASPİAN ENERGY CLUB,Azərbaycan,MEDİA,-,interfood,InterFood Azerbaijan,2023,239,4932,https://interfood.az/az/exhibitors-list/year/2023
expo-raw-000677,FOODİNFO.AZ,Azərbaycan,MEDİA,-,interfood,InterFood Azerbaijan,2023,239,5254,https://interfood.az/az/exhibitors-list/year/2023
expo-raw-000678,FİNEKO AİA,Azərbaycan,MEDİA,-,interfood,InterFood Azerbaijan,2023,239,4266,https://interfood.az/az/exhibitors-list/year/2023
expo-raw-000679,"""SƏS"" İNFORMASİYA AGENTLİYİ",Azərbaycan,MEDİA,-,interfood,InterFood Azerbaijan,2023,239,273837,https://interfood.az/az/exhibitors-list/year/2023
expo-raw-000680,İTİCKET.AZ LLC,Azərbaycan,MEDİA,-,interfood,InterFood Azerbaijan,2023,239,4373,https://interfood.az/az/exhibitors-list/year/2023
expo-raw-000681,MURMANSK VİLAYƏTİNİN İXRACA DƏSTƏK MƏRKƏZİ,Azərbaycan,MURMANSK VİLAYETİ,3F044-5,interfood,InterFood Azerbaijan,2023,239,,https://interfood.az/az/exhibitors-list/year/2023
expo-raw-000682,NOVİİ MİR LLC,Azərbaycan,MURMANSK VİLAYETİ,3F044-1,interfood,InterFood Azerbaijan,2023,239,,https://interfood.az/az/exhibitors-list/year/2023
expo-raw-000683,"""OCAQ""",Azərbaycan,MURMANSK VİLAYETİ,1F042-4,interfood,InterFood Azerbaijan,2023,239,,https://interfood.az/az/exhibitors-list/year/2023
expo-raw-000684,"""SHAHNAR2020"" MMC",Azərbaycan,MURMANSK VİLAYETİ,1F042-10,interfood,InterFood Azerbaijan,2023,239,,https://interfood.az/az/exhibitors-list/year/2023
expo-raw-000685,"""TEXSERVIS BB"" MMC",Azərbaycan,MURMANSK VİLAYETİ,1F042-8,interfood,InterFood Azerbaijan,2023,239,,https://interfood.az/az/exhibitors-list/year/2023
expo-raw-000686,ABSHERON SAFFRON LTD,Azərbaycan,MURMANSK VİLAYETİ,4F332,interfood,InterFood Azerbaijan,2023,239,5467,https://interfood.az/az/exhibitors-list/year/2023
expo-raw-000687,ABSHERON TAXIL MMC,Azərbaycan,MURMANSK VİLAYETİ,1F360-3,interfood,InterFood Azerbaijan,2023,239,,https://interfood.az/az/exhibitors-list/year/2023
expo-raw-000688,AGROTRADE SUPPLY MMC,Azərbaycan,MURMANSK VİLAYETİ,1F160,interfood,InterFood Azerbaijan,2023,239,6976,https://interfood.az/az/exhibitors-list/year/2023
expo-raw-000689,AQROPAT MMC,Azərbaycan,MURMANSK VİLAYETİ,1F250,interfood,InterFood Azerbaijan,2023,239,7869,https://interfood.az/az/exhibitors-list/year/2023
expo-raw-000690,ATS AGRO,Azərbaycan,MURMANSK VİLAYETİ,1F360-6,interfood,InterFood Azerbaijan,2023,239,,https://interfood.az/az/exhibitors-list/year/2023
expo-raw-000691,ATS FEED,Azərbaycan,MURMANSK VİLAYETİ,1F360-5,interfood,InterFood Azerbaijan,2023,239,,https://interfood.az/az/exhibitors-list/year/2023
expo-raw-000692,ATS FOOD,Azərbaycan,MURMANSK VİLAYETİ,1F360-2,interfood,InterFood Azerbaijan,2023,239,,https://interfood.az/az/exhibitors-list/year/2023
expo-raw-000693,ATS GROUP,Azərbaycan,MURMANSK VİLAYETİ,1F360-1,interfood,InterFood Azerbaijan,2023,239,,https://interfood.az/az/exhibitors-list/year/2023
expo-raw-000694,ATS SOYA,Azərbaycan,MURMANSK VİLAYETİ,1F360-4,interfood,InterFood Azerbaijan,2023,239,,https://interfood.az/az/exhibitors-list/year/2023
expo-raw-000695,AZERSUN HOLDING,Azərbaycan,MURMANSK VİLAYETİ,1F120/1F130,interfood,InterFood Azerbaijan,2023,239,6050,https://interfood.az/az/exhibitors-list/year/2023
expo-raw-000696,AZGRANATA MMC,Azərbaycan,MURMANSK VİLAYETİ,1F350,interfood,InterFood Azerbaijan,2023,239,4650,https://interfood.az/az/exhibitors-list/year/2023
expo-raw-000697,AZPLASTTECH MMC,Azərbaycan,MURMANSK VİLAYETİ,4F214,interfood,InterFood Azerbaijan,2023,239,273355,https://interfood.az/az/exhibitors-list/year/2023
expo-raw-000698,AZSAFFRON,Azərbaycan,MURMANSK VİLAYETİ,1F042-11,interfood,InterFood Azerbaijan,2023,239,,https://interfood.az/az/exhibitors-list/year/2023
expo-raw-000699,AZƏRBAYCAN KAĞIZ VƏ KARTON İSTEHSALI KOMBİNATI MMC,Azərbaycan,MURMANSK VİLAYETİ,1F262,interfood,InterFood Azerbaijan,2023,239,7748,https://interfood.az/az/exhibitors-list/year/2023
expo-raw-000700,AZƏRBAYCAN QİDA VƏ İÇKİ SƏNAYEÇİLƏRİ ASSOSİASİYASI,Azərbaycan,MURMANSK VİLAYETİ,-,interfood,InterFood Azerbaijan,2023,239,6521,https://interfood.az/az/exhibitors-list/year/2023
expo-raw-000701,AZƏRBAYCAN RESPUBLİKASI SAHİBKARLAR (İŞƏGÖTÜRƏNLƏR) TƏŞKİLATLARI MİLLİ KONFEDERASİYASI,Azərbaycan,MURMANSK VİLAYETİ,3F011,interfood,InterFood Azerbaijan,2023,239,4292,https://interfood.az/az/exhibitors-list/year/2023
expo-raw-000702,AZƏRBAYCAN RESPUBLİKASI İQTİSADİYYAT NAZİRLİYİ SAHİBKARLIĞIN İNKİŞAFI FONDU,Azərbaycan,MURMANSK VİLAYETİ,1F028,interfood,InterFood Azerbaijan,2023,239,7051,https://interfood.az/az/exhibitors-list/year/2023
expo-raw-000703,AZƏRBAYCAN RESPUBLİKASININ KİÇİK VƏ ORTA BİZNESİN İNKİŞAFI AGENTLİYİ,Azərbaycan,MURMANSK VİLAYETİ,1F042,interfood,InterFood Azerbaijan,2023,239,4316,https://interfood.az/az/exhibitors-list/year/2023
expo-raw-000704,AZƏRBAYCAN RESPUBLİKASININ KƏND TƏSƏRRÜFATI NAZİRLİYİ,Azərbaycan,MURMANSK VİLAYETİ,-,interfood,InterFood Azerbaijan,2023,239,5062,https://interfood.az/az/exhibitors-list/year/2023
expo-raw-000705,AZƏRBAYCAN RESPUBLİKASININ İXRACIN VƏ İNVESTİSİYALARIN TƏŞVİQİ AGENTLİYİ (AZPROMO),Azərbaycan,MURMANSK VİLAYETİ,-,interfood,InterFood Azerbaijan,2023,239,4289,https://interfood.az/az/exhibitors-list/year/2023
expo-raw-000706,BAKI TEKSTIL FABRIKI MMC,Azərbaycan,MURMANSK VİLAYETİ,2F072,interfood,InterFood Azerbaijan,2023,239,273187,https://interfood.az/az/exhibitors-list/year/2023
expo-raw-000707,BAGCAM.AZ,Azərbaycan,MURMANSK VİLAYETİ,-,interfood,InterFood Azerbaijan,2023,239,4303,https://interfood.az/az/exhibitors-list/year/2023
expo-raw-000708,CAHAN TABAK BEYNƏLXALQ MMC,Azərbaycan,MURMANSK VİLAYETİ,2F002,interfood,InterFood Azerbaijan,2023,239,4656,https://interfood.az/az/exhibitors-list/year/2023
expo-raw-000709,CAN-PA MMC,Azərbaycan,MURMANSK VİLAYETİ,1F254,interfood,InterFood Azerbaijan,2023,239,4647,https://interfood.az/az/exhibitors-list/year/2023
expo-raw-000710,CEYLON FRESH TEAS PVT LTD,Azərbaycan,MURMANSK VİLAYETİ,1F032,interfood,InterFood Azerbaijan,2023,239,4730,https://interfood.az/az/exhibitors-list/year/2023
expo-raw-000711,FOSTANPAK,Azərbaycan,MURMANSK VİLAYETİ,1F014,interfood,InterFood Azerbaijan,2023,239,4657,https://interfood.az/az/exhibitors-list/year/2023
expo-raw-000712,GREENWICH TRAVEL CLUB,Azərbaycan,MURMANSK VİLAYETİ,-,interfood,InterFood Azerbaijan,2023,239,4816,https://interfood.az/az/exhibitors-list/year/2023
expo-raw-000713,KUFAR INDUSTRIES,Azərbaycan,MURMANSK VİLAYETİ,2F242-1,interfood,InterFood Azerbaijan,2023,239,,https://interfood.az/az/exhibitors-list/year/2023
expo-raw-000714,LƏZZƏT QİDA SENAYƏ MMC,Azərbaycan,MURMANSK VİLAYETİ,1F264,interfood,InterFood Azerbaijan,2023,239,6249,https://interfood.az/az/exhibitors-list/year/2023
expo-raw-000715,ŞİRVAN ŞƏRABLARI MMC,Azərbaycan,MURMANSK VİLAYETİ,2F142,interfood,InterFood Azerbaijan,2023,239,5301,https://interfood.az/az/exhibitors-list/year/2023
expo-raw-000716,PAN COFFEE,Azərbaycan,MURMANSK VİLAYETİ,1F042-3,interfood,InterFood Azerbaijan,2023,239,,https://interfood.az/az/exhibitors-list/year/2023
expo-raw-000717,PAPITO,Azərbaycan,MURMANSK VİLAYETİ,1F042-7,interfood,InterFood Azerbaijan,2023,239,,https://interfood.az/az/exhibitors-list/year/2023
expo-raw-000718,SHIRVAN AGRO,Azərbaycan,MURMANSK VİLAYETİ,2F142-2,interfood,InterFood Azerbaijan,2023,239,,https://interfood.az/az/exhibitors-list/year/2023
expo-raw-000719,SQUAD POND FISH FOOD,Azərbaycan,MURMANSK VİLAYETİ,1F042-6,interfood,InterFood Azerbaijan,2023,239,,https://interfood.az/az/exhibitors-list/year/2023
expo-raw-000720,TAMĞA,Azərbaycan,MURMANSK VİLAYETİ,1F042-9,interfood,InterFood Azerbaijan,2023,239,,https://interfood.az/az/exhibitors-list/year/2023
expo-raw-000721,TECHNOPRO MMC,Azərbaycan,MURMANSK VİLAYETİ,1F042-5,interfood,InterFood Azerbaijan,2023,239,,https://interfood.az/az/exhibitors-list/year/2023
expo-raw-000722,XARIBÜLBÜL İNŞAAT MMC,Azərbaycan,MURMANSK VİLAYETİ,1F042-12,interfood,InterFood Azerbaijan,2023,239,,https://interfood.az/az/exhibitors-list/year/2023
expo-raw-000723,ÖZTURAN QRUP ŞIRKƏTI,Azərbaycan,MURMANSK VİLAYETİ,1F042-2,interfood,InterFood Azerbaijan,2023,239,,https://interfood.az/az/exhibitors-list/year/2023
expo-raw-000724,İLĞIM,Azərbaycan,MURMANSK VİLAYETİ,1F042-1,interfood,InterFood Azerbaijan,2023,239,,https://interfood.az/az/exhibitors-list/year/2023
expo-raw-000725,İTALİYA TICARƏT AGENTLİYİ (ICE),Azərbaycan,MURMANSK VİLAYETİ,3F220,interfood,InterFood Azerbaijan,2023,239,8044,https://interfood.az/az/exhibitors-list/year/2023
expo-raw-000726,1 NEWS İNFORMASİYA AGENTLİYİ MMC,Azərbaycan,MEDİA,-,interfood,InterFood Azerbaijan,2024,385,,https://interfood.az/az/exhibitors-list/year/2024
expo-raw-000727,ASAN RADİO 100 FM,Azərbaycan,MEDİA,-,interfood,InterFood Azerbaijan,2024,385,,https://interfood.az/az/exhibitors-list/year/2024
expo-raw-000728,AZƏRTAC,Azərbaycan,MEDİA,-,interfood,InterFood Azerbaijan,2024,385,,https://interfood.az/az/exhibitors-list/year/2024
expo-raw-000729,BAKU GUİDE© SİNCE 1996,Azərbaycan,MEDİA,-,interfood,InterFood Azerbaijan,2024,385,,https://interfood.az/az/exhibitors-list/year/2024
expo-raw-000730,BAKU.NEWS,Azərbaycan,MEDİA,-,interfood,InterFood Azerbaijan,2024,385,313534,https://interfood.az/az/exhibitors-list/year/2024
expo-raw-000731,BOOKSBYBAHRAM,Azərbaycan,MEDİA,4M019,interfood,InterFood Azerbaijan,2024,385,,https://interfood.az/az/exhibitors-list/year/2024
expo-raw-000732,BUSİNESS TİME JURNALI,Azərbaycan,MEDİA,-,interfood,InterFood Azerbaijan,2024,385,273808,https://interfood.az/az/exhibitors-list/year/2024
expo-raw-000733,CASPİAN ENERGY CLUB,Azərbaycan,MEDİA,-,interfood,InterFood Azerbaijan,2024,385,,https://interfood.az/az/exhibitors-list/year/2024
expo-raw-000734,FİNEKO AİA,Azərbaycan,MEDİA,-,interfood,InterFood Azerbaijan,2024,385,,https://interfood.az/az/exhibitors-list/year/2024
expo-raw-000735,ROCKVELL.COM,Azərbaycan,MEDİA,-,interfood,InterFood Azerbaijan,2024,385,278897,https://interfood.az/az/exhibitors-list/year/2024
expo-raw-000736,VİSİON TV AZƏRBAYCAN,Azərbaycan,MEDİA,-,interfood,InterFood Azerbaijan,2024,385,313538,https://interfood.az/az/exhibitors-list/year/2024
expo-raw-000737,İTİCKET.AZ LLC,Azərbaycan,MEDİA,-,interfood,InterFood Azerbaijan,2024,385,,https://interfood.az/az/exhibitors-list/year/2024
expo-raw-000738,ABSHERON OLİVE GARDEN MMC,Azərbaycan,MEDİA,2F142,interfood,InterFood Azerbaijan,2024,385,310833,https://interfood.az/az/exhibitors-list/year/2024
expo-raw-000739,ABSHERON SAFFRON LTD,Azərbaycan,MEDİA,1F015,interfood,InterFood Azerbaijan,2024,385,5467,https://interfood.az/az/exhibitors-list/year/2024
expo-raw-000740,APA GROUP,Azərbaycan,MEDİA,-,interfood,InterFood Azerbaijan,2024,385,,https://interfood.az/az/exhibitors-list/year/2024
expo-raw-000741,ATA PACK MMC,Azərbaycan,MEDİA,2F004,interfood,InterFood Azerbaijan,2024,385,279152,https://interfood.az/az/exhibitors-list/year/2024
expo-raw-000742,AZGRANATA MMC,Azərbaycan,MEDİA,1F350,interfood,InterFood Azerbaijan,2024,385,4650,https://interfood.az/az/exhibitors-list/year/2024
expo-raw-000743,AZƏRBAYCAN KAĞIZ VƏ KARTON İSTEHSALI KOMBİNATI MMC,Azərbaycan,MEDİA,2F120,interfood,InterFood Azerbaijan,2024,385,,https://interfood.az/az/exhibitors-list/year/2024
expo-raw-000744,AZƏRBAYCAN QİDA VƏ İÇKİ SƏNAYEÇİLƏRİ ASSOSİASİYASI,Azərbaycan,MEDİA,3F017,interfood,InterFood Azerbaijan,2024,385,6521,https://interfood.az/az/exhibitors-list/year/2024
expo-raw-000745,AZƏRBAYCAN RESPUBLİKASI SAHİBKARLAR (İŞƏGÖTÜRƏNLƏR) TƏŞKİLATLARI MİLLİ KONFEDERASİYASI,Azərbaycan,MEDİA,4A032,interfood,InterFood Azerbaijan,2024,385,,https://interfood.az/az/exhibitors-list/year/2024
expo-raw-000746,AZƏRBAYCAN RESPUBLİKASI İQTİSADİYYAT NAZİRLİYİ SAHİBKARLIĞIN İNKİŞAFI FONDU,Azərbaycan,MEDİA,2F013,interfood,InterFood Azerbaijan,2024,385,7051,https://interfood.az/az/exhibitors-list/year/2024
expo-raw-000747,AZƏRBAYCAN RESPUBLİKASININ KİÇİK VƏ ORTA BİZNESİN İNKİŞAFI AGENTLİYİ,Azərbaycan,MEDİA,1F042,interfood,InterFood Azerbaijan,2024,385,4316,https://interfood.az/az/exhibitors-list/year/2024
expo-raw-000748,AZƏRBAYCAN RESPUBLİKASININ KƏND TƏSƏRRÜFATI NAZİRLİYİ,Azərbaycan,MEDİA,3A110,interfood,InterFood Azerbaijan,2024,385,5062,https://interfood.az/az/exhibitors-list/year/2024
expo-raw-000749,AZƏRBAYCAN RESPUBLİKASININ QİDA TƏHLÜKƏSİZLİYİ AGENTLİYİ,Azərbaycan,MEDİA,1F160/5F141,interfood,InterFood Azerbaijan,2024,385,5119,https://interfood.az/az/exhibitors-list/year/2024
expo-raw-000750,AZƏRBAYCAN RESPUBLİKASININ İXRACIN VƏ İNVESTİSİYALARIN TƏŞVİQİ AGENTLİYİ (AZPROMO),Azərbaycan,MEDİA,4F320,interfood,InterFood Azerbaijan,2024,385,,https://interfood.az/az/exhibitors-list/year/2024
expo-raw-000751,AZƏRBAYCAN SƏRGİ TƏŞKİLATÇILARI ASSOSİASİYASI,Azərbaycan,MEDİA,-,interfood,InterFood Azerbaijan,2024,385,301259,https://interfood.az/az/exhibitors-list/year/2024
expo-raw-000752,AZƏRSUN HOLDİNQ MMC,Azərbaycan,MEDİA,1F120/1F130,interfood,InterFood Azerbaijan,2024,385,6049,https://interfood.az/az/exhibitors-list/year/2024
expo-raw-000753,AZƏRSUN HOLDİNQ MMC 2,Azərbaycan,MEDİA,-,interfood,InterFood Azerbaijan,2024,385,,https://interfood.az/az/exhibitors-list/year/2024
expo-raw-000754,BAKU EXPO CENTER,Azərbaycan,MEDİA,-,interfood,InterFood Azerbaijan,2024,385,,https://interfood.az/az/exhibitors-list/year/2024
expo-raw-000755,BAYRAMLI GROUP MMC,Azərbaycan,MEDİA,3F321,interfood,InterFood Azerbaijan,2024,385,,https://interfood.az/az/exhibitors-list/year/2024
expo-raw-000756,BESTİNG MMC,Azərbaycan,MEDİA,2F131,interfood,InterFood Azerbaijan,2024,385,310492,https://interfood.az/az/exhibitors-list/year/2024
expo-raw-000757,BMT-NİN ƏRZAQ VƏ KƏND TƏSƏRRÜFATI TƏŞKILATI (FAO),Azərbaycan,MEDİA,-,interfood,InterFood Azerbaijan,2024,385,5490,https://interfood.az/az/exhibitors-list/year/2024
expo-raw-000758,BORTOLOTTI SALUMI,Azərbaycan,MEDİA,2A330-7..,interfood,InterFood Azerbaijan,2024,385,,https://interfood.az/az/exhibitors-list/year/2024
expo-raw-000759,CAN-PA MMC,Azərbaycan,MEDİA,1F256,interfood,InterFood Azerbaijan,2024,385,4647,https://interfood.az/az/exhibitors-list/year/2024
expo-raw-000760,FNK SERVICES AND CONSULTING LLC,Azərbaycan,MEDİA,-,interfood,InterFood Azerbaijan,2024,385,,https://interfood.az/az/exhibitors-list/year/2024
expo-raw-000761,FOAM SOLUTİONS MMC,Azərbaycan,MEDİA,2F012,interfood,InterFood Azerbaijan,2024,385,308487,https://interfood.az/az/exhibitors-list/year/2024
expo-raw-000762,FOOD PACKİNG MMC,Azərbaycan,MEDİA,2F075,interfood,InterFood Azerbaijan,2024,385,303180,https://interfood.az/az/exhibitors-list/year/2024
expo-raw-000763,FOSTANPAK,Azərbaycan,MEDİA,1F352,interfood,InterFood Azerbaijan,2024,385,4657,https://interfood.az/az/exhibitors-list/year/2024
expo-raw-000764,GREENWİCH TRAVEL CLUB,Azərbaycan,MEDİA,-,interfood,InterFood Azerbaijan,2024,385,4816,https://interfood.az/az/exhibitors-list/year/2024
expo-raw-000765,HYATT REGENCY BAKU,Azərbaycan,MEDİA,-,interfood,InterFood Azerbaijan,2024,385,,https://interfood.az/az/exhibitors-list/year/2024
expo-raw-000766,KUFAR INDUSTRIES,Azərbaycan,MEDİA,2F242-1,interfood,InterFood Azerbaijan,2024,385,,https://interfood.az/az/exhibitors-list/year/2024
expo-raw-000767,LILAC,Azərbaycan,MEDİA,-,interfood,InterFood Azerbaijan,2024,385,,https://interfood.az/az/exhibitors-list/year/2024
expo-raw-000768,LƏZZƏT QRUP,Azərbaycan,MEDİA,1F242,interfood,InterFood Azerbaijan,2024,385,6249,https://interfood.az/az/exhibitors-list/year/2024
expo-raw-000769,ŞİRVAN ŞƏRABLARI MMC,Azərbaycan,MEDİA,2F142-2,interfood,InterFood Azerbaijan,2024,385,5301,https://interfood.az/az/exhibitors-list/year/2024
expo-raw-000770,NAXÇIVAN MUXTAR RESPUBLİKASI KƏND TƏSƏRRÜFATI NAZİRLİYİ,Azərbaycan,MEDİA,3F330,interfood,InterFood Azerbaijan,2024,385,313540,https://interfood.az/az/exhibitors-list/year/2024
expo-raw-000771,QIZIL SHAH,Azərbaycan,MEDİA,-,interfood,InterFood Azerbaijan,2024,385,,https://interfood.az/az/exhibitors-list/year/2024
expo-raw-000772,RADİSSON HOTEL BAKU,Azərbaycan,MEDİA,-,interfood,InterFood Azerbaijan,2024,385,313113,https://interfood.az/az/exhibitors-list/year/2024
expo-raw-000773,SUN FOOD,Azərbaycan,MEDİA,2F120-1,interfood,InterFood Azerbaijan,2024,385,7748,https://interfood.az/az/exhibitors-list/year/2024
expo-raw-000774,TAM ADVİSORY,Azərbaycan,MEDİA,-,interfood,InterFood Azerbaijan,2024,385,310117,https://interfood.az/az/exhibitors-list/year/2024
expo-raw-000775,XO YUPEKCHİ,Azərbaycan,MEDİA,2F062,interfood,InterFood Azerbaijan,2024,385,310099,https://interfood.az/az/exhibitors-list/year/2024
expo-raw-000776,ÜMID YERI UŞAQ SIĞINACAĞI,Azərbaycan,MEDİA,4M020,interfood,InterFood Azerbaijan,2024,385,,https://interfood.az/az/exhibitors-list/year/2024
expo-raw-000777,İBİS BAKU CİTY,Azərbaycan,MEDİA,-,interfood,InterFood Azerbaijan,2024,385,301276,https://interfood.az/az/exhibitors-list/year/2024
expo-raw-000778,ŞƏKİ ŞƏRAB MMC,Azərbaycan,MEDİA,2F358,interfood,InterFood Azerbaijan,2024,385,302100,https://interfood.az/az/exhibitors-list/year/2024
expo-raw-000779,“ATƏŞGAH” SIĞORTA ŞIRKƏTI ASC,Azərbaycan,MEDİA,-,interfood,InterFood Azerbaijan,2024,385,,https://interfood.az/az/exhibitors-list/year/2024
expo-raw-000780,“CASPIAN” YÜK DAŞIMA XIDMƏTLƏRI,Azərbaycan,MEDİA,-,interfood,InterFood Azerbaijan,2024,385,,https://interfood.az/az/exhibitors-list/year/2024
expo-raw-000781,ASAN RADİO 100 FM,Azərbaycan,MEDİA,-,interfood,InterFood Azerbaijan,2025,419,4258,https://interfood.az/az/exhibitors-list/year/2025
expo-raw-000782,AZƏRBAYCAN TÜRKİYƏ İŞ ADAMLARI BİRLİYİ (ATIB),Azərbaycan,MEDİA,-,interfood,InterFood Azerbaijan,2025,419,4366,https://interfood.az/az/exhibitors-list/year/2025
expo-raw-000783,AZƏRTAC,Azərbaycan,MEDİA,-,interfood,InterFood Azerbaijan,2025,419,4259,https://interfood.az/az/exhibitors-list/year/2025
expo-raw-000784,CASPIAN ENERGY INTERNATIONAL MEDIA GROUP,Azərbaycan,MEDİA,-,interfood,InterFood Azerbaijan,2025,419,4364,https://interfood.az/az/exhibitors-list/year/2025
expo-raw-000785,FINEKO AIA,Azərbaycan,MEDİA,-,interfood,InterFood Azerbaijan,2025,419,4266,https://interfood.az/az/exhibitors-list/year/2025
expo-raw-000786,FIRST NEWS İNFORMASİYA AGENTLİYİ MMC,Azərbaycan,MEDİA,-,interfood,InterFood Azerbaijan,2025,419,4265,https://interfood.az/az/exhibitors-list/year/2025
expo-raw-000787,RMG STUDIO MMC,Azərbaycan,MEDİA,M114,interfood,InterFood Azerbaijan,2025,419,,https://interfood.az/az/exhibitors-list/year/2025
expo-raw-000788,BABƏK SIRAB ASC,Azərbaycan,NAXÇIVAN MUXTAR RESPUBLİKASININ MİLLİ STENDİ,4F100-3,interfood,InterFood Azerbaijan,2025,419,,https://interfood.az/az/exhibitors-list/year/2025
expo-raw-000789,BADAMLI MINERAL SULAR MMC,Azərbaycan,NAXÇIVAN MUXTAR RESPUBLİKASININ MİLLİ STENDİ,4F100-2,interfood,InterFood Azerbaijan,2025,419,,https://interfood.az/az/exhibitors-list/year/2025
expo-raw-000790,BAYRAMLI GROUP MMC,Azərbaycan,NAXÇIVAN MUXTAR RESPUBLİKASININ MİLLİ STENDİ,4F100-12,interfood,InterFood Azerbaijan,2025,419,,https://interfood.az/az/exhibitors-list/year/2025
expo-raw-000791,CAHAN TOBACCO INTERNATIONAL MMC,Azərbaycan,NAXÇIVAN MUXTAR RESPUBLİKASININ MİLLİ STENDİ,4F100-10,interfood,InterFood Azerbaijan,2025,419,,https://interfood.az/az/exhibitors-list/year/2025
expo-raw-000792,LƏZZƏT BISKVIT VƏ ŞOKOLAD FABRIKI,Azərbaycan,NAXÇIVAN MUXTAR RESPUBLİKASININ MİLLİ STENDİ,4F100-5,interfood,InterFood Azerbaijan,2025,419,,https://interfood.az/az/exhibitors-list/year/2025
expo-raw-000793,LƏZZƏT BROYLER MMC,Azərbaycan,NAXÇIVAN MUXTAR RESPUBLİKASININ MİLLİ STENDİ,4F100-6,interfood,InterFood Azerbaijan,2025,419,,https://interfood.az/az/exhibitors-list/year/2025
expo-raw-000794,LƏZZƏT GROUP,Azərbaycan,NAXÇIVAN MUXTAR RESPUBLİKASININ MİLLİ STENDİ,4F100-1,interfood,InterFood Azerbaijan,2025,419,,https://interfood.az/az/exhibitors-list/year/2025
expo-raw-000795,LƏZZƏT KAĞIZ MMC,Azərbaycan,NAXÇIVAN MUXTAR RESPUBLİKASININ MİLLİ STENDİ,4F100-7,interfood,InterFood Azerbaijan,2025,419,,https://interfood.az/az/exhibitors-list/year/2025
expo-raw-000796,LƏZZƏT KONSERV MMC,Azərbaycan,NAXÇIVAN MUXTAR RESPUBLİKASININ MİLLİ STENDİ,4F100-8,interfood,InterFood Azerbaijan,2025,419,,https://interfood.az/az/exhibitors-list/year/2025
expo-raw-000797,LƏZZƏT NAXÇIVAN ŞƏRAB MMC,Azərbaycan,NAXÇIVAN MUXTAR RESPUBLİKASININ MİLLİ STENDİ,4F100-9,interfood,InterFood Azerbaijan,2025,419,,https://interfood.az/az/exhibitors-list/year/2025
expo-raw-000798,LƏZZƏT QIDA MMC,Azərbaycan,NAXÇIVAN MUXTAR RESPUBLİKASININ MİLLİ STENDİ,4F100-4,interfood,InterFood Azerbaijan,2025,419,,https://interfood.az/az/exhibitors-list/year/2025
expo-raw-000799,NAXÇIVAN MUXTAR RESPUBLİKASI KƏND TƏSƏRRÜFATI NAZİRLİYİ,Azərbaycan,NAXÇIVAN MUXTAR RESPUBLİKASININ MİLLİ STENDİ,4F100,interfood,InterFood Azerbaijan,2025,419,313540,https://interfood.az/az/exhibitors-list/year/2025
expo-raw-000800,PRESTIJ NAXÇIVAN PIVƏSI MMC,Azərbaycan,NAXÇIVAN MUXTAR RESPUBLİKASININ MİLLİ STENDİ,4F100-11,interfood,InterFood Azerbaijan,2025,419,,https://interfood.az/az/exhibitors-list/year/2025
expo-raw-000801,ABSHERON OLIVE GARDEN MMC,Azərbaycan,NAXÇIVAN MUXTAR RESPUBLİKASININ MİLLİ STENDİ,2F142,interfood,InterFood Azerbaijan,2025,419,310833,https://interfood.az/az/exhibitors-list/year/2025
expo-raw-000802,AGROSTAR.AZ,Azərbaycan,NAXÇIVAN MUXTAR RESPUBLİKASININ MİLLİ STENDİ,1F040-5,interfood,InterFood Azerbaijan,2025,419,,https://interfood.az/az/exhibitors-list/year/2025
expo-raw-000803,AHİMSA MMC,Azərbaycan,NAXÇIVAN MUXTAR RESPUBLİKASININ MİLLİ STENDİ,1F040-3,interfood,InterFood Azerbaijan,2025,419,,https://interfood.az/az/exhibitors-list/year/2025
expo-raw-000804,APIAZ MMC,Azərbaycan,NAXÇIVAN MUXTAR RESPUBLİKASININ MİLLİ STENDİ,4F102-4,interfood,InterFood Azerbaijan,2025,419,,https://interfood.az/az/exhibitors-list/year/2025
expo-raw-000805,AQROPAT MMC,Azərbaycan,NAXÇIVAN MUXTAR RESPUBLİKASININ MİLLİ STENDİ,4F202-2,interfood,InterFood Azerbaijan,2025,419,,https://interfood.az/az/exhibitors-list/year/2025
expo-raw-000806,ATA PACK MMC,Azərbaycan,NAXÇIVAN MUXTAR RESPUBLİKASININ MİLLİ STENDİ,1F262,interfood,InterFood Azerbaijan,2025,419,279152,https://interfood.az/az/exhibitors-list/year/2025
expo-raw-000807,AZERSUN,Azərbaycan,NAXÇIVAN MUXTAR RESPUBLİKASININ MİLLİ STENDİ,1F130,interfood,InterFood Azerbaijan,2025,419,,https://interfood.az/az/exhibitors-list/year/2025
expo-raw-000808,AZƏRBAYCAN KAĞIZ VƏ KARTON İSTEHSALI KOMBİNATI MMC,Azərbaycan,NAXÇIVAN MUXTAR RESPUBLİKASININ MİLLİ STENDİ,2F120,interfood,InterFood Azerbaijan,2025,419,7992,https://interfood.az/az/exhibitors-list/year/2025
expo-raw-000809,AZƏRBAYCAN QİDA VƏ İÇKİ SƏNAYEÇİLƏRİ ASSOSİASİYASI,Azərbaycan,NAXÇIVAN MUXTAR RESPUBLİKASININ MİLLİ STENDİ,4F202,interfood,InterFood Azerbaijan,2025,419,6521,https://interfood.az/az/exhibitors-list/year/2025
expo-raw-000810,AZƏRBAYCAN RESPUBLİKASI SAHİBKARLAR (İŞƏGÖTÜRƏNLƏR) TƏŞKİLATLARI MİLLİ KONFEDERASİYASI,Azərbaycan,NAXÇIVAN MUXTAR RESPUBLİKASININ MİLLİ STENDİ,4F005,interfood,InterFood Azerbaijan,2025,419,4292,https://interfood.az/az/exhibitors-list/year/2025
expo-raw-000811,AZƏRBAYCAN RESPUBLİKASININ KİÇİK VƏ ORTA BİZNESİN İNKİŞAFI AGENTLİYİ,Azərbaycan,NAXÇIVAN MUXTAR RESPUBLİKASININ MİLLİ STENDİ,1F040,interfood,InterFood Azerbaijan,2025,419,4316,https://interfood.az/az/exhibitors-list/year/2025
expo-raw-000812,AZƏRBAYCAN RESPUBLİKASININ KƏND TƏSƏRRÜFATI NAZİRLİYİ,Azərbaycan,NAXÇIVAN MUXTAR RESPUBLİKASININ MİLLİ STENDİ,-,interfood,InterFood Azerbaijan,2025,419,5062,https://interfood.az/az/exhibitors-list/year/2025
expo-raw-000813,AZƏRBAYCAN RESPUBLİKASININ QİDA TƏHLÜKƏSİZLİYİ AGENTLİYİ,Azərbaycan,NAXÇIVAN MUXTAR RESPUBLİKASININ MİLLİ STENDİ,-,interfood,InterFood Azerbaijan,2025,419,5119,https://interfood.az/az/exhibitors-list/year/2025
expo-raw-000814,AZƏRBAYCAN RESPUBLİKASININ İXRACIN VƏ İNVESTİSİYALARIN TƏŞVİQİ AGENTLİYİ (AZPROMO),Azərbaycan,NAXÇIVAN MUXTAR RESPUBLİKASININ MİLLİ STENDİ,4F102,interfood,InterFood Azerbaijan,2025,419,4289,https://interfood.az/az/exhibitors-list/year/2025
expo-raw-000815,AZƏRBAYCAN SƏRGİ TƏŞKİLATÇILARI ASSOSİASİYASI,Azərbaycan,NAXÇIVAN MUXTAR RESPUBLİKASININ MİLLİ STENDİ,-,interfood,InterFood Azerbaijan,2025,419,301259,https://interfood.az/az/exhibitors-list/year/2025
expo-raw-000816,AZƏRSUN HOLDİNQ MMC,Azərbaycan,NAXÇIVAN MUXTAR RESPUBLİKASININ MİLLİ STENDİ,1F120/1F130,interfood,InterFood Azerbaijan,2025,419,6049,https://interfood.az/az/exhibitors-list/year/2025
expo-raw-000817,BAKI POLİMER İSTEHSALAT MMC,Azərbaycan,NAXÇIVAN MUXTAR RESPUBLİKASININ MİLLİ STENDİ,2F236,interfood,InterFood Azerbaijan,2025,419,334326,https://interfood.az/az/exhibitors-list/year/2025
expo-raw-000818,BELLEZZA GROUP MMC,Azərbaycan,NAXÇIVAN MUXTAR RESPUBLİKASININ MİLLİ STENDİ,1F040-2,interfood,InterFood Azerbaijan,2025,419,,https://interfood.az/az/exhibitors-list/year/2025
expo-raw-000819,BMT-NİN ƏRZAQ VƏ KƏND TƏSƏRRÜFATI TƏŞKİLATI (FAO),Azərbaycan,NAXÇIVAN MUXTAR RESPUBLİKASININ MİLLİ STENDİ,-,interfood,InterFood Azerbaijan,2025,419,5490,https://interfood.az/az/exhibitors-list/year/2025
expo-raw-000820,BOOMERANG AGENCY,Azərbaycan,NAXÇIVAN MUXTAR RESPUBLİKASININ MİLLİ STENDİ,-,interfood,InterFood Azerbaijan,2025,419,,https://interfood.az/az/exhibitors-list/year/2025
expo-raw-000821,BRIGHTMAN BUSINESS MANAGEMENT CONSULTANTS MMC,Azərbaycan,NAXÇIVAN MUXTAR RESPUBLİKASININ MİLLİ STENDİ,4F102-2,interfood,InterFood Azerbaijan,2025,419,,https://interfood.az/az/exhibitors-list/year/2025
expo-raw-000822,CAN-PA MMC,Azərbaycan,NAXÇIVAN MUXTAR RESPUBLİKASININ MİLLİ STENDİ,1F254,interfood,InterFood Azerbaijan,2025,419,4647,https://interfood.az/az/exhibitors-list/year/2025
expo-raw-000823,CRISPA SNACKS MMC,Azərbaycan,NAXÇIVAN MUXTAR RESPUBLİKASININ MİLLİ STENDİ,4F102-1,interfood,InterFood Azerbaijan,2025,419,,https://interfood.az/az/exhibitors-list/year/2025
expo-raw-000824,DOLCHA FOODS,Azərbaycan,NAXÇIVAN MUXTAR RESPUBLİKASININ MİLLİ STENDİ,4F102-3,interfood,InterFood Azerbaijan,2025,419,,https://interfood.az/az/exhibitors-list/year/2025
expo-raw-000825,FA VALLEY,Azərbaycan,NAXÇIVAN MUXTAR RESPUBLİKASININ MİLLİ STENDİ,4F102-5,interfood,InterFood Azerbaijan,2025,419,,https://interfood.az/az/exhibitors-list/year/2025
expo-raw-000826,FLAZER MMC,Azərbaycan,NAXÇIVAN MUXTAR RESPUBLİKASININ MİLLİ STENDİ,1F027,interfood,InterFood Azerbaijan,2025,419,334506,https://interfood.az/az/exhibitors-list/year/2025
expo-raw-000827,FOOD PRO,Azərbaycan,NAXÇIVAN MUXTAR RESPUBLİKASININ MİLLİ STENDİ,2F236-1,interfood,InterFood Azerbaijan,2025,419,,https://interfood.az/az/exhibitors-list/year/2025
expo-raw-000828,FOSTANPAK MMC,Azərbaycan,NAXÇIVAN MUXTAR RESPUBLİKASININ MİLLİ STENDİ,1F242,interfood,InterFood Azerbaijan,2025,419,4657,https://interfood.az/az/exhibitors-list/year/2025
expo-raw-000829,GLORIA GARDEN,Azərbaycan,NAXÇIVAN MUXTAR RESPUBLİKASININ MİLLİ STENDİ,-,interfood,InterFood Azerbaijan,2025,419,330485,https://interfood.az/az/exhibitors-list/year/2025
expo-raw-000830,GREENWICH TRAVEL CLUB,Azərbaycan,NAXÇIVAN MUXTAR RESPUBLİKASININ MİLLİ STENDİ,-,interfood,InterFood Azerbaijan,2025,419,4816,https://interfood.az/az/exhibitors-list/year/2025
expo-raw-000831,GÖYÇAY SÜD,Azərbaycan,NAXÇIVAN MUXTAR RESPUBLİKASININ MİLLİ STENDİ,4F102-8,interfood,InterFood Azerbaijan,2025,419,,https://interfood.az/az/exhibitors-list/year/2025
expo-raw-000832,HERBA FLORA MMC,Azərbaycan,NAXÇIVAN MUXTAR RESPUBLİKASININ MİLLİ STENDİ,4F202-1,interfood,InterFood Azerbaijan,2025,419,,https://interfood.az/az/exhibitors-list/year/2025
expo-raw-000833,HILTON GARDEN INN BAKU,Azərbaycan,NAXÇIVAN MUXTAR RESPUBLİKASININ MİLLİ STENDİ,-,interfood,InterFood Azerbaijan,2025,419,,https://interfood.az/az/exhibitors-list/year/2025
expo-raw-000834,IBIS BAKU CITY,Azərbaycan,NAXÇIVAN MUXTAR RESPUBLİKASININ MİLLİ STENDİ,-,interfood,InterFood Azerbaijan,2025,419,301276,https://interfood.az/az/exhibitors-list/year/2025
expo-raw-000835,MAY VALLEY MMC,Azərbaycan,NAXÇIVAN MUXTAR RESPUBLİKASININ MİLLİ STENDİ,4F102-6,interfood,InterFood Azerbaijan,2025,419,,https://interfood.az/az/exhibitors-list/year/2025
expo-raw-000836,MERIT BRAND,Azərbaycan,NAXÇIVAN MUXTAR RESPUBLİKASININ MİLLİ STENDİ,4F102-7,interfood,InterFood Azerbaijan,2025,419,,https://interfood.az/az/exhibitors-list/year/2025
expo-raw-000837,ŞİRVAN ŞƏRABLARI MMC,Azərbaycan,NAXÇIVAN MUXTAR RESPUBLİKASININ MİLLİ STENDİ,2F142-1,interfood,InterFood Azerbaijan,2025,419,5301,https://interfood.az/az/exhibitors-list/year/2025
expo-raw-000838,MG PLUS MMC,Azərbaycan,NAXÇIVAN MUXTAR RESPUBLİKASININ MİLLİ STENDİ,M116,interfood,InterFood Azerbaijan,2025,419,,https://interfood.az/az/exhibitors-list/year/2025
expo-raw-000839,MOLECULLAB,Azərbaycan,NAXÇIVAN MUXTAR RESPUBLİKASININ MİLLİ STENDİ,3F006-1,interfood,InterFood Azerbaijan,2025,419,,https://interfood.az/az/exhibitors-list/year/2025
expo-raw-000840,MƏHƏMMƏD ƏHMƏDOV,Azərbaycan,NAXÇIVAN MUXTAR RESPUBLİKASININ MİLLİ STENDİ,1F040-8,interfood,InterFood Azerbaijan,2025,419,,https://interfood.az/az/exhibitors-list/year/2025
expo-raw-000841,NİZAM MMC,Azərbaycan,NAXÇIVAN MUXTAR RESPUBLİKASININ MİLLİ STENDİ,1F040-7,interfood,InterFood Azerbaijan,2025,419,,https://interfood.az/az/exhibitors-list/year/2025
expo-raw-000842,ODEL MMC,Azərbaycan,NAXÇIVAN MUXTAR RESPUBLİKASININ MİLLİ STENDİ,1F040-4,interfood,InterFood Azerbaijan,2025,419,,https://interfood.az/az/exhibitors-list/year/2025
expo-raw-000843,ONUR PLAST MMC,Azərbaycan,NAXÇIVAN MUXTAR RESPUBLİKASININ MİLLİ STENDİ,1F040-1,interfood,InterFood Azerbaijan,2025,419,,https://interfood.az/az/exhibitors-list/year/2025
expo-raw-000844,PASHA PAY,Azərbaycan,NAXÇIVAN MUXTAR RESPUBLİKASININ MİLLİ STENDİ,-,interfood,InterFood Azerbaijan,2025,419,,https://interfood.az/az/exhibitors-list/year/2025
expo-raw-000845,QIZIL SHAH,Azərbaycan,NAXÇIVAN MUXTAR RESPUBLİKASININ MİLLİ STENDİ,3F020,interfood,InterFood Azerbaijan,2025,419,,https://interfood.az/az/exhibitors-list/year/2025
expo-raw-000846,RADISSON HOTEL BAKU,Azərbaycan,NAXÇIVAN MUXTAR RESPUBLİKASININ MİLLİ STENDİ,-,interfood,InterFood Azerbaijan,2025,419,313569,https://interfood.az/az/exhibitors-list/year/2025
expo-raw-000847,REFERANS MEDICAL GROUP,Azərbaycan,NAXÇIVAN MUXTAR RESPUBLİKASININ MİLLİ STENDİ,-,interfood,InterFood Azerbaijan,2025,419,7900,https://interfood.az/az/exhibitors-list/year/2025
expo-raw-000848,REYNOLDS PROJE MÜHƏNDİSLİK LİMİTED ŞİRKƏTİ,Azərbaycan,NAXÇIVAN MUXTAR RESPUBLİKASININ MİLLİ STENDİ,2F057,interfood,InterFood Azerbaijan,2025,419,334327,https://interfood.az/az/exhibitors-list/year/2025
expo-raw-000849,RƏMZİOĞLU PAXLACA MMC,Azərbaycan,NAXÇIVAN MUXTAR RESPUBLİKASININ MİLLİ STENDİ,4F202-3,interfood,InterFood Azerbaijan,2025,419,,https://interfood.az/az/exhibitors-list/year/2025
expo-raw-000850,ŞİRVAN AQRO,Azərbaycan,NAXÇIVAN MUXTAR RESPUBLİKASININ MİLLİ STENDİ,2F132,interfood,InterFood Azerbaijan,2025,419,274203,https://interfood.az/az/exhibitors-list/year/2025
expo-raw-000851,SULMARCO,Azərbaycan,NAXÇIVAN MUXTAR RESPUBLİKASININ MİLLİ STENDİ,1F040-6,interfood,InterFood Azerbaijan,2025,419,,https://interfood.az/az/exhibitors-list/year/2025
expo-raw-000852,SUN FOOD,Azərbaycan,NAXÇIVAN MUXTAR RESPUBLİKASININ MİLLİ STENDİ,1F120/1F130-1,interfood,InterFood Azerbaijan,2025,419,7748,https://interfood.az/az/exhibitors-list/year/2025
expo-raw-000853,TÜRKİYƏ VƏ AZƏRBAYCAN İŞ ADAMLARI VƏ SƏNAYEÇİLƏRİ İCTİMAİ BİRLİYİ,Azərbaycan,NAXÇIVAN MUXTAR RESPUBLİKASININ MİLLİ STENDİ,-,interfood,InterFood Azerbaijan,2025,419,6647,https://interfood.az/az/exhibitors-list/year/2025
expo-raw-000854,VORONEJ RAYONUNUN MÜƏSSİSƏLƏRİNİN KOLLEKTİV STENDİ,Azərbaycan,NAXÇIVAN MUXTAR RESPUBLİKASININ MİLLİ STENDİ,4F002,interfood,InterFood Azerbaijan,2025,419,310504,https://interfood.az/az/exhibitors-list/year/2025
expo-raw-000855,XƏZƏR EKOLOJİ LABOROTORİYASI MMC,Azərbaycan,NAXÇIVAN MUXTAR RESPUBLİKASININ MİLLİ STENDİ,3F006,interfood,InterFood Azerbaijan,2025,419,334028,https://interfood.az/az/exhibitors-list/year/2025
expo-raw-000856,ZƏNGƏZURLU MMC,Azərbaycan,NAXÇIVAN MUXTAR RESPUBLİKASININ MİLLİ STENDİ,1F040-9,interfood,InterFood Azerbaijan,2025,419,,https://interfood.az/az/exhibitors-list/year/2025
expo-raw-000857,ƏMİNLƏR QRUP,Azərbaycan,NAXÇIVAN MUXTAR RESPUBLİKASININ MİLLİ STENDİ,4F009,interfood,InterFood Azerbaijan,2025,419,,https://interfood.az/az/exhibitors-list/year/2025
expo-raw-000858,ABŞERON-2000,Azərbaycan,ABSHERON-2000,4F412,interfood,InterFood Azerbaijan,2026,456,352301,https://interfood.az/az/exhibitors-list/year/2026
expo-raw-000859,AFRİKA–AZƏRBAYCAN ƏMƏKDAŞLIĞI,Azərbaycan,AFRİCA PAVİLYONU,4F224,interfood,InterFood Azerbaijan,2026,456,352083,https://interfood.az/az/exhibitors-list/year/2026
expo-raw-000860,L ETEL TRADING PRIVAT LIMITED COMPANY,Azərbaycan,AFRİCA PAVİLYONU,4F224-6,interfood,InterFood Azerbaijan,2026,456,,https://interfood.az/az/exhibitors-list/year/2026
expo-raw-000861,PRICELESS MEMORY TRAVEL,Azərbaycan,AFRİCA PAVİLYONU,4F224-4,interfood,InterFood Azerbaijan,2026,456,,https://interfood.az/az/exhibitors-list/year/2026
expo-raw-000862,SUNFOOD,Azərbaycan,AZERSUN HOLDİNG,4F110-1,interfood,InterFood Azerbaijan,2026,456,,https://interfood.az/az/exhibitors-list/year/2026
expo-raw-000863,ABSHERON SAFFRON LTD MMC,Azərbaycan,AZPROMO,4F204-1,interfood,InterFood Azerbaijan,2026,456,,https://interfood.az/az/exhibitors-list/year/2026
expo-raw-000864,AZDIMVEX İMPEX MMC,Azərbaycan,AZPROMO,4F204-4,interfood,InterFood Azerbaijan,2026,456,,https://interfood.az/az/exhibitors-list/year/2026
expo-raw-000865,BRIGHTMAN BMC MMC,Azərbaycan,AZPROMO,4F204-6,interfood,InterFood Azerbaijan,2026,456,,https://interfood.az/az/exhibitors-list/year/2026
expo-raw-000866,FIZIKI ŞƏXS ƏHMƏDOV İLQAR YAŞAR OĞLU,Azərbaycan,AZPROMO,4F204-7,interfood,InterFood Azerbaijan,2026,456,,https://interfood.az/az/exhibitors-list/year/2026
expo-raw-000867,FRESH GROUP MMC,Azərbaycan,AZPROMO,4F204-5,interfood,InterFood Azerbaijan,2026,456,,https://interfood.az/az/exhibitors-list/year/2026
expo-raw-000868,FƏRDI SAHIBKAR MƏHƏMMƏD ƏHMƏDOV,Azərbaycan,AZPROMO,4F204-2,interfood,InterFood Azerbaijan,2026,456,,https://interfood.az/az/exhibitors-list/year/2026
expo-raw-000869,I AM HONEY MMC,Azərbaycan,AZPROMO,4F204-3,interfood,InterFood Azerbaijan,2026,456,,https://interfood.az/az/exhibitors-list/year/2026
expo-raw-000870,SAVALAN S KIÇIK MÜƏSSISƏSI,Azərbaycan,AZPROMO,4F204-8,interfood,InterFood Azerbaijan,2026,456,,https://interfood.az/az/exhibitors-list/year/2026
expo-raw-000871,AZƏRBAYCAN QİDA VƏ İÇKİ SƏNAYEÇİLƏRİ ASSOSİASİYASI,Azərbaycan,DƏSTƏK,4F230,interfood,InterFood Azerbaijan,2026,456,6521,https://interfood.az/az/exhibitors-list/year/2026
expo-raw-000872,AZƏRBAYCAN RESPUBLIKASININ KƏND TƏSƏRRÜFATI NAZIRLIYI,Azərbaycan,DƏSTƏK,-,interfood,InterFood Azerbaijan,2026,456,352394,https://interfood.az/az/exhibitors-list/year/2026
expo-raw-000873,AZƏRBAYCAN RESPUBLİKASININ KİÇİK VƏ ORTA BİZNESİN İNKİŞAFI AGENTLİYİ,Azərbaycan,DƏSTƏK,4F210,interfood,InterFood Azerbaijan,2026,456,352304,https://interfood.az/az/exhibitors-list/year/2026
expo-raw-000874,AZƏRBAYCAN RESPUBLİKASININ QİDA TƏHLÜKƏSİZLİĞİ AGENTLİYİ,Azərbaycan,DƏSTƏK,-,interfood,InterFood Azerbaijan,2026,456,352503,https://interfood.az/az/exhibitors-list/year/2026
expo-raw-000875,AZƏRBAYCAN RESPUBLİKASININ İXRACIN VƏ İNVESTİSİYALARIN TƏŞVİQİ AGENTLİYİ – AZPROMO,Azərbaycan,DƏSTƏK,4F204,interfood,InterFood Azerbaijan,2026,456,352199,https://interfood.az/az/exhibitors-list/year/2026
expo-raw-000876,AZƏRBAYCAN SƏRGİ TƏŞKİLATÇILARI ASSOSİASİYASI,Azərbaycan,DƏSTƏK,-,interfood,InterFood Azerbaijan,2026,456,301259,https://interfood.az/az/exhibitors-list/year/2026
expo-raw-000877,AZƏRBAYCAN RESPUBLIKASI SAHIBKARLAR (İŞƏGÖTÜRƏNLƏR) TƏŞKILATLARI MILLI KONFEDERASIYASI,Azərbaycan,DƏSTƏK,-,interfood,InterFood Azerbaijan,2026,456,,https://interfood.az/az/exhibitors-list/year/2026
expo-raw-000878,AZEXPORT.AZ,Azərbaycan,MEDİA,-,interfood,InterFood Azerbaijan,2026,456,,https://interfood.az/az/exhibitors-list/year/2026
expo-raw-000879,AZƏRTAC,Azərbaycan,MEDİA,-,interfood,InterFood Azerbaijan,2026,456,4259,https://interfood.az/az/exhibitors-list/year/2026
expo-raw-000880,BAKU.NEWS,Azərbaycan,MEDİA,-,interfood,InterFood Azerbaijan,2026,456,313534,https://interfood.az/az/exhibitors-list/year/2026
expo-raw-000881,BOOKS BY BAHRAM,Azərbaycan,MEDİA,-,interfood,InterFood Azerbaijan,2026,456,,https://interfood.az/az/exhibitors-list/year/2026
expo-raw-000882,BUSİNESS TİME JURNALI,Azərbaycan,MEDİA,-,interfood,InterFood Azerbaijan,2026,456,273808,https://interfood.az/az/exhibitors-list/year/2026
expo-raw-000883,BUSİNESS TİME,Azərbaycan,MEDİA,-,interfood,InterFood Azerbaijan,2026,456,,https://interfood.az/az/exhibitors-list/year/2026
expo-raw-000884,BİZNES TV,Azərbaycan,MEDİA,-,interfood,InterFood Azerbaijan,2026,456,347163,https://interfood.az/az/exhibitors-list/year/2026
expo-raw-000885,FİNEKO AİA,Azərbaycan,MEDİA,-,interfood,InterFood Azerbaijan,2026,456,4266,https://interfood.az/az/exhibitors-list/year/2026
expo-raw-000886,VİSİON TV AZƏRBAYCAN,Azərbaycan,MEDİA,-,interfood,InterFood Azerbaijan,2026,456,313538,https://interfood.az/az/exhibitors-list/year/2026
expo-raw-000887,BILBORD.AL,Azərbaycan,SPONSOR,-,interfood,InterFood Azerbaijan,2026,456,345787,https://interfood.az/az/exhibitors-list/year/2026
expo-raw-000888,PAŞA BANK,Azərbaycan,SPONSOR,-,interfood,InterFood Azerbaijan,2026,456,4714,https://interfood.az/az/exhibitors-list/year/2026
expo-raw-000889,ABSHERON OLIVE GARDEN MMC,Azərbaycan,ŞİRVAN AQRO MMC,4F300-2,interfood,InterFood Azerbaijan,2026,456,7342,https://interfood.az/az/exhibitors-list/year/2026
expo-raw-000890,ŞİRVAN ŞƏRABLARI MMC,Azərbaycan,ŞİRVAN AQRO MMC,4F300-1,interfood,InterFood Azerbaijan,2026,456,5301,https://interfood.az/az/exhibitors-list/year/2026
expo-raw-000891,ŞİRVAN AQRO MMC,Azərbaycan,ŞİRVAN AQRO MMC,4F300,interfood,InterFood Azerbaijan,2026,456,274203,https://interfood.az/az/exhibitors-list/year/2026
expo-raw-000892,"""HERBA-FLORA"" MMC",Azərbaycan,ŞİRVAN AQRO MMC,4F230-1,interfood,InterFood Azerbaijan,2026,456,353375,https://interfood.az/az/exhibitors-list/year/2026
expo-raw-000893,ABSHERON HOTEL GROUP,Azərbaycan,ŞİRVAN AQRO MMC,-,interfood,InterFood Azerbaijan,2026,456,,https://interfood.az/az/exhibitors-list/year/2026
expo-raw-000894,ACCURATE AZ,Azərbaycan,ŞİRVAN AQRO MMC,-,interfood,InterFood Azerbaijan,2026,456,,https://interfood.az/az/exhibitors-list/year/2026
expo-raw-000895,AQRO TEST GROUP LLC,Azərbaycan,ŞİRVAN AQRO MMC,4F019,interfood,InterFood Azerbaijan,2026,456,,https://interfood.az/az/exhibitors-list/year/2026
expo-raw-000896,ATS FOOD MMC,Azərbaycan,ŞİRVAN AQRO MMC,4F102-1,interfood,InterFood Azerbaijan,2026,456,273536,https://interfood.az/az/exhibitors-list/year/2026
expo-raw-000897,AZ TV,Azərbaycan,ŞİRVAN AQRO MMC,-,interfood,InterFood Azerbaijan,2026,456,325185,https://interfood.az/az/exhibitors-list/year/2026
expo-raw-000898,AZERSUN KAĞIİZ VƏ KARTON İSTEHSALAT KORPORASİYASİ MMC,Azərbaycan,ŞİRVAN AQRO MMC,4F120,interfood,InterFood Azerbaijan,2026,456,352045,https://interfood.az/az/exhibitors-list/year/2026
expo-raw-000899,AZGRANATA MMC,Azərbaycan,ŞİRVAN AQRO MMC,4F100,interfood,InterFood Azerbaijan,2026,456,4650,https://interfood.az/az/exhibitors-list/year/2026
expo-raw-000900,AZƏRSUN HOLDİNQ,Azərbaycan,ŞİRVAN AQRO MMC,4F110,interfood,InterFood Azerbaijan,2026,456,345052,https://interfood.az/az/exhibitors-list/year/2026
expo-raw-000901,BEYOND GLOBAL,Azərbaycan,ŞİRVAN AQRO MMC,4F230-3,interfood,InterFood Azerbaijan,2026,456,352779,https://interfood.az/az/exhibitors-list/year/2026
expo-raw-000902,BAGCAM.AZ,Azərbaycan,ŞİRVAN AQRO MMC,-,interfood,InterFood Azerbaijan,2026,456,,https://interfood.az/az/exhibitors-list/year/2026
expo-raw-000903,CAN-PA MMC,Azərbaycan,ŞİRVAN AQRO MMC,4F202,interfood,InterFood Azerbaijan,2026,456,4647,https://interfood.az/az/exhibitors-list/year/2026
expo-raw-000904,COSTA COFFEE,Azərbaycan,ŞİRVAN AQRO MMC,-,interfood,InterFood Azerbaijan,2026,456,,https://interfood.az/az/exhibitors-list/year/2026
expo-raw-000905,EMINLER GROUP,Azərbaycan,ŞİRVAN AQRO MMC,4F056,interfood,InterFood Azerbaijan,2026,456,352162,https://interfood.az/az/exhibitors-list/year/2026
expo-raw-000906,FOSTANPAK MMC,Azərbaycan,ŞİRVAN AQRO MMC,4F312,interfood,InterFood Azerbaijan,2026,456,4657,https://interfood.az/az/exhibitors-list/year/2026
expo-raw-000907,GƏDƏBƏY MİNERAL SULARI MMC,Azərbaycan,ŞİRVAN AQRO MMC,4F012,interfood,InterFood Azerbaijan,2026,456,345154,https://interfood.az/az/exhibitors-list/year/2026
expo-raw-000908,HALAL FOOD MMC,Azərbaycan,ŞİRVAN AQRO MMC,4F002,interfood,InterFood Azerbaijan,2026,456,,https://interfood.az/az/exhibitors-list/year/2026
expo-raw-000909,ICA EVENTS GROUP,Azərbaycan,ŞİRVAN AQRO MMC,-,interfood,InterFood Azerbaijan,2026,456,,https://interfood.az/az/exhibitors-list/year/2026
expo-raw-000910,IPƏKSU,Azərbaycan,ŞİRVAN AQRO MMC,4F058,interfood,InterFood Azerbaijan,2026,456,,https://interfood.az/az/exhibitors-list/year/2026
expo-raw-000911,ONWAY.AZ,Azərbaycan,ŞİRVAN AQRO MMC,-,interfood,InterFood Azerbaijan,2026,456,353004,https://interfood.az/az/exhibitors-list/year/2026
expo-raw-000912,QIZIL SHAH,Azərbaycan,ŞİRVAN AQRO MMC,4F030,interfood,InterFood Azerbaijan,2026,456,,https://interfood.az/az/exhibitors-list/year/2026
expo-raw-000913,QƏBƏLƏ KONSERV ZAVODU MMC,Azərbaycan,ŞİRVAN AQRO MMC,4F102,interfood,InterFood Azerbaijan,2026,456,345206,https://interfood.az/az/exhibitors-list/year/2026
expo-raw-000914,RADİO ENERJİ 101.1 FM,Azərbaycan,ŞİRVAN AQRO MMC,-,interfood,InterFood Azerbaijan,2026,456,,https://interfood.az/az/exhibitors-list/year/2026
expo-raw-000915,RƏMZİOĞLU PAXLAVA MMC,Azərbaycan,ŞİRVAN AQRO MMC,4F230-2,interfood,InterFood Azerbaijan,2026,456,352946,https://interfood.az/az/exhibitors-list/year/2026
expo-raw-000916,TEST DATABASE,Azərbaycan,ŞİRVAN AQRO MMC,-,interfood,InterFood Azerbaijan,2026,456,324655,https://interfood.az/az/exhibitors-list/year/2026
expo-raw-000917,TUIB,Azərbaycan,ŞİRVAN AQRO MMC,-,interfood,InterFood Azerbaijan,2026,456,,https://interfood.az/az/exhibitors-list/year/2026
expo-raw-000918,ATS FOOD  MMC,Azərbaycan,ATS FOOD,-,interfood,InterFood Azerbaijan,2027,483,,https://interfood.az/az/exhibitors-list/year/2027
expo-raw-000919,LƏNKƏRAN KONSERV ZAVODU MMC,Azərbaycan,ATS FOOD,-,interfood,InterFood Azerbaijan,2027,483,,https://interfood.az/az/exhibitors-list/year/2027
expo-raw-000920,QUBA KONSERV ZAVODU,Azərbaycan,ATS FOOD,-,interfood,InterFood Azerbaijan,2027,483,,https://interfood.az/az/exhibitors-list/year/2027
expo-raw-000921,QƏBLƏ KONSERV ZAVODU MMC,Azərbaycan,ATS FOOD,-,interfood,InterFood Azerbaijan,2027,483,,https://interfood.az/az/exhibitors-list/year/2027
expo-raw-000922,ABSHERON OLIVE GARDEN LLC,Azərbaycan,ATS FOOD,-,interfood,InterFood Azerbaijan,2027,483,,https://interfood.az/az/exhibitors-list/year/2027
expo-raw-000923,CAN - PA LLC,Azərbaycan,ATS FOOD,-,interfood,InterFood Azerbaijan,2027,483,,https://interfood.az/az/exhibitors-list/year/2027
expo-raw-000924,FOSTANPAK LLC,Azərbaycan,ATS FOOD,-,interfood,InterFood Azerbaijan,2027,483,,https://interfood.az/az/exhibitors-list/year/2027
expo-raw-000925,SHIRVAN AGRO LLC,Azərbaycan,ATS FOOD,-,interfood,InterFood Azerbaijan,2027,483,,https://interfood.az/az/exhibitors-list/year/2027
expo-raw-000926,SHIRVAN WINES LLC,Azərbaycan,ATS FOOD,-,interfood,InterFood Azerbaijan,2027,483,,https://interfood.az/az/exhibitors-list/year/2027
expo-raw-000927,VEYSELOGLU LLC,Azərbaycan,ATS FOOD,-,interfood,InterFood Azerbaijan,2027,483,,https://interfood.az/az/exhibitors-list/year/2027
expo-raw-000928,1 NEWS İNFORMASİYA AGENTLİYİ MMC,Azərbaycan,MEDİA,-,caspianoilgas,Caspian Oil & Gas,2019,168,4265,https://caspianoilgas.az/az/exhibitors-list/year/2019
expo-raw-000929,ASAN RADİO 100 FM,Azərbaycan,MEDİA,-,caspianoilgas,Caspian Oil & Gas,2019,168,4258,https://caspianoilgas.az/az/exhibitors-list/year/2019
expo-raw-000930,AZƏRBAYCAN NEFT TƏSƏRRÜFATI AYLIQ ELMİ-TEXNİKİ VƏ İSTEHSALAT JURNALI,Azərbaycan,MEDİA,-,caspianoilgas,Caspian Oil & Gas,2019,168,5341,https://caspianoilgas.az/az/exhibitors-list/year/2019
expo-raw-000931,AZƏRBAYCANDA AMERİKA TİCARƏT PALATASI AMCHAM,Azərbaycan,MEDİA,-,caspianoilgas,Caspian Oil & Gas,2019,168,4363,https://caspianoilgas.az/az/exhibitors-list/year/2019
expo-raw-000932,AZƏRTAC,Azərbaycan,MEDİA,P112,caspianoilgas,Caspian Oil & Gas,2019,168,4259,https://caspianoilgas.az/az/exhibitors-list/year/2019
expo-raw-000933,BAKUCİTY.AZ,Azərbaycan,MEDİA,P114,caspianoilgas,Caspian Oil & Gas,2019,168,4829,https://caspianoilgas.az/az/exhibitors-list/year/2019
expo-raw-000934,BAKUİNFORM.AZ İNFO PORTAL,Azərbaycan,MEDİA,-,caspianoilgas,Caspian Oil & Gas,2019,168,4260,https://caspianoilgas.az/az/exhibitors-list/year/2019
expo-raw-000935,BIZNESINFO.AZ,Azərbaycan,MEDİA,-,caspianoilgas,Caspian Oil & Gas,2019,168,4256,https://caspianoilgas.az/az/exhibitors-list/year/2019
expo-raw-000936,BAGCAM.AZ,Azərbaycan,MEDİA,-,caspianoilgas,Caspian Oil & Gas,2019,168,,https://caspianoilgas.az/az/exhibitors-list/year/2019
expo-raw-000937,CASPIAN ENERGY CLUB,Azərbaycan,MEDİA,-,caspianoilgas,Caspian Oil & Gas,2019,168,4932,https://caspianoilgas.az/az/exhibitors-list/year/2019
expo-raw-000938,CASPIAN ENERGY INTERNATIONAL MEDIA GROUP,Azərbaycan,MEDİA,P122,caspianoilgas,Caspian Oil & Gas,2019,168,4364,https://caspianoilgas.az/az/exhibitors-list/year/2019
expo-raw-000939,CASPİAN BARREL NEFT ARAŞDIRMALARI MƏRKƏZİ,Azərbaycan,MEDİA,-,caspianoilgas,Caspian Oil & Gas,2019,168,5332,https://caspianoilgas.az/az/exhibitors-list/year/2019
expo-raw-000940,DİZEL.AZ,Azərbaycan,MEDİA,-,caspianoilgas,Caspian Oil & Gas,2019,168,5280,https://caspianoilgas.az/az/exhibitors-list/year/2019
expo-raw-000941,FACEMARK.AZ,Azərbaycan,MEDİA,-,caspianoilgas,Caspian Oil & Gas,2019,168,4261,https://caspianoilgas.az/az/exhibitors-list/year/2019
expo-raw-000942,FİNEKO AİA,Azərbaycan,MEDİA,-,caspianoilgas,Caspian Oil & Gas,2019,168,4266,https://caspianoilgas.az/az/exhibitors-list/year/2019
expo-raw-000943,KOMPASS AZƏRBAYCAN MMC,Azərbaycan,MEDİA,P110,caspianoilgas,Caspian Oil & Gas,2019,168,4368,https://caspianoilgas.az/az/exhibitors-list/year/2019
expo-raw-000944,KONSALTİNQ & BİZNES,Azərbaycan,MEDİA,P124,caspianoilgas,Caspian Oil & Gas,2019,168,4365,https://caspianoilgas.az/az/exhibitors-list/year/2019
expo-raw-000945,MAKINA.AZ,Azərbaycan,MEDİA,-,caspianoilgas,Caspian Oil & Gas,2019,168,5282,https://caspianoilgas.az/az/exhibitors-list/year/2019
expo-raw-000946,NAVİGATOR.AZ,Azərbaycan,MEDİA,P116,caspianoilgas,Caspian Oil & Gas,2019,168,,https://caspianoilgas.az/az/exhibitors-list/year/2019
expo-raw-000947,OİLGAS.AZ,Azərbaycan,MEDİA,P118,caspianoilgas,Caspian Oil & Gas,2019,168,5337,https://caspianoilgas.az/az/exhibitors-list/year/2019
expo-raw-000948,SALAMNEWS İNFORMASİYA AGENTLİYİ,Azərbaycan,MEDİA,-,caspianoilgas,Caspian Oil & Gas,2019,168,4267,https://caspianoilgas.az/az/exhibitors-list/year/2019
expo-raw-000949,SANDIQÇA,Azərbaycan,MEDİA,P102,caspianoilgas,Caspian Oil & Gas,2019,168,4409,https://caspianoilgas.az/az/exhibitors-list/year/2019
expo-raw-000950,SPUTNİK AZƏRBAYCAN BEYNƏLXALQ İNFORMASİYA AGENTLİYİ VƏ RADİOSU,Azərbaycan,MEDİA,-,caspianoilgas,Caspian Oil & Gas,2019,168,4269,https://caspianoilgas.az/az/exhibitors-list/year/2019
expo-raw-000951,YELLOWPAGES.AZ,Azərbaycan,MEDİA,P120,caspianoilgas,Caspian Oil & Gas,2019,168,5339,https://caspianoilgas.az/az/exhibitors-list/year/2019
expo-raw-000952,ACE GROUP CONSULTANTS,Azərbaycan,MEDİA,1014,caspianoilgas,Caspian Oil & Gas,2019,168,4578,https://caspianoilgas.az/az/exhibitors-list/year/2019
expo-raw-000953,ALE,Azərbaycan,MEDİA,2224,caspianoilgas,Caspian Oil & Gas,2019,168,5501,https://caspianoilgas.az/az/exhibitors-list/year/2019
expo-raw-000954,AZERTEXNOLAYN MMC,Azərbaycan,MEDİA,1316,caspianoilgas,Caspian Oil & Gas,2019,168,4580,https://caspianoilgas.az/az/exhibitors-list/year/2019
expo-raw-000955,AZERİ M-İ DRİLLİNG FLUİDS MMC,Azərbaycan,MEDİA,1032,caspianoilgas,Caspian Oil & Gas,2019,168,4582,https://caspianoilgas.az/az/exhibitors-list/year/2019
expo-raw-000956,AZFEN B.M.,Azərbaycan,MEDİA,1314,caspianoilgas,Caspian Oil & Gas,2019,168,4579,https://caspianoilgas.az/az/exhibitors-list/year/2019
expo-raw-000957,AZNEFTKİMYAMAŞ  ASC,Azərbaycan,MEDİA,2018,caspianoilgas,Caspian Oil & Gas,2019,168,4800,https://caspianoilgas.az/az/exhibitors-list/year/2019
expo-raw-000958,AZOREL MMC,Azərbaycan,MEDİA,1022,caspianoilgas,Caspian Oil & Gas,2019,168,4581,https://caspianoilgas.az/az/exhibitors-list/year/2019
expo-raw-000959,AZƏRBAYCAN RESPUBLİKASI ENERGETİKA NAZİRLİYİ,Azərbaycan,MEDİA,-,caspianoilgas,Caspian Oil & Gas,2019,168,5325,https://caspianoilgas.az/az/exhibitors-list/year/2019
expo-raw-000960,AZƏRBAYCAN RESPUBLİKASI SAHİBKARLAR (İŞƏGÖTÜRƏNLƏR) TƏŞKİLATLARI MİLLİ KONFEDERASİYASI,Azərbaycan,MEDİA,-,caspianoilgas,Caspian Oil & Gas,2019,168,4292,https://caspianoilgas.az/az/exhibitors-list/year/2019
expo-raw-000961,AZƏRBAYCAN RESPUBLİKASININ DÖVLƏT NEFT ŞİRKƏTİ (SOCAR),Azərbaycan,MEDİA,1208,caspianoilgas,Caspian Oil & Gas,2019,168,4605,https://caspianoilgas.az/az/exhibitors-list/year/2019
expo-raw-000962,AZƏRBAYCAN RESPUBLİKASININ KİÇİK VƏ ORTA BİZNESİN İNKİŞAFI AGENTLİYİ,Azərbaycan,MEDİA,-,caspianoilgas,Caspian Oil & Gas,2019,168,4316,https://caspianoilgas.az/az/exhibitors-list/year/2019
expo-raw-000963,AZƏRBAYCAN RESPUBLİKASININ İXRACIN VƏ İNVESTİSİYALARIN TƏŞVİQİ AGENTLİYİ (AZPROMO),Azərbaycan,MEDİA,-,caspianoilgas,Caspian Oil & Gas,2019,168,4289,https://caspianoilgas.az/az/exhibitors-list/year/2019
expo-raw-000964,BAKI 2023 – 24-CÜ ÜMUMDÜNYA NEFT KONQRESİNİN KEÇİRİLMƏSİ ÜÇÜN NAMİZƏD,Azərbaycan,MEDİA,2041,caspianoilgas,Caspian Oil & Gas,2019,168,5342,https://caspianoilgas.az/az/exhibitors-list/year/2019
expo-raw-000965,BAKI GƏMİQAYIRMA ZAVODU MMC,Azərbaycan,MEDİA,1212,caspianoilgas,Caspian Oil & Gas,2019,168,4752,https://caspianoilgas.az/az/exhibitors-list/year/2019
expo-raw-000966,BAKU STEEL COMPANY QSC,Azərbaycan,MEDİA,1308,caspianoilgas,Caspian Oil & Gas,2019,168,4584,https://caspianoilgas.az/az/exhibitors-list/year/2019
expo-raw-000967,BCC GROUP,Azərbaycan,MEDİA,2134,caspianoilgas,Caspian Oil & Gas,2019,168,4811,https://caspianoilgas.az/az/exhibitors-list/year/2019
expo-raw-000968,BOS SHELF MMC,Azərbaycan,MEDİA,1116,caspianoilgas,Caspian Oil & Gas,2019,168,4586,https://caspianoilgas.az/az/exhibitors-list/year/2019
expo-raw-000969,"BOULEVARD HOTEL BAKU, AUTOGRAPH COLLECTION",Azərbaycan,MEDİA,-,caspianoilgas,Caspian Oil & Gas,2019,168,4863,https://caspianoilgas.az/az/exhibitors-list/year/2019
expo-raw-000970,BP AZƏRBAYCAN,Azərbaycan,MEDİA,1210,caspianoilgas,Caspian Oil & Gas,2019,168,4583,https://caspianoilgas.az/az/exhibitors-list/year/2019
expo-raw-000971,CASPIAN DRILLING COMPANY,Azərbaycan,MEDİA,1304,caspianoilgas,Caspian Oil & Gas,2019,168,4587,https://caspianoilgas.az/az/exhibitors-list/year/2019
expo-raw-000972,CASPIAN GEO MMC,Azərbaycan,MEDİA,1012,caspianoilgas,Caspian Oil & Gas,2019,168,4638,https://caspianoilgas.az/az/exhibitors-list/year/2019
expo-raw-000973,CASPİAN MARİNE SERVİCES B.V. AZERBAİJAN BRUNCH,Azərbaycan,MEDİA,1204,caspianoilgas,Caspian Oil & Gas,2019,168,4588,https://caspianoilgas.az/az/exhibitors-list/year/2019
expo-raw-000974,EKOL MÜHƏNDİSLİK XİDMƏTLƏRİ QSC,Azərbaycan,MEDİA,2014,caspianoilgas,Caspian Oil & Gas,2019,168,4759,https://caspianoilgas.az/az/exhibitors-list/year/2019
expo-raw-000975,FIRE SAFETY CASPIAN AZERBAIJAN MMC,Azərbaycan,MEDİA,2060,caspianoilgas,Caspian Oil & Gas,2019,168,5476,https://caspianoilgas.az/az/exhibitors-list/year/2019
expo-raw-000976,GENERAL SUPPLY MMC,Azərbaycan,MEDİA,2008,caspianoilgas,Caspian Oil & Gas,2019,168,5323,https://caspianoilgas.az/az/exhibitors-list/year/2019
expo-raw-000977,GILAN HOSPITALITY GROUP (QAFQAZ HOTELS & RESORTS),Azərbaycan,MEDİA,-,caspianoilgas,Caspian Oil & Gas,2019,168,4290,https://caspianoilgas.az/az/exhibitors-list/year/2019
expo-raw-000978,GREENWICH TRAVEL CLUB,Azərbaycan,MEDİA,-,caspianoilgas,Caspian Oil & Gas,2019,168,4816,https://caspianoilgas.az/az/exhibitors-list/year/2019
expo-raw-000979,"INTOURIST HOTEL BAKU, AUTOGRAPH COLLECTION",Azərbaycan,MEDİA,-,caspianoilgas,Caspian Oil & Gas,2019,168,4874,https://caspianoilgas.az/az/exhibitors-list/year/2019
expo-raw-000980,İTESA KASPİAN MMC,Azərbaycan,MEDİA,-,caspianoilgas,Caspian Oil & Gas,2019,168,4275,https://caspianoilgas.az/az/exhibitors-list/year/2019
expo-raw-000981,LEADİNG SUPPLY SOLUTİONS MMC,Azərbaycan,MEDİA,2208,caspianoilgas,Caspian Oil & Gas,2019,168,4937,https://caspianoilgas.az/az/exhibitors-list/year/2019
expo-raw-000982,MAG-PI INSPECTION,Azərbaycan,MEDİA,1060,caspianoilgas,Caspian Oil & Gas,2019,168,4602,https://caspianoilgas.az/az/exhibitors-list/year/2019
expo-raw-000983,MAYBO MMC,Azərbaycan,MEDİA,1106,caspianoilgas,Caspian Oil & Gas,2019,168,4735,https://caspianoilgas.az/az/exhibitors-list/year/2019
expo-raw-000984,MİLLİ KİBER-TƏHLÜKƏSİZLİK KONSORSİUM,Azərbaycan,MEDİA,2320,caspianoilgas,Caspian Oil & Gas,2019,168,5458,https://caspianoilgas.az/az/exhibitors-list/year/2019
expo-raw-000985,"NEFTİN, QAZIN GEOTEXNOLOJİ PROBLEMLƏRİ VƏ KİMYA ELMİ TƏDQİQAT İNSTİTUTU",Azərbaycan,MEDİA,2033,caspianoilgas,Caspian Oil & Gas,2019,168,5499,https://caspianoilgas.az/az/exhibitors-list/year/2019
expo-raw-000986,NİGAZ NATIONAL INDUSTRIAL GROUP,Azərbaycan,MEDİA,2210,caspianoilgas,Caspian Oil & Gas,2019,168,4807,https://caspianoilgas.az/az/exhibitors-list/year/2019
expo-raw-000987,RAPİD SOLUTİONS LLC,Azərbaycan,MEDİA,2132/1,caspianoilgas,Caspian Oil & Gas,2019,168,4914,https://caspianoilgas.az/az/exhibitors-list/year/2019
expo-raw-000988,RZ-İNTER MMC,Azərbaycan,MEDİA,1106/1,caspianoilgas,Caspian Oil & Gas,2019,168,4782,https://caspianoilgas.az/az/exhibitors-list/year/2019
expo-raw-000989,SOCAR POLYMER,Azərbaycan,MEDİA,1206,caspianoilgas,Caspian Oil & Gas,2019,168,4606,https://caspianoilgas.az/az/exhibitors-list/year/2019
expo-raw-000990,SOCAR-DALGİDJ MMC,Azərbaycan,MEDİA,1030,caspianoilgas,Caspian Oil & Gas,2019,168,4610,https://caspianoilgas.az/az/exhibitors-list/year/2019
expo-raw-000991,SOCAR-FUGRO MMC,Azərbaycan,MEDİA,1052,caspianoilgas,Caspian Oil & Gas,2019,168,5118,https://caspianoilgas.az/az/exhibitors-list/year/2019
expo-raw-000992,SİLK VEY HELİKOPTER SERVİCES MMC,Azərbaycan,MEDİA,1114,caspianoilgas,Caspian Oil & Gas,2019,168,4609,https://caspianoilgas.az/az/exhibitors-list/year/2019
expo-raw-000993,TECHNİCON,Azərbaycan,MEDİA,1058,caspianoilgas,Caspian Oil & Gas,2019,168,4616,https://caspianoilgas.az/az/exhibitors-list/year/2019
expo-raw-000994,TƏMİZ QAZ QSC,Azərbaycan,MEDİA,2012,caspianoilgas,Caspian Oil & Gas,2019,168,4613,https://caspianoilgas.az/az/exhibitors-list/year/2019
expo-raw-000995,VERTEX,Azərbaycan,MEDİA,1034,caspianoilgas,Caspian Oil & Gas,2019,168,4921,https://caspianoilgas.az/az/exhibitors-list/year/2019
expo-raw-000996,VİEN GROUP,Azərbaycan,MEDİA,2138,caspianoilgas,Caspian Oil & Gas,2019,168,4614,https://caspianoilgas.az/az/exhibitors-list/year/2019
expo-raw-000997,AZƏRBAYCAN RESPUBLİKASI İQTİSADİYYAT NAZİRLİYİNİN İQTİSADİ ZONALARIN İNKİŞAFI AGENTLİYİ,Azərbaycan,MEDİA,1110,caspianoilgas,Caspian Oil & Gas,2019,168,5462,https://caspianoilgas.az/az/exhibitors-list/year/2019
expo-raw-000998,APA GROUP,Azərbaycan,MEDİA,-,caspianoilgas,Caspian Oil & Gas,2022,196,4257,https://caspianoilgas.az/az/exhibitors-list/year/2022
expo-raw-000999,AZƏRBAYCAN NEFT TƏSƏRRÜFATI AYLIQ ELMİ-TEXNİKİ VƏ İSTEHSALAT JURNALI,Azərbaycan,MEDİA,-,caspianoilgas,Caspian Oil & Gas,2022,196,5341,https://caspianoilgas.az/az/exhibitors-list/year/2022
expo-raw-001000,AZƏRBAYCANDA AMERİKA TİCARƏT PALATASI AMCHAM,Azərbaycan,MEDİA,C2124,caspianoilgas,Caspian Oil & Gas,2022,196,4363,https://caspianoilgas.az/az/exhibitors-list/year/2022
expo-raw-001001,BƏHRAM BAĞIRZADƏ,Azərbaycan,MEDİA,-,caspianoilgas,Caspian Oil & Gas,2022,196,7332,https://caspianoilgas.az/az/exhibitors-list/year/2022
expo-raw-001002,CASPIAN ENERGY CLUB,Azərbaycan,MEDİA,P102,caspianoilgas,Caspian Oil & Gas,2022,196,4932,https://caspianoilgas.az/az/exhibitors-list/year/2022
expo-raw-001003,DİZEL.AZ,Azərbaycan,MEDİA,-,caspianoilgas,Caspian Oil & Gas,2022,196,5280,https://caspianoilgas.az/az/exhibitors-list/year/2022
expo-raw-001004,FİNEKO AİA,Azərbaycan,MEDİA,-,caspianoilgas,Caspian Oil & Gas,2022,196,4266,https://caspianoilgas.az/az/exhibitors-list/year/2022
expo-raw-001005,MAKINA.AZ,Azərbaycan,MEDİA,-,caspianoilgas,Caspian Oil & Gas,2022,196,5282,https://caspianoilgas.az/az/exhibitors-list/year/2022
expo-raw-001006,SALAMNEWS İNFORMASİYA AGENTLİYİ,Azərbaycan,MEDİA,-,caspianoilgas,Caspian Oil & Gas,2022,196,4267,https://caspianoilgas.az/az/exhibitors-list/year/2022
expo-raw-001007,ACE GROUP CONSULTANTS,Azərbaycan,MEDİA,C1014,caspianoilgas,Caspian Oil & Gas,2022,196,4578,https://caspianoilgas.az/az/exhibitors-list/year/2022
expo-raw-001008,ALSTOM TRANSPORT AZƏRBAYCAN MMC,Azərbaycan,MEDİA,C1110,caspianoilgas,Caspian Oil & Gas,2022,196,7237,https://caspianoilgas.az/az/exhibitors-list/year/2022
expo-raw-001009,ALYANS TEKSTİL,Azərbaycan,MEDİA,C2112,caspianoilgas,Caspian Oil & Gas,2022,196,6881,https://caspianoilgas.az/az/exhibitors-list/year/2022
expo-raw-001010,ASG HELİCOPTER SERVİCES MMC,Azərbaycan,MEDİA,C1118,caspianoilgas,Caspian Oil & Gas,2022,196,7112,https://caspianoilgas.az/az/exhibitors-list/year/2022
expo-raw-001011,ATİLLA TRANS SERVİSES A QSC,Azərbaycan,MEDİA,C1106,caspianoilgas,Caspian Oil & Gas,2022,196,7052,https://caspianoilgas.az/az/exhibitors-list/year/2022
expo-raw-001012,AURUM OFFSHORE SYSTEMS,Azərbaycan,MEDİA,C1008/2,caspianoilgas,Caspian Oil & Gas,2022,196,7192,https://caspianoilgas.az/az/exhibitors-list/year/2022
expo-raw-001013,AXIS LLC,Azərbaycan,MEDİA,C2172,caspianoilgas,Caspian Oil & Gas,2022,196,,https://caspianoilgas.az/az/exhibitors-list/year/2022
expo-raw-001014,AZERİ M-İ DRİLLİNG FLUİDS MMC,Azərbaycan,MEDİA,C1028,caspianoilgas,Caspian Oil & Gas,2022,196,4582,https://caspianoilgas.az/az/exhibitors-list/year/2022
expo-raw-001015,AZFEN B.M.,Azərbaycan,MEDİA,C1314/1,caspianoilgas,Caspian Oil & Gas,2022,196,4579,https://caspianoilgas.az/az/exhibitors-list/year/2022
expo-raw-001016,AZOREL MMC,Azərbaycan,MEDİA,C1022,caspianoilgas,Caspian Oil & Gas,2022,196,4581,https://caspianoilgas.az/az/exhibitors-list/year/2022
expo-raw-001017,AZSAFETY PRODUCTİON,Azərbaycan,MEDİA,C1008/1,caspianoilgas,Caspian Oil & Gas,2022,196,7186,https://caspianoilgas.az/az/exhibitors-list/year/2022
expo-raw-001018,AZƏRBAYCAN RESPUBLİKASI ENERGETİKA NAZİRLİYİ,Azərbaycan,MEDİA,C1114,caspianoilgas,Caspian Oil & Gas,2022,196,5325,https://caspianoilgas.az/az/exhibitors-list/year/2022
expo-raw-001019,AZƏRBAYCAN RESPUBLİKASI SAHİBKARLAR (İŞƏGÖTÜRƏNLƏR) TƏŞKİLATLARI MİLLİ KONFEDERASİYASI,Azərbaycan,MEDİA,C2019,caspianoilgas,Caspian Oil & Gas,2022,196,4292,https://caspianoilgas.az/az/exhibitors-list/year/2022
expo-raw-001020,AZƏRBAYCAN RESPUBLİKASININ DÖVLƏT NEFT ŞİRKƏTİ (SOCAR),Azərbaycan,MEDİA,C1208,caspianoilgas,Caspian Oil & Gas,2022,196,4605,https://caspianoilgas.az/az/exhibitors-list/year/2022
expo-raw-001021,BAKU STEEL COMPANY QSC,Azərbaycan,MEDİA,C1308,caspianoilgas,Caspian Oil & Gas,2022,196,4584,https://caspianoilgas.az/az/exhibitors-list/year/2022
expo-raw-001022,BOS SHELF MMC,Azərbaycan,MEDİA,C1116,caspianoilgas,Caspian Oil & Gas,2022,196,4586,https://caspianoilgas.az/az/exhibitors-list/year/2022
expo-raw-001023,BP AZƏRBAYCAN,Azərbaycan,MEDİA,C1210,caspianoilgas,Caspian Oil & Gas,2022,196,4583,https://caspianoilgas.az/az/exhibitors-list/year/2022
expo-raw-001024,BEST TEXNİK MMC,Azərbaycan,MEDİA,C2066,caspianoilgas,Caspian Oil & Gas,2022,196,,https://caspianoilgas.az/az/exhibitors-list/year/2022
expo-raw-001025,CASPIAN DRILLING COMPANY,Azərbaycan,MEDİA,C1304,caspianoilgas,Caspian Oil & Gas,2022,196,4587,https://caspianoilgas.az/az/exhibitors-list/year/2022
expo-raw-001026,CASPIAN GEO MMC,Azərbaycan,MEDİA,C1012,caspianoilgas,Caspian Oil & Gas,2022,196,4638,https://caspianoilgas.az/az/exhibitors-list/year/2022
expo-raw-001027,CMT GROUP MMC,Azərbaycan,MEDİA,C1042,caspianoilgas,Caspian Oil & Gas,2022,196,6198,https://caspianoilgas.az/az/exhibitors-list/year/2022
expo-raw-001028,CASPİAN MARİNE SERVİCES B.V. AZERBAİJAN BRUNCH,Azərbaycan,MEDİA,C1204,caspianoilgas,Caspian Oil & Gas,2022,196,4588,https://caspianoilgas.az/az/exhibitors-list/year/2022
expo-raw-001029,CASPİANSAT,Azərbaycan,MEDİA,C1316,caspianoilgas,Caspian Oil & Gas,2022,196,6203,https://caspianoilgas.az/az/exhibitors-list/year/2022
expo-raw-001030,EKOL MÜHƏNDİSLİK XİDMƏTLƏRİ QSC,Azərbaycan,MEDİA,C2014,caspianoilgas,Caspian Oil & Gas,2022,196,4759,https://caspianoilgas.az/az/exhibitors-list/year/2022
expo-raw-001031,FREQAT MARİNE MMC,Azərbaycan,MEDİA,C1008,caspianoilgas,Caspian Oil & Gas,2022,196,7129,https://caspianoilgas.az/az/exhibitors-list/year/2022
expo-raw-001032,GREENWICH TRAVEL CLUB,Azərbaycan,MEDİA,-,caspianoilgas,Caspian Oil & Gas,2022,196,4816,https://caspianoilgas.az/az/exhibitors-list/year/2022
expo-raw-001033,GLOBAL ENERGY AZERBAİJAN,Azərbaycan,MEDİA,C1302,caspianoilgas,Caspian Oil & Gas,2022,196,4589,https://caspianoilgas.az/az/exhibitors-list/year/2022
expo-raw-001034,HILTON BAKU,Azərbaycan,MEDİA,-,caspianoilgas,Caspian Oil & Gas,2022,196,7045,https://caspianoilgas.az/az/exhibitors-list/year/2022
expo-raw-001035,İTESA KASPİAN MMC,Azərbaycan,MEDİA,-,caspianoilgas,Caspian Oil & Gas,2022,196,4275,https://caspianoilgas.az/az/exhibitors-list/year/2022
expo-raw-001036,MAYBO MMC,Azərbaycan,MEDİA,C1064,caspianoilgas,Caspian Oil & Gas,2022,196,4735,https://caspianoilgas.az/az/exhibitors-list/year/2022
expo-raw-001037,MODUTEC LIMITED,Azərbaycan,MEDİA,C2003,caspianoilgas,Caspian Oil & Gas,2022,196,6979,https://caspianoilgas.az/az/exhibitors-list/year/2022
expo-raw-001038,OİL SUPPLY LLC,Azərbaycan,MEDİA,C2004,caspianoilgas,Caspian Oil & Gas,2022,196,6961,https://caspianoilgas.az/az/exhibitors-list/year/2022
expo-raw-001039,RAPİD SOLUTİONS LLC,Azərbaycan,MEDİA,C1016,caspianoilgas,Caspian Oil & Gas,2022,196,4914,https://caspianoilgas.az/az/exhibitors-list/year/2022
expo-raw-001040,SLB,Azərbaycan,MEDİA,2116,caspianoilgas,Caspian Oil & Gas,2022,196,4767,https://caspianoilgas.az/az/exhibitors-list/year/2022
expo-raw-001041,SOCAR FUGRO  MMC,Azərbaycan,MEDİA,C1062,caspianoilgas,Caspian Oil & Gas,2022,196,6863,https://caspianoilgas.az/az/exhibitors-list/year/2022
expo-raw-001042,SOCAR-DALGİDJ MMC,Azərbaycan,MEDİA,C1060,caspianoilgas,Caspian Oil & Gas,2022,196,4610,https://caspianoilgas.az/az/exhibitors-list/year/2022
expo-raw-001043,SOCAR-STP,Azərbaycan,MEDİA,C1054,caspianoilgas,Caspian Oil & Gas,2022,196,7300,https://caspianoilgas.az/az/exhibitors-list/year/2022
expo-raw-001044,SİGMA TECHNİCAL SERVİCES,Azərbaycan,MEDİA,C1111,caspianoilgas,Caspian Oil & Gas,2022,196,,https://caspianoilgas.az/az/exhibitors-list/year/2022
expo-raw-001045,TOTALENERGİES EP ABSHERON B.V.,Azərbaycan,MEDİA,C1108,caspianoilgas,Caspian Oil & Gas,2022,196,4635,https://caspianoilgas.az/az/exhibitors-list/year/2022
expo-raw-001046,TÜRKİYE PETROLLERİ AO,Azərbaycan,MEDİA,C1310,caspianoilgas,Caspian Oil & Gas,2022,196,4615,https://caspianoilgas.az/az/exhibitors-list/year/2022
expo-raw-001047,TƏMİZ QAZ QSC,Azərbaycan,MEDİA,C2012,caspianoilgas,Caspian Oil & Gas,2022,196,4613,https://caspianoilgas.az/az/exhibitors-list/year/2022
expo-raw-001048,FİRST NYUS MEDİA MMC,Azərbaycan,MEDİA,-,caspianoilgas,Caspian Oil & Gas,2023,268,4265,https://caspianoilgas.az/az/exhibitors-list/year/2023
expo-raw-001049,APA GROUP,Azərbaycan,MEDİA,3M017,caspianoilgas,Caspian Oil & Gas,2023,268,4257,https://caspianoilgas.az/az/exhibitors-list/year/2023
expo-raw-001050,AZERBAİJAN TODAY SAYTI,Azərbaycan,MEDİA,-,caspianoilgas,Caspian Oil & Gas,2023,268,7454,https://caspianoilgas.az/az/exhibitors-list/year/2023
expo-raw-001051,AZƏRBAYCAN NEFT TƏSƏRRÜFATI AYLIQ ELMİ-TEXNİKİ VƏ İSTEHSALAT JURNALI,Azərbaycan,MEDİA,-,caspianoilgas,Caspian Oil & Gas,2023,268,5341,https://caspianoilgas.az/az/exhibitors-list/year/2023
expo-raw-001052,"AZƏRBAYCAN TELEVİZİYA VƏ RADİO VERİLİŞLƏRİ"" QAPALI SƏHMDAR CƏMİYYƏTİ",Azərbaycan,MEDİA,-,caspianoilgas,Caspian Oil & Gas,2023,268,,https://caspianoilgas.az/az/exhibitors-list/year/2023
expo-raw-001053,AZƏRTAC,Azərbaycan,MEDİA,-,caspianoilgas,Caspian Oil & Gas,2023,268,4259,https://caspianoilgas.az/az/exhibitors-list/year/2023
expo-raw-001054,CASPİAN BARREL NEFT ARAŞDIRMALARI MƏRKƏZİ,Azərbaycan,MEDİA,-,caspianoilgas,Caspian Oil & Gas,2023,268,5332,https://caspianoilgas.az/az/exhibitors-list/year/2023
expo-raw-001055,CASPİAN ENERGY CLUB,Azərbaycan,MEDİA,3M018,caspianoilgas,Caspian Oil & Gas,2023,268,4932,https://caspianoilgas.az/az/exhibitors-list/year/2023
expo-raw-001056,FİNEKO AİA,Azərbaycan,MEDİA,-,caspianoilgas,Caspian Oil & Gas,2023,268,4266,https://caspianoilgas.az/az/exhibitors-list/year/2023
expo-raw-001057,"""ATILLA TRANS SERVICES A"" QSC",Azərbaycan,MEDİA,3C032,caspianoilgas,Caspian Oil & Gas,2023,268,283336,https://caspianoilgas.az/az/exhibitors-list/year/2023
expo-raw-001058,"""AZROSPROMINVEST"" MMC",Azərbaycan,MEDİA,2C036,caspianoilgas,Caspian Oil & Gas,2023,268,273311,https://caspianoilgas.az/az/exhibitors-list/year/2023
expo-raw-001059,ACE GROUP CONSULTANTS,Azərbaycan,MEDİA,1C014,caspianoilgas,Caspian Oil & Gas,2023,268,4578,https://caspianoilgas.az/az/exhibitors-list/year/2023
expo-raw-001060,AMICOS NDT MECHANICAL & ENGINEERING EQUIPMENT TRADING CO LLC,Azərbaycan,MEDİA,3C033/2,caspianoilgas,Caspian Oil & Gas,2023,268,,https://caspianoilgas.az/az/exhibitors-list/year/2023
expo-raw-001061,AQUALİNK MMC (NİJHUİS SAUR INDUSTRİES NÜMAYƏNDƏSİ),Azərbaycan,MEDİA,2C422,caspianoilgas,Caspian Oil & Gas,2023,268,273426,https://caspianoilgas.az/az/exhibitors-list/year/2023
expo-raw-001062,AS METAL MMC,Azərbaycan,MEDİA,-,caspianoilgas,Caspian Oil & Gas,2023,268,,https://caspianoilgas.az/az/exhibitors-list/year/2023
expo-raw-001063,ASG HELİCOPTER SERVİCES MMC,Azərbaycan,MEDİA,1C234,caspianoilgas,Caspian Oil & Gas,2023,268,7112,https://caspianoilgas.az/az/exhibitors-list/year/2023
expo-raw-001064,AXIS MMC,Azərbaycan,MEDİA,2C033,caspianoilgas,Caspian Oil & Gas,2023,268,276930,https://caspianoilgas.az/az/exhibitors-list/year/2023
expo-raw-001065,AZERİ M-İ DRİLLİNG FLUİDS MMC,Azərbaycan,MEDİA,1C030,caspianoilgas,Caspian Oil & Gas,2023,268,4582,https://caspianoilgas.az/az/exhibitors-list/year/2023
expo-raw-001066,AZFEN B.M.,Azərbaycan,MEDİA,1C330/1,caspianoilgas,Caspian Oil & Gas,2023,268,4579,https://caspianoilgas.az/az/exhibitors-list/year/2023
expo-raw-001067,AZƏRBAYCAN RESPUBLİKASININ KİÇİK VƏ ORTA BİZNESİN İNKİŞAFI AGENTLİYİ,Azərbaycan,MEDİA,1C124,caspianoilgas,Caspian Oil & Gas,2023,268,4316,https://caspianoilgas.az/az/exhibitors-list/year/2023
expo-raw-001068,AZ`RBAYCAN RESPUBLİKASI ENERGETİKA NAZİRLİYİ,Azərbaycan,MEDİA,-,caspianoilgas,Caspian Oil & Gas,2023,268,,https://caspianoilgas.az/az/exhibitors-list/year/2023
expo-raw-001069,AZERBAİJAN MARİTİME ENGİNEERİNG AND CONSTRUCTİON MMC,Azərbaycan,MEDİA,1C022,caspianoilgas,Caspian Oil & Gas,2023,268,7922,https://caspianoilgas.az/az/exhibitors-list/year/2023
expo-raw-001070,B.I.PROFIT AZƏRBAYCAN,Azərbaycan,MEDİA,1C010,caspianoilgas,Caspian Oil & Gas,2023,268,8018,https://caspianoilgas.az/az/exhibitors-list/year/2023
expo-raw-001071,BAKU STEEL COMPANY QSC,Azərbaycan,MEDİA,1C314,caspianoilgas,Caspian Oil & Gas,2023,268,4584,https://caspianoilgas.az/az/exhibitors-list/year/2023
expo-raw-001072,BP AZƏRBAYCAN,Azərbaycan,MEDİA,1C230,caspianoilgas,Caspian Oil & Gas,2023,268,4583,https://caspianoilgas.az/az/exhibitors-list/year/2023
expo-raw-001073,BAGCAM.AZ,Azərbaycan,MEDİA,-,caspianoilgas,Caspian Oil & Gas,2023,268,4303,https://caspianoilgas.az/az/exhibitors-list/year/2023
expo-raw-001074,CASPIAN DRILLING COMPANY,Azərbaycan,MEDİA,1C304,caspianoilgas,Caspian Oil & Gas,2023,268,4587,https://caspianoilgas.az/az/exhibitors-list/year/2023
expo-raw-001075,CASPİAN MARİNE SERVİCES B.V. AZERBAİJAN BRANCH,Azərbaycan,MEDİA,1C204,caspianoilgas,Caspian Oil & Gas,2023,268,4588,https://caspianoilgas.az/az/exhibitors-list/year/2023
expo-raw-001076,CASPİANSAT,Azərbaycan,MEDİA,1C132,caspianoilgas,Caspian Oil & Gas,2023,268,273334,https://caspianoilgas.az/az/exhibitors-list/year/2023
expo-raw-001077,EKOL MÜHƏNDİSLİK XİDMƏTLƏRİ QSC,Azərbaycan,MEDİA,2C012,caspianoilgas,Caspian Oil & Gas,2023,268,4759,https://caspianoilgas.az/az/exhibitors-list/year/2023
expo-raw-001078,EQUİNOR,Azərbaycan,MEDİA,-,caspianoilgas,Caspian Oil & Gas,2023,268,4812,https://caspianoilgas.az/az/exhibitors-list/year/2023
expo-raw-001079,GLOBAL ENERGY SOLUTİONS LLC,Azərbaycan,MEDİA,2C120/1,caspianoilgas,Caspian Oil & Gas,2023,268,8059,https://caspianoilgas.az/az/exhibitors-list/year/2023
expo-raw-001080,GLOBAL ENERGY AZERBAİJAN,Azərbaycan,MEDİA,1C300,caspianoilgas,Caspian Oil & Gas,2023,268,4589,https://caspianoilgas.az/az/exhibitors-list/year/2023
expo-raw-001081,GREENWICH TRAVEL CLUB,Azərbaycan,MEDİA,-,caspianoilgas,Caspian Oil & Gas,2023,268,4816,https://caspianoilgas.az/az/exhibitors-list/year/2023
expo-raw-001082,ITALİAN TRADE AGENCY(ICE),Azərbaycan,MEDİA,3C109,caspianoilgas,Caspian Oil & Gas,2023,268,282914,https://caspianoilgas.az/az/exhibitors-list/year/2023
expo-raw-001083,KOLİN İNŞAAT,Azərbaycan,MEDİA,1C310,caspianoilgas,Caspian Oil & Gas,2023,268,7452,https://caspianoilgas.az/az/exhibitors-list/year/2023
expo-raw-001084,LAYHER SİSTEM İSKELE,Azərbaycan,MEDİA,3C007,caspianoilgas,Caspian Oil & Gas,2023,268,273476,https://caspianoilgas.az/az/exhibitors-list/year/2023
expo-raw-001085,LUX CATERİNG MMC,Azərbaycan,MEDİA,-,caspianoilgas,Caspian Oil & Gas,2023,268,273613,https://caspianoilgas.az/az/exhibitors-list/year/2023
expo-raw-001086,LİEBHERR-AZERİ LLC,Azərbaycan,MEDİA,2C232,caspianoilgas,Caspian Oil & Gas,2023,268,273346,https://caspianoilgas.az/az/exhibitors-list/year/2023
expo-raw-001087,MJS THAITAN DRİLLİNG SERVİCES,Azərbaycan,MEDİA,2C027,caspianoilgas,Caspian Oil & Gas,2023,268,8037,https://caspianoilgas.az/az/exhibitors-list/year/2023
expo-raw-001088,NDE GROUP,Azərbaycan,MEDİA,3C002,caspianoilgas,Caspian Oil & Gas,2023,268,273327,https://caspianoilgas.az/az/exhibitors-list/year/2023
expo-raw-001089,NOV AZERBAİJAN LLC AR BRANCH,Azərbaycan,MEDİA,3C003,caspianoilgas,Caspian Oil & Gas,2023,268,276400,https://caspianoilgas.az/az/exhibitors-list/year/2023
expo-raw-001090,RORTVEST SAFETY UNİFORM MMC,Azərbaycan,MEDİA,1C012,caspianoilgas,Caspian Oil & Gas,2023,268,5628,https://caspianoilgas.az/az/exhibitors-list/year/2023
expo-raw-001091,SLB,Azərbaycan,MEDİA,1C120,caspianoilgas,Caspian Oil & Gas,2023,268,4767,https://caspianoilgas.az/az/exhibitors-list/year/2023
expo-raw-001092,SOCAR,Azərbaycan,MEDİA,1C220,caspianoilgas,Caspian Oil & Gas,2023,268,,https://caspianoilgas.az/az/exhibitors-list/year/2023
expo-raw-001093,SOCAR-DALGİDJ MMC,Azərbaycan,MEDİA,1C050,caspianoilgas,Caspian Oil & Gas,2023,268,4610,https://caspianoilgas.az/az/exhibitors-list/year/2023
expo-raw-001094,SOCAR-FUGRO MMC,Azərbaycan,MEDİA,1C048,caspianoilgas,Caspian Oil & Gas,2023,268,5118,https://caspianoilgas.az/az/exhibitors-list/year/2023
expo-raw-001095,SOLAR TURBİNES,Azərbaycan,MEDİA,2C120/2,caspianoilgas,Caspian Oil & Gas,2023,268,273421,https://caspianoilgas.az/az/exhibitors-list/year/2023
expo-raw-001096,SUBSEA7,Azərbaycan,MEDİA,1C052,caspianoilgas,Caspian Oil & Gas,2023,268,4652,https://caspianoilgas.az/az/exhibitors-list/year/2023
expo-raw-001097,SİGMA TECHNİCAL SERVİCES,Azərbaycan,MEDİA,1C134,caspianoilgas,Caspian Oil & Gas,2023,268,7238,https://caspianoilgas.az/az/exhibitors-list/year/2023
expo-raw-001098,TEKFEN İNŞAAT VE TESİSAT A.Ş.,Azərbaycan,MEDİA,1C330/2,caspianoilgas,Caspian Oil & Gas,2023,268,4611,https://caspianoilgas.az/az/exhibitors-list/year/2023
expo-raw-001099,TOTALENERGİES EP ABSHERON B.V.,Azərbaycan,MEDİA,1C130,caspianoilgas,Caspian Oil & Gas,2023,268,4635,https://caspianoilgas.az/az/exhibitors-list/year/2023
expo-raw-001100,TÜRKİYE PETROLLERİ ANONİM ORTAKLIĞI (TPAO),Azərbaycan,MEDİA,1C320,caspianoilgas,Caspian Oil & Gas,2023,268,4615,https://caspianoilgas.az/az/exhibitors-list/year/2023
expo-raw-001101,UNİVERSAL GROUP QSC,Azərbaycan,MEDİA,2C035,caspianoilgas,Caspian Oil & Gas,2023,268,273442,https://caspianoilgas.az/az/exhibitors-list/year/2023
expo-raw-001102,VİZİR ŞİRKƏTİ,Azərbaycan,MEDİA,2C014,caspianoilgas,Caspian Oil & Gas,2023,268,8071,https://caspianoilgas.az/az/exhibitors-list/year/2023
expo-raw-001103,İTİCKET.AZ LLC,Azərbaycan,MEDİA,-,caspianoilgas,Caspian Oil & Gas,2023,268,4373,https://caspianoilgas.az/az/exhibitors-list/year/2023
expo-raw-001104,1 NEWS İNFORMASİYA AGENTLİYİ MMC,Azərbaycan,MEDİA,-,caspianoilgas,Caspian Oil & Gas,2024,386,4265,https://caspianoilgas.az/az/exhibitors-list/year/2024
expo-raw-001105,ASAN RADİO 100 FM,Azərbaycan,MEDİA,-,caspianoilgas,Caspian Oil & Gas,2024,386,4258,https://caspianoilgas.az/az/exhibitors-list/year/2024
expo-raw-001106,AZƏRTAC,Azərbaycan,MEDİA,-,caspianoilgas,Caspian Oil & Gas,2024,386,4259,https://caspianoilgas.az/az/exhibitors-list/year/2024
expo-raw-001107,BAKU.NEWS,Azərbaycan,MEDİA,-,caspianoilgas,Caspian Oil & Gas,2024,386,313534,https://caspianoilgas.az/az/exhibitors-list/year/2024
expo-raw-001108,BUSİNESS TİME JURNALI,Azərbaycan,MEDİA,-,caspianoilgas,Caspian Oil & Gas,2024,386,273808,https://caspianoilgas.az/az/exhibitors-list/year/2024
expo-raw-001109,CASPIAN ENERGY CLUB,Azərbaycan,MEDİA,2M041,caspianoilgas,Caspian Oil & Gas,2024,386,4932,https://caspianoilgas.az/az/exhibitors-list/year/2024
expo-raw-001110,CASPİAN BARREL NEFT ARAŞDIRMALARI MƏRKƏZİ,Azərbaycan,MEDİA,-,caspianoilgas,Caspian Oil & Gas,2024,386,,https://caspianoilgas.az/az/exhibitors-list/year/2024
expo-raw-001111,ENERGETIKA BELARUSI,Azərbaycan,MEDİA,-,caspianoilgas,Caspian Oil & Gas,2024,386,,https://caspianoilgas.az/az/exhibitors-list/year/2024
expo-raw-001112,FİNEKO AİA,Azərbaycan,MEDİA,-,caspianoilgas,Caspian Oil & Gas,2024,386,4266,https://caspianoilgas.az/az/exhibitors-list/year/2024
expo-raw-001113,KASPIAN JURNALI,Azərbaycan,MEDİA,2M410,caspianoilgas,Caspian Oil & Gas,2024,386,,https://caspianoilgas.az/az/exhibitors-list/year/2024
expo-raw-001114,KOMPASS AZƏRBAYCAN MMC,Azərbaycan,MEDİA,-,caspianoilgas,Caspian Oil & Gas,2024,386,4368,https://caspianoilgas.az/az/exhibitors-list/year/2024
expo-raw-001115,VİSİON TV AZƏRBAYCAN,Azərbaycan,MEDİA,-,caspianoilgas,Caspian Oil & Gas,2024,386,313538,https://caspianoilgas.az/az/exhibitors-list/year/2024
expo-raw-001116,"""GEMZA GROUP"" MMC",Azərbaycan,MEDİA,2C120,caspianoilgas,Caspian Oil & Gas,2024,386,310031,https://caspianoilgas.az/az/exhibitors-list/year/2024
expo-raw-001117,ACT TEXNOLOGIYALARI MMC,Azərbaycan,MEDİA,2C304,caspianoilgas,Caspian Oil & Gas,2024,386,313963,https://caspianoilgas.az/az/exhibitors-list/year/2024
expo-raw-001118,APA GROUP,Azərbaycan,MEDİA,-,caspianoilgas,Caspian Oil & Gas,2024,386,,https://caspianoilgas.az/az/exhibitors-list/year/2024
expo-raw-001119,ARAS DENIZ INSAAT A.S.,Azərbaycan,MEDİA,2C004,caspianoilgas,Caspian Oil & Gas,2024,386,313249,https://caspianoilgas.az/az/exhibitors-list/year/2024
expo-raw-001120,AZERBAIJAN MARITIME ENGINEERING AND CONSTRUCTION MMC,Azərbaycan,MEDİA,1C010,caspianoilgas,Caspian Oil & Gas,2024,386,7922,https://caspianoilgas.az/az/exhibitors-list/year/2024
expo-raw-001121,AZEXPOMONTAGE,Azərbaycan,MEDİA,-,caspianoilgas,Caspian Oil & Gas,2024,386,4283,https://caspianoilgas.az/az/exhibitors-list/year/2024
expo-raw-001122,AZFEN MMC,Azərbaycan,MEDİA,1C330-1,caspianoilgas,Caspian Oil & Gas,2024,386,,https://caspianoilgas.az/az/exhibitors-list/year/2024
expo-raw-001123,AZƏRBAYCAN RESPUBLİKASI DÖVLƏT NEFT ŞİRKƏTİ,Azərbaycan,MEDİA,1C220,caspianoilgas,Caspian Oil & Gas,2024,386,,https://caspianoilgas.az/az/exhibitors-list/year/2024
expo-raw-001124,AZƏRBAYCAN RESPUBLİKASININ KİÇİK VƏ ORTA BİZNESİN İNKİŞAFI AGENTLİYİ,Azərbaycan,MEDİA,2C240,caspianoilgas,Caspian Oil & Gas,2024,386,4316,https://caspianoilgas.az/az/exhibitors-list/year/2024
expo-raw-001125,AZƏRBAYCAN SƏRGİ TƏŞKİLATÇILARI ASSOSİASİYASI,Azərbaycan,MEDİA,-,caspianoilgas,Caspian Oil & Gas,2024,386,301259,https://caspianoilgas.az/az/exhibitors-list/year/2024
expo-raw-001126,"""BAKI GƏMİQAYIRMA ZAVOD"" MMC",Azərbaycan,MEDİA,1C026,caspianoilgas,Caspian Oil & Gas,2024,386,300753,https://caspianoilgas.az/az/exhibitors-list/year/2024
expo-raw-001127,BAKU EXPO CENTER,Azərbaycan,MEDİA,-,caspianoilgas,Caspian Oil & Gas,2024,386,,https://caspianoilgas.az/az/exhibitors-list/year/2024
expo-raw-001128,BAKU STEEL COMPANY QSC,Azərbaycan,MEDİA,1C314,caspianoilgas,Caspian Oil & Gas,2024,386,,https://caspianoilgas.az/az/exhibitors-list/year/2024
expo-raw-001129,BLACKWELL LLC,Azərbaycan,MEDİA,2C203,caspianoilgas,Caspian Oil & Gas,2024,386,314010,https://caspianoilgas.az/az/exhibitors-list/year/2024
expo-raw-001130,BOOKSBYBAHRAM,Azərbaycan,MEDİA,2M035,caspianoilgas,Caspian Oil & Gas,2024,386,,https://caspianoilgas.az/az/exhibitors-list/year/2024
expo-raw-001131,BP AZƏRBAYCAN,Azərbaycan,MEDİA,1C230,caspianoilgas,Caspian Oil & Gas,2024,386,4583,https://caspianoilgas.az/az/exhibitors-list/year/2024
expo-raw-001132,BUTA SUPPLY MMC,Azərbaycan,MEDİA,2C085,caspianoilgas,Caspian Oil & Gas,2024,386,,https://caspianoilgas.az/az/exhibitors-list/year/2024
expo-raw-001133,BAGCAM.AZ,Azərbaycan,MEDİA,-,caspianoilgas,Caspian Oil & Gas,2024,386,,https://caspianoilgas.az/az/exhibitors-list/year/2024
expo-raw-001134,CASPIAN DRILLING COMPANY,Azərbaycan,MEDİA,-,caspianoilgas,Caspian Oil & Gas,2024,386,4587,https://caspianoilgas.az/az/exhibitors-list/year/2024
expo-raw-001135,CASPIAN GEO LLC,Azərbaycan,MEDİA,2C084,caspianoilgas,Caspian Oil & Gas,2024,386,,https://caspianoilgas.az/az/exhibitors-list/year/2024
expo-raw-001136,CASPİAN MARİNE SERVİCES B.V. AZERBAİJAN BRANCH,Azərbaycan,MEDİA,1C204,caspianoilgas,Caspian Oil & Gas,2024,386,4588,https://caspianoilgas.az/az/exhibitors-list/year/2024
expo-raw-001137,DAMLA İB,Azərbaycan,MEDİA,2M411,caspianoilgas,Caspian Oil & Gas,2024,386,320955,https://caspianoilgas.az/az/exhibitors-list/year/2024
expo-raw-001138,ECONOTES/MİNİ BOSS,Azərbaycan,MEDİA,-,caspianoilgas,Caspian Oil & Gas,2024,386,,https://caspianoilgas.az/az/exhibitors-list/year/2024
expo-raw-001139,ESEN TEKSTIL,Azərbaycan,MEDİA,2C130,caspianoilgas,Caspian Oil & Gas,2024,386,,https://caspianoilgas.az/az/exhibitors-list/year/2024
expo-raw-001140,AZƏRBAYCAN RESPUBLİKASININ İXRACIN VƏ İNVESTİSİYALARIN TƏŞVİQİ AGENTLİYİ – AZPROMO,Azərbaycan,MEDİA,2C220,caspianoilgas,Caspian Oil & Gas,2024,386,,https://caspianoilgas.az/az/exhibitors-list/year/2024
expo-raw-001141,FNK SERVICES AND CONSULTING LLC,Azərbaycan,MEDİA,-,caspianoilgas,Caspian Oil & Gas,2024,386,,https://caspianoilgas.az/az/exhibitors-list/year/2024
expo-raw-001142,GREENWICH TRAVEL CLUB,Azərbaycan,MEDİA,-,caspianoilgas,Caspian Oil & Gas,2024,386,4816,https://caspianoilgas.az/az/exhibitors-list/year/2024
expo-raw-001143,IBIS BAKU CITY,Azərbaycan,MEDİA,-,caspianoilgas,Caspian Oil & Gas,2024,386,301276,https://caspianoilgas.az/az/exhibitors-list/year/2024
expo-raw-001144,LILAC,Azərbaycan,MEDİA,-,caspianoilgas,Caspian Oil & Gas,2024,386,,https://caspianoilgas.az/az/exhibitors-list/year/2024
expo-raw-001145,LUX CATERİNG MMC,Azərbaycan,MEDİA,1C010-1,caspianoilgas,Caspian Oil & Gas,2024,386,273613,https://caspianoilgas.az/az/exhibitors-list/year/2024
expo-raw-001146,NOBEL ENERGY,Azərbaycan,MEDİA,1C124,caspianoilgas,Caspian Oil & Gas,2024,386,8059,https://caspianoilgas.az/az/exhibitors-list/year/2024
expo-raw-001147,NOV AZERBAIJAN,Azərbaycan,MEDİA,1C016,caspianoilgas,Caspian Oil & Gas,2024,386,313762,https://caspianoilgas.az/az/exhibitors-list/year/2024
expo-raw-001148,R&M ELECTRICAL GROUP,Azərbaycan,MEDİA,2C103,caspianoilgas,Caspian Oil & Gas,2024,386,313715,https://caspianoilgas.az/az/exhibitors-list/year/2024
expo-raw-001149,RADISSON HOTEL BAKU,Azərbaycan,MEDİA,-,caspianoilgas,Caspian Oil & Gas,2024,386,313113,https://caspianoilgas.az/az/exhibitors-list/year/2024
expo-raw-001150,RENEWABLES.AZ,Azərbaycan,MEDİA,-,caspianoilgas,Caspian Oil & Gas,2024,386,276034,https://caspianoilgas.az/az/exhibitors-list/year/2024
expo-raw-001151,RETEMS LOGISTICS MMC,Azərbaycan,MEDİA,1C018,caspianoilgas,Caspian Oil & Gas,2024,386,310561,https://caspianoilgas.az/az/exhibitors-list/year/2024
expo-raw-001152,ROCK FLOW DYNAMICS PTE LTD,Azərbaycan,MEDİA,1C042,caspianoilgas,Caspian Oil & Gas,2024,386,,https://caspianoilgas.az/az/exhibitors-list/year/2024
expo-raw-001153,ROCKVELL.COM,Azərbaycan,MEDİA,-,caspianoilgas,Caspian Oil & Gas,2024,386,278897,https://caspianoilgas.az/az/exhibitors-list/year/2024
expo-raw-001154,SAHIBKARLIĞIN İNKIŞAFİ FONDU,Azərbaycan,MEDİA,-,caspianoilgas,Caspian Oil & Gas,2024,386,,https://caspianoilgas.az/az/exhibitors-list/year/2024
expo-raw-001155,SEA BREEZE,Azərbaycan,MEDİA,-,caspianoilgas,Caspian Oil & Gas,2024,386,,https://caspianoilgas.az/az/exhibitors-list/year/2024
expo-raw-001156,SLB,Azərbaycan,MEDİA,1C120,caspianoilgas,Caspian Oil & Gas,2024,386,4767,https://caspianoilgas.az/az/exhibitors-list/year/2024
expo-raw-001157,SOCAR-DALGİC MMC- OCEANEERING ALYANSI,Azərbaycan,MEDİA,1C058,caspianoilgas,Caspian Oil & Gas,2024,386,4610,https://caspianoilgas.az/az/exhibitors-list/year/2024
expo-raw-001158,SOCAR-FUGRO MMC,Azərbaycan,MEDİA,1C056,caspianoilgas,Caspian Oil & Gas,2024,386,5118,https://caspianoilgas.az/az/exhibitors-list/year/2024
expo-raw-001159,SUMQAYIT TEXNOLOGİYALAR PARKI,Azərbaycan,MEDİA,2C232,caspianoilgas,Caspian Oil & Gas,2024,386,310871,https://caspianoilgas.az/az/exhibitors-list/year/2024
expo-raw-001160,TAM ADVISORY,Azərbaycan,MEDİA,-,caspianoilgas,Caspian Oil & Gas,2024,386,,https://caspianoilgas.az/az/exhibitors-list/year/2024
expo-raw-001161,TEKFEN İNŞAAT VE TESİSAT A.Ş.,Azərbaycan,MEDİA,1C330-2,caspianoilgas,Caspian Oil & Gas,2024,386,4611,https://caspianoilgas.az/az/exhibitors-list/year/2024
expo-raw-001162,TUIB,Azərbaycan,MEDİA,-,caspianoilgas,Caspian Oil & Gas,2024,386,,https://caspianoilgas.az/az/exhibitors-list/year/2024
expo-raw-001163,TÜRKİYE PETROLLERİ ANONİM ORTAKLIĞI (TPAO),Azərbaycan,MEDİA,1C320,caspianoilgas,Caspian Oil & Gas,2024,386,4615,https://caspianoilgas.az/az/exhibitors-list/year/2024
expo-raw-001164,UMİD VAR İNKLUZİV YARADAÇILIQ BİRLİYİ,Azərbaycan,MEDİA,-,caspianoilgas,Caspian Oil & Gas,2024,386,,https://caspianoilgas.az/az/exhibitors-list/year/2024
expo-raw-001165,«ATILLA TRANS SERVISES A» QSC,Azərbaycan,MEDİA,2C212,caspianoilgas,Caspian Oil & Gas,2024,386,311571,https://caspianoilgas.az/az/exhibitors-list/year/2024
expo-raw-001166,“ATƏŞGAH” SIĞORTA ŞIRKƏTI ASC,Azərbaycan,MEDİA,-,caspianoilgas,Caspian Oil & Gas,2024,386,,https://caspianoilgas.az/az/exhibitors-list/year/2024
expo-raw-001167,“CASPIAN” YÜK DAŞIMA XIDMƏTLƏRI,Azərbaycan,MEDİA,-,caspianoilgas,Caspian Oil & Gas,2024,386,,https://caspianoilgas.az/az/exhibitors-list/year/2024
expo-raw-001168,1 NEWS İNFORMASİYA AGENTLİYİ MMC,Azərbaycan,MEDİA,-,caspianoilgas,Caspian Oil & Gas,2025,420,4265,https://caspianoilgas.az/az/exhibitors-list/year/2025
expo-raw-001169,AZƏRTAC,Azərbaycan,MEDİA,-,caspianoilgas,Caspian Oil & Gas,2025,420,4259,https://caspianoilgas.az/az/exhibitors-list/year/2025
expo-raw-001170,BƏHRAM BAĞIRZADƏ,Azərbaycan,MEDİA,-,caspianoilgas,Caspian Oil & Gas,2025,420,7332,https://caspianoilgas.az/az/exhibitors-list/year/2025
expo-raw-001171,CASPIAN ENERGY CLUB,Azərbaycan,MEDİA,-,caspianoilgas,Caspian Oil & Gas,2025,420,4932,https://caspianoilgas.az/az/exhibitors-list/year/2025
expo-raw-001172,SANDIQÇA,Azərbaycan,MEDİA,-,caspianoilgas,Caspian Oil & Gas,2025,420,,https://caspianoilgas.az/az/exhibitors-list/year/2025
expo-raw-001173,"""BAKU STEEL COMPANY"" QSC",Azərbaycan,MEDİA,1C322,caspianoilgas,Caspian Oil & Gas,2025,420,324525,https://caspianoilgas.az/az/exhibitors-list/year/2025
expo-raw-001174,ADVERA MMC,Azərbaycan,MEDİA,-,caspianoilgas,Caspian Oil & Gas,2025,420,,https://caspianoilgas.az/az/exhibitors-list/year/2025
expo-raw-001175,ALCO MMC,Azərbaycan,MEDİA,1C312,caspianoilgas,Caspian Oil & Gas,2025,420,337166,https://caspianoilgas.az/az/exhibitors-list/year/2025
expo-raw-001176,ATILLA TRANS SERVICES A QSC,Azərbaycan,MEDİA,1C012,caspianoilgas,Caspian Oil & Gas,2025,420,283336,https://caspianoilgas.az/az/exhibitors-list/year/2025
expo-raw-001177,AZERTEXNOLAYN MMC,Azərbaycan,MEDİA,1C010,caspianoilgas,Caspian Oil & Gas,2025,420,4580,https://caspianoilgas.az/az/exhibitors-list/year/2025
expo-raw-001178,AZFEN MMC,Azərbaycan,MEDİA,1C340/1,caspianoilgas,Caspian Oil & Gas,2025,420,4579,https://caspianoilgas.az/az/exhibitors-list/year/2025
expo-raw-001179,AZƏRBAYCAN RESPUBLİKASI ENERGETİKA NAZİRLİYİ,Azərbaycan,MEDİA,-,caspianoilgas,Caspian Oil & Gas,2025,420,,https://caspianoilgas.az/az/exhibitors-list/year/2025
expo-raw-001180,AZƏRBAYCAN RESPUBLİKASININ DÖVLƏT NEFT ŞİRKƏTİ (SOCAR),Azərbaycan,MEDİA,1C220,caspianoilgas,Caspian Oil & Gas,2025,420,4605,https://caspianoilgas.az/az/exhibitors-list/year/2025
expo-raw-001181,AZƏRBAYCAN RESPUBLİKASININ KİÇİK VƏ ORTA BİZNESİN İNKİŞAFI AGENTLİYİ,Azərbaycan,MEDİA,1C054,caspianoilgas,Caspian Oil & Gas,2025,420,4316,https://caspianoilgas.az/az/exhibitors-list/year/2025
expo-raw-001182,BAGCAM.AZ,Azərbaycan,MEDİA,-,caspianoilgas,Caspian Oil & Gas,2025,420,,https://caspianoilgas.az/az/exhibitors-list/year/2025
expo-raw-001183,BOOMERANG AGENCY,Azərbaycan,MEDİA,-,caspianoilgas,Caspian Oil & Gas,2025,420,335320,https://caspianoilgas.az/az/exhibitors-list/year/2025
expo-raw-001184,BUTA SUPPLY,Azərbaycan,MEDİA,1C122,caspianoilgas,Caspian Oil & Gas,2025,420,334552,https://caspianoilgas.az/az/exhibitors-list/year/2025
expo-raw-001185,COSTA COFFEE,Azərbaycan,MEDİA,-,caspianoilgas,Caspian Oil & Gas,2025,420,,https://caspianoilgas.az/az/exhibitors-list/year/2025
expo-raw-001186,DIGITALE ADVERTISING AGENCY,Azərbaycan,MEDİA,-,caspianoilgas,Caspian Oil & Gas,2025,420,,https://caspianoilgas.az/az/exhibitors-list/year/2025
expo-raw-001187,ENERMUS QSC,Azərbaycan,MEDİA,2C088/1,caspianoilgas,Caspian Oil & Gas,2025,420,334139,https://caspianoilgas.az/az/exhibitors-list/year/2025
expo-raw-001188,GEMZA GROUP MMC,Azərbaycan,MEDİA,1C314,caspianoilgas,Caspian Oil & Gas,2025,420,310031,https://caspianoilgas.az/az/exhibitors-list/year/2025
expo-raw-001189,ICSS MMC,Azərbaycan,MEDİA,1C100,caspianoilgas,Caspian Oil & Gas,2025,420,333772,https://caspianoilgas.az/az/exhibitors-list/year/2025
expo-raw-001190,IMOTORS MMC,Azərbaycan,MEDİA,-,caspianoilgas,Caspian Oil & Gas,2025,420,315102,https://caspianoilgas.az/az/exhibitors-list/year/2025
expo-raw-001191,KASPIAN JURNALI,Azərbaycan,MEDİA,-,caspianoilgas,Caspian Oil & Gas,2025,420,,https://caspianoilgas.az/az/exhibitors-list/year/2025
expo-raw-001192,MG PLUS MMC,Azərbaycan,MEDİA,-,caspianoilgas,Caspian Oil & Gas,2025,420,,https://caspianoilgas.az/az/exhibitors-list/year/2025
expo-raw-001193,PASHA PAY,Azərbaycan,MEDİA,-,caspianoilgas,Caspian Oil & Gas,2025,420,,https://caspianoilgas.az/az/exhibitors-list/year/2025
expo-raw-001194,PAŞA BANK,Azərbaycan,MEDİA,-,caspianoilgas,Caspian Oil & Gas,2025,420,4714,https://caspianoilgas.az/az/exhibitors-list/year/2025
expo-raw-001195,REFERANS MEDİCAL GROUP,Azərbaycan,MEDİA,-,caspianoilgas,Caspian Oil & Gas,2025,420,7900,https://caspianoilgas.az/az/exhibitors-list/year/2025
expo-raw-001196,RETEMS LOGISTICS MMC,Azərbaycan,MEDİA,1C014,caspianoilgas,Caspian Oil & Gas,2025,420,324738,https://caspianoilgas.az/az/exhibitors-list/year/2025
expo-raw-001197,SOCAR-DALGİC MMC- OCEANEERING ALYANSI,Azərbaycan,MEDİA,1C008,caspianoilgas,Caspian Oil & Gas,2025,420,4610,https://caspianoilgas.az/az/exhibitors-list/year/2025
expo-raw-001198,SOCAR-FUGRO MMC,Azərbaycan,MEDİA,1C007,caspianoilgas,Caspian Oil & Gas,2025,420,324688,https://caspianoilgas.az/az/exhibitors-list/year/2025
expo-raw-001199,SOLUTIONS EQUIPMENT TOOLS MMC,Azərbaycan,MEDİA,2C120,caspianoilgas,Caspian Oil & Gas,2025,420,333916,https://caspianoilgas.az/az/exhibitors-list/year/2025
expo-raw-001200,SUMQAYIT TECHNOLOGİYALAR PARKI MMC,Azərbaycan,MEDİA,2C130,caspianoilgas,Caspian Oil & Gas,2025,420,324778,https://caspianoilgas.az/az/exhibitors-list/year/2025
expo-raw-001201,TECON,Azərbaycan,MEDİA,2C312/1,caspianoilgas,Caspian Oil & Gas,2025,420,333655,https://caspianoilgas.az/az/exhibitors-list/year/2025
expo-raw-001202,TP ENGINEERING,Azərbaycan,MEDİA,2C140,caspianoilgas,Caspian Oil & Gas,2025,420,333807,https://caspianoilgas.az/az/exhibitors-list/year/2025
expo-raw-001203,UNIVERSAL GROUP QSC,Azərbaycan,MEDİA,2C122,caspianoilgas,Caspian Oil & Gas,2025,420,333806,https://caspianoilgas.az/az/exhibitors-list/year/2025
expo-raw-001204,1 NEWS İNFORMASİYA AGENTLİYİ MMC,Azərbaycan,MEDİA,-,caspianoilgas,Caspian Oil & Gas,2026,453,4265,https://caspianoilgas.az/az/exhibitors-list/year/2026
expo-raw-001205,ANEWZ,Azərbaycan,MEDİA,-,caspianoilgas,Caspian Oil & Gas,2026,453,,https://caspianoilgas.az/az/exhibitors-list/year/2026
expo-raw-001206,AZERBAİJAN TODAY SAYTI,Azərbaycan,MEDİA,-,caspianoilgas,Caspian Oil & Gas,2026,453,7454,https://caspianoilgas.az/az/exhibitors-list/year/2026
expo-raw-001207,AZEXPORT.AZ,Azərbaycan,MEDİA,-,caspianoilgas,Caspian Oil & Gas,2026,453,,https://caspianoilgas.az/az/exhibitors-list/year/2026
expo-raw-001208,AZƏRBAYCAN TÜRKİYƏ İŞ ADAMLARI BİRLİYİ (ATIB),Azərbaycan,MEDİA,-,caspianoilgas,Caspian Oil & Gas,2026,453,4366,https://caspianoilgas.az/az/exhibitors-list/year/2026
expo-raw-001209,AZƏRBAYCANDA AMERİKA TİCARƏT PALATASI AMCHAM,Azərbaycan,MEDİA,2M013,caspianoilgas,Caspian Oil & Gas,2026,453,4363,https://caspianoilgas.az/az/exhibitors-list/year/2026
expo-raw-001210,AZƏRTAC,Azərbaycan,MEDİA,-,caspianoilgas,Caspian Oil & Gas,2026,453,4259,https://caspianoilgas.az/az/exhibitors-list/year/2026
expo-raw-001211,BAGCAM.AZ,Azərbaycan,MEDİA,-,caspianoilgas,Caspian Oil & Gas,2026,453,,https://caspianoilgas.az/az/exhibitors-list/year/2026
expo-raw-001212,BAKU.NEWS,Azərbaycan,MEDİA,-,caspianoilgas,Caspian Oil & Gas,2026,453,313534,https://caspianoilgas.az/az/exhibitors-list/year/2026
expo-raw-001213,BHB STRATEGIC MEDIA AGENCY,Azərbaycan,MEDİA,-,caspianoilgas,Caspian Oil & Gas,2026,453,,https://caspianoilgas.az/az/exhibitors-list/year/2026
expo-raw-001214,BUSİNESS TİME,Azərbaycan,MEDİA,-,caspianoilgas,Caspian Oil & Gas,2026,453,,https://caspianoilgas.az/az/exhibitors-list/year/2026
expo-raw-001215,BİZNES TV,Azərbaycan,MEDİA,2M068,caspianoilgas,Caspian Oil & Gas,2026,453,347163,https://caspianoilgas.az/az/exhibitors-list/year/2026
expo-raw-001216,CASPIAN ENERGY CLUB,Azərbaycan,MEDİA,2M049,caspianoilgas,Caspian Oil & Gas,2026,453,4932,https://caspianoilgas.az/az/exhibitors-list/year/2026
expo-raw-001217,COSTA COFFEE,Azərbaycan,MEDİA,2M050,caspianoilgas,Caspian Oil & Gas,2026,453,,https://caspianoilgas.az/az/exhibitors-list/year/2026
expo-raw-001218,EURONEWS,Azərbaycan,MEDİA,1M016,caspianoilgas,Caspian Oil & Gas,2026,453,,https://caspianoilgas.az/az/exhibitors-list/year/2026
expo-raw-001219,FAKTOR.AZ,Azərbaycan,MEDİA,-,caspianoilgas,Caspian Oil & Gas,2026,453,353427,https://caspianoilgas.az/az/exhibitors-list/year/2026
expo-raw-001220,FİNEKO AİA,Azərbaycan,MEDİA,-,caspianoilgas,Caspian Oil & Gas,2026,453,4266,https://caspianoilgas.az/az/exhibitors-list/year/2026
expo-raw-001221,GEORGIA TODAY,Azərbaycan,MEDİA,-,caspianoilgas,Caspian Oil & Gas,2026,453,,https://caspianoilgas.az/az/exhibitors-list/year/2026
expo-raw-001222,ISR PLAZA,Azərbaycan,MEDİA,-,caspianoilgas,Caspian Oil & Gas,2026,453,,https://caspianoilgas.az/az/exhibitors-list/year/2026
expo-raw-001223,JFB BAKUROBOTICS,Azərbaycan,MEDİA,-,caspianoilgas,Caspian Oil & Gas,2026,453,,https://caspianoilgas.az/az/exhibitors-list/year/2026
expo-raw-001224,KASPIAN JURNALI,Azərbaycan,MEDİA,2M048,caspianoilgas,Caspian Oil & Gas,2026,453,,https://caspianoilgas.az/az/exhibitors-list/year/2026
expo-raw-001225,MADENI YAG,Azərbaycan,MEDİA,-,caspianoilgas,Caspian Oil & Gas,2026,453,,https://caspianoilgas.az/az/exhibitors-list/year/2026
expo-raw-001226,MG PLUS MMC,Azərbaycan,MEDİA,2M430,caspianoilgas,Caspian Oil & Gas,2026,453,,https://caspianoilgas.az/az/exhibitors-list/year/2026
expo-raw-001227,PARK BULVAR,Azərbaycan,MEDİA,-,caspianoilgas,Caspian Oil & Gas,2026,453,,https://caspianoilgas.az/az/exhibitors-list/year/2026
expo-raw-001228,PORT RIVOLI HOTEL,Azərbaycan,MEDİA,-,caspianoilgas,Caspian Oil & Gas,2026,453,,https://caspianoilgas.az/az/exhibitors-list/year/2026
expo-raw-001229,POSTNEWS.AZ,Azərbaycan,MEDİA,-,caspianoilgas,Caspian Oil & Gas,2026,453,,https://caspianoilgas.az/az/exhibitors-list/year/2026
expo-raw-001230,REDAKSİYA,Azərbaycan,MEDİA,-,caspianoilgas,Caspian Oil & Gas,2026,453,353619,https://caspianoilgas.az/az/exhibitors-list/year/2026
expo-raw-001231,TEZZ POWER,Azərbaycan,MEDİA,-,caspianoilgas,Caspian Oil & Gas,2026,453,,https://caspianoilgas.az/az/exhibitors-list/year/2026
expo-raw-001232,VİSİON TV AZƏRBAYCAN,Azərbaycan,MEDİA,-,caspianoilgas,Caspian Oil & Gas,2026,453,313538,https://caspianoilgas.az/az/exhibitors-list/year/2026
expo-raw-001233,"""BAKU STEEL COMPANY"" QSC",Azərbaycan,MEDİA,1C312,caspianoilgas,Caspian Oil & Gas,2026,453,324525,https://caspianoilgas.az/az/exhibitors-list/year/2026
expo-raw-001234,"""GEMZA GROUP"" MMC",Azərbaycan,MEDİA,2C110,caspianoilgas,Caspian Oil & Gas,2026,453,310031,https://caspianoilgas.az/az/exhibitors-list/year/2026
expo-raw-001235,"""RESOL"" MMC",Azərbaycan,MEDİA,1С038,caspianoilgas,Caspian Oil & Gas,2026,453,353742,https://caspianoilgas.az/az/exhibitors-list/year/2026
expo-raw-001236,ABSHERON HOTEL GROUP,Azərbaycan,MEDİA,-,caspianoilgas,Caspian Oil & Gas,2026,453,,https://caspianoilgas.az/az/exhibitors-list/year/2026
expo-raw-001237,ACCURATE AZ,Azərbaycan,MEDİA,-,caspianoilgas,Caspian Oil & Gas,2026,453,,https://caspianoilgas.az/az/exhibitors-list/year/2026
expo-raw-001238,ALPA ASC,Azərbaycan,MEDİA,2C055,caspianoilgas,Caspian Oil & Gas,2026,453,352644,https://caspianoilgas.az/az/exhibitors-list/year/2026
expo-raw-001239,APA GROUP,Azərbaycan,MEDİA,-,caspianoilgas,Caspian Oil & Gas,2026,453,4257,https://caspianoilgas.az/az/exhibitors-list/year/2026
expo-raw-001240,ATILLA TRANS SERVISES A,Azərbaycan,MEDİA,1C012,caspianoilgas,Caspian Oil & Gas,2026,453,345237,https://caspianoilgas.az/az/exhibitors-list/year/2026
expo-raw-001241,AVROPA KOMISSIYASININ ENERJI ÜZRƏ BAŞ DIREKTORLUĞUNUN ENERJI TƏHLÜKƏSIZLIYI VƏ BEYNƏLXALQ ƏLAQƏLƏR ŞÖBƏSI,Azərbaycan,MEDİA,-,caspianoilgas,Caspian Oil & Gas,2026,453,,https://caspianoilgas.az/az/exhibitors-list/year/2026
expo-raw-001242,AZ TV,Azərbaycan,MEDİA,-,caspianoilgas,Caspian Oil & Gas,2026,453,325185,https://caspianoilgas.az/az/exhibitors-list/year/2026
expo-raw-001243,AZERTEXNOLAYN MMC,Azərbaycan,MEDİA,1C010,caspianoilgas,Caspian Oil & Gas,2026,453,4580,https://caspianoilgas.az/az/exhibitors-list/year/2026
expo-raw-001244,AZƏRBAYCAN RESPUBLIKASI SAHIBKARLAR (İŞƏGÖTÜRƏNLƏR) TƏŞKILATLARI MILLI KONFEDERASIYASI,Azərbaycan,MEDİA,-,caspianoilgas,Caspian Oil & Gas,2026,453,,https://caspianoilgas.az/az/exhibitors-list/year/2026
expo-raw-001245,AZƏRBAYCAN RESPUBLIKASININ KIÇIK VƏ ORTA BIZNESIN İNKIŞAFI AGENTLIYI,Azərbaycan,MEDİA,2C300,caspianoilgas,Caspian Oil & Gas,2026,453,,https://caspianoilgas.az/az/exhibitors-list/year/2026
expo-raw-001246,BAKU MEDICAL PLAZA,Azərbaycan,MEDİA,-,caspianoilgas,Caspian Oil & Gas,2026,453,353857,https://caspianoilgas.az/az/exhibitors-list/year/2026
expo-raw-001247,BILBORD.AL,Azərbaycan,MEDİA,-,caspianoilgas,Caspian Oil & Gas,2026,453,345787,https://caspianoilgas.az/az/exhibitors-list/year/2026
expo-raw-001248,BLACKROCK ENERGY AND İNFRASTRUCTURE MMC,Azərbaycan,MEDİA,1C134,caspianoilgas,Caspian Oil & Gas,2026,453,,https://caspianoilgas.az/az/exhibitors-list/year/2026
expo-raw-001249,BUTA SUPPLY MMC,Azərbaycan,MEDİA,1C122,caspianoilgas,Caspian Oil & Gas,2026,453,314208,https://caspianoilgas.az/az/exhibitors-list/year/2026
expo-raw-001250,CASPIAN ROCK SOLUTIONS,Azərbaycan,MEDİA,1C102-1,caspianoilgas,Caspian Oil & Gas,2026,453,352616,https://caspianoilgas.az/az/exhibitors-list/year/2026
expo-raw-001251,CERTS PMC SERVICES LIMITED,Azərbaycan,MEDİA,2C054,caspianoilgas,Caspian Oil & Gas,2026,453,352543,https://caspianoilgas.az/az/exhibitors-list/year/2026
expo-raw-001252,DEEPSEA TECHNOLOGIES,Azərbaycan,MEDİA,1C014,caspianoilgas,Caspian Oil & Gas,2026,453,359729,https://caspianoilgas.az/az/exhibitors-list/year/2026
expo-raw-001253,ENERMUS QSC,Azərbaycan,MEDİA,1C060,caspianoilgas,Caspian Oil & Gas,2026,453,352460,https://caspianoilgas.az/az/exhibitors-list/year/2026
expo-raw-001254,«ELEKTRONSTANDART-PRIBOR-AZƏRBAYCAN» MMC,Azərbaycan,MEDİA,2C212,caspianoilgas,Caspian Oil & Gas,2026,453,352163,https://caspianoilgas.az/az/exhibitors-list/year/2026
expo-raw-001255,FREQAT MARİNE MMC,Azərbaycan,MEDİA,1C100,caspianoilgas,Caspian Oil & Gas,2026,453,7129,https://caspianoilgas.az/az/exhibitors-list/year/2026
expo-raw-001256,GREENWICH TRAVEL CLUB,Azərbaycan,MEDİA,-,caspianoilgas,Caspian Oil & Gas,2026,453,4816,https://caspianoilgas.az/az/exhibitors-list/year/2026
expo-raw-001257,HILTON GARDEN INN BAKU,Azərbaycan,MEDİA,-,caspianoilgas,Caspian Oil & Gas,2026,453,336561,https://caspianoilgas.az/az/exhibitors-list/year/2026
expo-raw-001258,IBIS BAKU CITY,Azərbaycan,MEDİA,-,caspianoilgas,Caspian Oil & Gas,2026,453,301276,https://caspianoilgas.az/az/exhibitors-list/year/2026
expo-raw-001259,ICSS MMC,Azərbaycan,MEDİA,1C008,caspianoilgas,Caspian Oil & Gas,2026,453,333772,https://caspianoilgas.az/az/exhibitors-list/year/2026
expo-raw-001260,IMEC MMC,Azərbaycan,MEDİA,2C220,caspianoilgas,Caspian Oil & Gas,2026,453,345841,https://caspianoilgas.az/az/exhibitors-list/year/2026
expo-raw-001261,IMOTORS MMC,Azərbaycan,MEDİA,-,caspianoilgas,Caspian Oil & Gas,2026,453,315102,https://caspianoilgas.az/az/exhibitors-list/year/2026
expo-raw-001262,ITECA CASPIAN,Azərbaycan,MEDİA,-,caspianoilgas,Caspian Oil & Gas,2026,453,,https://caspianoilgas.az/az/exhibitors-list/year/2026
expo-raw-001263,MEXANIKI TƏMIR ZAVODU MMC,Azərbaycan,MEDİA,2C056,caspianoilgas,Caspian Oil & Gas,2026,453,359617,https://caspianoilgas.az/az/exhibitors-list/year/2026
expo-raw-001264,MICROTECH,Azərbaycan,MEDİA,2C006,caspianoilgas,Caspian Oil & Gas,2026,453,352340,https://caspianoilgas.az/az/exhibitors-list/year/2026
expo-raw-001265,PAŞA BANK,Azərbaycan,MEDİA,-,caspianoilgas,Caspian Oil & Gas,2026,453,4714,https://caspianoilgas.az/az/exhibitors-list/year/2026
expo-raw-001266,RADİO ENERJİ 101.1 FM,Azərbaycan,MEDİA,-,caspianoilgas,Caspian Oil & Gas,2026,453,,https://caspianoilgas.az/az/exhibitors-list/year/2026
expo-raw-001267,RADİSSON HOTEL BAKU,Azərbaycan,MEDİA,-,caspianoilgas,Caspian Oil & Gas,2026,453,313569,https://caspianoilgas.az/az/exhibitors-list/year/2026
expo-raw-001268,REALGAZ,Azərbaycan,MEDİA,2С057,caspianoilgas,Caspian Oil & Gas,2026,453,359764,https://caspianoilgas.az/az/exhibitors-list/year/2026
expo-raw-001269,RETEMS LOGISTICS MMC,Azərbaycan,MEDİA,1C056,caspianoilgas,Caspian Oil & Gas,2026,453,310561,https://caspianoilgas.az/az/exhibitors-list/year/2026
expo-raw-001270,AZƏRBAYCAN RESPUBLİKASININ DÖVLƏT NEFT ŞİRKƏTİ (SOCAR),Azərbaycan,MEDİA,1C220,caspianoilgas,Caspian Oil & Gas,2026,453,4605,https://caspianoilgas.az/az/exhibitors-list/year/2026
expo-raw-001271,SOCAR KBR,Azərbaycan,MEDİA,1C016,caspianoilgas,Caspian Oil & Gas,2026,453,359681,https://caspianoilgas.az/az/exhibitors-list/year/2026
expo-raw-001272,SOCAR-FUGRO MMC,Azərbaycan,MEDİA,1C006,caspianoilgas,Caspian Oil & Gas,2026,453,324688,https://caspianoilgas.az/az/exhibitors-list/year/2026
expo-raw-001273,STP ŞIRKƏTLƏR QRUPU,Azərbaycan,MEDİA,2C120,caspianoilgas,Caspian Oil & Gas,2026,453,352830,https://caspianoilgas.az/az/exhibitors-list/year/2026
expo-raw-001274,TEST DATABASE,Azərbaycan,MEDİA,-,caspianoilgas,Caspian Oil & Gas,2026,453,324655,https://caspianoilgas.az/az/exhibitors-list/year/2026
expo-raw-001275,TÜRKIYƏ RESPUBLIKASININ ENERJI VƏ TƏBII SƏRVƏTLƏR NAZIRLIYI,Azərbaycan,MEDİA,-,caspianoilgas,Caspian Oil & Gas,2026,453,,https://caspianoilgas.az/az/exhibitors-list/year/2026
expo-raw-001276,ZE-TRONICS QSC,Azərbaycan,MEDİA,2C224,caspianoilgas,Caspian Oil & Gas,2026,453,352263,https://caspianoilgas.az/az/exhibitors-list/year/2026
expo-raw-001277,ƏLƏT AZAD İQİTSADİ ZONASI,Azərbaycan,MEDİA,1C332,caspianoilgas,Caspian Oil & Gas,2026,453,353017,https://caspianoilgas.az/az/exhibitors-list/year/2026
expo-raw-001278,TEST DATABASE,Azərbaycan,,-,caspianoilgas,Caspian Oil & Gas,2027,479,324655,https://caspianoilgas.az/az/exhibitors-list/year/2027
expo-raw-001279,TÜRKİYE PETROLLERİ AO,Azərbaycan,,-,caspianoilgas,Caspian Oil & Gas,2027,479,,https://caspianoilgas.az/az/exhibitors-list/year/2027
expo-raw-001280,AZƏRBAYCAN MEMARLAR İTTİFAQI,Azərbaycan,DƏSTƏK,B1018,securexcaspian,Securex Caspian,2019,185,5652,https://securexcaspian.az/az/exhibitors-list/year/2019
expo-raw-001281,AZƏRBAYCAN RESPUBLİKASI SAHİBKARLAR (İŞƏGÖTÜRƏNLƏR) TƏŞKİLATLARI MİLLİ KONFEDERASİYASI,Azərbaycan,DƏSTƏK,-,securexcaspian,Securex Caspian,2019,185,4292,https://securexcaspian.az/az/exhibitors-list/year/2019
expo-raw-001282,AZƏRBAYCAN RESPUBLİKASI SAHİBKARLAR (İŞƏGÖTÜRƏNLƏR) TƏŞKİLATLARI MİLLİ KONFEDERASİYASI,Azərbaycan,DƏSTƏK,B2062,securexcaspian,Securex Caspian,2019,185,4292,https://securexcaspian.az/az/exhibitors-list/year/2019
expo-raw-001283,AZƏRBAYCAN RESPUBLİKASININ KİÇİK VƏ ORTA BİZNESİN İNKİŞAFI AGENTLİYİ,Azərbaycan,DƏSTƏK,B2405,securexcaspian,Securex Caspian,2019,185,4316,https://securexcaspian.az/az/exhibitors-list/year/2019
expo-raw-001284,AZƏRBAYCAN RESPUBLİKASININ KİÇİK VƏ ORTA BİZNESİN İNKİŞAFI AGENTLİYİ,Azərbaycan,DƏSTƏK,-,securexcaspian,Securex Caspian,2019,185,4316,https://securexcaspian.az/az/exhibitors-list/year/2019
expo-raw-001285,AZƏRBAYCAN RESPUBLİKASININ MƏNZİL İNŞAATI DÖVLƏT AGENTLİYİ,Azərbaycan,DƏSTƏK,B1310,securexcaspian,Securex Caspian,2019,185,5653,https://securexcaspian.az/az/exhibitors-list/year/2019
expo-raw-001286,AZƏRBAYCAN RESPUBLİKASININ İXRACIN VƏ İNVESTİSİYALARIN TƏŞVİQİ AGENTLİYİ (AZPROMO),Azərbaycan,DƏSTƏK,-,securexcaspian,Securex Caspian,2019,185,4289,https://securexcaspian.az/az/exhibitors-list/year/2019
expo-raw-001287,AZƏRBAYCAN RESPUBLİKASININ İXRACIN VƏ İNVESTİSİYALARIN TƏŞVİQİ AGENTLİYİ (AZPROMO),Azərbaycan,DƏSTƏK,-,securexcaspian,Securex Caspian,2019,185,4289,https://securexcaspian.az/az/exhibitors-list/year/2019
expo-raw-001288,1 NEWS İNFORMASİYA AGENTLİYİ MMC,Azərbaycan,MEDİA,-,securexcaspian,Securex Caspian,2019,185,4265,https://securexcaspian.az/az/exhibitors-list/year/2019
expo-raw-001289,1 NEWS İNFORMASİYA AGENTLİYİ MMC,Azərbaycan,MEDİA,-,securexcaspian,Securex Caspian,2019,185,4265,https://securexcaspian.az/az/exhibitors-list/year/2019
expo-raw-001290,"ALO, HƏKİM JURNALI",Azərbaycan,MEDİA,P142,securexcaspian,Securex Caspian,2019,185,5457,https://securexcaspian.az/az/exhibitors-list/year/2019
expo-raw-001291,ARENDA.AZ MMC,Azərbaycan,MEDİA,P124,securexcaspian,Securex Caspian,2019,185,5864,https://securexcaspian.az/az/exhibitors-list/year/2019
expo-raw-001292,ASAN RADİO 100 FM,Azərbaycan,MEDİA,-,securexcaspian,Securex Caspian,2019,185,4258,https://securexcaspian.az/az/exhibitors-list/year/2019
expo-raw-001293,ASAN RADİO 100 FM,Azərbaycan,MEDİA,-,securexcaspian,Securex Caspian,2019,185,4258,https://securexcaspian.az/az/exhibitors-list/year/2019
expo-raw-001294,AZƏRTAC,Azərbaycan,MEDİA,-,securexcaspian,Securex Caspian,2019,185,4259,https://securexcaspian.az/az/exhibitors-list/year/2019
expo-raw-001295,AZƏRTAC,Azərbaycan,MEDİA,P112,securexcaspian,Securex Caspian,2019,185,4259,https://securexcaspian.az/az/exhibitors-list/year/2019
expo-raw-001296,BAKUCİTY.AZ,Azərbaycan,MEDİA,P114,securexcaspian,Securex Caspian,2019,185,4829,https://securexcaspian.az/az/exhibitors-list/year/2019
expo-raw-001297,BAKUCİTY.AZ,Azərbaycan,MEDİA,-,securexcaspian,Securex Caspian,2019,185,4829,https://securexcaspian.az/az/exhibitors-list/year/2019
expo-raw-001298,BAKUİNFORM.AZ İNFO PORTAL,Azərbaycan,MEDİA,-,securexcaspian,Securex Caspian,2019,185,4260,https://securexcaspian.az/az/exhibitors-list/year/2019
expo-raw-001299,BAKUİNFORM.AZ İNFO PORTAL,Azərbaycan,MEDİA,-,securexcaspian,Securex Caspian,2019,185,4260,https://securexcaspian.az/az/exhibitors-list/year/2019
expo-raw-001300,BIZNESINFO.AZ,Azərbaycan,MEDİA,-,securexcaspian,Securex Caspian,2019,185,4256,https://securexcaspian.az/az/exhibitors-list/year/2019
expo-raw-001301,BAGCAM.AZ,Azərbaycan,MEDİA,-,securexcaspian,Securex Caspian,2019,185,,https://securexcaspian.az/az/exhibitors-list/year/2019
expo-raw-001302,CASPIAN ENERGY CLUB,Azərbaycan,MEDİA,-,securexcaspian,Securex Caspian,2019,185,4932,https://securexcaspian.az/az/exhibitors-list/year/2019
expo-raw-001303,CASPIAN ENERGY INTERNATIONAL MEDIA GROUP,Azərbaycan,MEDİA,P138,securexcaspian,Securex Caspian,2019,185,4364,https://securexcaspian.az/az/exhibitors-list/year/2019
expo-raw-001304,CİTYLİFE.AZ,Azərbaycan,MEDİA,-,securexcaspian,Securex Caspian,2019,185,,https://securexcaspian.az/az/exhibitors-list/year/2019
expo-raw-001305,CİTYMAG.AZ,Azərbaycan,MEDİA,-,securexcaspian,Securex Caspian,2019,185,,https://securexcaspian.az/az/exhibitors-list/year/2019
expo-raw-001306,DASHİNMAZEMLAK.AZ,Azərbaycan,MEDİA,-,securexcaspian,Securex Caspian,2019,185,5862,https://securexcaspian.az/az/exhibitors-list/year/2019
expo-raw-001307,DİZEL.AZ,Azərbaycan,MEDİA,-,securexcaspian,Securex Caspian,2019,185,5280,https://securexcaspian.az/az/exhibitors-list/year/2019
expo-raw-001308,EMLAK.AZ,Azərbaycan,MEDİA,P132,securexcaspian,Securex Caspian,2019,185,5860,https://securexcaspian.az/az/exhibitors-list/year/2019
expo-raw-001309,EV VE İNTERYER JURNALI,Azərbaycan,MEDİA,-,securexcaspian,Securex Caspian,2019,185,5854,https://securexcaspian.az/az/exhibitors-list/year/2019
expo-raw-001310,FACEMARK.AZ,Azərbaycan,MEDİA,-,securexcaspian,Securex Caspian,2019,185,4261,https://securexcaspian.az/az/exhibitors-list/year/2019
expo-raw-001311,FACEMARK.AZ,Azərbaycan,MEDİA,-,securexcaspian,Securex Caspian,2019,185,4261,https://securexcaspian.az/az/exhibitors-list/year/2019
expo-raw-001312,FİNEKO AİA,Azərbaycan,MEDİA,-,securexcaspian,Securex Caspian,2019,185,4266,https://securexcaspian.az/az/exhibitors-list/year/2019
expo-raw-001313,FİNEKO AİA,Azərbaycan,MEDİA,-,securexcaspian,Securex Caspian,2019,185,4266,https://securexcaspian.az/az/exhibitors-list/year/2019
expo-raw-001314,KOMPASS AZƏRBAYCAN MMC,Azərbaycan,MEDİA,P140,securexcaspian,Securex Caspian,2019,185,4368,https://securexcaspian.az/az/exhibitors-list/year/2019
expo-raw-001315,KONSALTİNQ & BİZNES,Azərbaycan,MEDİA,P146,securexcaspian,Securex Caspian,2019,185,4365,https://securexcaspian.az/az/exhibitors-list/year/2019
expo-raw-001316,LALAFO.AZ,Azərbaycan,MEDİA,P122,securexcaspian,Securex Caspian,2019,185,4496,https://securexcaspian.az/az/exhibitors-list/year/2019
expo-raw-001317,MAKINA.AZ,Azərbaycan,MEDİA,-,securexcaspian,Securex Caspian,2019,185,5282,https://securexcaspian.az/az/exhibitors-list/year/2019
expo-raw-001318,MYVİDEO.AZ,Azərbaycan,MEDİA,-,securexcaspian,Securex Caspian,2019,185,4374,https://securexcaspian.az/az/exhibitors-list/year/2019
expo-raw-001319,NAVİGATOR.AZ,Azərbaycan,MEDİA,P118,securexcaspian,Securex Caspian,2019,185,,https://securexcaspian.az/az/exhibitors-list/year/2019
expo-raw-001320,RİELTOR.AZ,Azərbaycan,MEDİA,-,securexcaspian,Securex Caspian,2019,185,5859,https://securexcaspian.az/az/exhibitors-list/year/2019
expo-raw-001321,SALAMNEWS İNFORMASİYA AGENTLİYİ,Azərbaycan,MEDİA,-,securexcaspian,Securex Caspian,2019,185,4267,https://securexcaspian.az/az/exhibitors-list/year/2019
expo-raw-001322,SALAMNEWS İNFORMASİYA AGENTLİYİ,Azərbaycan,MEDİA,-,securexcaspian,Securex Caspian,2019,185,4267,https://securexcaspian.az/az/exhibitors-list/year/2019
expo-raw-001323,SANDIQÇA,Azərbaycan,MEDİA,P116,securexcaspian,Securex Caspian,2019,185,4409,https://securexcaspian.az/az/exhibitors-list/year/2019
expo-raw-001324,SPUTNİK AZƏRBAYCAN BEYNƏLXALQ İNFORMASİYA AGENTLİYİ VƏ RADİOSU,Azərbaycan,MEDİA,-,securexcaspian,Securex Caspian,2019,185,4269,https://securexcaspian.az/az/exhibitors-list/year/2019
expo-raw-001325,SPUTNİK AZƏRBAYCAN BEYNƏLXALQ İNFORMASİYA AGENTLİYİ VƏ RADİOSU,Azərbaycan,MEDİA,-,securexcaspian,Securex Caspian,2019,185,4269,https://securexcaspian.az/az/exhibitors-list/year/2019
expo-raw-001326,TEZEBİNA.AZ,Azərbaycan,MEDİA,P136,securexcaspian,Securex Caspian,2019,185,5856,https://securexcaspian.az/az/exhibitors-list/year/2019
expo-raw-001327,URBAN.AZ,Azərbaycan,MEDİA,-,securexcaspian,Securex Caspian,2019,185,4835,https://securexcaspian.az/az/exhibitors-list/year/2019
expo-raw-001328,VİDEO.AZ,Azərbaycan,MEDİA,-,securexcaspian,Securex Caspian,2019,185,4378,https://securexcaspian.az/az/exhibitors-list/year/2019
expo-raw-001329,YELLOWPAGES.AZ,Azərbaycan,MEDİA,P120,securexcaspian,Securex Caspian,2019,185,5339,https://securexcaspian.az/az/exhibitors-list/year/2019
expo-raw-001330,İTİCKET.AZ LLC,Azərbaycan,MEDİA,-,securexcaspian,Securex Caspian,2019,185,4373,https://securexcaspian.az/az/exhibitors-list/year/2019
expo-raw-001331,"BOULEVARD HOTEL BAKU, AUTOGRAPH COLLECTION",Azərbaycan,TƏRƏFDAŞLAR,-,securexcaspian,Securex Caspian,2019,185,4863,https://securexcaspian.az/az/exhibitors-list/year/2019
expo-raw-001332,"BOULEVARD HOTEL BAKU, AUTOGRAPH COLLECTION",Azərbaycan,TƏRƏFDAŞLAR,-,securexcaspian,Securex Caspian,2019,185,4863,https://securexcaspian.az/az/exhibitors-list/year/2019
expo-raw-001333,GILAN HOSPITALITY GROUP (QAFQAZ HOTELS & RESORTS),Azərbaycan,TƏRƏFDAŞLAR,-,securexcaspian,Securex Caspian,2019,185,4290,https://securexcaspian.az/az/exhibitors-list/year/2019
expo-raw-001334,GILAN HOSPITALITY GROUP (QAFQAZ HOTELS & RESORTS),Azərbaycan,TƏRƏFDAŞLAR,-,securexcaspian,Securex Caspian,2019,185,4290,https://securexcaspian.az/az/exhibitors-list/year/2019
expo-raw-001335,GREENWICH TRAVEL CLUB,Azərbaycan,TƏRƏFDAŞLAR,-,securexcaspian,Securex Caspian,2019,185,4816,https://securexcaspian.az/az/exhibitors-list/year/2019
expo-raw-001336,GREENWICH TRAVEL CLUB,Azərbaycan,TƏRƏFDAŞLAR,-,securexcaspian,Securex Caspian,2019,185,4816,https://securexcaspian.az/az/exhibitors-list/year/2019
expo-raw-001337,"INTOURIST HOTEL BAKU, AUTOGRAPH COLLECTION",Azərbaycan,TƏRƏFDAŞLAR,-,securexcaspian,Securex Caspian,2019,185,4874,https://securexcaspian.az/az/exhibitors-list/year/2019
expo-raw-001338,"INTOURIST HOTEL BAKU, AUTOGRAPH COLLECTION",Azərbaycan,TƏRƏFDAŞLAR,-,securexcaspian,Securex Caspian,2019,185,4874,https://securexcaspian.az/az/exhibitors-list/year/2019
expo-raw-001339,AGAH GROUP İNŞAAT ŞİRKƏTİ,Azərbaycan,TƏRƏFDAŞLAR,B1048,securexcaspian,Securex Caspian,2019,185,5950,https://securexcaspian.az/az/exhibitors-list/year/2019
expo-raw-001340,ARCHİ GLASS,Azərbaycan,TƏRƏFDAŞLAR,B1314,securexcaspian,Securex Caspian,2019,185,5729,https://securexcaspian.az/az/exhibitors-list/year/2019
expo-raw-001341,ARİS MMC,Azərbaycan,TƏRƏFDAŞLAR,A2066,securexcaspian,Securex Caspian,2019,185,5819,https://securexcaspian.az/az/exhibitors-list/year/2019
expo-raw-001342,ASSA ABLOY OPENİNG SOLUTİONS,Azərbaycan,TƏRƏFDAŞLAR,B1106,securexcaspian,Securex Caspian,2019,185,5640,https://securexcaspian.az/az/exhibitors-list/year/2019
expo-raw-001343,AZERTEXNOLAYN MMC,Azərbaycan,TƏRƏFDAŞLAR,A2218,securexcaspian,Securex Caspian,2019,185,4580,https://securexcaspian.az/az/exhibitors-list/year/2019
expo-raw-001344,AZGRAFT CONSTRUCTİON MMC,Azərbaycan,TƏRƏFDAŞLAR,A2134,securexcaspian,Securex Caspian,2019,185,5773,https://securexcaspian.az/az/exhibitors-list/year/2019
expo-raw-001345,AZROS-PL,Azərbaycan,TƏRƏFDAŞLAR,B1332,securexcaspian,Securex Caspian,2019,185,5521,https://securexcaspian.az/az/exhibitors-list/year/2019
expo-raw-001346,AZROS-PL,Azərbaycan,TƏRƏFDAŞLAR,B1332,securexcaspian,Securex Caspian,2019,185,5521,https://securexcaspian.az/az/exhibitors-list/year/2019
expo-raw-001347,BAKI İNŞAAT SƏNAYE ASC,Azərbaycan,TƏRƏFDAŞLAR,B1015,securexcaspian,Securex Caspian,2019,185,5876,https://securexcaspian.az/az/exhibitors-list/year/2019
expo-raw-001348,BAKI İNŞAAT İSGƏLƏ MMC,Azərbaycan,TƏRƏFDAŞLAR,B1109,securexcaspian,Securex Caspian,2019,185,5695,https://securexcaspian.az/az/exhibitors-list/year/2019
expo-raw-001349,CAHAN SƏNAYE KOMPLEKSİ,Azərbaycan,TƏRƏFDAŞLAR,A2210,securexcaspian,Securex Caspian,2019,185,5547,https://securexcaspian.az/az/exhibitors-list/year/2019
expo-raw-001350,CASPİAN ELEKTRİK,Azərbaycan,TƏRƏFDAŞLAR,B1306,securexcaspian,Securex Caspian,2019,185,5520,https://securexcaspian.az/az/exhibitors-list/year/2019
expo-raw-001351,CASPİNOX MMC - STAİNLESS STEEL,Azərbaycan,TƏRƏFDAŞLAR,B2206,securexcaspian,Securex Caspian,2019,185,5893,https://securexcaspian.az/az/exhibitors-list/year/2019
expo-raw-001352,EUROCLİMA MMC,Azərbaycan,TƏRƏFDAŞLAR,A2114,securexcaspian,Securex Caspian,2019,185,5675,https://securexcaspian.az/az/exhibitors-list/year/2019
expo-raw-001353,FAYTON LTD,Azərbaycan,TƏRƏFDAŞLAR,B2201,securexcaspian,Securex Caspian,2019,185,6010,https://securexcaspian.az/az/exhibitors-list/year/2019
expo-raw-001354,FENİX CONSTRUCTİON,Azərbaycan,TƏRƏFDAŞLAR,B1328,securexcaspian,Securex Caspian,2019,185,5610,https://securexcaspian.az/az/exhibitors-list/year/2019
expo-raw-001355,FÖVQƏLADƏ HALLAR NAZİRLİYİ. TİKİNTİDƏ TƏHLÜKƏSİZLİYƏ NƏZARƏT DÖVLƏT AGENTLİYİ S.Ə.DADAŞOV ADINA ETLKİMİ,Azərbaycan,TƏRƏFDAŞLAR,B1080,securexcaspian,Securex Caspian,2019,185,5697,https://securexcaspian.az/az/exhibitors-list/year/2019
expo-raw-001356,FƏXRƏDDİN - K MMC,Azərbaycan,TƏRƏFDAŞLAR,B1324,securexcaspian,Securex Caspian,2019,185,5523,https://securexcaspian.az/az/exhibitors-list/year/2019
expo-raw-001357,FƏXRƏDDİN - K MMC,Azərbaycan,TƏRƏFDAŞLAR,B1324,securexcaspian,Securex Caspian,2019,185,5523,https://securexcaspian.az/az/exhibitors-list/year/2019
expo-raw-001358,G-KOMPANİ,Azərbaycan,TƏRƏFDAŞLAR,B2100,securexcaspian,Securex Caspian,2019,185,5912,https://securexcaspian.az/az/exhibitors-list/year/2019
expo-raw-001359,GENPOWER - AZƏRBAYCAN,Azərbaycan,TƏRƏFDAŞLAR,B2302,securexcaspian,Securex Caspian,2019,185,5941,https://securexcaspian.az/az/exhibitors-list/year/2019
expo-raw-001360,GLOBAL SECURİTY SYSTEMS,Azərbaycan,TƏRƏFDAŞLAR,B1025,securexcaspian,Securex Caspian,2019,185,5872,https://securexcaspian.az/az/exhibitors-list/year/2019
expo-raw-001361,GİLAN HOLDİNG,Azərbaycan,TƏRƏFDAŞLAR,B1108,securexcaspian,Securex Caspian,2019,185,5189,https://securexcaspian.az/az/exhibitors-list/year/2019
expo-raw-001362,KENSİNGTON MMC,Azərbaycan,TƏRƏFDAŞLAR,B1224,securexcaspian,Securex Caspian,2019,185,5696,https://securexcaspian.az/az/exhibitors-list/year/2019
expo-raw-001363,KENSİNGTON MMC,Azərbaycan,TƏRƏFDAŞLAR,B1224,securexcaspian,Securex Caspian,2019,185,5696,https://securexcaspian.az/az/exhibitors-list/year/2019
expo-raw-001364,LEİSTER AZERBAİJAN,Azərbaycan,TƏRƏFDAŞLAR,A2084,securexcaspian,Securex Caspian,2019,185,5602,https://securexcaspian.az/az/exhibitors-list/year/2019
expo-raw-001365,NABUCCO A&C,Azərbaycan,TƏRƏFDAŞLAR,B1114,securexcaspian,Securex Caspian,2019,185,4654,https://securexcaspian.az/az/exhibitors-list/year/2019
expo-raw-001366,NB HOLDİNQ ASC,Azərbaycan,TƏRƏFDAŞLAR,B1122,securexcaspian,Securex Caspian,2019,185,5525,https://securexcaspian.az/az/exhibitors-list/year/2019
expo-raw-001367,NB HOLDİNQ ASC,Azərbaycan,TƏRƏFDAŞLAR,B1122,securexcaspian,Securex Caspian,2019,185,5525,https://securexcaspian.az/az/exhibitors-list/year/2019
expo-raw-001368,NYUKOND MMC,Azərbaycan,TƏRƏFDAŞLAR,A2130/A2226,securexcaspian,Securex Caspian,2019,185,5538,https://securexcaspian.az/az/exhibitors-list/year/2019
expo-raw-001369,PANDA BOYA,Azərbaycan,TƏRƏFDAŞLAR,B1222,securexcaspian,Securex Caspian,2019,185,5617,https://securexcaspian.az/az/exhibitors-list/year/2019
expo-raw-001370,PANDA BOYA,Azərbaycan,TƏRƏFDAŞLAR,B1222,securexcaspian,Securex Caspian,2019,185,5617,https://securexcaspian.az/az/exhibitors-list/year/2019
expo-raw-001371,POLİMART MMC,Azərbaycan,TƏRƏFDAŞLAR,A2086,securexcaspian,Securex Caspian,2019,185,4604,https://securexcaspian.az/az/exhibitors-list/year/2019
expo-raw-001372,QAZAX SEMENT ZAVODU MMC,Azərbaycan,TƏRƏFDAŞLAR,B1318,securexcaspian,Securex Caspian,2019,185,5700,https://securexcaspian.az/az/exhibitors-list/year/2019
expo-raw-001373,SABKOND-HVAC,Azərbaycan,TƏRƏFDAŞLAR,A2112,securexcaspian,Securex Caspian,2019,185,5539,https://securexcaspian.az/az/exhibitors-list/year/2019
expo-raw-001374,SAVALAN GROUP MMC,Azərbaycan,TƏRƏFDAŞLAR,A2132,securexcaspian,Securex Caspian,2019,185,5821,https://securexcaspian.az/az/exhibitors-list/year/2019
expo-raw-001375,TALEH-İ MMC,Azərbaycan,TƏRƏFDAŞLAR,B1208,securexcaspian,Securex Caspian,2019,185,5526,https://securexcaspian.az/az/exhibitors-list/year/2019
expo-raw-001376,TALEH-İ MMC,Azərbaycan,TƏRƏFDAŞLAR,B1208,securexcaspian,Securex Caspian,2019,185,5526,https://securexcaspian.az/az/exhibitors-list/year/2019
expo-raw-001377,TOPDAN VƏ PƏRAKƏNDƏ TİCARƏT MMC,Azərbaycan,TƏRƏFDAŞLAR,M1062,securexcaspian,Securex Caspian,2019,185,5748,https://securexcaspian.az/az/exhibitors-list/year/2019
expo-raw-001378,UNİVERSAL PRO,Azərbaycan,TƏRƏFDAŞLAR,B1212,securexcaspian,Securex Caspian,2019,185,5590,https://securexcaspian.az/az/exhibitors-list/year/2019
expo-raw-001379,UNİVERSAL PRO,Azərbaycan,TƏRƏFDAŞLAR,B1212,securexcaspian,Securex Caspian,2019,185,5590,https://securexcaspian.az/az/exhibitors-list/year/2019
expo-raw-001380,VENKA TEKNİK,Azərbaycan,TƏRƏFDAŞLAR,A2120,securexcaspian,Securex Caspian,2019,185,5540,https://securexcaspian.az/az/exhibitors-list/year/2019
expo-raw-001381,WILO SE,Azərbaycan,TƏRƏFDAŞLAR,A2090,securexcaspian,Securex Caspian,2019,185,6008,https://securexcaspian.az/az/exhibitors-list/year/2019
expo-raw-001382,YUSİ KO,Azərbaycan,TƏRƏFDAŞLAR,A2122,securexcaspian,Securex Caspian,2019,185,5541,https://securexcaspian.az/az/exhibitors-list/year/2019
expo-raw-001383,1 NEWS İNFORMASİYA AGENTLİYİ MMC,Azərbaycan,MEDİA,-,securexcaspian,Securex Caspian,2022,209,4265,https://securexcaspian.az/az/exhibitors-list/year/2022
expo-raw-001384,1 NEWS İNFORMASİYA AGENTLİYİ MMC,Azərbaycan,MEDİA,-,securexcaspian,Securex Caspian,2022,209,,https://securexcaspian.az/az/exhibitors-list/year/2022
expo-raw-001385,ALP XƏBƏR,Azərbaycan,MEDİA,-,securexcaspian,Securex Caspian,2022,209,7530,https://securexcaspian.az/az/exhibitors-list/year/2022
expo-raw-001386,ALP XƏBƏR,Azərbaycan,MEDİA,-,securexcaspian,Securex Caspian,2022,209,7530,https://securexcaspian.az/az/exhibitors-list/year/2022
expo-raw-001387,APA GROUP,Azərbaycan,MEDİA,-,securexcaspian,Securex Caspian,2022,209,4257,https://securexcaspian.az/az/exhibitors-list/year/2022
expo-raw-001388,APA GROUP,Azərbaycan,MEDİA,-,securexcaspian,Securex Caspian,2022,209,4257,https://securexcaspian.az/az/exhibitors-list/year/2022
expo-raw-001389,ASAN RADİO 100 FM,Azərbaycan,MEDİA,-,securexcaspian,Securex Caspian,2022,209,,https://securexcaspian.az/az/exhibitors-list/year/2022
expo-raw-001390,AZERBAİJAN TODAY SAYTI,Azərbaycan,MEDİA,-,securexcaspian,Securex Caspian,2022,209,7454,https://securexcaspian.az/az/exhibitors-list/year/2022
expo-raw-001391,AZERBAİJAN TODAY SAYTI,Azərbaycan,MEDİA,-,securexcaspian,Securex Caspian,2022,209,7454,https://securexcaspian.az/az/exhibitors-list/year/2022
expo-raw-001392,CBC AZƏRBAYCАN,Azərbaycan,MEDİA,P118,securexcaspian,Securex Caspian,2022,209,7622,https://securexcaspian.az/az/exhibitors-list/year/2022
expo-raw-001393,FİNEKO AİA,Azərbaycan,MEDİA,-,securexcaspian,Securex Caspian,2022,209,4266,https://securexcaspian.az/az/exhibitors-list/year/2022
expo-raw-001394,REAL TV,Azərbaycan,MEDİA,P112,securexcaspian,Securex Caspian,2022,209,7450,https://securexcaspian.az/az/exhibitors-list/year/2022
expo-raw-001395,REAL TV,Azərbaycan,MEDİA,-,securexcaspian,Securex Caspian,2022,209,7450,https://securexcaspian.az/az/exhibitors-list/year/2022
expo-raw-001396,NAVİGATOR.AZ,Azərbaycan,MEDİA,-,securexcaspian,Securex Caspian,2022,209,,https://securexcaspian.az/az/exhibitors-list/year/2022
expo-raw-001397,POLİQON JURNALI,Azərbaycan,MEDİA,-,securexcaspian,Securex Caspian,2022,209,7449,https://securexcaspian.az/az/exhibitors-list/year/2022
expo-raw-001398,POLİQON JURNALI,Azərbaycan,MEDİA,P114,securexcaspian,Securex Caspian,2022,209,7449,https://securexcaspian.az/az/exhibitors-list/year/2022
expo-raw-001399,SALAMNEWS İNFORMASİYA AGENTLİYİ,Azərbaycan,MEDİA,-,securexcaspian,Securex Caspian,2022,209,4267,https://securexcaspian.az/az/exhibitors-list/year/2022
expo-raw-001400,SALAMNEWS İNFORMASİYA AGENTLİYİ,Azərbaycan,MEDİA,-,securexcaspian,Securex Caspian,2022,209,4267,https://securexcaspian.az/az/exhibitors-list/year/2022
expo-raw-001401,TURKİSH DEFENCE INDUSTRY XƏBƏR SAYTI,Azərbaycan,MEDİA,-,securexcaspian,Securex Caspian,2022,209,7444,https://securexcaspian.az/az/exhibitors-list/year/2022
expo-raw-001402,A2Z TECHNOLOGIES QSC,Azərbaycan,MEDİA,A3104,securexcaspian,Securex Caspian,2022,209,,https://securexcaspian.az/az/exhibitors-list/year/2022
expo-raw-001403,A2Z TECHNOLOGIES QSC,Azərbaycan,MEDİA,A3104,securexcaspian,Securex Caspian,2022,209,6981,https://securexcaspian.az/az/exhibitors-list/year/2022
expo-raw-001404,AQREQAT İSTEHSALAT BİRLİYİ,Azərbaycan,MEDİA,A3202-2,securexcaspian,Securex Caspian,2022,209,6426,https://securexcaspian.az/az/exhibitors-list/year/2022
expo-raw-001405,AZƏRBAYCAN HƏRB TARİXİ MUZEYİ,Azərbaycan,MEDİA,-,securexcaspian,Securex Caspian,2022,209,7580,https://securexcaspian.az/az/exhibitors-list/year/2022
expo-raw-001406,AZƏRBAYCAN RESPUBLİKASI MÜDAFİƏ SƏNAYESİ NAZİRLİYİ,Azərbaycan,MEDİA,A1106/A3202/A4002,securexcaspian,Securex Caspian,2022,209,6031,https://securexcaspian.az/az/exhibitors-list/year/2022
expo-raw-001407,AZƏRBAYCAN RESPUBLİKASININ KOSMİK AGENTLİYİ (AZƏRKOSMOS),Azərbaycan,MEDİA,A1008,securexcaspian,Securex Caspian,2022,209,7525,https://securexcaspian.az/az/exhibitors-list/year/2022
expo-raw-001408,AZƏRBAYCAN RESPUBLİKASININ MİNATƏMİZLƏMƏ AGENTLİYİ (ANAMA),Azərbaycan,MEDİA,A2054,securexcaspian,Securex Caspian,2022,209,6562,https://securexcaspian.az/az/exhibitors-list/year/2022
expo-raw-001409,AZƏRSUN HOLDİNQ MMC,Azərbaycan,MEDİA,A2051,securexcaspian,Securex Caspian,2022,209,6049,https://securexcaspian.az/az/exhibitors-list/year/2022
expo-raw-001410,BEETALKER GMBH,Azərbaycan,MEDİA,S1044,securexcaspian,Securex Caspian,2022,209,7531,https://securexcaspian.az/az/exhibitors-list/year/2022
expo-raw-001411,CİHAZ ISTEHSALAT BİRLİYİ,Azərbaycan,MEDİA,A3202-3,securexcaspian,Securex Caspian,2022,209,6421,https://securexcaspian.az/az/exhibitors-list/year/2022
expo-raw-001412,DISTECHSOL MMC,Azərbaycan,MEDİA,S2030,securexcaspian,Securex Caspian,2022,209,7354,https://securexcaspian.az/az/exhibitors-list/year/2022
expo-raw-001413,GREENWICH TRAVEL CLUB,Azərbaycan,MEDİA,-,securexcaspian,Securex Caspian,2022,209,4816,https://securexcaspian.az/az/exhibitors-list/year/2022
expo-raw-001414,GREENWICH TRAVEL CLUB,Azərbaycan,MEDİA,-,securexcaspian,Securex Caspian,2022,209,4816,https://securexcaspian.az/az/exhibitors-list/year/2022
expo-raw-001415,HAVA HÜCUMUNDAN MÜDAFİƏ SİLAHLARININ VƏ HƏRBİ TEXNİKALARININ SERVİS XİDMƏTİ MMC,Azərbaycan,MEDİA,A4014,securexcaspian,Securex Caspian,2022,209,6025,https://securexcaspian.az/az/exhibitors-list/year/2022
expo-raw-001416,HIKVISION AZERBAIJAN MMC,Azərbaycan,MEDİA,S1006,securexcaspian,Securex Caspian,2022,209,6966,https://securexcaspian.az/az/exhibitors-list/year/2022
expo-raw-001417,HILTON BAKU,Azərbaycan,MEDİA,-,securexcaspian,Securex Caspian,2022,209,7045,https://securexcaspian.az/az/exhibitors-list/year/2022
expo-raw-001418,HILTON BAKU,Azərbaycan,MEDİA,-,securexcaspian,Securex Caspian,2022,209,7045,https://securexcaspian.az/az/exhibitors-list/year/2022
expo-raw-001419,IMPROTEX INDUSTRIES MMC,Azərbaycan,MEDİA,A2410,securexcaspian,Securex Caspian,2022,209,4710,https://securexcaspian.az/az/exhibitors-list/year/2022
expo-raw-001420,MÜDAFİƏ SƏNAYESİ NAZİRLİYİNİN ELMİ-TƏDQİQAT İNSTİTUTU,Azərbaycan,MEDİA,A3202-5,securexcaspian,Securex Caspian,2022,209,6923,https://securexcaspian.az/az/exhibitors-list/year/2022
expo-raw-001421,MİLLİ AEROKOSMİK AGENTLİYİ (MAKA),Azərbaycan,MEDİA,A3202-6,securexcaspian,Securex Caspian,2022,209,6924,https://securexcaspian.az/az/exhibitors-list/year/2022
expo-raw-001422,MƏRKƏZİ TƏMİNAT VƏ MARKETİNQ İDARƏSİ,Azərbaycan,MEDİA,A1106-1,securexcaspian,Securex Caspian,2022,209,,https://securexcaspian.az/az/exhibitors-list/year/2022
expo-raw-001423,OPTİKA-MEXANİKA İSTEHSALAT BİRLİYİ,Azərbaycan,MEDİA,A3202-1,securexcaspian,Securex Caspian,2022,209,6922,https://securexcaspian.az/az/exhibitors-list/year/2022
expo-raw-001424,SAKURAZ MMC,Azərbaycan,MEDİA,S1005,securexcaspian,Securex Caspian,2022,209,6948,https://securexcaspian.az/az/exhibitors-list/year/2022
expo-raw-001425,SMART SECURITY MMC,Azərbaycan,MEDİA,S2036,securexcaspian,Securex Caspian,2022,209,6952,https://securexcaspian.az/az/exhibitors-list/year/2022
expo-raw-001426,SMART STYLE MMC,Azərbaycan,MEDİA,A2008,securexcaspian,Securex Caspian,2022,209,6460,https://securexcaspian.az/az/exhibitors-list/year/2022
expo-raw-001427,SYNAPLİNE TECHNOLOGİES LLC,Azərbaycan,MEDİA,A2112-2,securexcaspian,Securex Caspian,2022,209,7495,https://securexcaspian.az/az/exhibitors-list/year/2022
expo-raw-001428,VITTA ELMİ-TEXNİKİ MMC,Azərbaycan,MEDİA,A2112,securexcaspian,Securex Caspian,2022,209,6210,https://securexcaspian.az/az/exhibitors-list/year/2022
expo-raw-001429,ZKTECO AZERBAİJAN,Azərbaycan,MEDİA,-,securexcaspian,Securex Caspian,2022,209,7344,https://securexcaspian.az/az/exhibitors-list/year/2022
expo-raw-001430,ÜFÜQ İSTEHSALAT BİRLİYİ,Azərbaycan,MEDİA,A3202-4,securexcaspian,Securex Caspian,2022,209,6427,https://securexcaspian.az/az/exhibitors-list/year/2022
expo-raw-001431,ŞƏRQ İSTEHSALAT BİRLİYİ,Azərbaycan,MEDİA,A3202-7,securexcaspian,Securex Caspian,2022,209,6422,https://securexcaspian.az/az/exhibitors-list/year/2022
expo-raw-001432,“CASPİAN” YÜK DAŞIMA XİDMƏTLƏRİ,Azərbaycan,MEDİA,-,securexcaspian,Securex Caspian,2022,209,,https://securexcaspian.az/az/exhibitors-list/year/2022
expo-raw-001433,ALP.AZ,Azərbaycan,MEDİA,-,securexcaspian,Securex Caspian,2024,358,,https://securexcaspian.az/az/exhibitors-list/year/2024
expo-raw-001434,ASAN RADİO 100 FM,Azərbaycan,MEDİA,-,securexcaspian,Securex Caspian,2024,358,4258,https://securexcaspian.az/az/exhibitors-list/year/2024
expo-raw-001435,ASAN RADİO 100 FM,Azərbaycan,MEDİA,-,securexcaspian,Securex Caspian,2024,358,4258,https://securexcaspian.az/az/exhibitors-list/year/2024
expo-raw-001436,AZƏRTAC,Azərbaycan,MEDİA,-,securexcaspian,Securex Caspian,2024,358,4259,https://securexcaspian.az/az/exhibitors-list/year/2024
expo-raw-001437,BUSİNESS TİME JURNALI,Azərbaycan,MEDİA,-,securexcaspian,Securex Caspian,2024,358,273808,https://securexcaspian.az/az/exhibitors-list/year/2024
expo-raw-001438,CASPIAN ENERGY CLUB,Azərbaycan,MEDİA,-,securexcaspian,Securex Caspian,2024,358,4932,https://securexcaspian.az/az/exhibitors-list/year/2024
expo-raw-001439,FIRST NEWS İNFORMASİYA AGENTLİYİ MMC,Azərbaycan,MEDİA,-,securexcaspian,Securex Caspian,2024,358,4265,https://securexcaspian.az/az/exhibitors-list/year/2024
expo-raw-001440,FİNEKO AİA,Azərbaycan,MEDİA,-,securexcaspian,Securex Caspian,2024,358,4266,https://securexcaspian.az/az/exhibitors-list/year/2024
expo-raw-001441,POLİQON JURNALI,Azərbaycan,MEDİA,5M013,securexcaspian,Securex Caspian,2024,358,7449,https://securexcaspian.az/az/exhibitors-list/year/2024
expo-raw-001442,ASELSAN,Azərbaycan,MEDİA,6A523,securexcaspian,Securex Caspian,2024,358,,https://securexcaspian.az/az/exhibitors-list/year/2024
expo-raw-001443,"""AZƏRSILAH"" MÜDAFIƏ SƏNAYESI HOLDINQI - QAPALI SƏHMDAR CƏMIYYƏTI",Azərbaycan,MEDİA,1A120,securexcaspian,Securex Caspian,2024,358,,https://securexcaspian.az/az/exhibitors-list/year/2024
expo-raw-001444,"""AZƏRSILAH"" MÜDAFIƏ SƏNAYESI HOLDINQI - QAPALI SƏHMDAR CƏMIYYƏTI",Azərbaycan,MEDİA,6A500,securexcaspian,Securex Caspian,2024,358,,https://securexcaspian.az/az/exhibitors-list/year/2024
expo-raw-001445,"""AZƏRSILAH"" MÜDAFIƏ SƏNAYESI HOLDINQI - QAPALI SƏHMDAR CƏMIYYƏTI",Azərbaycan,MEDİA,3A130,securexcaspian,Securex Caspian,2024,358,,https://securexcaspian.az/az/exhibitors-list/year/2024
expo-raw-001446,"""Q-STP"" MMC",Azərbaycan,MEDİA,2A230,securexcaspian,Securex Caspian,2024,358,310577,https://securexcaspian.az/az/exhibitors-list/year/2024
expo-raw-001447,3E AZERBAIJAN LLC,Azərbaycan,MEDİA,3A011,securexcaspian,Securex Caspian,2024,358,,https://securexcaspian.az/az/exhibitors-list/year/2024
expo-raw-001448,ADT GROUP,Azərbaycan,MEDİA,4A012,securexcaspian,Securex Caspian,2024,358,,https://securexcaspian.az/az/exhibitors-list/year/2024
expo-raw-001449,AE UNİON MMC,Azərbaycan,MEDİA,4S021,securexcaspian,Securex Caspian,2024,358,,https://securexcaspian.az/az/exhibitors-list/year/2024
expo-raw-001450,APA GROUP,Azərbaycan,MEDİA,-,securexcaspian,Securex Caspian,2024,358,,https://securexcaspian.az/az/exhibitors-list/year/2024
expo-raw-001451,AZ TV,Azərbaycan,MEDİA,5M014,securexcaspian,Securex Caspian,2024,358,325185,https://securexcaspian.az/az/exhibitors-list/year/2024
expo-raw-001452,AZEXPOMONTAGE,Azərbaycan,MEDİA,-,securexcaspian,Securex Caspian,2024,358,4283,https://securexcaspian.az/az/exhibitors-list/year/2024
expo-raw-001453,AZƏRBAYCAN RESPUBLIKASININ MÜDAFİƏ NAZIRLIYI,Azərbaycan,MEDİA,4A110,securexcaspian,Securex Caspian,2024,358,,https://securexcaspian.az/az/exhibitors-list/year/2024
expo-raw-001454,AZƏRBAYCAN RESPUBLIKASININ MÜDAFİƏ NAZIRLIYI,Azərbaycan,MEDİA,6A526,securexcaspian,Securex Caspian,2024,358,,https://securexcaspian.az/az/exhibitors-list/year/2024
expo-raw-001455,AZƏRBAYCAN RESPUBLİKASI XÜSUSİ RABİTƏ VƏ İNFORMASİYA TƏHLÜKƏSİZLİYİ DÖVLƏT XİDMƏTİ,Azərbaycan,MEDİA,3S006,securexcaspian,Securex Caspian,2024,358,,https://securexcaspian.az/az/exhibitors-list/year/2024
expo-raw-001456,AZƏRBAYCAN RESPUBLİKASININ KOSMİK AGENTLİYİ (AZƏRKOSMOS),Azərbaycan,MEDİA,1A006,securexcaspian,Securex Caspian,2024,358,7525,https://securexcaspian.az/az/exhibitors-list/year/2024
expo-raw-001457,AZƏRBAYCAN RESPUBLİKASININ MİNATƏMİZLƏMƏ AGENTLİYİ (ANAMA),Azərbaycan,MEDİA,2A002,securexcaspian,Securex Caspian,2024,358,324710,https://securexcaspian.az/az/exhibitors-list/year/2024
expo-raw-001458,AZƏRSUN,Azərbaycan,MEDİA,-,securexcaspian,Securex Caspian,2024,358,,https://securexcaspian.az/az/exhibitors-list/year/2024
expo-raw-001459,AZƏRBAYCAN RESPUBLIKASI MÜDAFIƏ NAZIRLIYI,Azərbaycan,MEDİA,4A210,securexcaspian,Securex Caspian,2024,358,,https://securexcaspian.az/az/exhibitors-list/year/2024
expo-raw-001460,AZƏRBAYCAN RESPUBLIKASININ MÜDAFIƏ SƏNAYESI NAZIRLIYI,Azərbaycan,MEDİA,3A010,securexcaspian,Securex Caspian,2024,358,,https://securexcaspian.az/az/exhibitors-list/year/2024
expo-raw-001461,BAFCO,Azərbaycan,MEDİA,4A022-1,securexcaspian,Securex Caspian,2024,358,326314,https://securexcaspian.az/az/exhibitors-list/year/2024
expo-raw-001462,BAKI AYAQQABI FABRİKİ ASC,Azərbaycan,MEDİA,4A015,securexcaspian,Securex Caspian,2024,358,325253,https://securexcaspian.az/az/exhibitors-list/year/2024
expo-raw-001463,BAKU EXPO CENTER,Azərbaycan,MEDİA,-,securexcaspian,Securex Caspian,2024,358,,https://securexcaspian.az/az/exhibitors-list/year/2024
expo-raw-001464,BIMEXTECH,Azərbaycan,MEDİA,2A041,securexcaspian,Securex Caspian,2024,358,324721,https://securexcaspian.az/az/exhibitors-list/year/2024
expo-raw-001465,DAHUA TECHNOLOGY AZERBAIJAN,Azərbaycan,MEDİA,1A004,securexcaspian,Securex Caspian,2024,358,310844,https://securexcaspian.az/az/exhibitors-list/year/2024
expo-raw-001466,DEFENCE STAR,Azərbaycan,MEDİA,-,securexcaspian,Securex Caspian,2024,358,,https://securexcaspian.az/az/exhibitors-list/year/2024
expo-raw-001467,DISTECHSOL MMC,Azərbaycan,MEDİA,2S034,securexcaspian,Securex Caspian,2024,358,310148,https://securexcaspian.az/az/exhibitors-list/year/2024
expo-raw-001468,FNK SERVICES AND CONSULTING LLC,Azərbaycan,MEDİA,-,securexcaspian,Securex Caspian,2024,358,,https://securexcaspian.az/az/exhibitors-list/year/2024
expo-raw-001469,FNK SERVICES AND CONSULTING LLC,Azərbaycan,MEDİA,-,securexcaspian,Securex Caspian,2024,358,,https://securexcaspian.az/az/exhibitors-list/year/2024
expo-raw-001470,GREENWICH TRAVEL CLUB,Azərbaycan,MEDİA,-,securexcaspian,Securex Caspian,2024,358,4816,https://securexcaspian.az/az/exhibitors-list/year/2024
expo-raw-001471,GROUND TECHNICAL SUPPORT,Azərbaycan,MEDİA,1А003-1,securexcaspian,Securex Caspian,2024,358,324911,https://securexcaspian.az/az/exhibitors-list/year/2024
expo-raw-001472,GİLTEX MMC,Azərbaycan,MEDİA,4A022,securexcaspian,Securex Caspian,2024,358,325287,https://securexcaspian.az/az/exhibitors-list/year/2024
expo-raw-001473,HIKVISION AZERBAIJAN MMC,Azərbaycan,MEDİA,1A152,securexcaspian,Securex Caspian,2024,358,6966,https://securexcaspian.az/az/exhibitors-list/year/2024
expo-raw-001474,I LOVE BAKU,Azərbaycan,MEDİA,-,securexcaspian,Securex Caspian,2024,358,,https://securexcaspian.az/az/exhibitors-list/year/2024
expo-raw-001475,IBIS BAKU CITY,Azərbaycan,MEDİA,-,securexcaspian,Securex Caspian,2024,358,301276,https://securexcaspian.az/az/exhibitors-list/year/2024
expo-raw-001476,IMPROTEX INDUSTRIES MMC,Azərbaycan,MEDİA,2A450,securexcaspian,Securex Caspian,2024,358,4710,https://securexcaspian.az/az/exhibitors-list/year/2024
expo-raw-001477,OTTIMO TOOLS AND TECHNOLOGIES MMC,Azərbaycan,MEDİA,5A009,securexcaspian,Securex Caspian,2024,358,324875,https://securexcaspian.az/az/exhibitors-list/year/2024
expo-raw-001478,RADISSON HOTEL BAKU,Azərbaycan,MEDİA,-,securexcaspian,Securex Caspian,2024,358,,https://securexcaspian.az/az/exhibitors-list/year/2024
expo-raw-001479,SUMQAYIT TECHNOLOGIES PARK,Azərbaycan,MEDİA,2A330,securexcaspian,Securex Caspian,2024,358,324778,https://securexcaspian.az/az/exhibitors-list/year/2024
expo-raw-001480,SUMQAYIT TEXNOLOGİYALAR PARKI MMC,Azərbaycan,MEDİA,6A514,securexcaspian,Securex Caspian,2024,358,311817,https://securexcaspian.az/az/exhibitors-list/year/2024
expo-raw-001481,TAM ADVISORY,Azərbaycan,MEDİA,-,securexcaspian,Securex Caspian,2024,358,,https://securexcaspian.az/az/exhibitors-list/year/2024
expo-raw-001482,TECHNOIL MMC,Azərbaycan,MEDİA,2A030,securexcaspian,Securex Caspian,2024,358,310696,https://securexcaspian.az/az/exhibitors-list/year/2024
expo-raw-001483,VİTTA ELMİ-TEXNİKİ MMC,Azərbaycan,MEDİA,1A043,securexcaspian,Securex Caspian,2024,358,313736,https://securexcaspian.az/az/exhibitors-list/year/2024
expo-raw-001484,XÜSUSİ RABİTƏ VƏ İNFORMASİYA TƏHLÜKƏSİZLİYİ DÖVLƏT XİDMƏTİ,Azərbaycan,MEDİA,-,securexcaspian,Securex Caspian,2024,358,,https://securexcaspian.az/az/exhibitors-list/year/2024
expo-raw-001485,“ATƏŞGAH” SIĞORTA ŞIRKƏTI ASC,Azərbaycan,MEDİA,-,securexcaspian,Securex Caspian,2024,358,,https://securexcaspian.az/az/exhibitors-list/year/2024
expo-raw-001486,“CASPIAN” YÜK DAŞIMA XIDMƏTLƏRI,Azərbaycan,MEDİA,-,securexcaspian,Securex Caspian,2024,358,,https://securexcaspian.az/az/exhibitors-list/year/2024
expo-raw-001487,"""RD SMART"" QAPALI SAHMDAR CAMIYYATI",Azərbaycan,,-,securexcaspian,Securex Caspian,2026,438,,https://securexcaspian.az/az/exhibitors-list/year/2026
expo-raw-001488,4IG SPACE AND DEFENCE TECHNOLOGIES PLC.,Azərbaycan,,-,securexcaspian,Securex Caspian,2026,438,,https://securexcaspian.az/az/exhibitors-list/year/2026
expo-raw-001489,ABSHERON HOTEL GROUP,Azərbaycan,,-,securexcaspian,Securex Caspian,2026,438,,https://securexcaspian.az/az/exhibitors-list/year/2026
expo-raw-001490,ABSHERON HOTEL GROUP,Azərbaycan,,-,securexcaspian,Securex Caspian,2026,438,,https://securexcaspian.az/az/exhibitors-list/year/2026
expo-raw-001491,AZ-TEX-İMPORT MMC,Azərbaycan,,-,securexcaspian,Securex Caspian,2026,438,353135,https://securexcaspian.az/az/exhibitors-list/year/2026
expo-raw-001492,AZEL SYSTEMS,Azərbaycan,,-,securexcaspian,Securex Caspian,2026,438,,https://securexcaspian.az/az/exhibitors-list/year/2026
expo-raw-001493,AZƏRBAYCAN RESPUBLİKASI MÜDAFİƏ SƏNAYESİ NAZİRLİYİ,Azərbaycan,,-,securexcaspian,Securex Caspian,2026,438,6031,https://securexcaspian.az/az/exhibitors-list/year/2026
expo-raw-001494,AZƏRBAYCAN RESPUBLİKASININ MİNATƏMİZLƏMƏ AGENTLİYİ (ANAMA),Azərbaycan,,-,securexcaspian,Securex Caspian,2026,438,352754,https://securexcaspian.az/az/exhibitors-list/year/2026
expo-raw-001495,BILBORD.AL,Azərbaycan,,-,securexcaspian,Securex Caspian,2026,438,345787,https://securexcaspian.az/az/exhibitors-list/year/2026
expo-raw-001496,BILBORD.AL,Azərbaycan,,-,securexcaspian,Securex Caspian,2026,438,345787,https://securexcaspian.az/az/exhibitors-list/year/2026
expo-raw-001497,BIMEXTECH,Azərbaycan,,-,securexcaspian,Securex Caspian,2026,438,352317,https://securexcaspian.az/az/exhibitors-list/year/2026
expo-raw-001498,CASPIAN EVENT ORGANISERS,Azərbaycan,,A212,securexcaspian,Securex Caspian,2026,438,352861,https://securexcaspian.az/az/exhibitors-list/year/2026
expo-raw-001499,HILTON GARDEN INN BAKU,Azərbaycan,,-,securexcaspian,Securex Caspian,2026,438,336561,https://securexcaspian.az/az/exhibitors-list/year/2026
expo-raw-001500,IBIS BAKU CITY,Azərbaycan,,-,securexcaspian,Securex Caspian,2026,438,301276,https://securexcaspian.az/az/exhibitors-list/year/2026
expo-raw-001501,ITX MOTORS,Azərbaycan,,-,securexcaspian,Securex Caspian,2026,438,352401,https://securexcaspian.az/az/exhibitors-list/year/2026
expo-raw-001502,KFA FUARCILIK,Azərbaycan,,-,securexcaspian,Securex Caspian,2026,438,,https://securexcaspian.az/az/exhibitors-list/year/2026
expo-raw-001503,MAKINE VE KIMYA ENDUSTRISI,Azərbaycan,,-,securexcaspian,Securex Caspian,2026,438,,https://securexcaspian.az/az/exhibitors-list/year/2026
expo-raw-001504,MEGASEC LLC,Azərbaycan,,-,securexcaspian,Securex Caspian,2026,438,352936,https://securexcaspian.az/az/exhibitors-list/year/2026
expo-raw-001505,RADİSSON HOTEL BAKU,Azərbaycan,,-,securexcaspian,Securex Caspian,2026,438,313569,https://securexcaspian.az/az/exhibitors-list/year/2026
expo-raw-001506,RD SMART ASC,Azərbaycan,,-,securexcaspian,Securex Caspian,2026,438,352033,https://securexcaspian.az/az/exhibitors-list/year/2026
expo-raw-001507,RYNEX SOLUTIONS MMC,Azərbaycan,,-,securexcaspian,Securex Caspian,2026,438,358498,https://securexcaspian.az/az/exhibitors-list/year/2026
expo-raw-001508,SENS MMC,Azərbaycan,,-,securexcaspian,Securex Caspian,2026,438,,https://securexcaspian.az/az/exhibitors-list/year/2026
expo-raw-001509,SMART SAFETY,Azərbaycan,,-,securexcaspian,Securex Caspian,2026,438,,https://securexcaspian.az/az/exhibitors-list/year/2026
expo-raw-001510,SYNAPLINE TECHNOLOGİES,Azərbaycan,,-,securexcaspian,Securex Caspian,2026,438,,https://securexcaspian.az/az/exhibitors-list/year/2026
expo-raw-001511,USH GROUP,Azərbaycan,,-,securexcaspian,Securex Caspian,2026,438,,https://securexcaspian.az/az/exhibitors-list/year/2026
expo-raw-001512,VEKTORDS,Azərbaycan,,-,securexcaspian,Securex Caspian,2026,438,359915,https://securexcaspian.az/az/exhibitors-list/year/2026
expo-raw-001513,VLAND SYSTEMS MMC,Azərbaycan,,-,securexcaspian,Securex Caspian,2026,438,352945,https://securexcaspian.az/az/exhibitors-list/year/2026
expo-raw-001514,XÜSUSI RABITƏ VƏ İNFORMASIYA TƏHLÜKƏSIZLIYI DÖVLƏT XIDMƏTI,Azərbaycan,,-,securexcaspian,Securex Caspian,2026,438,,https://securexcaspian.az/az/exhibitors-list/year/2026
expo-raw-001515,ZE-TRONIKS QSC,Azərbaycan,,-,securexcaspian,Securex Caspian,2026,438,352074,https://securexcaspian.az/az/exhibitors-list/year/2026
expo-raw-001516,«ELEKTRONSTANDART-PRIBOR-AZƏRBAYCAN» MMC,Azərbaycan,,-,securexcaspian,Securex Caspian,2026,438,,https://securexcaspian.az/az/exhibitors-list/year/2026
expo-raw-001517,“MIRAS HƏRBI SƏNAYE ŞIRKƏTI” MMC,Azərbaycan,,-,securexcaspian,Securex Caspian,2026,438,,https://securexcaspian.az/az/exhibitors-list/year/2026
expo-raw-001518,QA TEST EXHİBİTOR,Azərbaycan,,-,securexcaspian,Securex Caspian,2026,438,,https://securexcaspian.az/az/exhibitors-list/year/2026
expo-raw-001519,1 NEWS İNFORMASİYA AGENTLİYİ MMC,Azərbaycan,MEDİA,-,translogistica,TransLogistica Caspian,2019,174,4265,https://translogistica.az/az/exhibitors-list/year/2019
expo-raw-001520,ASAN RADİO 100 FM,Azərbaycan,MEDİA,-,translogistica,TransLogistica Caspian,2019,174,4258,https://translogistica.az/az/exhibitors-list/year/2019
expo-raw-001521,AZEXPORT.AZ,Azərbaycan,MEDİA,P108,translogistica,TransLogistica Caspian,2019,174,4382,https://translogistica.az/az/exhibitors-list/year/2019
expo-raw-001522,AZƏRBAYCAN DƏMİRYOLÇUSU,Azərbaycan,MEDİA,-,translogistica,TransLogistica Caspian,2019,174,5450,https://translogistica.az/az/exhibitors-list/year/2019
expo-raw-001523,AZƏRBAYCAN TÜRKİYƏ İŞ ADAMLARI BİRLİYİ (ATIB),Azərbaycan,MEDİA,P116,translogistica,TransLogistica Caspian,2019,174,4366,https://translogistica.az/az/exhibitors-list/year/2019
expo-raw-001524,AZƏRTAC,Azərbaycan,MEDİA,P106,translogistica,TransLogistica Caspian,2019,174,4259,https://translogistica.az/az/exhibitors-list/year/2019
expo-raw-001525,BAKUCİTY.AZ,Azərbaycan,MEDİA,P110,translogistica,TransLogistica Caspian,2019,174,4829,https://translogistica.az/az/exhibitors-list/year/2019
expo-raw-001526,BAKUİNFORM.AZ İNFO PORTAL,Azərbaycan,MEDİA,-,translogistica,TransLogistica Caspian,2019,174,4260,https://translogistica.az/az/exhibitors-list/year/2019
expo-raw-001527,BIZNESINFO.AZ,Azərbaycan,MEDİA,-,translogistica,TransLogistica Caspian,2019,174,4256,https://translogistica.az/az/exhibitors-list/year/2019
expo-raw-001528,BOUTİQUE BAKU JURNALI,Azərbaycan,MEDİA,P120,translogistica,TransLogistica Caspian,2019,174,4294,https://translogistica.az/az/exhibitors-list/year/2019
expo-raw-001529,BAGCAM.AZ,Azərbaycan,MEDİA,-,translogistica,TransLogistica Caspian,2019,174,,https://translogistica.az/az/exhibitors-list/year/2019
expo-raw-001530,CASPIAN ENERGY CLUB,Azərbaycan,MEDİA,-,translogistica,TransLogistica Caspian,2019,174,4932,https://translogistica.az/az/exhibitors-list/year/2019
expo-raw-001531,CASPIAN ENERGY INTERNATIONAL MEDIA GROUP,Azərbaycan,MEDİA,P118,translogistica,TransLogistica Caspian,2019,174,4364,https://translogistica.az/az/exhibitors-list/year/2019
expo-raw-001532,DENİZXEBER.AZ,Azərbaycan,MEDİA,-,translogistica,TransLogistica Caspian,2019,174,5451,https://translogistica.az/az/exhibitors-list/year/2019
expo-raw-001533,DİZEL.AZ,Azərbaycan,MEDİA,-,translogistica,TransLogistica Caspian,2019,174,5280,https://translogistica.az/az/exhibitors-list/year/2019
expo-raw-001534,FACEMARK.AZ,Azərbaycan,MEDİA,-,translogistica,TransLogistica Caspian,2019,174,4261,https://translogistica.az/az/exhibitors-list/year/2019
expo-raw-001535,FİNEKO AİA,Azərbaycan,MEDİA,-,translogistica,TransLogistica Caspian,2019,174,4266,https://translogistica.az/az/exhibitors-list/year/2019
expo-raw-001536,LALAFO.AZ,Azərbaycan,MEDİA,P112,translogistica,TransLogistica Caspian,2019,174,4496,https://translogistica.az/az/exhibitors-list/year/2019
expo-raw-001537,MAKINA.AZ,Azərbaycan,MEDİA,-,translogistica,TransLogistica Caspian,2019,174,5282,https://translogistica.az/az/exhibitors-list/year/2019
expo-raw-001538,MYVİDEO.AZ,Azərbaycan,MEDİA,-,translogistica,TransLogistica Caspian,2019,174,4374,https://translogistica.az/az/exhibitors-list/year/2019
expo-raw-001539,NAVİGATOR.AZ,Azərbaycan,MEDİA,P114,translogistica,TransLogistica Caspian,2019,174,,https://translogistica.az/az/exhibitors-list/year/2019
expo-raw-001540,SALAMNEWS İNFORMASİYA AGENTLİYİ,Azərbaycan,MEDİA,-,translogistica,TransLogistica Caspian,2019,174,4267,https://translogistica.az/az/exhibitors-list/year/2019
expo-raw-001541,SPUTNİK AZƏRBAYCAN BEYNƏLXALQ İNFORMASİYA AGENTLİYİ VƏ RADİOSU,Azərbaycan,MEDİA,-,translogistica,TransLogistica Caspian,2019,174,4269,https://translogistica.az/az/exhibitors-list/year/2019
expo-raw-001542,URBAN.AZ,Azərbaycan,MEDİA,-,translogistica,TransLogistica Caspian,2019,174,4835,https://translogistica.az/az/exhibitors-list/year/2019
expo-raw-001543,VİDEO.AZ,Azərbaycan,MEDİA,-,translogistica,TransLogistica Caspian,2019,174,4378,https://translogistica.az/az/exhibitors-list/year/2019
expo-raw-001544,İTİCKET.AZ LLC,Azərbaycan,MEDİA,-,translogistica,TransLogistica Caspian,2019,174,4373,https://translogistica.az/az/exhibitors-list/year/2019
expo-raw-001545,ABŞERON LOGİSTİKA MƏRKƏZİ,Azərbaycan,MEDİA,1116,translogistica,TransLogistica Caspian,2019,174,5511,https://translogistica.az/az/exhibitors-list/year/2019
expo-raw-001546,AS PROF LOGISTICS MMC,Azərbaycan,MEDİA,1010,translogistica,TransLogistica Caspian,2019,174,5516,https://translogistica.az/az/exhibitors-list/year/2019
expo-raw-001547,AZ LOGISTIKA AND MANAGEMENT SERVICES MMC,Azərbaycan,MEDİA,1106,translogistica,TransLogistica Caspian,2019,174,4773,https://translogistica.az/az/exhibitors-list/year/2019
expo-raw-001548,AZTECH & TEGETA MOTORS MMC,Azərbaycan,MEDİA,1002,translogistica,TransLogistica Caspian,2019,174,4770,https://translogistica.az/az/exhibitors-list/year/2019
expo-raw-001549,AZVIRT MMC,Azərbaycan,MEDİA,1108,translogistica,TransLogistica Caspian,2019,174,4776,https://translogistica.az/az/exhibitors-list/year/2019
expo-raw-001550,AZƏRBAYCAN AVTOMOBİL YOLLARI DÖVLƏT AGENTLİYİ,Azərbaycan,MEDİA,1114,translogistica,TransLogistica Caspian,2019,174,4778,https://translogistica.az/az/exhibitors-list/year/2019
expo-raw-001551,AZƏRBAYCAN DƏMİR YOLLARI QSC,Azərbaycan,MEDİA,1122,translogistica,TransLogistica Caspian,2019,174,5063,https://translogistica.az/az/exhibitors-list/year/2019
expo-raw-001552,AZƏRBAYCAN RESPUBLİKASI SAHİBKARLAR (İŞƏGÖTÜRƏNLƏR) TƏŞKİLATLARI MİLLİ KONFEDERASİYASI,Azərbaycan,MEDİA,1032,translogistica,TransLogistica Caspian,2019,174,4292,https://translogistica.az/az/exhibitors-list/year/2019
expo-raw-001553,AZƏRBAYCAN RESPUBLİKASININ KİÇİK VƏ ORTA BİZNESİN İNKİŞAFI AGENTLİYİ,Azərbaycan,MEDİA,-,translogistica,TransLogistica Caspian,2019,174,4316,https://translogistica.az/az/exhibitors-list/year/2019
expo-raw-001554,AZƏRBAYCAN RESPUBLİKASININ İXRACIN VƏ İNVESTİSİYALARIN TƏŞVİQİ AGENTLİYİ (AZPROMO),Azərbaycan,MEDİA,-,translogistica,TransLogistica Caspian,2019,174,4289,https://translogistica.az/az/exhibitors-list/year/2019
expo-raw-001555,AZƏRBAYCAN XƏZƏR DƏNİZ GƏMİÇİLİYİ QSC,Azərbaycan,MEDİA,1120,translogistica,TransLogistica Caspian,2019,174,4763,https://translogistica.az/az/exhibitors-list/year/2019
expo-raw-001556,BAKI BEYNƏLXALQ AVTOVAĞZALI,Azərbaycan,MEDİA,1206,translogistica,TransLogistica Caspian,2019,174,4349,https://translogistica.az/az/exhibitors-list/year/2019
expo-raw-001557,BAKI BEYNƏLXALQ DƏNİZ TİCARƏT LİMANI QSC,Azərbaycan,MEDİA,1102,translogistica,TransLogistica Caspian,2019,174,5064,https://translogistica.az/az/exhibitors-list/year/2019
expo-raw-001558,"BOULEVARD HOTEL BAKU, AUTOGRAPH COLLECTION",Azərbaycan,MEDİA,-,translogistica,TransLogistica Caspian,2019,174,4863,https://translogistica.az/az/exhibitors-list/year/2019
expo-raw-001559,DÖVLƏT AVTOMOBİL NƏQLİYYATI XİDMƏTİ (DANX),Azərbaycan,MEDİA,1206,translogistica,TransLogistica Caspian,2019,174,4319,https://translogistica.az/az/exhibitors-list/year/2019
expo-raw-001560,GILAN HOSPITALITY GROUP (QAFQAZ HOTELS & RESORTS),Azərbaycan,MEDİA,-,translogistica,TransLogistica Caspian,2019,174,4290,https://translogistica.az/az/exhibitors-list/year/2019
expo-raw-001561,GREENWICH TRAVEL CLUB,Azərbaycan,MEDİA,-,translogistica,TransLogistica Caspian,2019,174,4816,https://translogistica.az/az/exhibitors-list/year/2019
expo-raw-001562,"INTOURIST HOTEL BAKU, AUTOGRAPH COLLECTION",Azərbaycan,MEDİA,-,translogistica,TransLogistica Caspian,2019,174,4874,https://translogistica.az/az/exhibitors-list/year/2019
expo-raw-001563,"AZƏRBAYCAN RESPUBLİKASININ NƏQLİYYAT, RABİTƏ VƏ YÜKSƏK TEXNOLOGİYALAR NAZİRLİYİ",Azərbaycan,MEDİA,1206,translogistica,TransLogistica Caspian,2019,174,4379,https://translogistica.az/az/exhibitors-list/year/2019
expo-raw-001564,TRACECA HÖKUMƏTLƏRARASI KOMİSSİYASININ DAİMİ KATİBLİYİ,Azərbaycan,MEDİA,-,translogistica,TransLogistica Caspian,2019,174,4920,https://translogistica.az/az/exhibitors-list/year/2019
expo-raw-001565,XALİQ FAİQOĞLU MMC,Azərbaycan,MEDİA,1034,translogistica,TransLogistica Caspian,2019,174,4777,https://translogistica.az/az/exhibitors-list/year/2019
expo-raw-001566,İKRA LOGİSTİKA MMC,Azərbaycan,MEDİA,1104,translogistica,TransLogistica Caspian,2019,174,5291,https://translogistica.az/az/exhibitors-list/year/2019
expo-raw-001567,İNNOVASİYALAR AGENTLİYİ,Azərbaycan,MEDİA,1206,translogistica,TransLogistica Caspian,2019,174,4331,https://translogistica.az/az/exhibitors-list/year/2019
expo-raw-001568,1 NEWS İNFORMASİYA AGENTLİYİ MMC,Azərbaycan,MEDİA,-,translogistica,TransLogistica Caspian,2022,199,4265,https://translogistica.az/az/exhibitors-list/year/2022
expo-raw-001569,AZƏRBAYCAN DƏMİRYOLÇUSU,Azərbaycan,MEDİA,-,translogistica,TransLogistica Caspian,2022,199,5450,https://translogistica.az/az/exhibitors-list/year/2022
expo-raw-001570,CASPIAN ENERGY INTERNATIONAL MEDIA GROUP,Azərbaycan,MEDİA,-,translogistica,TransLogistica Caspian,2022,199,4364,https://translogistica.az/az/exhibitors-list/year/2022
expo-raw-001571,DİZEL.AZ,Azərbaycan,MEDİA,-,translogistica,TransLogistica Caspian,2022,199,5280,https://translogistica.az/az/exhibitors-list/year/2022
expo-raw-001572,MAKINA.AZ,Azərbaycan,MEDİA,-,translogistica,TransLogistica Caspian,2022,199,5282,https://translogistica.az/az/exhibitors-list/year/2022
expo-raw-001573,SALAMNEWS İNFORMASİYA AGENTLİYİ,Azərbaycan,MEDİA,-,translogistica,TransLogistica Caspian,2022,199,4267,https://translogistica.az/az/exhibitors-list/year/2022
expo-raw-001574,ABŞERON LOGİSTİKA MƏRKƏZİ,Azərbaycan,MEDİA,T2324,translogistica,TransLogistica Caspian,2022,199,5511,https://translogistica.az/az/exhibitors-list/year/2022
expo-raw-001575,ALLİANCE LOGİSTİCS LLC,Azərbaycan,MEDİA,T2314,translogistica,TransLogistica Caspian,2022,199,7240,https://translogistica.az/az/exhibitors-list/year/2022
expo-raw-001576,AZƏRBAYCAN DƏMİR YOLLARI QSC,Azərbaycan,MEDİA,T2312,translogistica,TransLogistica Caspian,2022,199,5063,https://translogistica.az/az/exhibitors-list/year/2022
expo-raw-001577,AZƏRBAYCAN RESPUBLİKASI SAHİBKARLAR (İŞƏGÖTÜRƏNLƏR) TƏŞKİLATLARI MİLLİ KONFEDERASİYASI,Azərbaycan,MEDİA,C2019,translogistica,TransLogistica Caspian,2022,199,4292,https://translogistica.az/az/exhibitors-list/year/2022
expo-raw-001578,AZƏRBAYCAN RESPUBLİKASININ İXRACIN VƏ İNVESTİSİYALARIN TƏŞVİQİ AGENTLİYİ (AZPROMO),Azərbaycan,MEDİA,-,translogistica,TransLogistica Caspian,2022,199,4289,https://translogistica.az/az/exhibitors-list/year/2022
expo-raw-001579,ALAT FREE ECONOMİC ZONE LOGİSTİCS CENTER,Azərbaycan,MEDİA,T2314-1,translogistica,TransLogistica Caspian,2022,199,,https://translogistica.az/az/exhibitors-list/year/2022
expo-raw-001580,BAKI BEYNƏLXALQ DƏNİZ TİCARƏT LİMANI QSC,Azərbaycan,MEDİA,T2313,translogistica,TransLogistica Caspian,2022,199,5064,https://translogistica.az/az/exhibitors-list/year/2022
expo-raw-001581,DƏNİZ GƏMİÇİLİYİ REGİSTRİ MMC,Azərbaycan,MEDİA,1124,translogistica,TransLogistica Caspian,2022,199,4766,https://translogistica.az/az/exhibitors-list/year/2022
expo-raw-001582,EL LOGİSTİCS GROUP QSC,Azərbaycan,MEDİA,T2318,translogistica,TransLogistica Caspian,2022,199,7305,https://translogistica.az/az/exhibitors-list/year/2022
expo-raw-001583,GREENWICH TRAVEL CLUB,Azərbaycan,MEDİA,-,translogistica,TransLogistica Caspian,2022,199,4816,https://translogistica.az/az/exhibitors-list/year/2022
expo-raw-001584,HELLMANN WORLDWİDE LOGİSTİCS MMC,Azərbaycan,MEDİA,T2215,translogistica,TransLogistica Caspian,2022,199,7327,https://translogistica.az/az/exhibitors-list/year/2022
expo-raw-001585,HILTON BAKU,Azərbaycan,MEDİA,-,translogistica,TransLogistica Caspian,2022,199,7045,https://translogistica.az/az/exhibitors-list/year/2022
expo-raw-001586,ONE TOUCH TRADE AND LOGİSTİCS MMC,Azərbaycan,MEDİA,T2042,translogistica,TransLogistica Caspian,2022,199,7307,https://translogistica.az/az/exhibitors-list/year/2022
expo-raw-001587,SARA LOGİSTİCS,Azərbaycan,MEDİA,T2320,translogistica,TransLogistica Caspian,2022,199,6893,https://translogistica.az/az/exhibitors-list/year/2022
expo-raw-001588,TRACECA HÖKUMƏTLƏRARASI KOMİSSİYASININ DAİMİ KATİBLİYİ,Azərbaycan,MEDİA,-,translogistica,TransLogistica Caspian,2022,199,4920,https://translogistica.az/az/exhibitors-list/year/2022
expo-raw-001589,İKRA LOGİSTİKA MMC,Azərbaycan,MEDİA,T2321,translogistica,TransLogistica Caspian,2022,199,5291,https://translogistica.az/az/exhibitors-list/year/2022
expo-raw-001590,FİRST NYUS MEDİA MMC,Azərbaycan,MEDİA,-,translogistica,TransLogistica Caspian,2023,271,4265,https://translogistica.az/az/exhibitors-list/year/2023
expo-raw-001591,AZƏRTAC,Azərbaycan,MEDİA,-,translogistica,TransLogistica Caspian,2023,271,4259,https://translogistica.az/az/exhibitors-list/year/2023
expo-raw-001592,CASPİAN ENERGY CLUB,Azərbaycan,MEDİA,-,translogistica,TransLogistica Caspian,2023,271,4932,https://translogistica.az/az/exhibitors-list/year/2023
expo-raw-001593,FİNEKO AİA,Azərbaycan,MEDİA,-,translogistica,TransLogistica Caspian,2023,271,4266,https://translogistica.az/az/exhibitors-list/year/2023
expo-raw-001594,İTİCKET.AZ LLC,Azərbaycan,MEDİA,-,translogistica,TransLogistica Caspian,2023,271,4373,https://translogistica.az/az/exhibitors-list/year/2023
expo-raw-001595,"""AVTO 999"" MMC",Azərbaycan,MEDİA,2T056,translogistica,TransLogistica Caspian,2023,271,276457,https://translogistica.az/az/exhibitors-list/year/2023
expo-raw-001596,"""AZ-FİLTER"" MMC/TUC",Azərbaycan,MEDİA,2T048,translogistica,TransLogistica Caspian,2023,271,274638,https://translogistica.az/az/exhibitors-list/year/2023
expo-raw-001597,ABŞERON LOGİSTİKA MƏRKƏZİ,Azərbaycan,MEDİA,2T334,translogistica,TransLogistica Caspian,2023,271,5511,https://translogistica.az/az/exhibitors-list/year/2023
expo-raw-001598,ALATBAY INDUSTRIAL DEVELOPMENT AFEZCO,Azərbaycan,MEDİA,2T462,translogistica,TransLogistica Caspian,2023,271,8046,https://translogistica.az/az/exhibitors-list/year/2023
expo-raw-001599,ALLIANCE LOGISTICS LLC,Azərbaycan,MEDİA,2T344,translogistica,TransLogistica Caspian,2023,271,7240,https://translogistica.az/az/exhibitors-list/year/2023
expo-raw-001600,ALPORT BAKU MMC,Azərbaycan,MEDİA,2T442,translogistica,TransLogistica Caspian,2023,271,,https://translogistica.az/az/exhibitors-list/year/2023
expo-raw-001601,BAKI BEYNƏLXALQ DƏNİZ TİCARƏT LİMANI QSC,Azərbaycan,MEDİA,2T454,translogistica,TransLogistica Caspian,2023,271,5064,https://translogistica.az/az/exhibitors-list/year/2023
expo-raw-001602,CJ ICM LOGISTICS,Azərbaycan,MEDİA,2T440,translogistica,TransLogistica Caspian,2023,271,8042,https://translogistica.az/az/exhibitors-list/year/2023
expo-raw-001603,DƏNİZ GƏMİÇİLİYİ REGİSTRİ MMC,Azərbaycan,MEDİA,2T046,translogistica,TransLogistica Caspian,2023,271,4766,https://translogistica.az/az/exhibitors-list/year/2023
expo-raw-001604,EL LOGİSTİCS GROUP QSC,Azərbaycan,MEDİA,2T352,translogistica,TransLogistica Caspian,2023,271,7305,https://translogistica.az/az/exhibitors-list/year/2023
expo-raw-001605,FORMAG-BAKU MMC,Azərbaycan,MEDİA,2T041,translogistica,TransLogistica Caspian,2023,271,273454,https://translogistica.az/az/exhibitors-list/year/2023
expo-raw-001606,GREENWICH TRAVEL CLUB,Azərbaycan,MEDİA,-,translogistica,TransLogistica Caspian,2023,271,4816,https://translogistica.az/az/exhibitors-list/year/2023
expo-raw-001607,OCEAANİXX,Azərbaycan,MEDİA,-,translogistica,TransLogistica Caspian,2023,271,273610,https://translogistica.az/az/exhibitors-list/year/2023
expo-raw-001608,ONE TOUCH TRADE AND LOGİSTİCS,Azərbaycan,MEDİA,2T432,translogistica,TransLogistica Caspian,2023,271,274316,https://translogistica.az/az/exhibitors-list/year/2023
expo-raw-001609,P&O MARİTİME LOGİSTİCS,Azərbaycan,MEDİA,2T430,translogistica,TransLogistica Caspian,2023,271,273191,https://translogistica.az/az/exhibitors-list/year/2023
expo-raw-001610,PORTBONDED SERVİCES MMC,Azərbaycan,MEDİA,2T450,translogistica,TransLogistica Caspian,2023,271,7396,https://translogistica.az/az/exhibitors-list/year/2023
expo-raw-001611,SARA LOGİSTİCS,Azərbaycan,MEDİA,2T320,translogistica,TransLogistica Caspian,2023,271,277996,https://translogistica.az/az/exhibitors-list/year/2023
expo-raw-001612,STEVEDORİNG LLC,Azərbaycan,MEDİA,2T452,translogistica,TransLogistica Caspian,2023,271,7394,https://translogistica.az/az/exhibitors-list/year/2023
expo-raw-001613,TEGETA MOTORS BAKU MMC,Azərbaycan,MEDİA,2T360,translogistica,TransLogistica Caspian,2023,271,7706,https://translogistica.az/az/exhibitors-list/year/2023
expo-raw-001614,TEZ LOGİSTİCS MMC,Azərbaycan,MEDİA,2T052,translogistica,TransLogistica Caspian,2023,271,273362,https://translogistica.az/az/exhibitors-list/year/2023
expo-raw-001615,YÜKTAKSİSİ.AZ MMC,Azərbaycan,MEDİA,2T444,translogistica,TransLogistica Caspian,2023,271,8006,https://translogistica.az/az/exhibitors-list/year/2023
expo-raw-001616,İKRA LOGİSTİKA MMC,Azərbaycan,MEDİA,2T362,translogistica,TransLogistica Caspian,2023,271,5291,https://translogistica.az/az/exhibitors-list/year/2023
expo-raw-001617,1 NEWS İNFORMASİYA AGENTLİYİ MMC,Azərbaycan,MEDİA,-,translogistica,TransLogistica Caspian,2024,387,4265,https://translogistica.az/az/exhibitors-list/year/2024
expo-raw-001618,ASAN RADİO 100 FM,Azərbaycan,MEDİA,-,translogistica,TransLogistica Caspian,2024,387,4258,https://translogistica.az/az/exhibitors-list/year/2024
expo-raw-001619,AZƏRTAC,Azərbaycan,MEDİA,-,translogistica,TransLogistica Caspian,2024,387,4259,https://translogistica.az/az/exhibitors-list/year/2024
expo-raw-001620,BUSİNESS TİME JURNALI,Azərbaycan,MEDİA,-,translogistica,TransLogistica Caspian,2024,387,273808,https://translogistica.az/az/exhibitors-list/year/2024
expo-raw-001621,CASPIAN ENERGY CLUB,Azərbaycan,MEDİA,-,translogistica,TransLogistica Caspian,2024,387,4932,https://translogistica.az/az/exhibitors-list/year/2024
expo-raw-001622,FİNEKO AİA,Azərbaycan,MEDİA,-,translogistica,TransLogistica Caspian,2024,387,4266,https://translogistica.az/az/exhibitors-list/year/2024
expo-raw-001623,KOMPASS AZƏRBAYCAN MMC,Azərbaycan,MEDİA,-,translogistica,TransLogistica Caspian,2024,387,4368,https://translogistica.az/az/exhibitors-list/year/2024
expo-raw-001624,VİSİON TV AZƏRBAYCAN,Azərbaycan,MEDİA,-,translogistica,TransLogistica Caspian,2024,387,313538,https://translogistica.az/az/exhibitors-list/year/2024
expo-raw-001625,166 LOGİSTİKA,Azərbaycan,MEDİA,2T048,translogistica,TransLogistica Caspian,2024,387,320699,https://translogistica.az/az/exhibitors-list/year/2024
expo-raw-001626,ABSHERON EXPRESS,Azərbaycan,MEDİA,2T332-1,translogistica,TransLogistica Caspian,2024,387,,https://translogistica.az/az/exhibitors-list/year/2024
expo-raw-001627,ABŞERON LOGİSTİKA MƏRKƏZİ,Azərbaycan,MEDİA,2T332,translogistica,TransLogistica Caspian,2024,387,5511,https://translogistica.az/az/exhibitors-list/year/2024
expo-raw-001628,AG EXPRESS,Azərbaycan,MEDİA,2T332-2,translogistica,TransLogistica Caspian,2024,387,,https://translogistica.az/az/exhibitors-list/year/2024
expo-raw-001629,AKBIS GROUP,Azərbaycan,MEDİA,2T052-1,translogistica,TransLogistica Caspian,2024,387,,https://translogistica.az/az/exhibitors-list/year/2024
expo-raw-001630,ALLIANCE LOGISTICS,Azərbaycan,MEDİA,2T432-1,translogistica,TransLogistica Caspian,2024,387,310151,https://translogistica.az/az/exhibitors-list/year/2024
expo-raw-001631,ALLIANCE MULTIMODAL LLC,Azərbaycan,MEDİA,2T432,translogistica,TransLogistica Caspian,2024,387,310150,https://translogistica.az/az/exhibitors-list/year/2024
expo-raw-001632,ALPORT BAKU,Azərbaycan,MEDİA,2T422,translogistica,TransLogistica Caspian,2024,387,315093,https://translogistica.az/az/exhibitors-list/year/2024
expo-raw-001633,APA GROUP,Azərbaycan,MEDİA,-,translogistica,TransLogistica Caspian,2024,387,,https://translogistica.az/az/exhibitors-list/year/2024
expo-raw-001634,APA GROUP,Azərbaycan,MEDİA,-,translogistica,TransLogistica Caspian,2024,387,,https://translogistica.az/az/exhibitors-list/year/2024
expo-raw-001635,APA GROUP,Azərbaycan,MEDİA,-,translogistica,TransLogistica Caspian,2024,387,,https://translogistica.az/az/exhibitors-list/year/2024
expo-raw-001636,ATƏŞGAH  SIĞORTA ŞIRKƏTI ASC,Azərbaycan,MEDİA,-,translogistica,TransLogistica Caspian,2024,387,,https://translogistica.az/az/exhibitors-list/year/2024
expo-raw-001637,AZEXPOMONTAGE,Azərbaycan,MEDİA,-,translogistica,TransLogistica Caspian,2024,387,4283,https://translogistica.az/az/exhibitors-list/year/2024
expo-raw-001638,AZƏRBAYCAN DƏMIR YOLLARI QSC,Azərbaycan,MEDİA,2T350,translogistica,TransLogistica Caspian,2024,387,310497,https://translogistica.az/az/exhibitors-list/year/2024
expo-raw-001639,AZƏRBAYCAN RESPUBLIKASI RƏQƏMSAL İNKİŞAF VƏ NƏQLİYYAT NAZİRLİYİ,Azərbaycan,MEDİA,-,translogistica,TransLogistica Caspian,2024,387,,https://translogistica.az/az/exhibitors-list/year/2024
expo-raw-001640,AZƏRBAYCAN RESPUBLİKASI DÖVLƏT GÖMRÜK KOMİTƏSİ,Azərbaycan,MEDİA,2T214,translogistica,TransLogistica Caspian,2024,387,313683,https://translogistica.az/az/exhibitors-list/year/2024
expo-raw-001641,AZƏRBAYCAN RESPUBLİKASININ KİÇİK VƏ ORTA BİZNESİN İNKİŞAFI AGENTLİYİ,Azərbaycan,MEDİA,-,translogistica,TransLogistica Caspian,2024,387,4316,https://translogistica.az/az/exhibitors-list/year/2024
expo-raw-001642,AZƏRBAYCAN RESPUBLİKASININ İXRACIN VƏ İNVESTİSİYALARIN TƏŞVİQİ AGENTLİYİ (AZPROMO),Azərbaycan,MEDİA,-,translogistica,TransLogistica Caspian,2024,387,4289,https://translogistica.az/az/exhibitors-list/year/2024
expo-raw-001643,AZƏRBAYCAN SƏRGİ TƏŞKİLATÇILARI ASSOSİASİYASI,Azərbaycan,MEDİA,-,translogistica,TransLogistica Caspian,2024,387,302256,https://translogistica.az/az/exhibitors-list/year/2024
expo-raw-001644,AZƏRBAYCAN RESPUBLIKASI SAHIBKARLAR (İŞƏGÖTÜRƏNLƏR) TƏŞKILATLARI MILLI KONFEDERASIYASI,Azərbaycan,MEDİA,-,translogistica,TransLogistica Caspian,2024,387,,https://translogistica.az/az/exhibitors-list/year/2024
expo-raw-001645,BAKI BEYNƏLXALQ DƏNİZ TİCARƏT LİMANI QSC,Azərbaycan,MEDİA,2T452,translogistica,TransLogistica Caspian,2024,387,5064,https://translogistica.az/az/exhibitors-list/year/2024
expo-raw-001646,BAKU EXPO CENTER,Azərbaycan,MEDİA,-,translogistica,TransLogistica Caspian,2024,387,,https://translogistica.az/az/exhibitors-list/year/2024
expo-raw-001647,CARGONYX LLC,Azərbaycan,MEDİA,2T064,translogistica,TransLogistica Caspian,2024,387,305623,https://translogistica.az/az/exhibitors-list/year/2024
expo-raw-001648,CASPIAN YÜK DAŞIMA XIDMƏTLƏRI,Azərbaycan,MEDİA,-,translogistica,TransLogistica Caspian,2024,387,,https://translogistica.az/az/exhibitors-list/year/2024
expo-raw-001649,CJ ICM LOGISTICS,Azərbaycan,MEDİA,2T440,translogistica,TransLogistica Caspian,2024,387,8042,https://translogistica.az/az/exhibitors-list/year/2024
expo-raw-001650,DƏNİZ GƏMİÇİLİYİ REGİSTRİ MMC,Azərbaycan,MEDİA,2T070,translogistica,TransLogistica Caspian,2024,387,310660,https://translogistica.az/az/exhibitors-list/year/2024
expo-raw-001651,EL LOGİSTİCS GROUP QSC,Azərbaycan,MEDİA,2T352,translogistica,TransLogistica Caspian,2024,387,7305,https://translogistica.az/az/exhibitors-list/year/2024
expo-raw-001652,EVAKUATOR.AZ ММC,Azərbaycan,MEDİA,2T320,translogistica,TransLogistica Caspian,2024,387,8006,https://translogistica.az/az/exhibitors-list/year/2024
expo-raw-001653,FNK SERVICES AND CONSULTING LLC,Azərbaycan,MEDİA,-,translogistica,TransLogistica Caspian,2024,387,,https://translogistica.az/az/exhibitors-list/year/2024
expo-raw-001654,FOOD CITY AGROPARK MMC,Azərbaycan,MEDİA,2T344,translogistica,TransLogistica Caspian,2024,387,302316,https://translogistica.az/az/exhibitors-list/year/2024
expo-raw-001655,GREENWICH TRAVEL CLUB,Azərbaycan,MEDİA,-,translogistica,TransLogistica Caspian,2024,387,4816,https://translogistica.az/az/exhibitors-list/year/2024
expo-raw-001656,IBIS BAKU CITY,Azərbaycan,MEDİA,-,translogistica,TransLogistica Caspian,2024,387,301276,https://translogistica.az/az/exhibitors-list/year/2024
expo-raw-001657,KDY LOGİSTİCS AZ MMC,Azərbaycan,MEDİA,2T352-1,translogistica,TransLogistica Caspian,2024,387,,https://translogistica.az/az/exhibitors-list/year/2024
expo-raw-001658,KRICON BAKU MMC,Azərbaycan,MEDİA,2T442,translogistica,TransLogistica Caspian,2024,387,310039,https://translogistica.az/az/exhibitors-list/year/2024
expo-raw-001659,KTL CASPİAN MMC,Azərbaycan,MEDİA,2T420-1,translogistica,TransLogistica Caspian,2024,387,,https://translogistica.az/az/exhibitors-list/year/2024
expo-raw-001660,LILAC,Azərbaycan,MEDİA,-,translogistica,TransLogistica Caspian,2024,387,,https://translogistica.az/az/exhibitors-list/year/2024
expo-raw-001661,MG TRANSPORT,Azərbaycan,MEDİA,2T322,translogistica,TransLogistica Caspian,2024,387,300716,https://translogistica.az/az/exhibitors-list/year/2024
expo-raw-001662,MİLLİ BROKER,Azərbaycan,MEDİA,2T332-3,translogistica,TransLogistica Caspian,2024,387,,https://translogistica.az/az/exhibitors-list/year/2024
expo-raw-001663,RADISSON HOTEL BAKU,Azərbaycan,MEDİA,-,translogistica,TransLogistica Caspian,2024,387,,https://translogistica.az/az/exhibitors-list/year/2024
expo-raw-001664,RAILGO MMC,Azərbaycan,MEDİA,2T066,translogistica,TransLogistica Caspian,2024,387,314102,https://translogistica.az/az/exhibitors-list/year/2024
expo-raw-001665,SARA LOGİSTİCS,Azərbaycan,MEDİA,2T450,translogistica,TransLogistica Caspian,2024,387,277996,https://translogistica.az/az/exhibitors-list/year/2024
expo-raw-001666,TAM ADVISORY,Azərbaycan,MEDİA,-,translogistica,TransLogistica Caspian,2024,387,,https://translogistica.az/az/exhibitors-list/year/2024
expo-raw-001667,TEZ LOGİSTİCS MMC,Azərbaycan,MEDİA,2T444,translogistica,TransLogistica Caspian,2024,387,273362,https://translogistica.az/az/exhibitors-list/year/2024
expo-raw-001668,TRACECA HÖKUMƏTLƏRARASI KOMİSSİYASININ DAİMİ KATİBLİYİ,Azərbaycan,MEDİA,-,translogistica,TransLogistica Caspian,2024,387,,https://translogistica.az/az/exhibitors-list/year/2024
expo-raw-001669,İKRA LOGİSTİKA MMC,Azərbaycan,MEDİA,2T363,translogistica,TransLogistica Caspian,2024,387,5291,https://translogistica.az/az/exhibitors-list/year/2024
expo-raw-001670,1 NEWS İNFORMASİYA AGENTLİYİ MMC,Azərbaycan,MEDİA,-,translogistica,TransLogistica Caspian,2025,423,4265,https://translogistica.az/az/exhibitors-list/year/2025
expo-raw-001671,AZƏRTAC,Azərbaycan,MEDİA,-,translogistica,TransLogistica Caspian,2025,423,4259,https://translogistica.az/az/exhibitors-list/year/2025
expo-raw-001672,166 LOGİSTİKA,Azərbaycan,MEDİA,-,translogistica,TransLogistica Caspian,2025,423,320699,https://translogistica.az/az/exhibitors-list/year/2025
expo-raw-001673,ABŞERON LOGİSTİKA MƏRKƏZİ,Azərbaycan,MEDİA,2T332,translogistica,TransLogistica Caspian,2025,423,5511,https://translogistica.az/az/exhibitors-list/year/2025
expo-raw-001674,ADY EXPRESS,Azərbaycan,MEDİA,-,translogistica,TransLogistica Caspian,2025,423,,https://translogistica.az/az/exhibitors-list/year/2025
expo-raw-001675,ALPORT BAKU MMC,Azərbaycan,MEDİA,2T352,translogistica,TransLogistica Caspian,2025,423,333841,https://translogistica.az/az/exhibitors-list/year/2025
expo-raw-001676,AZ - FILTER MMC,Azərbaycan,MEDİA,2T422,translogistica,TransLogistica Caspian,2025,423,334339,https://translogistica.az/az/exhibitors-list/year/2025
expo-raw-001677,AZEXPOMONTAGE,Azərbaycan,MEDİA,-,translogistica,TransLogistica Caspian,2025,423,4283,https://translogistica.az/az/exhibitors-list/year/2025
expo-raw-001678,AZƏRBAYCAN DƏMİR YOLLARI,Azərbaycan,MEDİA,2T320,translogistica,TransLogistica Caspian,2025,423,326663,https://translogistica.az/az/exhibitors-list/year/2025
expo-raw-001679,AZƏRBAYCAN RESPUBLIKASI RƏQƏMSAL İNKİŞAF VƏ NƏQLİYYAT NAZİRLİYİ,Azərbaycan,MEDİA,-,translogistica,TransLogistica Caspian,2025,423,320557,https://translogistica.az/az/exhibitors-list/year/2025
expo-raw-001680,AZƏRBAYCAN RESPUBLİKASI DÖVLƏT GÖMRÜK KOMİTƏSİ,Azərbaycan,MEDİA,2T350,translogistica,TransLogistica Caspian,2025,423,334387,https://translogistica.az/az/exhibitors-list/year/2025
expo-raw-001681,AZƏRBAYCAN RESPUBLİKASI SAHİBKARLAR (İŞƏGÖTÜRƏNLƏR) TƏŞKİLATLARI MİLLİ KONFEDERASİYASI,Azərbaycan,MEDİA,2T076,translogistica,TransLogistica Caspian,2025,423,4292,https://translogistica.az/az/exhibitors-list/year/2025
expo-raw-001682,AZƏRBAYCAN RESPUBLİKASININ KİÇİK VƏ ORTA BİZNESİN İNKİŞAFI AGENTLİYİ,Azərbaycan,MEDİA,-,translogistica,TransLogistica Caspian,2025,423,4316,https://translogistica.az/az/exhibitors-list/year/2025
expo-raw-001683,AZƏRBAYCAN RESPUBLİKASININ İXRACIN VƏ İNVESTİSİYALARIN TƏŞVİQİ AGENTLİYİ (AZPROMO),Azərbaycan,MEDİA,-,translogistica,TransLogistica Caspian,2025,423,4289,https://translogistica.az/az/exhibitors-list/year/2025
expo-raw-001684,AZƏRBAYCAN SƏRGİ TƏŞKİLATÇILARI ASSOSİASİYASI,Azərbaycan,MEDİA,-,translogistica,TransLogistica Caspian,2025,423,301259,https://translogistica.az/az/exhibitors-list/year/2025
expo-raw-001685,BAKI BEYNƏLXALQ DƏNİZ TİCARƏT LİMANI QSC,Azərbaycan,MEDİA,2T320/1,translogistica,TransLogistica Caspian,2025,423,5064,https://translogistica.az/az/exhibitors-list/year/2025
expo-raw-001686,BOOMERANG AGENCY,Azərbaycan,MEDİA,-,translogistica,TransLogistica Caspian,2025,423,335320,https://translogistica.az/az/exhibitors-list/year/2025
expo-raw-001687,BRIDGESTONE,Azərbaycan,MEDİA,2T360,translogistica,TransLogistica Caspian,2025,423,333656,https://translogistica.az/az/exhibitors-list/year/2025
expo-raw-001688,CASPIAN EVENT ORGANISERS MMC,Azərbaycan,MEDİA,-,translogistica,TransLogistica Caspian,2025,423,4274,https://translogistica.az/az/exhibitors-list/year/2025
expo-raw-001689,CJ ICM LOGISTICS,Azərbaycan,MEDİA,2T340,translogistica,TransLogistica Caspian,2025,423,8042,https://translogistica.az/az/exhibitors-list/year/2025
expo-raw-001690,DIGITALE ADVERTISING AGENCY,Azərbaycan,MEDİA,-,translogistica,TransLogistica Caspian,2025,423,,https://translogistica.az/az/exhibitors-list/year/2025
expo-raw-001691,GLORIA GARDEN,Azərbaycan,MEDİA,-,translogistica,TransLogistica Caspian,2025,423,,https://translogistica.az/az/exhibitors-list/year/2025
expo-raw-001692,GREENWICH TRAVEL CLUB,Azərbaycan,MEDİA,-,translogistica,TransLogistica Caspian,2025,423,4816,https://translogistica.az/az/exhibitors-list/year/2025
expo-raw-001693,HILTON BAKU,Azərbaycan,MEDİA,-,translogistica,TransLogistica Caspian,2025,423,7045,https://translogistica.az/az/exhibitors-list/year/2025
expo-raw-001694,HILTON GARDEN INN BAKU,Azərbaycan,MEDİA,-,translogistica,TransLogistica Caspian,2025,423,336561,https://translogistica.az/az/exhibitors-list/year/2025
expo-raw-001695,IBIS BAKU CITY,Azərbaycan,MEDİA,-,translogistica,TransLogistica Caspian,2025,423,301276,https://translogistica.az/az/exhibitors-list/year/2025
expo-raw-001696,IVT GROUP,Azərbaycan,MEDİA,2T056,translogistica,TransLogistica Caspian,2025,423,334421,https://translogistica.az/az/exhibitors-list/year/2025
expo-raw-001697,M-TRANS MMC,Azərbaycan,MEDİA,2T420,translogistica,TransLogistica Caspian,2025,423,334657,https://translogistica.az/az/exhibitors-list/year/2025
expo-raw-001698,MARITIME REGISTER OF SHIPPING MMC,Azərbaycan,MEDİA,2T072,translogistica,TransLogistica Caspian,2025,423,333753,https://translogistica.az/az/exhibitors-list/year/2025
expo-raw-001699,MG PLUS MMC,Azərbaycan,MEDİA,-,translogistica,TransLogistica Caspian,2025,423,,https://translogistica.az/az/exhibitors-list/year/2025
expo-raw-001700,PASHA PAY,Azərbaycan,MEDİA,-,translogistica,TransLogistica Caspian,2025,423,,https://translogistica.az/az/exhibitors-list/year/2025
expo-raw-001701,PAŞA BANK,Azərbaycan,MEDİA,-,translogistica,TransLogistica Caspian,2025,423,4714,https://translogistica.az/az/exhibitors-list/year/2025
expo-raw-001702,PRIME JS MMC,Azərbaycan,MEDİA,2T444,translogistica,TransLogistica Caspian,2025,423,335826,https://translogistica.az/az/exhibitors-list/year/2025
expo-raw-001703,RADİSSON HOTEL BAKU,Azərbaycan,MEDİA,-,translogistica,TransLogistica Caspian,2025,423,313569,https://translogistica.az/az/exhibitors-list/year/2025
expo-raw-001704,RAILGO MMC,Azərbaycan,MEDİA,2T342,translogistica,TransLogistica Caspian,2025,423,314102,https://translogistica.az/az/exhibitors-list/year/2025
expo-raw-001705,REFERANS MEDİCAL GROUP,Azərbaycan,MEDİA,-,translogistica,TransLogistica Caspian,2025,423,7900,https://translogistica.az/az/exhibitors-list/year/2025
expo-raw-001706,SARA LOGİSTİCS,Azərbaycan,MEDİA,2T330,translogistica,TransLogistica Caspian,2025,423,6893,https://translogistica.az/az/exhibitors-list/year/2025
expo-raw-001707,SARENS AZERBAIJAN MMC,Azərbaycan,MEDİA,2T446,translogistica,TransLogistica Caspian,2025,423,334787,https://translogistica.az/az/exhibitors-list/year/2025
expo-raw-001708,TEZ LOGİSTİCS MMC,Azərbaycan,MEDİA,2T440,translogistica,TransLogistica Caspian,2025,423,273362,https://translogistica.az/az/exhibitors-list/year/2025
expo-raw-001709,TRACECA HÖKUMƏTLƏRARASI KOMİSSİYASININ DAİMİ KATİBLİYİ,Azərbaycan,MEDİA,-,translogistica,TransLogistica Caspian,2025,423,4920,https://translogistica.az/az/exhibitors-list/year/2025
expo-raw-001710,UNISER GROUP,Azərbaycan,MEDİA,2T330/1,translogistica,TransLogistica Caspian,2025,423,335034,https://translogistica.az/az/exhibitors-list/year/2025
expo-raw-001711,YÜKTAKSİSİ.AZ MMC,Azərbaycan,MEDİA,2T424,translogistica,TransLogistica Caspian,2025,423,8006,https://translogistica.az/az/exhibitors-list/year/2025
expo-raw-001712,İKRA LOGİSTİKA MMC,Azərbaycan,MEDİA,2T362,translogistica,TransLogistica Caspian,2025,423,5291,https://translogistica.az/az/exhibitors-list/year/2025
expo-raw-001713,1 NEWS İNFORMASİYA AGENTLİYİ MMC,Azərbaycan,MEDİA,-,translogistica,TransLogistica Caspian,2026,461,4265,https://translogistica.az/az/exhibitors-list/year/2026
expo-raw-001714,ANEWZ,Azərbaycan,MEDİA,-,translogistica,TransLogistica Caspian,2026,461,,https://translogistica.az/az/exhibitors-list/year/2026
expo-raw-001715,AZEXPORT.AZ,Azərbaycan,MEDİA,-,translogistica,TransLogistica Caspian,2026,461,,https://translogistica.az/az/exhibitors-list/year/2026
expo-raw-001716,AZƏRBAYCAN TÜRKİYƏ İŞ ADAMLARI BİRLİYİ (ATIB),Azərbaycan,MEDİA,-,translogistica,TransLogistica Caspian,2026,461,4366,https://translogistica.az/az/exhibitors-list/year/2026
expo-raw-001717,AZƏRTAC,Azərbaycan,MEDİA,-,translogistica,TransLogistica Caspian,2026,461,4259,https://translogistica.az/az/exhibitors-list/year/2026
expo-raw-001718,BAKU.NEWS,Azərbaycan,MEDİA,-,translogistica,TransLogistica Caspian,2026,461,313534,https://translogistica.az/az/exhibitors-list/year/2026
expo-raw-001719,BHB STRATEGIC MEDIA AGENCY,Azərbaycan,MEDİA,-,translogistica,TransLogistica Caspian,2026,461,,https://translogistica.az/az/exhibitors-list/year/2026
expo-raw-001720,BUSİNESS TİME,Azərbaycan,MEDİA,-,translogistica,TransLogistica Caspian,2026,461,,https://translogistica.az/az/exhibitors-list/year/2026
expo-raw-001721,BİZNES TV,Azərbaycan,MEDİA,-,translogistica,TransLogistica Caspian,2026,461,347163,https://translogistica.az/az/exhibitors-list/year/2026
expo-raw-001722,CASPIAN ENERGY CLUB,Azərbaycan,MEDİA,-,translogistica,TransLogistica Caspian,2026,461,4932,https://translogistica.az/az/exhibitors-list/year/2026
expo-raw-001723,DTK DERGISI,Azərbaycan,MEDİA,-,translogistica,TransLogistica Caspian,2026,461,,https://translogistica.az/az/exhibitors-list/year/2026
expo-raw-001724,FAKTOR.AZ,Azərbaycan,MEDİA,-,translogistica,TransLogistica Caspian,2026,461,353427,https://translogistica.az/az/exhibitors-list/year/2026
expo-raw-001725,FİNEKO AİA,Azərbaycan,MEDİA,-,translogistica,TransLogistica Caspian,2026,461,4266,https://translogistica.az/az/exhibitors-list/year/2026
expo-raw-001726,ISR PLAZA,Azərbaycan,MEDİA,-,translogistica,TransLogistica Caspian,2026,461,,https://translogistica.az/az/exhibitors-list/year/2026
expo-raw-001727,KASPIAN JURNALI,Azərbaycan,MEDİA,-,translogistica,TransLogistica Caspian,2026,461,,https://translogistica.az/az/exhibitors-list/year/2026
expo-raw-001728,PARK BULVAR,Azərbaycan,MEDİA,-,translogistica,TransLogistica Caspian,2026,461,,https://translogistica.az/az/exhibitors-list/year/2026
expo-raw-001729,PORT RIVOLI HOTEL,Azərbaycan,MEDİA,-,translogistica,TransLogistica Caspian,2026,461,,https://translogistica.az/az/exhibitors-list/year/2026
expo-raw-001730,POSTNEWS.AZ,Azərbaycan,MEDİA,-,translogistica,TransLogistica Caspian,2026,461,,https://translogistica.az/az/exhibitors-list/year/2026
expo-raw-001731,REDAKSİYA,Azərbaycan,MEDİA,-,translogistica,TransLogistica Caspian,2026,461,353619,https://translogistica.az/az/exhibitors-list/year/2026
expo-raw-001732,TEZZ POWER,Azərbaycan,MEDİA,-,translogistica,TransLogistica Caspian,2026,461,,https://translogistica.az/az/exhibitors-list/year/2026
expo-raw-001733,VİSİON TV AZƏRBAYCAN,Azərbaycan,MEDİA,-,translogistica,TransLogistica Caspian,2026,461,313538,https://translogistica.az/az/exhibitors-list/year/2026
expo-raw-001734,ABSHERON HOTEL GROUP,Azərbaycan,MEDİA,-,translogistica,TransLogistica Caspian,2026,461,,https://translogistica.az/az/exhibitors-list/year/2026
expo-raw-001735,ABŞERON LOGİSTİKA MƏRKƏZİ,Azərbaycan,MEDİA,2T352,translogistica,TransLogistica Caspian,2026,461,5511,https://translogistica.az/az/exhibitors-list/year/2026
expo-raw-001736,ACCURATE AZ,Azərbaycan,MEDİA,-,translogistica,TransLogistica Caspian,2026,461,,https://translogistica.az/az/exhibitors-list/year/2026
expo-raw-001737,AZƏRBAYCAN GÖMRÜK TƏMSİLÇİLİYİ VƏ LOGİSTİKA ŞİRKƏTLƏRİNİN ASSOSİASİYASI,Azərbaycan,MEDİA,2T350,translogistica,TransLogistica Caspian,2026,461,352505,https://translogistica.az/az/exhibitors-list/year/2026
expo-raw-001738,APA GROUP,Azərbaycan,MEDİA,-,translogistica,TransLogistica Caspian,2026,461,4257,https://translogistica.az/az/exhibitors-list/year/2026
expo-raw-001739,AZ TV,Azərbaycan,MEDİA,-,translogistica,TransLogistica Caspian,2026,461,325185,https://translogistica.az/az/exhibitors-list/year/2026
expo-raw-001740,AZNUR LOGISTICS,Azərbaycan,MEDİA,2T350-3,translogistica,TransLogistica Caspian,2026,461,352521,https://translogistica.az/az/exhibitors-list/year/2026
expo-raw-001741,BILBORD.AL,Azərbaycan,MEDİA,-,translogistica,TransLogistica Caspian,2026,461,345787,https://translogistica.az/az/exhibitors-list/year/2026
expo-raw-001742,BAGCAM.AZ,Azərbaycan,MEDİA,-,translogistica,TransLogistica Caspian,2026,461,,https://translogistica.az/az/exhibitors-list/year/2026
expo-raw-001743,CASPİAN ENERGY GROUP,Azərbaycan,MEDİA,-,translogistica,TransLogistica Caspian,2026,461,6725,https://translogistica.az/az/exhibitors-list/year/2026
expo-raw-001744,COSTA COFFEE,Azərbaycan,MEDİA,-,translogistica,TransLogistica Caspian,2026,461,,https://translogistica.az/az/exhibitors-list/year/2026
expo-raw-001745,ECO LOGISTICS,Azərbaycan,MEDİA,2t350-5,translogistica,TransLogistica Caspian,2026,461,352520,https://translogistica.az/az/exhibitors-list/year/2026
expo-raw-001746,GLT TRANSPORT,Azərbaycan,MEDİA,2T350-4,translogistica,TransLogistica Caspian,2026,461,352509,https://translogistica.az/az/exhibitors-list/year/2026
expo-raw-001747,HERITUS LOGISTICS,Azərbaycan,MEDİA,2T350-2,translogistica,TransLogistica Caspian,2026,461,352510,https://translogistica.az/az/exhibitors-list/year/2026
expo-raw-001748,MG PLUS MMC,Azərbaycan,MEDİA,-,translogistica,TransLogistica Caspian,2026,461,,https://translogistica.az/az/exhibitors-list/year/2026
expo-raw-001749,PAŞA BANK,Azərbaycan,MEDİA,-,translogistica,TransLogistica Caspian,2026,461,,https://translogistica.az/az/exhibitors-list/year/2026
expo-raw-001750,RADİO ENERJİ 101.1 FM,Azərbaycan,MEDİA,-,translogistica,TransLogistica Caspian,2026,461,,https://translogistica.az/az/exhibitors-list/year/2026
expo-raw-001751,SARA LOGİSTİCS,Azərbaycan,MEDİA,2T332,translogistica,TransLogistica Caspian,2026,461,277996,https://translogistica.az/az/exhibitors-list/year/2026
expo-raw-001752,UNISER GROUP MMC,Azərbaycan,MEDİA,2T350-1,translogistica,TransLogistica Caspian,2026,461,352632,https://translogistica.az/az/exhibitors-list/year/2026
expo-raw-001753,YÜKTAKSİSİ.AZ MMC,Azərbaycan,MEDİA,2T324,translogistica,TransLogistica Caspian,2026,461,8006,https://translogistica.az/az/exhibitors-list/year/2026
expo-raw-001754,1 NEWS İNFORMASİYA AGENTLİYİ MMC,Azərbaycan,MEDİA,-,caspianagroweek,Caspian Agro Week,2019,167,4265,https://caspianagroweek.az/az/exhibitors-list/year/2019
expo-raw-001755,AGROEXPERT,Azərbaycan,MEDİA,-,caspianagroweek,Caspian Agro Week,2019,167,5277,https://caspianagroweek.az/az/exhibitors-list/year/2019
expo-raw-001756,AQROBİZNES,Azərbaycan,MEDİA,-,caspianagroweek,Caspian Agro Week,2019,167,5279,https://caspianagroweek.az/az/exhibitors-list/year/2019
expo-raw-001757,ASAN RADİO 100 FM,Azərbaycan,MEDİA,-,caspianagroweek,Caspian Agro Week,2019,167,4258,https://caspianagroweek.az/az/exhibitors-list/year/2019
expo-raw-001758,AZEXPORT.AZ,Azərbaycan,MEDİA,-,caspianagroweek,Caspian Agro Week,2019,167,4382,https://caspianagroweek.az/az/exhibitors-list/year/2019
expo-raw-001759,AZƏRTAC,Azərbaycan,MEDİA,P122,caspianagroweek,Caspian Agro Week,2019,167,4259,https://caspianagroweek.az/az/exhibitors-list/year/2019
expo-raw-001760,BAKUCİTY.AZ,Azərbaycan,MEDİA,-,caspianagroweek,Caspian Agro Week,2019,167,4829,https://caspianagroweek.az/az/exhibitors-list/year/2019
expo-raw-001761,BAKUİNFORM.AZ İNFO PORTAL,Azərbaycan,MEDİA,-,caspianagroweek,Caspian Agro Week,2019,167,4260,https://caspianagroweek.az/az/exhibitors-list/year/2019
expo-raw-001762,BIZNESINFO.AZ,Azərbaycan,MEDİA,-,caspianagroweek,Caspian Agro Week,2019,167,4256,https://caspianagroweek.az/az/exhibitors-list/year/2019
expo-raw-001763,DİZEL.AZ,Azərbaycan,MEDİA,-,caspianagroweek,Caspian Agro Week,2019,167,5280,https://caspianagroweek.az/az/exhibitors-list/year/2019
expo-raw-001764,FACEMARK.AZ,Azərbaycan,MEDİA,-,caspianagroweek,Caspian Agro Week,2019,167,4261,https://caspianagroweek.az/az/exhibitors-list/year/2019
expo-raw-001765,FİNEKO AİA,Azərbaycan,MEDİA,-,caspianagroweek,Caspian Agro Week,2019,167,4266,https://caspianagroweek.az/az/exhibitors-list/year/2019
expo-raw-001766,GƏNCƏ AQROBİZNES ASSOSİASİYASI,Azərbaycan,MEDİA,P124,caspianagroweek,Caspian Agro Week,2019,167,5278,https://caspianagroweek.az/az/exhibitors-list/year/2019
expo-raw-001767,MAKINA.AZ,Azərbaycan,MEDİA,-,caspianagroweek,Caspian Agro Week,2019,167,5282,https://caspianagroweek.az/az/exhibitors-list/year/2019
expo-raw-001768,SALAMNEWS İNFORMASİYA AGENTLİYİ,Azərbaycan,MEDİA,-,caspianagroweek,Caspian Agro Week,2019,167,4267,https://caspianagroweek.az/az/exhibitors-list/year/2019
expo-raw-001769,SPUTNİK AZƏRBAYCAN BEYNƏLXALQ İNFORMASİYA AGENTLİYİ VƏ RADİOSU,Azərbaycan,MEDİA,-,caspianagroweek,Caspian Agro Week,2019,167,4269,https://caspianagroweek.az/az/exhibitors-list/year/2019
expo-raw-001770,4S,Azərbaycan,MEDİA,A1306/A4004,caspianagroweek,Caspian Agro Week,2019,167,4716,https://caspianagroweek.az/az/exhibitors-list/year/2019
expo-raw-001771,A SERA AZERBAYCAN,Azərbaycan,MEDİA,A2414,caspianagroweek,Caspian Agro Week,2019,167,4998,https://caspianagroweek.az/az/exhibitors-list/year/2019
expo-raw-001772,A-CONSTRUCTION LTD MMC,Azərbaycan,MEDİA,A4010,caspianagroweek,Caspian Agro Week,2019,167,5058,https://caspianagroweek.az/az/exhibitors-list/year/2019
expo-raw-001773,AGRARCO MMC,Azərbaycan,MEDİA,A1214,caspianagroweek,Caspian Agro Week,2019,167,4699,https://caspianagroweek.az/az/exhibitors-list/year/2019
expo-raw-001774,AGRICO,Azərbaycan,MEDİA,A2328,caspianagroweek,Caspian Agro Week,2019,167,4918,https://caspianagroweek.az/az/exhibitors-list/year/2019
expo-raw-001775,AGRIONAL,Azərbaycan,MEDİA,A3106/A4008,caspianagroweek,Caspian Agro Week,2019,167,,https://caspianagroweek.az/az/exhibitors-list/year/2019
expo-raw-001776,AGRIONAL KƏND TƏSƏRRÜFATI MAŞINQAYLRMA ŞİRKƏTİ,Azərbaycan,MEDİA,A3104,caspianagroweek,Caspian Agro Week,2019,167,5235,https://caspianagroweek.az/az/exhibitors-list/year/2019
expo-raw-001777,AGRO DAIRY MMC,Azərbaycan,MEDİA,A1204/A4015,caspianagroweek,Caspian Agro Week,2019,167,4729,https://caspianagroweek.az/az/exhibitors-list/year/2019
expo-raw-001778,AGROBEST GROUP,Azərbaycan,MEDİA,A2086,caspianagroweek,Caspian Agro Week,2019,167,5007,https://caspianagroweek.az/az/exhibitors-list/year/2019
expo-raw-001779,AGROMARKET SERVIS LLC,Azərbaycan,MEDİA,A2324,caspianagroweek,Caspian Agro Week,2019,167,4996,https://caspianagroweek.az/az/exhibitors-list/year/2019
expo-raw-001780,AGROVİTA,Azərbaycan,MEDİA,A1112,caspianagroweek,Caspian Agro Week,2019,167,4701,https://caspianagroweek.az/az/exhibitors-list/year/2019
expo-raw-001781,AĞSU AGROPARK MMC,Azərbaycan,MEDİA,A2402,caspianagroweek,Caspian Agro Week,2019,167,4747,https://caspianagroweek.az/az/exhibitors-list/year/2019
expo-raw-001782,AMORİS,Azərbaycan,MEDİA,A1220,caspianagroweek,Caspian Agro Week,2019,167,4676,https://caspianagroweek.az/az/exhibitors-list/year/2019
expo-raw-001783,AQROKİMYA,Azərbaycan,MEDİA,A1210,caspianagroweek,Caspian Agro Week,2019,167,4663,https://caspianagroweek.az/az/exhibitors-list/year/2019
expo-raw-001784,AQRONAFT MMC,Azərbaycan,MEDİA,A3106/A4008,caspianagroweek,Caspian Agro Week,2019,167,5234,https://caspianagroweek.az/az/exhibitors-list/year/2019
expo-raw-001785,ARS,Azərbaycan,MEDİA,A1104,caspianagroweek,Caspian Agro Week,2019,167,,https://caspianagroweek.az/az/exhibitors-list/year/2019
expo-raw-001786,AS PAYP,Azərbaycan,MEDİA,A3005,caspianagroweek,Caspian Agro Week,2019,167,5482,https://caspianagroweek.az/az/exhibitors-list/year/2019
expo-raw-001787,AZƏRBAYCAN SƏNAYE KORPORASİYASI ASC,Azərbaycan,MEDİA,A2110,caspianagroweek,Caspian Agro Week,2019,167,4702,https://caspianagroweek.az/az/exhibitors-list/year/2019
expo-raw-001788,ASK HEYVANDARLIQ,Azərbaycan,MEDİA,A2110,caspianagroweek,Caspian Agro Week,2019,167,5003,https://caspianagroweek.az/az/exhibitors-list/year/2019
expo-raw-001789,ASK ŞƏKİ ŞƏRAB,Azərbaycan,MEDİA,A2110,caspianagroweek,Caspian Agro Week,2019,167,5000,https://caspianagroweek.az/az/exhibitors-list/year/2019
expo-raw-001790,AURA İNŞAAT,Azərbaycan,MEDİA,A2314,caspianagroweek,Caspian Agro Week,2019,167,4697,https://caspianagroweek.az/az/exhibitors-list/year/2019
expo-raw-001791,AZ EUROASİA TRADİNG,Azərbaycan,MEDİA,A1044,caspianagroweek,Caspian Agro Week,2019,167,4713,https://caspianagroweek.az/az/exhibitors-list/year/2019
expo-raw-001792,AZERCRAFT LLC,Azərbaycan,MEDİA,A2020,caspianagroweek,Caspian Agro Week,2019,167,4820,https://caspianagroweek.az/az/exhibitors-list/year/2019
expo-raw-001793,AZTEXNİKA,Azərbaycan,MEDİA,A2102,caspianagroweek,Caspian Agro Week,2019,167,4680,https://caspianagroweek.az/az/exhibitors-list/year/2019
expo-raw-001794,AZƏRBAYCAN NAR İSTEHSALÇILARI VƏ İXRACATÇILARI ASSOSİASİYASI,Azərbaycan,MEDİA,A1212,caspianagroweek,Caspian Agro Week,2019,167,4691,https://caspianagroweek.az/az/exhibitors-list/year/2019
expo-raw-001795,AZƏRBAYCAN RESPUBLİKASI SAHİBKARLAR (İŞƏGÖTÜRƏNLƏR) TƏŞKİLATLARI MİLLİ KONFEDERASİYASI,Azərbaycan,MEDİA,A3013,caspianagroweek,Caspian Agro Week,2019,167,4292,https://caspianagroweek.az/az/exhibitors-list/year/2019
expo-raw-001796,AZƏRBAYCAN RESPUBLİKASININ KİÇİK VƏ ORTA BİZNESİN İNKİŞAFI AGENTLİYİ,Azərbaycan,MEDİA,F3010,caspianagroweek,Caspian Agro Week,2019,167,4316,https://caspianagroweek.az/az/exhibitors-list/year/2019
expo-raw-001797,AZƏRBAYCAN RESPUBLİKASININ KƏND TƏSƏRRÜFATI NAZİRLİYİ,Azərbaycan,MEDİA,A3102/A4013,caspianagroweek,Caspian Agro Week,2019,167,5062,https://caspianagroweek.az/az/exhibitors-list/year/2019
expo-raw-001798,AZƏRPAMBIQ ASK,Azərbaycan,MEDİA,A2110,caspianagroweek,Caspian Agro Week,2019,167,4999,https://caspianagroweek.az/az/exhibitors-list/year/2019
expo-raw-001799,AZƏRTEXNIKA MMC,Azərbaycan,MEDİA,A4011,caspianagroweek,Caspian Agro Week,2019,167,5274,https://caspianagroweek.az/az/exhibitors-list/year/2019
expo-raw-001800,AMO FRUİT,Azərbaycan,MEDİA,A1220,caspianagroweek,Caspian Agro Week,2019,167,4997,https://caspianagroweek.az/az/exhibitors-list/year/2019
expo-raw-001801,AZƏRİPƏK,Azərbaycan,MEDİA,A2110,caspianagroweek,Caspian Agro Week,2019,167,5002,https://caspianagroweek.az/az/exhibitors-list/year/2019
expo-raw-001802,AZƏRTÜTÜN ASK,Azərbaycan,MEDİA,A2110,caspianagroweek,Caspian Agro Week,2019,167,5001,https://caspianagroweek.az/az/exhibitors-list/year/2019
expo-raw-001803,BELSHINA,Azərbaycan,MEDİA,A4011,caspianagroweek,Caspian Agro Week,2019,167,,https://caspianagroweek.az/az/exhibitors-list/year/2019
expo-raw-001804,BIOLCHIM,Azərbaycan,MEDİA,A2086,caspianagroweek,Caspian Agro Week,2019,167,5008,https://caspianagroweek.az/az/exhibitors-list/year/2019
expo-raw-001805,"BOULEVARD HOTEL BAKU, AUTOGRAPH COLLECTION",Azərbaycan,MEDİA,-,caspianagroweek,Caspian Agro Week,2019,167,4863,https://caspianagroweek.az/az/exhibitors-list/year/2019
expo-raw-001806,BİNƏ AQRO MMC,Azərbaycan,MEDİA,A2410,caspianagroweek,Caspian Agro Week,2019,167,4852,https://caspianagroweek.az/az/exhibitors-list/year/2019
expo-raw-001807,CAUCASUS INDUSTRİAL AND TRADE GROUP LTD LLC,Azərbaycan,MEDİA,A4017,caspianagroweek,Caspian Agro Week,2019,167,5484,https://caspianagroweek.az/az/exhibitors-list/year/2019
expo-raw-001808,CORN PROCESSİNG COMPANY,Azərbaycan,MEDİA,A1218,caspianagroweek,Caspian Agro Week,2019,167,4709,https://caspianagroweek.az/az/exhibitors-list/year/2019
expo-raw-001809,CAHE IH,Azərbaycan,MEDİA,A1102/4012,caspianagroweek,Caspian Agro Week,2019,167,,https://caspianagroweek.az/az/exhibitors-list/year/2019
expo-raw-001810,E-FARM CIS,Azərbaycan,MEDİA,A2034,caspianagroweek,Caspian Agro Week,2019,167,4827,https://caspianagroweek.az/az/exhibitors-list/year/2019
expo-raw-001811,EMA QSC,Azərbaycan,MEDİA,A3202,caspianagroweek,Caspian Agro Week,2019,167,5425,https://caspianagroweek.az/az/exhibitors-list/year/2019
expo-raw-001812,GBR TRADE,Azərbaycan,MEDİA,A2086,caspianagroweek,Caspian Agro Week,2019,167,4693,https://caspianagroweek.az/az/exhibitors-list/year/2019
expo-raw-001813,GRAND MOTORS COMPANY,Azərbaycan,MEDİA,A1102/4012,caspianagroweek,Caspian Agro Week,2019,167,4684,https://caspianagroweek.az/az/exhibitors-list/year/2019
expo-raw-001814,GRAND-AGRO INVİTRO MMC,Azərbaycan,MEDİA,A1217,caspianagroweek,Caspian Agro Week,2019,167,4708,https://caspianagroweek.az/az/exhibitors-list/year/2019
expo-raw-001815,GREEN PLAST,Azərbaycan,MEDİA,A2056,caspianagroweek,Caspian Agro Week,2019,167,4929,https://caspianagroweek.az/az/exhibitors-list/year/2019
expo-raw-001816,GREENWICH TRAVEL CLUB,Azərbaycan,MEDİA,-,caspianagroweek,Caspian Agro Week,2019,167,4816,https://caspianagroweek.az/az/exhibitors-list/year/2019
expo-raw-001817,GROVV GROUP AZERBAIJAN MMC,Azərbaycan,MEDİA,A1104,caspianagroweek,Caspian Agro Week,2019,167,4660,https://caspianagroweek.az/az/exhibitors-list/year/2019
expo-raw-001818,GREEN CON,Azərbaycan,MEDİA,A2410,caspianagroweek,Caspian Agro Week,2019,167,,https://caspianagroweek.az/az/exhibitors-list/year/2019
expo-raw-001819,GRİMME,Azərbaycan,MEDİA,A1202,caspianagroweek,Caspian Agro Week,2019,167,,https://caspianagroweek.az/az/exhibitors-list/year/2019
expo-raw-001820,GİLAN HOLDİNG,Azərbaycan,MEDİA,A4002,caspianagroweek,Caspian Agro Week,2019,167,5189,https://caspianagroweek.az/az/exhibitors-list/year/2019
expo-raw-001821,GƏNCƏ AVTOMOBİL ZAVODU İB,Azərbaycan,MEDİA,A4014/A1326,caspianagroweek,Caspian Agro Week,2019,167,4990,https://caspianagroweek.az/az/exhibitors-list/year/2019
expo-raw-001822,HMS (TATUN SARAYLI),Azərbaycan,MEDİA,A4011,caspianagroweek,Caspian Agro Week,2019,167,,https://caspianagroweek.az/az/exhibitors-list/year/2019
expo-raw-001823,IMPROTEX INDUSTRIES MMC,Azərbaycan,MEDİA,A4016,caspianagroweek,Caspian Agro Week,2019,167,4710,https://caspianagroweek.az/az/exhibitors-list/year/2019
expo-raw-001824,"INTOURIST HOTEL BAKU, AUTOGRAPH COLLECTION",Azərbaycan,MEDİA,-,caspianagroweek,Caspian Agro Week,2019,167,4874,https://caspianagroweek.az/az/exhibitors-list/year/2019
expo-raw-001825,JOHN DEERE,Azərbaycan,MEDİA,A2102,caspianagroweek,Caspian Agro Week,2019,167,5004,https://caspianagroweek.az/az/exhibitors-list/year/2019
expo-raw-001826,KAYHAN ERTUĞRUL TARIM,Azərbaycan,MEDİA,A4011,caspianagroweek,Caspian Agro Week,2019,167,,https://caspianagroweek.az/az/exhibitors-list/year/2019
expo-raw-001827,KÜRDAXANI ŞİTİL,Azərbaycan,MEDİA,A1208,caspianagroweek,Caspian Agro Week,2019,167,5053,https://caspianagroweek.az/az/exhibitors-list/year/2019
expo-raw-001828,MARS FK,Azərbaycan,MEDİA,A1212,caspianagroweek,Caspian Agro Week,2019,167,,https://caspianagroweek.az/az/exhibitors-list/year/2019
expo-raw-001829,METAK,Azərbaycan,MEDİA,A1114,caspianagroweek,Caspian Agro Week,2019,167,4674,https://caspianagroweek.az/az/exhibitors-list/year/2019
expo-raw-001830,MCCORMİCK,Azərbaycan,MEDİA,A2327,caspianagroweek,Caspian Agro Week,2019,167,,https://caspianagroweek.az/az/exhibitors-list/year/2019
expo-raw-001831,NPC AGRO SERVICES,Azərbaycan,MEDİA,A2049,caspianagroweek,Caspian Agro Week,2019,167,5475,https://caspianagroweek.az/az/exhibitors-list/year/2019
expo-raw-001832,PAŞA BANK,Azərbaycan,MEDİA,A2404,caspianagroweek,Caspian Agro Week,2019,167,4714,https://caspianagroweek.az/az/exhibitors-list/year/2019
expo-raw-001833,POLYAGRO,Azərbaycan,MEDİA,A2330,caspianagroweek,Caspian Agro Week,2019,167,4700,https://caspianagroweek.az/az/exhibitors-list/year/2019
expo-raw-001834,PRIVA,Azərbaycan,MEDİA,A1104,caspianagroweek,Caspian Agro Week,2019,167,,https://caspianagroweek.az/az/exhibitors-list/year/2019
expo-raw-001835,PRİOR LEASİNG,Azərbaycan,MEDİA,A1304,caspianagroweek,Caspian Agro Week,2019,167,4915,https://caspianagroweek.az/az/exhibitors-list/year/2019
expo-raw-001836,PEYMAK,Azərbaycan,MEDİA,A4011,caspianagroweek,Caspian Agro Week,2019,167,,https://caspianagroweek.az/az/exhibitors-list/year/2019
expo-raw-001837,PHİLİPS LİGHTNİNG,Azərbaycan,MEDİA,A2108,caspianagroweek,Caspian Agro Week,2019,167,,https://caspianagroweek.az/az/exhibitors-list/year/2019
expo-raw-001838,RAMCO QSC,Azərbaycan,MEDİA,A1102/4012,caspianagroweek,Caspian Agro Week,2019,167,,https://caspianagroweek.az/az/exhibitors-list/year/2019
expo-raw-001839,SEZER AGRICULTURE AND MILKING TECHNOLOGIES,Azərbaycan,MEDİA,A2218,caspianagroweek,Caspian Agro Week,2019,167,4912,https://caspianagroweek.az/az/exhibitors-list/year/2019
expo-raw-001840,SHELKOVO AGROXİM,Azərbaycan,MEDİA,A1002,caspianagroweek,Caspian Agro Week,2019,167,5186,https://caspianagroweek.az/az/exhibitors-list/year/2019
expo-raw-001841,SMART AGRO MMC,Azərbaycan,MEDİA,A2018,caspianagroweek,Caspian Agro Week,2019,167,4722,https://caspianagroweek.az/az/exhibitors-list/year/2019
expo-raw-001842,SMİNAGRO,Azərbaycan,MEDİA,A1026,caspianagroweek,Caspian Agro Week,2019,167,4727,https://caspianagroweek.az/az/exhibitors-list/year/2019
expo-raw-001843,SOLİS,Azərbaycan,MEDİA,A1102/4012,caspianagroweek,Caspian Agro Week,2019,167,,https://caspianagroweek.az/az/exhibitors-list/year/2019
expo-raw-001844,TAR-TEK,Azərbaycan,MEDİA,A3106/A4008,caspianagroweek,Caspian Agro Week,2019,167,,https://caspianagroweek.az/az/exhibitors-list/year/2019
expo-raw-001845,TUMOSAN,Azərbaycan,MEDİA,A4011,caspianagroweek,Caspian Agro Week,2019,167,,https://caspianagroweek.az/az/exhibitors-list/year/2019
expo-raw-001846,USAID/US EMBASSY,Azərbaycan,MEDİA,A2302,caspianagroweek,Caspian Agro Week,2019,167,4806,https://caspianagroweek.az/az/exhibitors-list/year/2019
expo-raw-001847,YAĞMUR-2,Azərbaycan,MEDİA,A1018,caspianagroweek,Caspian Agro Week,2019,167,4666,https://caspianagroweek.az/az/exhibitors-list/year/2019
expo-raw-001848,AZƏRBAYCAN RESPUBLİKASININ KİÇİK VƏ ORTA BİZNESİN İNKİŞAFI AGENTLİYİ,Azərbaycan,DƏSTƏK,F1054,caspianagroweek,Caspian Agro Week,2021,194,4316,https://caspianagroweek.az/az/exhibitors-list/year/2021
expo-raw-001849,AZƏRBAYCAN RESPUBLİKASININ İXRACIN VƏ İNVESTİSİYALARIN TƏŞVİQİ AGENTLİYİ (AZPROMO),Azərbaycan,TƏRƏFDAŞ,-,caspianagroweek,Caspian Agro Week,2021,194,4289,https://caspianagroweek.az/az/exhibitors-list/year/2021
expo-raw-001850,ESPRESSO MOBİL AZE,Azərbaycan,TƏRƏFDAŞ,AAAA,caspianagroweek,Caspian Agro Week,2021,194,6071,https://caspianagroweek.az/az/exhibitors-list/year/2021
expo-raw-001851,AGRICO,Azərbaycan,TƏRƏFDAŞ,A1206,caspianagroweek,Caspian Agro Week,2021,194,4918,https://caspianagroweek.az/az/exhibitors-list/year/2021
expo-raw-001852,AGRIONAL KƏND TƏSƏRRÜFATI MAŞINQAYLRMA ŞİRKƏTİ,Azərbaycan,TƏRƏFDAŞ,A5006-1,caspianagroweek,Caspian Agro Week,2021,194,5235,https://caspianagroweek.az/az/exhibitors-list/year/2021
expo-raw-001853,AGRISPACE MMC,Azərbaycan,TƏRƏFDAŞ,A5006/A5003,caspianagroweek,Caspian Agro Week,2021,194,6022,https://caspianagroweek.az/az/exhibitors-list/year/2021
expo-raw-001854,AGRO DAIRY MMC,Azərbaycan,TƏRƏFDAŞ,A1204/A5022,caspianagroweek,Caspian Agro Week,2021,194,4729,https://caspianagroweek.az/az/exhibitors-list/year/2021
expo-raw-001855,AGRO REZVAN MUGAN AZ MMC,Azərbaycan,TƏRƏFDAŞ,A5036/A2212,caspianagroweek,Caspian Agro Week,2021,194,6334,https://caspianagroweek.az/az/exhibitors-list/year/2021
expo-raw-001856,AGROMARKET SERVIS LLC,Azərbaycan,TƏRƏFDAŞ,A1226,caspianagroweek,Caspian Agro Week,2021,194,4996,https://caspianagroweek.az/az/exhibitors-list/year/2021
expo-raw-001857,AGROVİTA,Azərbaycan,TƏRƏFDAŞ,A1112,caspianagroweek,Caspian Agro Week,2021,194,4701,https://caspianagroweek.az/az/exhibitors-list/year/2021
expo-raw-001858,AĞSU AGROPARK MMC,Azərbaycan,TƏRƏFDAŞ,A2302,caspianagroweek,Caspian Agro Week,2021,194,4747,https://caspianagroweek.az/az/exhibitors-list/year/2021
expo-raw-001859,AQROKİMYA,Azərbaycan,TƏRƏFDAŞ,A1208,caspianagroweek,Caspian Agro Week,2021,194,4663,https://caspianagroweek.az/az/exhibitors-list/year/2021
expo-raw-001860,AQRONAFT MMC,Azərbaycan,TƏRƏFDAŞ,A5003/A5006,caspianagroweek,Caspian Agro Week,2021,194,5234,https://caspianagroweek.az/az/exhibitors-list/year/2021
expo-raw-001861,AQROSERVİS,Azərbaycan,TƏRƏFDAŞ,A2402/A2304/A5026/A5025,caspianagroweek,Caspian Agro Week,2021,194,6509,https://caspianagroweek.az/az/exhibitors-list/year/2021
expo-raw-001862,AQUALINK MMC,Azərbaycan,TƏRƏFDAŞ,A1004-1,caspianagroweek,Caspian Agro Week,2021,194,,https://caspianagroweek.az/az/exhibitors-list/year/2021
expo-raw-001863,ASENA KO MMC,Azərbaycan,TƏRƏFDAŞ,A2305,caspianagroweek,Caspian Agro Week,2021,194,6498,https://caspianagroweek.az/az/exhibitors-list/year/2021
expo-raw-001864,AURA İNŞAAT,Azərbaycan,TƏRƏFDAŞ,A2208,caspianagroweek,Caspian Agro Week,2021,194,4697,https://caspianagroweek.az/az/exhibitors-list/year/2021
expo-raw-001865,AZ AGROMİLA,Azərbaycan,TƏRƏFDAŞ,A2310,caspianagroweek,Caspian Agro Week,2021,194,4715,https://caspianagroweek.az/az/exhibitors-list/year/2021
expo-raw-001866,AZER N AGRO LLC,Azərbaycan,TƏRƏFDAŞ,A5012,caspianagroweek,Caspian Agro Week,2021,194,5891,https://caspianagroweek.az/az/exhibitors-list/year/2021
expo-raw-001867,AZERSUN HOLDING,Azərbaycan,TƏRƏFDAŞ,A1106,caspianagroweek,Caspian Agro Week,2021,194,6050,https://caspianagroweek.az/az/exhibitors-list/year/2021
expo-raw-001868,AZMADE GROUP,Azərbaycan,TƏRƏFDAŞ,A1212,caspianagroweek,Caspian Agro Week,2021,194,6499,https://caspianagroweek.az/az/exhibitors-list/year/2021
expo-raw-001869,AZSEEDS MMC,Azərbaycan,TƏRƏFDAŞ,A2002,caspianagroweek,Caspian Agro Week,2021,194,5713,https://caspianagroweek.az/az/exhibitors-list/year/2021
expo-raw-001870,AZTEXNİKA,Azərbaycan,TƏRƏFDAŞ,A2102,caspianagroweek,Caspian Agro Week,2021,194,4680,https://caspianagroweek.az/az/exhibitors-list/year/2021
expo-raw-001871,AZƏRBAYCAN RESPUBLİKASI KƏND TƏSƏRRÜFATI NAZİRLİYİ YANINDA AQRAR XİDMƏTLƏR AGENTLİYİ,Azərbaycan,TƏRƏFDAŞ,A2112,caspianagroweek,Caspian Agro Week,2021,194,6514,https://caspianagroweek.az/az/exhibitors-list/year/2021
expo-raw-001872,AZƏRBAYCAN RESPUBLİKASININ KƏND TƏSƏRRÜFATI NAZİRLİYİ,Azərbaycan,TƏRƏFDAŞ,-,caspianagroweek,Caspian Agro Week,2021,194,5062,https://caspianagroweek.az/az/exhibitors-list/year/2021
expo-raw-001873,AZƏRTEXNIKA MMC,Azərbaycan,TƏRƏFDAŞ,A5004,caspianagroweek,Caspian Agro Week,2021,194,5274,https://caspianagroweek.az/az/exhibitors-list/year/2021
expo-raw-001874,BINA AGRO,Azərbaycan,TƏRƏFDAŞ,A2104,caspianagroweek,Caspian Agro Week,2021,194,6216,https://caspianagroweek.az/az/exhibitors-list/year/2021
expo-raw-001875,BRPG MMC,Azərbaycan,TƏRƏFDAŞ,A2064,caspianagroweek,Caspian Agro Week,2021,194,6261,https://caspianagroweek.az/az/exhibitors-list/year/2021
expo-raw-001876,CAUCASUS INDUSTRİAL AND TRADE GROUP LTD LLC,Azərbaycan,TƏRƏFDAŞ,A2218,caspianagroweek,Caspian Agro Week,2021,194,5484,https://caspianagroweek.az/az/exhibitors-list/year/2021
expo-raw-001877,FRUCTUS MMC,Azərbaycan,TƏRƏFDAŞ,A5034,caspianagroweek,Caspian Agro Week,2021,194,6307,https://caspianagroweek.az/az/exhibitors-list/year/2021
expo-raw-001878,GILAN PIVOT MMC,Azərbaycan,TƏRƏFDAŞ,A1216,caspianagroweek,Caspian Agro Week,2021,194,6224,https://caspianagroweek.az/az/exhibitors-list/year/2021
expo-raw-001879,GORAN AQRO LLC,Azərbaycan,TƏRƏFDAŞ,A2410,caspianagroweek,Caspian Agro Week,2021,194,6020,https://caspianagroweek.az/az/exhibitors-list/year/2021
expo-raw-001880,GRAND MOTORS COMPANY,Azərbaycan,TƏRƏFDAŞ,A1002,caspianagroweek,Caspian Agro Week,2021,194,4684,https://caspianagroweek.az/az/exhibitors-list/year/2021
expo-raw-001881,GRAND-AGRO INVİTRO MMC,Azərbaycan,TƏRƏFDAŞ,A1032,caspianagroweek,Caspian Agro Week,2021,194,4708,https://caspianagroweek.az/az/exhibitors-list/year/2021
expo-raw-001882,GREEN CON LLC,Azərbaycan,TƏRƏFDAŞ,A2104/1,caspianagroweek,Caspian Agro Week,2021,194,,https://caspianagroweek.az/az/exhibitors-list/year/2021
expo-raw-001883,GROVV GROUP AZERBAIJAN MMC,Azərbaycan,TƏRƏFDAŞ,A1104,caspianagroweek,Caspian Agro Week,2021,194,4660,https://caspianagroweek.az/az/exhibitors-list/year/2021
expo-raw-001884,GUBRE.AZ,Azərbaycan,TƏRƏFDAŞ,A2314,caspianagroweek,Caspian Agro Week,2021,194,6351,https://caspianagroweek.az/az/exhibitors-list/year/2021
expo-raw-001885,GƏNCƏ AVTOMOBİL ZAVODU İB,Azərbaycan,TƏRƏFDAŞ,A5020,caspianagroweek,Caspian Agro Week,2021,194,4990,https://caspianagroweek.az/az/exhibitors-list/year/2021
expo-raw-001886,IMAGRO,Azərbaycan,TƏRƏFDAŞ,A5028/A5030,caspianagroweek,Caspian Agro Week,2021,194,6358,https://caspianagroweek.az/az/exhibitors-list/year/2021
expo-raw-001887,IMPROTEX INDUSTRIES MMC,Azərbaycan,TƏRƏFDAŞ,A2306/A5028/A5024/A5030,caspianagroweek,Caspian Agro Week,2021,194,4710,https://caspianagroweek.az/az/exhibitors-list/year/2021
expo-raw-001888,JOHN DEERE,Azərbaycan,TƏRƏFDAŞ,A2102-1,caspianagroweek,Caspian Agro Week,2021,194,5004,https://caspianagroweek.az/az/exhibitors-list/year/2021
expo-raw-001889,METAK,Azərbaycan,TƏRƏFDAŞ,A1114,caspianagroweek,Caspian Agro Week,2021,194,4674,https://caspianagroweek.az/az/exhibitors-list/year/2021
expo-raw-001890,NPC AGRO SERVICES,Azərbaycan,TƏRƏFDAŞ,A1219,caspianagroweek,Caspian Agro Week,2021,194,5475,https://caspianagroweek.az/az/exhibitors-list/year/2021
expo-raw-001891,ONURPLAST MMC,Azərbaycan,TƏRƏFDAŞ,A1222,caspianagroweek,Caspian Agro Week,2021,194,6247,https://caspianagroweek.az/az/exhibitors-list/year/2021
expo-raw-001892,ORBIS AUTOMATIC,Azərbaycan,TƏRƏFDAŞ,F2016,caspianagroweek,Caspian Agro Week,2021,194,6077,https://caspianagroweek.az/az/exhibitors-list/year/2021
expo-raw-001893,POLYAGRO,Azərbaycan,TƏRƏFDAŞ,A2316,caspianagroweek,Caspian Agro Week,2021,194,4700,https://caspianagroweek.az/az/exhibitors-list/year/2021
expo-raw-001894,PRİOR LEASİNG,Azərbaycan,TƏRƏFDAŞ,A1010/A1304/A1008/A5010,caspianagroweek,Caspian Agro Week,2021,194,4915,https://caspianagroweek.az/az/exhibitors-list/year/2021
expo-raw-001895,RAMCO QSC,Azərbaycan,TƏRƏFDAŞ,A1002-1,caspianagroweek,Caspian Agro Week,2021,194,5417,https://caspianagroweek.az/az/exhibitors-list/year/2021
expo-raw-001896,RAMMA CJSC,Azərbaycan,TƏRƏFDAŞ,A5002-1,caspianagroweek,Caspian Agro Week,2021,194,6511,https://caspianagroweek.az/az/exhibitors-list/year/2021
expo-raw-001897,SHABRAN-D MMC,Azərbaycan,TƏRƏFDAŞ,A1224,caspianagroweek,Caspian Agro Week,2021,194,6225,https://caspianagroweek.az/az/exhibitors-list/year/2021
expo-raw-001898,TAR-TEK,Azərbaycan,TƏRƏFDAŞ,A5006-2,caspianagroweek,Caspian Agro Week,2021,194,,https://caspianagroweek.az/az/exhibitors-list/year/2021
expo-raw-001899,YAĞMUR-2,Azərbaycan,TƏRƏFDAŞ,A1016,caspianagroweek,Caspian Agro Week,2021,194,4666,https://caspianagroweek.az/az/exhibitors-list/year/2021
expo-raw-001900,ZƏYƏM TEXNOLOGİYALAR PARKI ASC,Azərbaycan,TƏRƏFDAŞ,A5032,caspianagroweek,Caspian Agro Week,2021,194,6507,https://caspianagroweek.az/az/exhibitors-list/year/2021
expo-raw-001901,1 NEWS İNFORMASİYA AGENTLİYİ MMC,Azərbaycan,MEDİA,-,caspianagroweek,Caspian Agro Week,2022,222,4265,https://caspianagroweek.az/az/exhibitors-list/year/2022
expo-raw-001902,AZEXPORT.AZ,Azərbaycan,MEDİA,-,caspianagroweek,Caspian Agro Week,2022,222,4382,https://caspianagroweek.az/az/exhibitors-list/year/2022
expo-raw-001903,BAGCAM.AZ,Azərbaycan,MEDİA,P112,caspianagroweek,Caspian Agro Week,2022,222,,https://caspianagroweek.az/az/exhibitors-list/year/2022
expo-raw-001904,DİZEL.AZ,Azərbaycan,MEDİA,-,caspianagroweek,Caspian Agro Week,2022,222,5280,https://caspianagroweek.az/az/exhibitors-list/year/2022
expo-raw-001905,SALAMNEWS İNFORMASİYA AGENTLİYİ,Azərbaycan,MEDİA,-,caspianagroweek,Caspian Agro Week,2022,222,4267,https://caspianagroweek.az/az/exhibitors-list/year/2022
expo-raw-001906,4S MMC,Azərbaycan,MEDİA,A1306/A5020,caspianagroweek,Caspian Agro Week,2022,222,6954,https://caspianagroweek.az/az/exhibitors-list/year/2022
expo-raw-001907,AGRARCO MMC,Azərbaycan,MEDİA,A1212,caspianagroweek,Caspian Agro Week,2022,222,4699,https://caspianagroweek.az/az/exhibitors-list/year/2022
expo-raw-001908,AGRICO,Azərbaycan,MEDİA,A1206,caspianagroweek,Caspian Agro Week,2022,222,4918,https://caspianagroweek.az/az/exhibitors-list/year/2022
expo-raw-001909,AGRISPACE MMC,Azərbaycan,MEDİA,A5006,caspianagroweek,Caspian Agro Week,2022,222,6022,https://caspianagroweek.az/az/exhibitors-list/year/2022
expo-raw-001910,AGRO DAIRY MMC,Azərbaycan,MEDİA,A1204,caspianagroweek,Caspian Agro Week,2022,222,4729,https://caspianagroweek.az/az/exhibitors-list/year/2022
expo-raw-001911,AGRO FOOD INVESTMENTS MMC,Azərbaycan,MEDİA,A2428/A5122-4,caspianagroweek,Caspian Agro Week,2022,222,,https://caspianagroweek.az/az/exhibitors-list/year/2022
expo-raw-001912,AGROBEST GROUP,Azərbaycan,MEDİA,A2020-1,caspianagroweek,Caspian Agro Week,2022,222,5007,https://caspianagroweek.az/az/exhibitors-list/year/2022
expo-raw-001913,AGROVİTA,Azərbaycan,MEDİA,A1110,caspianagroweek,Caspian Agro Week,2022,222,4701,https://caspianagroweek.az/az/exhibitors-list/year/2022
expo-raw-001914,ALPLER,Azərbaycan,MEDİA,A5002-15,caspianagroweek,Caspian Agro Week,2022,222,,https://caspianagroweek.az/az/exhibitors-list/year/2022
expo-raw-001915,AQROELM,Azərbaycan,MEDİA,A2012,caspianagroweek,Caspian Agro Week,2022,222,6847,https://caspianagroweek.az/az/exhibitors-list/year/2022
expo-raw-001916,AQROKİMYA,Azərbaycan,MEDİA,A1208,caspianagroweek,Caspian Agro Week,2022,222,4663,https://caspianagroweek.az/az/exhibitors-list/year/2022
expo-raw-001917,AQRONAFT MMC,Azərbaycan,MEDİA,A5024,caspianagroweek,Caspian Agro Week,2022,222,5234,https://caspianagroweek.az/az/exhibitors-list/year/2022
expo-raw-001918,AQROPILOT,Azərbaycan,MEDİA,A2430,caspianagroweek,Caspian Agro Week,2022,222,,https://caspianagroweek.az/az/exhibitors-list/year/2022
expo-raw-001919,AQROSERVİS,Azərbaycan,MEDİA,A3102-1/A5014,caspianagroweek,Caspian Agro Week,2022,222,6509,https://caspianagroweek.az/az/exhibitors-list/year/2022
expo-raw-001920,AURA İNŞAAT,Azərbaycan,MEDİA,A1318,caspianagroweek,Caspian Agro Week,2022,222,4697,https://caspianagroweek.az/az/exhibitors-list/year/2022
expo-raw-001921,AZBADAM MMC,Azərbaycan,MEDİA,A1210,caspianagroweek,Caspian Agro Week,2022,222,6851,https://caspianagroweek.az/az/exhibitors-list/year/2022
expo-raw-001922,AZER N AGRO LLC,Azərbaycan,MEDİA,A5010-1/A5010-2,caspianagroweek,Caspian Agro Week,2022,222,5891,https://caspianagroweek.az/az/exhibitors-list/year/2022
expo-raw-001923,AZERTEXNOLAYN MMC,Azərbaycan,MEDİA,A1006,caspianagroweek,Caspian Agro Week,2022,222,4580,https://caspianagroweek.az/az/exhibitors-list/year/2022
expo-raw-001924,AZTEXNİKA,Azərbaycan,MEDİA,A2114,caspianagroweek,Caspian Agro Week,2022,222,4680,https://caspianagroweek.az/az/exhibitors-list/year/2022
expo-raw-001925,AZƏRAQRAR DÖVLƏT İSTEHSALAT VƏ EMAL BİRLİYİ MMC,Azərbaycan,MEDİA,A3002,caspianagroweek,Caspian Agro Week,2022,222,7025,https://caspianagroweek.az/az/exhibitors-list/year/2022
expo-raw-001926,AZƏRBAYCAN RESPUBLİKASI KƏND TƏSƏRRÜFATI NAZİRLİYİ YANINDA AQRAR XİDMƏTLƏR AGENTLİYİ,Azərbaycan,MEDİA,A1312,caspianagroweek,Caspian Agro Week,2022,222,6514,https://caspianagroweek.az/az/exhibitors-list/year/2022
expo-raw-001927,AZƏRBAYCAN RESPUBLİKASI SAHİBKARLAR (İŞƏGÖTÜRƏNLƏR) TƏŞKİLATLARI MİLLİ KONFEDERASİYASI,Azərbaycan,MEDİA,F2428,caspianagroweek,Caspian Agro Week,2022,222,4292,https://caspianagroweek.az/az/exhibitors-list/year/2022
expo-raw-001928,AZƏRBAYCAN RESPUBLİKASININ KİÇİK VƏ ORTA BİZNESİN İNKİŞAFI AGENTLİYİ,Azərbaycan,MEDİA,F1010,caspianagroweek,Caspian Agro Week,2022,222,4316,https://caspianagroweek.az/az/exhibitors-list/year/2022
expo-raw-001929,AZƏRBAYCAN RESPUBLİKASININ KƏND TƏSƏRRÜFATI NAZİRLİYİ,Azərbaycan,MEDİA,A3102,caspianagroweek,Caspian Agro Week,2022,222,5062,https://caspianagroweek.az/az/exhibitors-list/year/2022
expo-raw-001930,AZƏRBAYCAN RESPUBLİKASININ İXRACIN VƏ İNVESTİSİYALARIN TƏŞVİQİ AGENTLİYİ (AZPROMO),Azərbaycan,MEDİA,-,caspianagroweek,Caspian Agro Week,2022,222,4289,https://caspianagroweek.az/az/exhibitors-list/year/2022
expo-raw-001931,AZƏRTEXNIKA MMC,Azərbaycan,MEDİA,A5002,caspianagroweek,Caspian Agro Week,2022,222,5274,https://caspianagroweek.az/az/exhibitors-list/year/2022
expo-raw-001932,AZƏRŞƏKƏR MMC,Azərbaycan,MEDİA,A2428/A5122,caspianagroweek,Caspian Agro Week,2022,222,6854,https://caspianagroweek.az/az/exhibitors-list/year/2022
expo-raw-001933,ADRİMAK,Azərbaycan,MEDİA,A5002-14,caspianagroweek,Caspian Agro Week,2022,222,,https://caspianagroweek.az/az/exhibitors-list/year/2022
expo-raw-001934,AGRİTEX LLC,Azərbaycan,MEDİA,A5021,caspianagroweek,Caspian Agro Week,2022,222,,https://caspianagroweek.az/az/exhibitors-list/year/2022
expo-raw-001935,AGROLAB KƏND TƏSƏRRÜFATI LABORATORİYASI,Azərbaycan,MEDİA,A2428/A5122-2,caspianagroweek,Caspian Agro Week,2022,222,,https://caspianagroweek.az/az/exhibitors-list/year/2022
expo-raw-001936,AGROLAND,Azərbaycan,MEDİA,A2316-1,caspianagroweek,Caspian Agro Week,2022,222,,https://caspianagroweek.az/az/exhibitors-list/year/2022
expo-raw-001937,BELSHINA,Azərbaycan,MEDİA,A5002-13,caspianagroweek,Caspian Agro Week,2022,222,,https://caspianagroweek.az/az/exhibitors-list/year/2022
expo-raw-001938,BIOLCHIM,Azərbaycan,MEDİA,A2020-2,caspianagroweek,Caspian Agro Week,2022,222,5008,https://caspianagroweek.az/az/exhibitors-list/year/2022
expo-raw-001939,BAŞAK,Azərbaycan,MEDİA,A5010-1/A5010-2-1,caspianagroweek,Caspian Agro Week,2022,222,,https://caspianagroweek.az/az/exhibitors-list/year/2022
expo-raw-001940,BİNƏ AQRO QSC,Azərbaycan,MEDİA,A2316,caspianagroweek,Caspian Agro Week,2022,222,6899,https://caspianagroweek.az/az/exhibitors-list/year/2022
expo-raw-001941,BİOFERT LLC,Azərbaycan,MEDİA,A3018,caspianagroweek,Caspian Agro Week,2022,222,7024,https://caspianagroweek.az/az/exhibitors-list/year/2022
expo-raw-001942,CARLSBERG AZƏRBAYCAN,Azərbaycan,MEDİA,A2428/A5122-3,caspianagroweek,Caspian Agro Week,2022,222,5634,https://caspianagroweek.az/az/exhibitors-list/year/2022
expo-raw-001943,CAUCASUS INDUSTRİAL AND TRADE GROUP LTD LLC,Azərbaycan,MEDİA,A2224,caspianagroweek,Caspian Agro Week,2022,222,5484,https://caspianagroweek.az/az/exhibitors-list/year/2022
expo-raw-001944,CELİKEL TARİM MAKİNALARİ,Azərbaycan,MEDİA,A5002-7,caspianagroweek,Caspian Agro Week,2022,222,,https://caspianagroweek.az/az/exhibitors-list/year/2022
expo-raw-001945,CİMUKA KULUCKA MAKİNESİ,Azərbaycan,MEDİA,A5002-8,caspianagroweek,Caspian Agro Week,2022,222,,https://caspianagroweek.az/az/exhibitors-list/year/2022
expo-raw-001946,DASTAN AGRO MMC,Azərbaycan,MEDİA,A2428/A5122-1,caspianagroweek,Caspian Agro Week,2022,222,,https://caspianagroweek.az/az/exhibitors-list/year/2022
expo-raw-001947,DÖNMƏZLƏR,Azərbaycan,MEDİA,A5010-1/A5010-2-3,caspianagroweek,Caspian Agro Week,2022,222,,https://caspianagroweek.az/az/exhibitors-list/year/2022
expo-raw-001948,EMA QSC,Azərbaycan,MEDİA,A2108,caspianagroweek,Caspian Agro Week,2022,222,5425,https://caspianagroweek.az/az/exhibitors-list/year/2022
expo-raw-001949,ERTANLAR,Azərbaycan,MEDİA,A5010-1/A5010-2-8,caspianagroweek,Caspian Agro Week,2022,222,,https://caspianagroweek.az/az/exhibitors-list/year/2022
expo-raw-001950,FARMTECH CİFTLİK MAKİNE,Azərbaycan,MEDİA,A5002-5,caspianagroweek,Caspian Agro Week,2022,222,,https://caspianagroweek.az/az/exhibitors-list/year/2022
expo-raw-001951,GBR TRADE,Azərbaycan,MEDİA,A2020,caspianagroweek,Caspian Agro Week,2022,222,4693,https://caspianagroweek.az/az/exhibitors-list/year/2022
expo-raw-001952,GILAN PIVOT MMC,Azərbaycan,MEDİA,A5122-1,caspianagroweek,Caspian Agro Week,2022,222,6224,https://caspianagroweek.az/az/exhibitors-list/year/2022
expo-raw-001953,GRAND MOTORS COMPANY,Azərbaycan,MEDİA,A1102,caspianagroweek,Caspian Agro Week,2022,222,4684,https://caspianagroweek.az/az/exhibitors-list/year/2022
expo-raw-001954,GRAND-AGRO INVİTRO MMC,Azərbaycan,MEDİA,A1026,caspianagroweek,Caspian Agro Week,2022,222,4708,https://caspianagroweek.az/az/exhibitors-list/year/2022
expo-raw-001955,GREENS AZ MMC,Azərbaycan,MEDİA,A1214,caspianagroweek,Caspian Agro Week,2022,222,7005,https://caspianagroweek.az/az/exhibitors-list/year/2022
expo-raw-001956,GREENWICH TRAVEL CLUB,Azərbaycan,MEDİA,-,caspianagroweek,Caspian Agro Week,2022,222,4816,https://caspianagroweek.az/az/exhibitors-list/year/2022
expo-raw-001957,GROVV GROUP AZERBAIJAN MMC,Azərbaycan,MEDİA,A1104,caspianagroweek,Caspian Agro Week,2022,222,4660,https://caspianagroweek.az/az/exhibitors-list/year/2022
expo-raw-001958,GUBRE.AZ,Azərbaycan,MEDİA,A2322,caspianagroweek,Caspian Agro Week,2022,222,6351,https://caspianagroweek.az/az/exhibitors-list/year/2022
expo-raw-001959,GİLAN PİVOT MMC,Azərbaycan,MEDİA,A2210,caspianagroweek,Caspian Agro Week,2022,222,6719,https://caspianagroweek.az/az/exhibitors-list/year/2022
expo-raw-001960,GƏNCƏ AVTOMOBİL ZAVODU İB,Azərbaycan,MEDİA,A5018,caspianagroweek,Caspian Agro Week,2022,222,4990,https://caspianagroweek.az/az/exhibitors-list/year/2022
expo-raw-001961,HILTON BAKU,Azərbaycan,MEDİA,-,caspianagroweek,Caspian Agro Week,2022,222,7045,https://caspianagroweek.az/az/exhibitors-list/year/2022
expo-raw-001962,HATKO KAUCUK,Azərbaycan,MEDİA,A5002-6,caspianagroweek,Caspian Agro Week,2022,222,,https://caspianagroweek.az/az/exhibitors-list/year/2022
expo-raw-001963,HATUNSARAYLİ TARİM MAKİNALARİ,Azərbaycan,MEDİA,A5002-2,caspianagroweek,Caspian Agro Week,2022,222,,https://caspianagroweek.az/az/exhibitors-list/year/2022
expo-raw-001964,IMAGRO,Azərbaycan,MEDİA,A5124-1,caspianagroweek,Caspian Agro Week,2022,222,6358,https://caspianagroweek.az/az/exhibitors-list/year/2022
expo-raw-001965,IMPROTEX INDUSTRIES MMC,Azərbaycan,MEDİA,A5124,caspianagroweek,Caspian Agro Week,2022,222,4710,https://caspianagroweek.az/az/exhibitors-list/year/2022
expo-raw-001966,KARATAŞ,Azərbaycan,MEDİA,A5010-1/A5010-2-2,caspianagroweek,Caspian Agro Week,2022,222,,https://caspianagroweek.az/az/exhibitors-list/year/2022
expo-raw-001967,KAYHAN ERTUGRUL TARİM MAKİNALARİ,Azərbaycan,MEDİA,A5002-4,caspianagroweek,Caspian Agro Week,2022,222,,https://caspianagroweek.az/az/exhibitors-list/year/2022
expo-raw-001968,KRAUNKO-R,Azərbaycan,MEDİA,A2316-3,caspianagroweek,Caspian Agro Week,2022,222,,https://caspianagroweek.az/az/exhibitors-list/year/2022
expo-raw-001969,KROMEL MAKİNA,Azərbaycan,MEDİA,A5002-11,caspianagroweek,Caspian Agro Week,2022,222,,https://caspianagroweek.az/az/exhibitors-list/year/2022
expo-raw-001970,KİBRİT.TECH,Azərbaycan,MEDİA,A3106-4,caspianagroweek,Caspian Agro Week,2022,222,7049,https://caspianagroweek.az/az/exhibitors-list/year/2022
expo-raw-001971,LOVOL,Azərbaycan,MEDİA,A5008,caspianagroweek,Caspian Agro Week,2022,222,,https://caspianagroweek.az/az/exhibitors-list/year/2022
expo-raw-001972,MAN-AGRO MMC,Azərbaycan,MEDİA,A1316,caspianagroweek,Caspian Agro Week,2022,222,6716,https://caspianagroweek.az/az/exhibitors-list/year/2022
expo-raw-001973,MAYBO MMC,Azərbaycan,MEDİA,A2018,caspianagroweek,Caspian Agro Week,2022,222,4735,https://caspianagroweek.az/az/exhibitors-list/year/2022
expo-raw-001974,METAK,Azərbaycan,MEDİA,A1114,caspianagroweek,Caspian Agro Week,2022,222,4674,https://caspianagroweek.az/az/exhibitors-list/year/2022
expo-raw-001975,MARKİM GUBRE,Azərbaycan,MEDİA,A5002-9,caspianagroweek,Caspian Agro Week,2022,222,,https://caspianagroweek.az/az/exhibitors-list/year/2022
expo-raw-001976,MASCİA GASPARDO,Azərbaycan,MEDİA,A1302/A1402,caspianagroweek,Caspian Agro Week,2022,222,,https://caspianagroweek.az/az/exhibitors-list/year/2022
expo-raw-001977,MULTİSTAND,Azərbaycan,MEDİA,A5004,caspianagroweek,Caspian Agro Week,2022,222,,https://caspianagroweek.az/az/exhibitors-list/year/2022
expo-raw-001978,NETAFİM LTD,Azərbaycan,MEDİA,A1308,caspianagroweek,Caspian Agro Week,2022,222,4668,https://caspianagroweek.az/az/exhibitors-list/year/2022
expo-raw-001979,NPC AGRO SERVICES,Azərbaycan,MEDİA,A2405,caspianagroweek,Caspian Agro Week,2022,222,5475,https://caspianagroweek.az/az/exhibitors-list/year/2022
expo-raw-001980,NEW HOLLAND,Azərbaycan,MEDİA,A1002/A1202/A1102,caspianagroweek,Caspian Agro Week,2022,222,5024,https://caspianagroweek.az/az/exhibitors-list/year/2022
expo-raw-001981,OCTOPUS MMC,Azərbaycan,MEDİA,A3106-5,caspianagroweek,Caspian Agro Week,2022,222,7069,https://caspianagroweek.az/az/exhibitors-list/year/2022
expo-raw-001982,ONURPLAST MMC,Azərbaycan,MEDİA,A1222,caspianagroweek,Caspian Agro Week,2022,222,6247,https://caspianagroweek.az/az/exhibitors-list/year/2022
expo-raw-001983,PEYMAK SÜT SOYUTMA TANKLARI,Azərbaycan,MEDİA,A5002-10,caspianagroweek,Caspian Agro Week,2022,222,,https://caspianagroweek.az/az/exhibitors-list/year/2022
expo-raw-001984,PRİOR LEASİNG,Azərbaycan,MEDİA,A1304,caspianagroweek,Caspian Agro Week,2022,222,4915,https://caspianagroweek.az/az/exhibitors-list/year/2022
expo-raw-001985,PALAZOĞLU,Azərbaycan,MEDİA,A5010-1/A5010-2-7,caspianagroweek,Caspian Agro Week,2022,222,,https://caspianagroweek.az/az/exhibitors-list/year/2022
expo-raw-001986,RAMCO QSC,Azərbaycan,MEDİA,A1302-1,caspianagroweek,Caspian Agro Week,2022,222,5417,https://caspianagroweek.az/az/exhibitors-list/year/2022
expo-raw-001987,SEPPI M AZERBAİJAN,Azərbaycan,MEDİA,A3303,caspianagroweek,Caspian Agro Week,2022,222,7043,https://caspianagroweek.az/az/exhibitors-list/year/2022
expo-raw-001988,SHABRAN-D MMC,Azərbaycan,MEDİA,A3004,caspianagroweek,Caspian Agro Week,2022,222,6225,https://caspianagroweek.az/az/exhibitors-list/year/2022
expo-raw-001989,SHANS TRADE LTD,Azərbaycan,MEDİA,A2004,caspianagroweek,Caspian Agro Week,2022,222,6486,https://caspianagroweek.az/az/exhibitors-list/year/2022
expo-raw-001990,SILO CONSTRUCTION MMC,Azərbaycan,MEDİA,-,caspianagroweek,Caspian Agro Week,2022,222,6017,https://caspianagroweek.az/az/exhibitors-list/year/2022
expo-raw-001991,SLOVAKİYA RESPUBLİKASININ BAKIDAKI SƏFİRLİYİ,Azərbaycan,MEDİA,A3008,caspianagroweek,Caspian Agro Week,2022,222,6956,https://caspianagroweek.az/az/exhibitors-list/year/2022
expo-raw-001992,SPECTRA,Azərbaycan,MEDİA,A3106-2,caspianagroweek,Caspian Agro Week,2022,222,7048,https://caspianagroweek.az/az/exhibitors-list/year/2022
expo-raw-001993,SARA GROUP,Azərbaycan,MEDİA,A2316-2,caspianagroweek,Caspian Agro Week,2022,222,,https://caspianagroweek.az/az/exhibitors-list/year/2022
expo-raw-001994,SOLİS,Azərbaycan,MEDİA,A5022,caspianagroweek,Caspian Agro Week,2022,222,,https://caspianagroweek.az/az/exhibitors-list/year/2022
expo-raw-001995,TARIMSAN,Azərbaycan,MEDİA,A5010-1/A5010-2-4,caspianagroweek,Caspian Agro Week,2022,222,,https://caspianagroweek.az/az/exhibitors-list/year/2022
expo-raw-001996,TİTAN,Azərbaycan,MEDİA,A5010-1/A5010-2-6,caspianagroweek,Caspian Agro Week,2022,222,,https://caspianagroweek.az/az/exhibitors-list/year/2022
expo-raw-001997,TUMOSAN TRAKTOR,Azərbaycan,MEDİA,A5002-1,caspianagroweek,Caspian Agro Week,2022,222,,https://caspianagroweek.az/az/exhibitors-list/year/2022
expo-raw-001998,TÜRKAY TARIM MAKINALARI,Azərbaycan,MEDİA,A5002-12,caspianagroweek,Caspian Agro Week,2022,222,,https://caspianagroweek.az/az/exhibitors-list/year/2022
expo-raw-001999,URBEK-AZ MMC,Azərbaycan,MEDİA,A2420,caspianagroweek,Caspian Agro Week,2022,222,6878,https://caspianagroweek.az/az/exhibitors-list/year/2022
expo-raw-002000,UNLU PULLUK,Azərbaycan,MEDİA,A5002-3,caspianagroweek,Caspian Agro Week,2022,222,,https://caspianagroweek.az/az/exhibitors-list/year/2022
expo-raw-002001,VİRTUAL AZERBAİJAN GROUP OF COMPANY,Azərbaycan,MEDİA,A3106-1,caspianagroweek,Caspian Agro Week,2022,222,7050,https://caspianagroweek.az/az/exhibitors-list/year/2022
expo-raw-002002,YAĞMUR-2,Azərbaycan,MEDİA,A1408,caspianagroweek,Caspian Agro Week,2022,222,4666,https://caspianagroweek.az/az/exhibitors-list/year/2022
expo-raw-002003,YÜKSAN,Azərbaycan,MEDİA,A5010-1/A5010-2-5,caspianagroweek,Caspian Agro Week,2022,222,,https://caspianagroweek.az/az/exhibitors-list/year/2022
expo-raw-002004,FİRST NYUS MEDİA MMC,Azərbaycan,MEDİA,-,caspianagroweek,Caspian Agro Week,2023,238,4265,https://caspianagroweek.az/az/exhibitors-list/year/2023
expo-raw-002005,APA GROUP,Azərbaycan,MEDİA,-,caspianagroweek,Caspian Agro Week,2023,238,4257,https://caspianagroweek.az/az/exhibitors-list/year/2023
expo-raw-002006,AGRO TV AZƏRBAYCAN,Azərbaycan,MEDİA,P102,caspianagroweek,Caspian Agro Week,2023,238,273776,https://caspianagroweek.az/az/exhibitors-list/year/2023
expo-raw-002007,AZƏRTAC,Azərbaycan,MEDİA,-,caspianagroweek,Caspian Agro Week,2023,238,4259,https://caspianagroweek.az/az/exhibitors-list/year/2023
expo-raw-002008,BOOKSBYBAHRAM,Azərbaycan,MEDİA,-,caspianagroweek,Caspian Agro Week,2023,238,7840,https://caspianagroweek.az/az/exhibitors-list/year/2023
expo-raw-002009,BUSİNESS TİME JURNALI,Azərbaycan,MEDİA,P106,caspianagroweek,Caspian Agro Week,2023,238,273808,https://caspianagroweek.az/az/exhibitors-list/year/2023
expo-raw-002010,CASPİAN ENERGY CLUB,Azərbaycan,MEDİA,P108,caspianagroweek,Caspian Agro Week,2023,238,4932,https://caspianagroweek.az/az/exhibitors-list/year/2023
expo-raw-002011,FİNEKO AİA,Azərbaycan,MEDİA,-,caspianagroweek,Caspian Agro Week,2023,238,4266,https://caspianagroweek.az/az/exhibitors-list/year/2023
expo-raw-002012,"""SƏS"" İNFORMASİYA AGENTLİYİ",Azərbaycan,MEDİA,-,caspianagroweek,Caspian Agro Week,2023,238,273837,https://caspianagroweek.az/az/exhibitors-list/year/2023
expo-raw-002013,4S MMC,Azərbaycan,MEDİA,1A012,caspianagroweek,Caspian Agro Week,2023,238,6954,https://caspianagroweek.az/az/exhibitors-list/year/2023
expo-raw-002014,AGRISPACE MMC,Azərbaycan,MEDİA,5A220,caspianagroweek,Caspian Agro Week,2023,238,6022,https://caspianagroweek.az/az/exhibitors-list/year/2023
expo-raw-002015,AGRO DAIRY MMC,Azərbaycan,MEDİA,1A210,caspianagroweek,Caspian Agro Week,2023,238,4729,https://caspianagroweek.az/az/exhibitors-list/year/2023
expo-raw-002016,AGRO FOOD İNVESTMENTS MMC,Azərbaycan,MEDİA,1A360,caspianagroweek,Caspian Agro Week,2023,238,7115,https://caspianagroweek.az/az/exhibitors-list/year/2023
expo-raw-002017,AGROCEL MMC,Azərbaycan,MEDİA,4A326,caspianagroweek,Caspian Agro Week,2023,238,273833,https://caspianagroweek.az/az/exhibitors-list/year/2023
expo-raw-002018,AGROECOTECH LEASING MMC,Azərbaycan,MEDİA,5A270-2,caspianagroweek,Caspian Agro Week,2023,238,,https://caspianagroweek.az/az/exhibitors-list/year/2023
expo-raw-002019,AGROMOTORS AZƏRBAYCAN MMC,Azərbaycan,MEDİA,5A280,caspianagroweek,Caspian Agro Week,2023,238,7889,https://caspianagroweek.az/az/exhibitors-list/year/2023
expo-raw-002020,AGROPRICE,Azərbaycan,MEDİA,5A270-3,caspianagroweek,Caspian Agro Week,2023,238,,https://caspianagroweek.az/az/exhibitors-list/year/2023
expo-raw-002021,AGROSFERA MMC,Azərbaycan,MEDİA,4A224,caspianagroweek,Caspian Agro Week,2023,238,273448,https://caspianagroweek.az/az/exhibitors-list/year/2023
expo-raw-002022,AGROTECHTECHIZAT,Azərbaycan,MEDİA,5A270-1,caspianagroweek,Caspian Agro Week,2023,238,,https://caspianagroweek.az/az/exhibitors-list/year/2023
expo-raw-002023,AGROVİTA,Azərbaycan,MEDİA,1A140,caspianagroweek,Caspian Agro Week,2023,238,4701,https://caspianagroweek.az/az/exhibitors-list/year/2023
expo-raw-002024,AGRİCO,Azərbaycan,MEDİA,1A220,caspianagroweek,Caspian Agro Week,2023,238,7949,https://caspianagroweek.az/az/exhibitors-list/year/2023
expo-raw-002025,AGRİTEX MMC,Azərbaycan,MEDİA,5A290,caspianagroweek,Caspian Agro Week,2023,238,5046,https://caspianagroweek.az/az/exhibitors-list/year/2023
expo-raw-002026,AQROKİMYA,Azərbaycan,MEDİA,1A222,caspianagroweek,Caspian Agro Week,2023,238,4663,https://caspianagroweek.az/az/exhibitors-list/year/2023
expo-raw-002027,AQROKİMYA AZƏRBAYCAN MMC,Azərbaycan,MEDİA,2A246,caspianagroweek,Caspian Agro Week,2023,238,274572,https://caspianagroweek.az/az/exhibitors-list/year/2023
expo-raw-002028,AQROLAND,Azərbaycan,MEDİA,2A110-1,caspianagroweek,Caspian Agro Week,2023,238,,https://caspianagroweek.az/az/exhibitors-list/year/2023
expo-raw-002029,AQRONAFT MMC,Azərbaycan,MEDİA,5A220-1,caspianagroweek,Caspian Agro Week,2023,238,7979,https://caspianagroweek.az/az/exhibitors-list/year/2023
expo-raw-002030,AQROSERVİS ASC,Azərbaycan,MEDİA,5A250,caspianagroweek,Caspian Agro Week,2023,238,6509,https://caspianagroweek.az/az/exhibitors-list/year/2023
expo-raw-002031,AQUALINK MMC,Azərbaycan,MEDİA,2A200,caspianagroweek,Caspian Agro Week,2023,238,6215,https://caspianagroweek.az/az/exhibitors-list/year/2023
expo-raw-002032,ASTARA ÇAY,Azərbaycan,MEDİA,1A360-9,caspianagroweek,Caspian Agro Week,2023,238,,https://caspianagroweek.az/az/exhibitors-list/year/2023
expo-raw-002033,ATA PACK LLC,Azərbaycan,MEDİA,-,caspianagroweek,Caspian Agro Week,2023,238,279152,https://caspianagroweek.az/az/exhibitors-list/year/2023
expo-raw-002034,AURA İNŞAAT,Azərbaycan,MEDİA,1A352,caspianagroweek,Caspian Agro Week,2023,238,4697,https://caspianagroweek.az/az/exhibitors-list/year/2023
expo-raw-002035,AZER N AGRO MMC,Azərbaycan,MEDİA,5A244,caspianagroweek,Caspian Agro Week,2023,238,5891,https://caspianagroweek.az/az/exhibitors-list/year/2023
expo-raw-002036,AZERCANSA MMC,Azərbaycan,MEDİA,5A155,caspianagroweek,Caspian Agro Week,2023,238,273189,https://caspianagroweek.az/az/exhibitors-list/year/2023
expo-raw-002037,AZERTEXNOLAYN MMC,Azərbaycan,MEDİA,2A100,caspianagroweek,Caspian Agro Week,2023,238,4580,https://caspianagroweek.az/az/exhibitors-list/year/2023
expo-raw-002038,AZFILTER,Azərbaycan,MEDİA,2A244-1,caspianagroweek,Caspian Agro Week,2023,238,,https://caspianagroweek.az/az/exhibitors-list/year/2023
expo-raw-002039,AZROSE MMC,Azərbaycan,MEDİA,1A360-6,caspianagroweek,Caspian Agro Week,2023,238,,https://caspianagroweek.az/az/exhibitors-list/year/2023
expo-raw-002040,AZƏRBAYCAN RESPUBLİKASI KƏND TƏSƏRRÜFATI NAZİRLİYİ YANINDA AQRAR XİDMƏTLƏR AGENTLİYİ,Azərbaycan,MEDİA,1A340,caspianagroweek,Caspian Agro Week,2023,238,6514,https://caspianagroweek.az/az/exhibitors-list/year/2023
expo-raw-002041,AZƏRBAYCAN RESPUBLİKASI SAHİBKARLAR (İŞƏGÖTÜRƏNLƏR) TƏŞKİLATLARI MİLLİ KONFEDERASİYASI,Azərbaycan,MEDİA,-,caspianagroweek,Caspian Agro Week,2023,238,4292,https://caspianagroweek.az/az/exhibitors-list/year/2023
expo-raw-002042,AZƏRBAYCAN RESPUBLİKASININ KOSMİK AGENTLİYİ (AZƏRKOSMOS),Azərbaycan,MEDİA,3A002,caspianagroweek,Caspian Agro Week,2023,238,7525,https://caspianagroweek.az/az/exhibitors-list/year/2023
expo-raw-002043,AZƏRBAYCAN RESPUBLİKASININ KİÇİK VƏ ORTA BİZNESİN İNKİŞAFI AGENTLİYİ,Azərbaycan,MEDİA,-,caspianagroweek,Caspian Agro Week,2023,238,4316,https://caspianagroweek.az/az/exhibitors-list/year/2023
expo-raw-002044,AZƏRBAYCAN RESPUBLİKASININ KƏND TƏSƏRRÜFATI NAZİRLİYİ,Azərbaycan,MEDİA,3A110,caspianagroweek,Caspian Agro Week,2023,238,5062,https://caspianagroweek.az/az/exhibitors-list/year/2023
expo-raw-002045,AZƏRBAYCAN RESPUBLİKASININ İXRACIN VƏ İNVESTİSİYALARIN TƏŞVİQİ AGENTLİYİ (AZPROMO),Azərbaycan,MEDİA,-,caspianagroweek,Caspian Agro Week,2023,238,4289,https://caspianagroweek.az/az/exhibitors-list/year/2023
expo-raw-002046,“AZƏRPAMBIQ AQRAR SƏNAYE KOMPLEKSİ” MMC,Azərbaycan,MEDİA,2A426,caspianagroweek,Caspian Agro Week,2023,238,4999,https://caspianagroweek.az/az/exhibitors-list/year/2023
expo-raw-002047,AZƏRTEXNIKA MMC,Azərbaycan,MEDİA,5A200,caspianagroweek,Caspian Agro Week,2023,238,5274,https://caspianagroweek.az/az/exhibitors-list/year/2023
expo-raw-002048,AZƏRŞƏKƏR MMC,Azərbaycan,MEDİA,-,caspianagroweek,Caspian Agro Week,2023,238,6854,https://caspianagroweek.az/az/exhibitors-list/year/2023
expo-raw-002049,BAKI AGRO PARK,Azərbaycan,MEDİA,1A360-7,caspianagroweek,Caspian Agro Week,2023,238,,https://caspianagroweek.az/az/exhibitors-list/year/2023
expo-raw-002050,BALAKƏN TOXUM,Azərbaycan,MEDİA,3A310-1,caspianagroweek,Caspian Agro Week,2023,238,,https://caspianagroweek.az/az/exhibitors-list/year/2023
expo-raw-002051,BELAGRO EXHIBITION,Azərbaycan,MEDİA,-,caspianagroweek,Caspian Agro Week,2023,238,,https://caspianagroweek.az/az/exhibitors-list/year/2023
expo-raw-002052,BESTTECHNIK,Azərbaycan,MEDİA,2A080-1,caspianagroweek,Caspian Agro Week,2023,238,,https://caspianagroweek.az/az/exhibitors-list/year/2023
expo-raw-002053,BOGAERTS,Azərbaycan,MEDİA,1A110-14,caspianagroweek,Caspian Agro Week,2023,238,,https://caspianagroweek.az/az/exhibitors-list/year/2023
expo-raw-002054,BUTA GROUP,Azərbaycan,MEDİA,2A410,caspianagroweek,Caspian Agro Week,2023,238,6206,https://caspianagroweek.az/az/exhibitors-list/year/2023
expo-raw-002055,BİNƏ AQRO MMC,Azərbaycan,MEDİA,2A112-1,caspianagroweek,Caspian Agro Week,2023,238,4852,https://caspianagroweek.az/az/exhibitors-list/year/2023
expo-raw-002056,BİO TEXNOLOGİYA,Azərbaycan,MEDİA,2A042,caspianagroweek,Caspian Agro Week,2023,238,6488,https://caspianagroweek.az/az/exhibitors-list/year/2023
expo-raw-002057,BİOGÜBRƏ MMC,Azərbaycan,MEDİA,2A040,caspianagroweek,Caspian Agro Week,2023,238,7905,https://caspianagroweek.az/az/exhibitors-list/year/2023
expo-raw-002058,CLASS 5A120,Azərbaycan,MEDİA,5A120,caspianagroweek,Caspian Agro Week,2023,238,,https://caspianagroweek.az/az/exhibitors-list/year/2023
expo-raw-002059,DIALOQ TREYD MMC,Azərbaycan,MEDİA,2A034,caspianagroweek,Caspian Agro Week,2023,238,8008,https://caspianagroweek.az/az/exhibitors-list/year/2023
expo-raw-002060,DIGITAL UMBRELLA MMC,Azərbaycan,MEDİA,3A132,caspianagroweek,Caspian Agro Week,2023,238,275734,https://caspianagroweek.az/az/exhibitors-list/year/2023
expo-raw-002061,DIRECT AG MMC,Azərbaycan,MEDİA,3A210,caspianagroweek,Caspian Agro Week,2023,238,273817,https://caspianagroweek.az/az/exhibitors-list/year/2023
expo-raw-002062,EXPERT AGRO SERVICES MMC,Azərbaycan,MEDİA,2A310,caspianagroweek,Caspian Agro Week,2023,238,7611,https://caspianagroweek.az/az/exhibitors-list/year/2023
expo-raw-002063,GILAN PIVOT MMC - VALLEY,Azərbaycan,MEDİA,2A210,caspianagroweek,Caspian Agro Week,2023,238,6224,https://caspianagroweek.az/az/exhibitors-list/year/2023
expo-raw-002064,GRAND AGRO,Azərbaycan,MEDİA,1A360-4,caspianagroweek,Caspian Agro Week,2023,238,,https://caspianagroweek.az/az/exhibitors-list/year/2023
expo-raw-002065,GREENS AZ MMC,Azərbaycan,MEDİA,1A232,caspianagroweek,Caspian Agro Week,2023,238,7005,https://caspianagroweek.az/az/exhibitors-list/year/2023
expo-raw-002066,GREENWICH TRAVEL CLUB,Azərbaycan,MEDİA,-,caspianagroweek,Caspian Agro Week,2023,238,4816,https://caspianagroweek.az/az/exhibitors-list/year/2023
expo-raw-002067,GROVV GROUP AZERBAIJAN MMC,Azərbaycan,MEDİA,1A110,caspianagroweek,Caspian Agro Week,2023,238,4660,https://caspianagroweek.az/az/exhibitors-list/year/2023
expo-raw-002068,GUBRE.AZ,Azərbaycan,MEDİA,2A340,caspianagroweek,Caspian Agro Week,2023,238,6351,https://caspianagroweek.az/az/exhibitors-list/year/2023
expo-raw-002069,GİLAN PİVOT MMC - RİVULİS,Azərbaycan,MEDİA,2A202,caspianagroweek,Caspian Agro Week,2023,238,6719,https://caspianagroweek.az/az/exhibitors-list/year/2023
expo-raw-002070,GƏNCƏ AVTOMOBİL ZAVODU İB,Azərbaycan,MEDİA,5A270,caspianagroweek,Caspian Agro Week,2023,238,4990,https://caspianagroweek.az/az/exhibitors-list/year/2023
expo-raw-002071,IBC AZGROUP MMC,Azərbaycan,MEDİA,2A450,caspianagroweek,Caspian Agro Week,2023,238,7997,https://caspianagroweek.az/az/exhibitors-list/year/2023
expo-raw-002072,ID AGROPARK MMC,Azərbaycan,MEDİA,2A352,caspianagroweek,Caspian Agro Week,2023,238,8009,https://caspianagroweek.az/az/exhibitors-list/year/2023
expo-raw-002073,IMAGRO,Azərbaycan,MEDİA,2A330/5A150,caspianagroweek,Caspian Agro Week,2023,238,6358,https://caspianagroweek.az/az/exhibitors-list/year/2023
expo-raw-002074,KÜRDƏXANI ŞITIL,Azərbaycan,MEDİA,1A330-1,caspianagroweek,Caspian Agro Week,2023,238,,https://caspianagroweek.az/az/exhibitors-list/year/2023
expo-raw-002075,LECHEQ FARM AND DISTILLERY,Azərbaycan,MEDİA,1A360-5,caspianagroweek,Caspian Agro Week,2023,238,,https://caspianagroweek.az/az/exhibitors-list/year/2023
expo-raw-002076,MAN-AGRO MMC,Azərbaycan,MEDİA,1A354,caspianagroweek,Caspian Agro Week,2023,238,6716,https://caspianagroweek.az/az/exhibitors-list/year/2023
expo-raw-002077,METAK,Azərbaycan,MEDİA,1A150,caspianagroweek,Caspian Agro Week,2023,238,4674,https://caspianagroweek.az/az/exhibitors-list/year/2023
expo-raw-002078,NAXÇIVAN MUXTAR RESPUBLİKASI,Azərbaycan,MEDİA,3A130,caspianagroweek,Caspian Agro Week,2023,238,,https://caspianagroweek.az/az/exhibitors-list/year/2023
expo-raw-002079,NETAFİM LTD,Azərbaycan,MEDİA,1A330,caspianagroweek,Caspian Agro Week,2023,238,4668,https://caspianagroweek.az/az/exhibitors-list/year/2023
expo-raw-002080,PRIOR TECHNICANS,Azərbaycan,MEDİA,5A170,caspianagroweek,Caspian Agro Week,2023,238,,https://caspianagroweek.az/az/exhibitors-list/year/2023
expo-raw-002081,PRİOR,Azərbaycan,MEDİA,1A310/5A170,caspianagroweek,Caspian Agro Week,2023,238,4684,https://caspianagroweek.az/az/exhibitors-list/year/2023
expo-raw-002082,RAN FRUIT MMC,Azərbaycan,MEDİA,1A356,caspianagroweek,Caspian Agro Week,2023,238,7352,https://caspianagroweek.az/az/exhibitors-list/year/2023
expo-raw-002083,RED VALLEY MMC,Azərbaycan,MEDİA,1A004,caspianagroweek,Caspian Agro Week,2023,238,7351,https://caspianagroweek.az/az/exhibitors-list/year/2023
expo-raw-002084,ROCKVELL.COM,Azərbaycan,MEDİA,-,caspianagroweek,Caspian Agro Week,2023,238,278897,https://caspianagroweek.az/az/exhibitors-list/year/2023
expo-raw-002085,SARA QRUP QSC,Azərbaycan,MEDİA,2A110,caspianagroweek,Caspian Agro Week,2023,238,7343,https://caspianagroweek.az/az/exhibitors-list/year/2023
expo-raw-002086,SARVAN AQRO,Azərbaycan,MEDİA,2A066,caspianagroweek,Caspian Agro Week,2023,238,7996,https://caspianagroweek.az/az/exhibitors-list/year/2023
expo-raw-002087,SHANS TRADE LTD,Azərbaycan,MEDİA,2A230,caspianagroweek,Caspian Agro Week,2023,238,6486,https://caspianagroweek.az/az/exhibitors-list/year/2023
expo-raw-002088,SOLID AGRO MMC,Azərbaycan,MEDİA,1A018,caspianagroweek,Caspian Agro Week,2023,238,273283,https://caspianagroweek.az/az/exhibitors-list/year/2023
expo-raw-002089,SPRINKO MMC,Azərbaycan,MEDİA,3A142,caspianagroweek,Caspian Agro Week,2023,238,7364,https://caspianagroweek.az/az/exhibitors-list/year/2023
expo-raw-002090,TEGETA MOTORS BAKU MMC,Azərbaycan,MEDİA,5A110,caspianagroweek,Caspian Agro Week,2023,238,7706,https://caspianagroweek.az/az/exhibitors-list/year/2023
expo-raw-002091,TOXUMÇULUQ VƏ TİNGÇİLİK MMC,Azərbaycan,MEDİA,2A112,caspianagroweek,Caspian Agro Week,2023,238,274134,https://caspianagroweek.az/az/exhibitors-list/year/2023
expo-raw-002092,VETART,Azərbaycan,MEDİA,2A112-2,caspianagroweek,Caspian Agro Week,2023,238,,https://caspianagroweek.az/az/exhibitors-list/year/2023
expo-raw-002093,OLD BAKU CONSTRUCTİPN MMC,Azərbaycan,MEDİA,-,caspianagroweek,Caspian Agro Week,2023,238,276145,https://caspianagroweek.az/az/exhibitors-list/year/2023
expo-raw-002094,İTİCKET.AZ LLC,Azərbaycan,MEDİA,-,caspianagroweek,Caspian Agro Week,2023,238,4373,https://caspianagroweek.az/az/exhibitors-list/year/2023
expo-raw-002095,ŞƏMKIR AGRO PARK,Azərbaycan,MEDİA,1A360-8,caspianagroweek,Caspian Agro Week,2023,238,,https://caspianagroweek.az/az/exhibitors-list/year/2023
expo-raw-002096,“AZƏRIPƏK” MMC,Azərbaycan,MEDİA,2A426-1,caspianagroweek,Caspian Agro Week,2023,238,,https://caspianagroweek.az/az/exhibitors-list/year/2023
expo-raw-002097,1 NEWS İNFORMASİYA AGENTLİYİ MMC,Azərbaycan,MEDİA,-,caspianagroweek,Caspian Agro Week,2024,384,,https://caspianagroweek.az/az/exhibitors-list/year/2024
expo-raw-002098,APA GROUP,Azərbaycan,MEDİA,-,caspianagroweek,Caspian Agro Week,2024,384,,https://caspianagroweek.az/az/exhibitors-list/year/2024
expo-raw-002099,AGRO TV AZƏRBAYCAN,Azərbaycan,MEDİA,M102,caspianagroweek,Caspian Agro Week,2024,384,,https://caspianagroweek.az/az/exhibitors-list/year/2024
expo-raw-002100,ASAN RADİO 100 FM,Azərbaycan,MEDİA,-,caspianagroweek,Caspian Agro Week,2024,384,4258,https://caspianagroweek.az/az/exhibitors-list/year/2024
expo-raw-002101,AZƏRTAC,Azərbaycan,MEDİA,-,caspianagroweek,Caspian Agro Week,2024,384,,https://caspianagroweek.az/az/exhibitors-list/year/2024
expo-raw-002102,BAKU GUİDE© SİNCE 1996,Azərbaycan,MEDİA,-,caspianagroweek,Caspian Agro Week,2024,384,,https://caspianagroweek.az/az/exhibitors-list/year/2024
expo-raw-002103,BAKU.NEWS,Azərbaycan,MEDİA,-,caspianagroweek,Caspian Agro Week,2024,384,313534,https://caspianagroweek.az/az/exhibitors-list/year/2024
expo-raw-002104,BUSİNESS TİME JURNALI,Azərbaycan,MEDİA,3M016,caspianagroweek,Caspian Agro Week,2024,384,273808,https://caspianagroweek.az/az/exhibitors-list/year/2024
expo-raw-002105,CASPİAN ENERGY CLUB,Azərbaycan,MEDİA,4M017,caspianagroweek,Caspian Agro Week,2024,384,,https://caspianagroweek.az/az/exhibitors-list/year/2024
expo-raw-002106,FİNEKO AİA,Azərbaycan,MEDİA,-,caspianagroweek,Caspian Agro Week,2024,384,,https://caspianagroweek.az/az/exhibitors-list/year/2024
expo-raw-002107,ROCKVELL.COM,Azərbaycan,MEDİA,-,caspianagroweek,Caspian Agro Week,2024,384,278897,https://caspianagroweek.az/az/exhibitors-list/year/2024
expo-raw-002108,VİSİON TV AZƏRBAYCAN,Azərbaycan,MEDİA,-,caspianagroweek,Caspian Agro Week,2024,384,313538,https://caspianagroweek.az/az/exhibitors-list/year/2024
expo-raw-002109,YURT.LLC,Azərbaycan,MEDİA,-,caspianagroweek,Caspian Agro Week,2024,384,,https://caspianagroweek.az/az/exhibitors-list/year/2024
expo-raw-002110,İTİCKET.AZ MMC,Azərbaycan,MEDİA,-,caspianagroweek,Caspian Agro Week,2024,384,,https://caspianagroweek.az/az/exhibitors-list/year/2024
expo-raw-002111,AGRARCO,Azərbaycan,MEDİA,1A360-1,caspianagroweek,Caspian Agro Week,2024,384,,https://caspianagroweek.az/az/exhibitors-list/year/2024
expo-raw-002112,AGREGAT,Azərbaycan,MEDİA,1A310-2,caspianagroweek,Caspian Agro Week,2024,384,,https://caspianagroweek.az/az/exhibitors-list/year/2024
expo-raw-002113,AGRO DAİRY 5A140,Azərbaycan,MEDİA,5A140,caspianagroweek,Caspian Agro Week,2024,384,,https://caspianagroweek.az/az/exhibitors-list/year/2024
expo-raw-002114,AGRO DAİRY MMC,Azərbaycan,MEDİA,1A210,caspianagroweek,Caspian Agro Week,2024,384,4729,https://caspianagroweek.az/az/exhibitors-list/year/2024
expo-raw-002115,AGRO FOOD İNVESTMENTS MMC,Azərbaycan,MEDİA,1A360,caspianagroweek,Caspian Agro Week,2024,384,7115,https://caspianagroweek.az/az/exhibitors-list/year/2024
expo-raw-002116,AGRO GURAMA MMC,Azərbaycan,MEDİA,2A410,caspianagroweek,Caspian Agro Week,2024,384,301750,https://caspianagroweek.az/az/exhibitors-list/year/2024
expo-raw-002117,AGRO-TECH SOLUTİONS MMC,Azərbaycan,MEDİA,2A244,caspianagroweek,Caspian Agro Week,2024,384,274572,https://caspianagroweek.az/az/exhibitors-list/year/2024
expo-raw-002118,AGROECOTECH LEASING MMC,Azərbaycan,MEDİA,5A265,caspianagroweek,Caspian Agro Week,2024,384,,https://caspianagroweek.az/az/exhibitors-list/year/2024
expo-raw-002119,AGROMARKET SERVİS MMC,Azərbaycan,MEDİA,2A100,caspianagroweek,Caspian Agro Week,2024,384,4996,https://caspianagroweek.az/az/exhibitors-list/year/2024
expo-raw-002120,AGROMOTORS AZƏRBAYCAN MMC,Azərbaycan,MEDİA,5A225,caspianagroweek,Caspian Agro Week,2024,384,7889,https://caspianagroweek.az/az/exhibitors-list/year/2024
expo-raw-002121,AGROPROTECH,Azərbaycan,MEDİA,5A210-3,caspianagroweek,Caspian Agro Week,2024,384,,https://caspianagroweek.az/az/exhibitors-list/year/2024
expo-raw-002122,AGROSYSTEM MMC,Azərbaycan,MEDİA,2A102,caspianagroweek,Caspian Agro Week,2024,384,273448,https://caspianagroweek.az/az/exhibitors-list/year/2024
expo-raw-002123,AGROVİTA,Azərbaycan,MEDİA,1A140,caspianagroweek,Caspian Agro Week,2024,384,4701,https://caspianagroweek.az/az/exhibitors-list/year/2024
expo-raw-002124,AGRİCO,Azərbaycan,MEDİA,1A220,caspianagroweek,Caspian Agro Week,2024,384,7949,https://caspianagroweek.az/az/exhibitors-list/year/2024
expo-raw-002125,AGRİCOLA AZ MMC,Azərbaycan,MEDİA,4A231,caspianagroweek,Caspian Agro Week,2024,384,,https://caspianagroweek.az/az/exhibitors-list/year/2024
expo-raw-002126,AGRİSPACE MMC,Azərbaycan,MEDİA,5A210,caspianagroweek,Caspian Agro Week,2024,384,6022,https://caspianagroweek.az/az/exhibitors-list/year/2024
expo-raw-002127,AGRİTEX MMC,Azərbaycan,MEDİA,5A250,caspianagroweek,Caspian Agro Week,2024,384,5046,https://caspianagroweek.az/az/exhibitors-list/year/2024
expo-raw-002128,ALMAZ AQRO MMC,Azərbaycan,MEDİA,3A006,caspianagroweek,Caspian Agro Week,2024,384,313774,https://caspianagroweek.az/az/exhibitors-list/year/2024
expo-raw-002129,AMORİS,Azərbaycan,MEDİA,1A240,caspianagroweek,Caspian Agro Week,2024,384,4676,https://caspianagroweek.az/az/exhibitors-list/year/2024
expo-raw-002130,AQRAR SIĞORTA FONDU,Azərbaycan,MEDİA,3A010,caspianagroweek,Caspian Agro Week,2024,384,308232,https://caspianagroweek.az/az/exhibitors-list/year/2024
expo-raw-002131,AQROKİMYA,Azərbaycan,MEDİA,1A221,caspianagroweek,Caspian Agro Week,2024,384,4663,https://caspianagroweek.az/az/exhibitors-list/year/2024
expo-raw-002132,AQROLAND,Azərbaycan,MEDİA,2A110-4,caspianagroweek,Caspian Agro Week,2024,384,,https://caspianagroweek.az/az/exhibitors-list/year/2024
expo-raw-002133,AQRONAFT MMC,Azərbaycan,MEDİA,5A210-1,caspianagroweek,Caspian Agro Week,2024,384,7979,https://caspianagroweek.az/az/exhibitors-list/year/2024
expo-raw-002134,AQROSERVİS ASC,Azərbaycan,MEDİA,5A270,caspianagroweek,Caspian Agro Week,2024,384,6509,https://caspianagroweek.az/az/exhibitors-list/year/2024
expo-raw-002135,AQUALİNK MMC,Azərbaycan,MEDİA,1A264,caspianagroweek,Caspian Agro Week,2024,384,6215,https://caspianagroweek.az/az/exhibitors-list/year/2024
expo-raw-002136,ASTARA ÇAY,Azərbaycan,MEDİA,1A360-9,caspianagroweek,Caspian Agro Week,2024,384,,https://caspianagroweek.az/az/exhibitors-list/year/2024
expo-raw-002137,ATƏŞGAH SIĞORTA ŞİRKƏTİ ASC,Azərbaycan,MEDİA,-,caspianagroweek,Caspian Agro Week,2024,384,,https://caspianagroweek.az/az/exhibitors-list/year/2024
expo-raw-002138,AURA İNŞAAT,Azərbaycan,MEDİA,1A254,caspianagroweek,Caspian Agro Week,2024,384,4697,https://caspianagroweek.az/az/exhibitors-list/year/2024
expo-raw-002139,AZBADAM,Azərbaycan,MEDİA,1A360-2,caspianagroweek,Caspian Agro Week,2024,384,,https://caspianagroweek.az/az/exhibitors-list/year/2024
expo-raw-002140,AZER N AGRO MMC,Azərbaycan,MEDİA,5A142,caspianagroweek,Caspian Agro Week,2024,384,5891,https://caspianagroweek.az/az/exhibitors-list/year/2024
expo-raw-002141,AZERCANSA MMC,Azərbaycan,MEDİA,5A110,caspianagroweek,Caspian Agro Week,2024,384,273189,https://caspianagroweek.az/az/exhibitors-list/year/2024
expo-raw-002142,AZERSHEKER LLC OUTDOOR,Azərbaycan,MEDİA,5A172,caspianagroweek,Caspian Agro Week,2024,384,315269,https://caspianagroweek.az/az/exhibitors-list/year/2024
expo-raw-002143,AZERSUN HOLDİNG,Azərbaycan,MEDİA,1A140-1,caspianagroweek,Caspian Agro Week,2024,384,,https://caspianagroweek.az/az/exhibitors-list/year/2024
expo-raw-002144,AZERTEXNOLAYN MMC,Azərbaycan,MEDİA,2A080,caspianagroweek,Caspian Agro Week,2024,384,4580,https://caspianagroweek.az/az/exhibitors-list/year/2024
expo-raw-002145,AZEXPOMONTAGE,Azərbaycan,MEDİA,-,caspianagroweek,Caspian Agro Week,2024,384,,https://caspianagroweek.az/az/exhibitors-list/year/2024
expo-raw-002146,AZROSE MMC,Azərbaycan,MEDİA,1A360-6,caspianagroweek,Caspian Agro Week,2024,384,,https://caspianagroweek.az/az/exhibitors-list/year/2024
expo-raw-002147,AZƏRBAYCAN QİDA VƏ İÇKİ SƏNAYEÇİLƏRİ ASSOSİASİYASI,Azərbaycan,MEDİA,3F017,caspianagroweek,Caspian Agro Week,2024,384,6521,https://caspianagroweek.az/az/exhibitors-list/year/2024
expo-raw-002148,AZƏRBAYCAN RESPUBLİKASI KƏND TƏSƏRRÜFATI NAZİRLİYİ YANINDA AQRAR XİDMƏTLƏR AGENTLİYİ,Azərbaycan,MEDİA,3A130,caspianagroweek,Caspian Agro Week,2024,384,,https://caspianagroweek.az/az/exhibitors-list/year/2024
expo-raw-002149,AZƏRBAYCAN RESPUBLİKASI SAHİBKARLAR (İŞƏGÖTÜRƏNLƏR) TƏŞKİLATLARI MİLLİ KONFEDERASİYASI,Azərbaycan,MEDİA,4A032,caspianagroweek,Caspian Agro Week,2024,384,,https://caspianagroweek.az/az/exhibitors-list/year/2024
expo-raw-002150,AZƏRBAYCAN RESPUBLİKASININ KOSMİK AGENTLİYİ (AZƏRKOSMOS),Azərbaycan,MEDİA,3A001,caspianagroweek,Caspian Agro Week,2024,384,7525,https://caspianagroweek.az/az/exhibitors-list/year/2024
expo-raw-002151,AZƏRBAYCAN RESPUBLİKASININ KİÇİK VƏ ORTA BİZNESİN İNKİŞAFI AGENTLİYİ,Azərbaycan,MEDİA,1F042,caspianagroweek,Caspian Agro Week,2024,384,,https://caspianagroweek.az/az/exhibitors-list/year/2024
expo-raw-002152,AZƏRBAYCAN RESPUBLİKASININ KƏND TƏSƏRRÜFATI NAZİRLİYİ,Azərbaycan,MEDİA,3A110,caspianagroweek,Caspian Agro Week,2024,384,5062,https://caspianagroweek.az/az/exhibitors-list/year/2024
expo-raw-002153,AZƏRBAYCAN RESPUBLİKASININ QİDA TƏHLÜKƏSİZLİYİ AGENTLİYİ,Azərbaycan,MEDİA,1F160/5F141,caspianagroweek,Caspian Agro Week,2024,384,,https://caspianagroweek.az/az/exhibitors-list/year/2024
expo-raw-002154,AZƏRBAYCAN RESPUBLİKASININ İXRACIN VƏ İNVESTİSİYALARIN TƏŞVİQİ AGENTLİYİ (AZPROMO),Azərbaycan,MEDİA,4F320,caspianagroweek,Caspian Agro Week,2024,384,,https://caspianagroweek.az/az/exhibitors-list/year/2024
expo-raw-002155,AZƏRBAYCAN SƏRGİ TƏŞKİLATÇILARI ASSOSİASİYASI,Azərbaycan,MEDİA,-,caspianagroweek,Caspian Agro Week,2024,384,301259,https://caspianagroweek.az/az/exhibitors-list/year/2024
expo-raw-002156,AZƏRBAYCANDA QADIN SAHİBKARLIĞININ İNKİŞAFI ASSOSİASİYASI,Azərbaycan,MEDİA,4A341,caspianagroweek,Caspian Agro Week,2024,384,,https://caspianagroweek.az/az/exhibitors-list/year/2024
expo-raw-002157,AZƏRTEXNİKA MMC,Azərbaycan,MEDİA,5A200,caspianagroweek,Caspian Agro Week,2024,384,5274,https://caspianagroweek.az/az/exhibitors-list/year/2024
expo-raw-002158,AZƏRŞƏKƏR MMC,Azərbaycan,MEDİA,2A400,caspianagroweek,Caspian Agro Week,2024,384,6854,https://caspianagroweek.az/az/exhibitors-list/year/2024
expo-raw-002159,BAKI AGRO PARK,Azərbaycan,MEDİA,1A360-7,caspianagroweek,Caspian Agro Week,2024,384,,https://caspianagroweek.az/az/exhibitors-list/year/2024
expo-raw-002160,BAKI YEM MMC,Azərbaycan,MEDİA,2A310,caspianagroweek,Caspian Agro Week,2024,384,300773,https://caspianagroweek.az/az/exhibitors-list/year/2024
expo-raw-002161,BAKU EXPO CENTER,Azərbaycan,MEDİA,-,caspianagroweek,Caspian Agro Week,2024,384,,https://caspianagroweek.az/az/exhibitors-list/year/2024
expo-raw-002162,BAL VƏ ARIÇIQ MƏHSULLARI,Azərbaycan,MEDİA,4A027-2,caspianagroweek,Caspian Agro Week,2024,384,,https://caspianagroweek.az/az/exhibitors-list/year/2024
expo-raw-002163,BALAKƏN TOXUM,Azərbaycan,MEDİA,2A300-1,caspianagroweek,Caspian Agro Week,2024,384,,https://caspianagroweek.az/az/exhibitors-list/year/2024
expo-raw-002164,BESTTECHNIK,Azərbaycan,MEDİA,2A066-1,caspianagroweek,Caspian Agro Week,2024,384,,https://caspianagroweek.az/az/exhibitors-list/year/2024
expo-raw-002165,BINƏ AGRO,Azərbaycan,MEDİA,2A110-1,caspianagroweek,Caspian Agro Week,2024,384,,https://caspianagroweek.az/az/exhibitors-list/year/2024
expo-raw-002166,BMT-NIN ƏRZAQ VƏ KƏND TƏSƏRRÜFATI TƏŞKILATI (FAO),Azərbaycan,MEDİA,-,caspianagroweek,Caspian Agro Week,2024,384,5490,https://caspianagroweek.az/az/exhibitors-list/year/2024
expo-raw-002167,BİO TEXNOLOGİYA AZƏRBAYCAN,Azərbaycan,MEDİA,2A042,caspianagroweek,Caspian Agro Week,2024,384,6488,https://caspianagroweek.az/az/exhibitors-list/year/2024
expo-raw-002168,DİGİTAL UMBRELLA MMC,Azərbaycan,MEDİA,2A424,caspianagroweek,Caspian Agro Week,2024,384,275734,https://caspianagroweek.az/az/exhibitors-list/year/2024
expo-raw-002169,FA VALLEY,Azərbaycan,MEDİA,4A027-1,caspianagroweek,Caspian Agro Week,2024,384,,https://caspianagroweek.az/az/exhibitors-list/year/2024
expo-raw-002170,FNK SERVICES AND CONSULTING LLC,Azərbaycan,MEDİA,-,caspianagroweek,Caspian Agro Week,2024,384,,https://caspianagroweek.az/az/exhibitors-list/year/2024
expo-raw-002171,FRUİTLAND,Azərbaycan,MEDİA,2A110-3,caspianagroweek,Caspian Agro Week,2024,384,,https://caspianagroweek.az/az/exhibitors-list/year/2024
expo-raw-002172,FİTO-MAN MMC,Azərbaycan,MEDİA,1A354,caspianagroweek,Caspian Agro Week,2024,384,300667,https://caspianagroweek.az/az/exhibitors-list/year/2024
expo-raw-002173,GORAN AQRO MMC,Azərbaycan,MEDİA,5A145,caspianagroweek,Caspian Agro Week,2024,384,6020,https://caspianagroweek.az/az/exhibitors-list/year/2024
expo-raw-002174,GRAND AGRO,Azərbaycan,MEDİA,1A360-4,caspianagroweek,Caspian Agro Week,2024,384,,https://caspianagroweek.az/az/exhibitors-list/year/2024
expo-raw-002175,GRAND AGRO INVITRO,Azərbaycan,MEDİA,1A360-3,caspianagroweek,Caspian Agro Week,2024,384,,https://caspianagroweek.az/az/exhibitors-list/year/2024
expo-raw-002176,GRAND MOTORS COMPANY,Azərbaycan,MEDİA,5A215,caspianagroweek,Caspian Agro Week,2024,384,4684,https://caspianagroweek.az/az/exhibitors-list/year/2024
expo-raw-002177,GRANT AQRO SERVİS MMC,Azərbaycan,MEDİA,5A116,caspianagroweek,Caspian Agro Week,2024,384,,https://caspianagroweek.az/az/exhibitors-list/year/2024
expo-raw-002178,GREENS AZ MMC,Azərbaycan,MEDİA,1A232-1,caspianagroweek,Caspian Agro Week,2024,384,7005,https://caspianagroweek.az/az/exhibitors-list/year/2024
expo-raw-002179,GREENWİCH TRAVEL CLUB,Azərbaycan,MEDİA,-,caspianagroweek,Caspian Agro Week,2024,384,4816,https://caspianagroweek.az/az/exhibitors-list/year/2024
expo-raw-002180,GROVV GROUP AZERBAIJAN MMC,Azərbaycan,MEDİA,1A110,caspianagroweek,Caspian Agro Week,2024,384,4660,https://caspianagroweek.az/az/exhibitors-list/year/2024
expo-raw-002181,GUBRE.AZ,Azərbaycan,MEDİA,2A340,caspianagroweek,Caspian Agro Week,2024,384,6351,https://caspianagroweek.az/az/exhibitors-list/year/2024
expo-raw-002182,GİLAN PİVOT MMC - RİVULİS,Azərbaycan,MEDİA,2A202,caspianagroweek,Caspian Agro Week,2024,384,,https://caspianagroweek.az/az/exhibitors-list/year/2024
expo-raw-002183,GİLAN PİVOT MMC - VALLEY,Azərbaycan,MEDİA,2A210,caspianagroweek,Caspian Agro Week,2024,384,,https://caspianagroweek.az/az/exhibitors-list/year/2024
expo-raw-002184,GƏNCƏ AVTOMOBİL ZAVODU İB,Azərbaycan,MEDİA,5A260,caspianagroweek,Caspian Agro Week,2024,384,4990,https://caspianagroweek.az/az/exhibitors-list/year/2024
expo-raw-002185,HYATT REGENCY BAKU,Azərbaycan,MEDİA,-,caspianagroweek,Caspian Agro Week,2024,384,,https://caspianagroweek.az/az/exhibitors-list/year/2024
expo-raw-002186,KÜRDƏXANI ŞITIL,Azərbaycan,MEDİA,2A122-1,caspianagroweek,Caspian Agro Week,2024,384,,https://caspianagroweek.az/az/exhibitors-list/year/2024
expo-raw-002187,LECHEQ FARM AND DISTILLERY,Azərbaycan,MEDİA,1A360-5,caspianagroweek,Caspian Agro Week,2024,384,,https://caspianagroweek.az/az/exhibitors-list/year/2024
expo-raw-002188,LILAC,Azərbaycan,MEDİA,-,caspianagroweek,Caspian Agro Week,2024,384,,https://caspianagroweek.az/az/exhibitors-list/year/2024
expo-raw-002189,MAN-AGRO MMC,Azərbaycan,MEDİA,1A356,caspianagroweek,Caspian Agro Week,2024,384,6716,https://caspianagroweek.az/az/exhibitors-list/year/2024
expo-raw-002190,METAK,Azərbaycan,MEDİA,1A150,caspianagroweek,Caspian Agro Week,2024,384,4674,https://caspianagroweek.az/az/exhibitors-list/year/2024
expo-raw-002191,MİLLA,Azərbaycan,MEDİA,1A210/5A140-1,caspianagroweek,Caspian Agro Week,2024,384,,https://caspianagroweek.az/az/exhibitors-list/year/2024
expo-raw-002192,PROMEXTECH AZ,Azərbaycan,MEDİA,4A430,caspianagroweek,Caspian Agro Week,2024,384,300831,https://caspianagroweek.az/az/exhibitors-list/year/2024
expo-raw-002193,PRİOR LEASİNG ASC,Azərbaycan,MEDİA,1A320,caspianagroweek,Caspian Agro Week,2024,384,4915,https://caspianagroweek.az/az/exhibitors-list/year/2024
expo-raw-002194,R GROUP HOLİNQ MMC,Azərbaycan,MEDİA,2A424-1,caspianagroweek,Caspian Agro Week,2024,384,,https://caspianagroweek.az/az/exhibitors-list/year/2024
expo-raw-002195,RADİSSON HOTEL BAKU,Azərbaycan,MEDİA,-,caspianagroweek,Caspian Agro Week,2024,384,313569,https://caspianagroweek.az/az/exhibitors-list/year/2024
expo-raw-002196,RAMCO,Azərbaycan,MEDİA,1A310-5,caspianagroweek,Caspian Agro Week,2024,384,,https://caspianagroweek.az/az/exhibitors-list/year/2024
expo-raw-002197,RAN FRUİT MMC,Azərbaycan,MEDİA,1A250,caspianagroweek,Caspian Agro Week,2024,384,7352,https://caspianagroweek.az/az/exhibitors-list/year/2024
expo-raw-002198,RED VALLEY MMC,Azərbaycan,MEDİA,1A004,caspianagroweek,Caspian Agro Week,2024,384,7351,https://caspianagroweek.az/az/exhibitors-list/year/2024
expo-raw-002199,SARA QRUP QSC,Azərbaycan,MEDİA,2A110,caspianagroweek,Caspian Agro Week,2024,384,7343,https://caspianagroweek.az/az/exhibitors-list/year/2024
expo-raw-002200,SILO CONSTRUCTION MMC,Azərbaycan,MEDİA,2A312-1,caspianagroweek,Caspian Agro Week,2024,384,6017,https://caspianagroweek.az/az/exhibitors-list/year/2024
expo-raw-002201,SKYLİNE TECHNİCS QSC,Azərbaycan,MEDİA,5A115,caspianagroweek,Caspian Agro Week,2024,384,308489,https://caspianagroweek.az/az/exhibitors-list/year/2024
expo-raw-002202,SOLİD AGRO MMC,Azərbaycan,MEDİA,1A016,caspianagroweek,Caspian Agro Week,2024,384,273283,https://caspianagroweek.az/az/exhibitors-list/year/2024
expo-raw-002203,SOYUZHİM AZ MMC,Azərbaycan,MEDİA,1A002,caspianagroweek,Caspian Agro Week,2024,384,7280,https://caspianagroweek.az/az/exhibitors-list/year/2024
expo-raw-002204,SPRİNKO MMC,Azərbaycan,MEDİA,3A142,caspianagroweek,Caspian Agro Week,2024,384,7364,https://caspianagroweek.az/az/exhibitors-list/year/2024
expo-raw-002205,SUMQAYIT TEXNOLOGİYALAR PARKI MMC,Azərbaycan,MEDİA,3A310,caspianagroweek,Caspian Agro Week,2024,384,310843,https://caspianagroweek.az/az/exhibitors-list/year/2024
expo-raw-002206,TAM ADVİSORY,Azərbaycan,MEDİA,-,caspianagroweek,Caspian Agro Week,2024,384,310117,https://caspianagroweek.az/az/exhibitors-list/year/2024
expo-raw-002207,TOPMECHANİKS MMC,Azərbaycan,MEDİA,2A011,caspianagroweek,Caspian Agro Week,2024,384,312777,https://caspianagroweek.az/az/exhibitors-list/year/2024
expo-raw-002208,VETAQRO MMC,Azərbaycan,MEDİA,2A064,caspianagroweek,Caspian Agro Week,2024,384,311213,https://caspianagroweek.az/az/exhibitors-list/year/2024
expo-raw-002209,VETART,Azərbaycan,MEDİA,2A110-2,caspianagroweek,Caspian Agro Week,2024,384,,https://caspianagroweek.az/az/exhibitors-list/year/2024
expo-raw-002210,İBİS BAKU CİTY,Azərbaycan,MEDİA,-,caspianagroweek,Caspian Agro Week,2024,384,301276,https://caspianagroweek.az/az/exhibitors-list/year/2024
expo-raw-002211,İMAGRO,Azərbaycan,MEDİA,4A210,caspianagroweek,Caspian Agro Week,2024,384,6358,https://caspianagroweek.az/az/exhibitors-list/year/2024
expo-raw-002212,ŞƏMKIR AGRO PARK,Azərbaycan,MEDİA,1A360-8,caspianagroweek,Caspian Agro Week,2024,384,,https://caspianagroweek.az/az/exhibitors-list/year/2024
expo-raw-002213,“CASPIAN” YÜK DAŞIMA XIDMƏTLƏRI,Azərbaycan,MEDİA,-,caspianagroweek,Caspian Agro Week,2024,384,,https://caspianagroweek.az/az/exhibitors-list/year/2024
expo-raw-002214,“CASPIAN” YÜK DAŞIMA XIDMƏTLƏRI,Azərbaycan,MEDİA,-,caspianagroweek,Caspian Agro Week,2024,384,,https://caspianagroweek.az/az/exhibitors-list/year/2024
expo-raw-002215,AGRO TV AZƏRBAYCAN,Azərbaycan,MEDİA,M102,caspianagroweek,Caspian Agro Week,2025,416,273776,https://caspianagroweek.az/az/exhibitors-list/year/2025
expo-raw-002216,ASAN RADİO 100 FM,Azərbaycan,MEDİA,-,caspianagroweek,Caspian Agro Week,2025,416,4258,https://caspianagroweek.az/az/exhibitors-list/year/2025
expo-raw-002217,AZƏRBAYCAN TÜRKİYƏ İŞ ADAMLARI BİRLİYİ (ATIB),Azərbaycan,MEDİA,-,caspianagroweek,Caspian Agro Week,2025,416,4366,https://caspianagroweek.az/az/exhibitors-list/year/2025
expo-raw-002218,AZƏRTAC,Azərbaycan,MEDİA,-,caspianagroweek,Caspian Agro Week,2025,416,4259,https://caspianagroweek.az/az/exhibitors-list/year/2025
expo-raw-002219,BUSINESS TIME JURNALI,Azərbaycan,MEDİA,M106,caspianagroweek,Caspian Agro Week,2025,416,273808,https://caspianagroweek.az/az/exhibitors-list/year/2025
expo-raw-002220,BƏHRAM BAĞIRZADƏ,Azərbaycan,MEDİA,-,caspianagroweek,Caspian Agro Week,2025,416,7332,https://caspianagroweek.az/az/exhibitors-list/year/2025
expo-raw-002221,CASPIAN ENERGY CLUB,Azərbaycan,MEDİA,M112,caspianagroweek,Caspian Agro Week,2025,416,4932,https://caspianagroweek.az/az/exhibitors-list/year/2025
expo-raw-002222,FINEKO AIA,Azərbaycan,MEDİA,-,caspianagroweek,Caspian Agro Week,2025,416,4266,https://caspianagroweek.az/az/exhibitors-list/year/2025
expo-raw-002223,FIRST NEWS İNFORMASİYA AGENTLİYİ MMC,Azərbaycan,MEDİA,-,caspianagroweek,Caspian Agro Week,2025,416,4265,https://caspianagroweek.az/az/exhibitors-list/year/2025
expo-raw-002224,166 LOGİSTİKA,Azərbaycan,MEDİA,-,caspianagroweek,Caspian Agro Week,2025,416,320699,https://caspianagroweek.az/az/exhibitors-list/year/2025
expo-raw-002225,4S MMC,Azərbaycan,MEDİA,2A414-1,caspianagroweek,Caspian Agro Week,2025,416,6954,https://caspianagroweek.az/az/exhibitors-list/year/2025
expo-raw-002226,ABŞERON TAXIL,Azərbaycan,MEDİA,1A210-6,caspianagroweek,Caspian Agro Week,2025,416,,https://caspianagroweek.az/az/exhibitors-list/year/2025
expo-raw-002227,AGRARCO,Azərbaycan,MEDİA,1A360-1,caspianagroweek,Caspian Agro Week,2025,416,,https://caspianagroweek.az/az/exhibitors-list/year/2025
expo-raw-002228,AGRO DAIRY,Azərbaycan,MEDİA,5A020,caspianagroweek,Caspian Agro Week,2025,416,,https://caspianagroweek.az/az/exhibitors-list/year/2025
expo-raw-002229,AGRO DAİRY MMC,Azərbaycan,MEDİA,1A210/5A020,caspianagroweek,Caspian Agro Week,2025,416,4729,https://caspianagroweek.az/az/exhibitors-list/year/2025
expo-raw-002230,AGRO FOOD İNVESTMENTS MMC,Azərbaycan,MEDİA,1A360,caspianagroweek,Caspian Agro Week,2025,416,7115,https://caspianagroweek.az/az/exhibitors-list/year/2025
expo-raw-002231,AGRO GURAMA MMC,Azərbaycan,MEDİA,2A400,caspianagroweek,Caspian Agro Week,2025,416,301750,https://caspianagroweek.az/az/exhibitors-list/year/2025
expo-raw-002232,AGRO POİNT MMC,Azərbaycan,MEDİA,2A242,caspianagroweek,Caspian Agro Week,2025,416,333678,https://caspianagroweek.az/az/exhibitors-list/year/2025
expo-raw-002233,AGRO-TECH SOLUTIONS MMC,Azərbaycan,MEDİA,2A244,caspianagroweek,Caspian Agro Week,2025,416,274572,https://caspianagroweek.az/az/exhibitors-list/year/2025
expo-raw-002234,AGROECOTECH LEASING,Azərbaycan,MEDİA,5A140,caspianagroweek,Caspian Agro Week,2025,416,,https://caspianagroweek.az/az/exhibitors-list/year/2025
expo-raw-002235,AGROFRESH,Azərbaycan,MEDİA,1A210-5,caspianagroweek,Caspian Agro Week,2025,416,,https://caspianagroweek.az/az/exhibitors-list/year/2025
expo-raw-002236,AGROLAB,Azərbaycan,MEDİA,2A330-1,caspianagroweek,Caspian Agro Week,2025,416,,https://caspianagroweek.az/az/exhibitors-list/year/2025
expo-raw-002237,AGROMOTORS,Azərbaycan,MEDİA,5A025,caspianagroweek,Caspian Agro Week,2025,416,,https://caspianagroweek.az/az/exhibitors-list/year/2025
expo-raw-002238,AGROMOTORS AZƏRBAYCAN MMC,Azərbaycan,MEDİA,3A140/5A025,caspianagroweek,Caspian Agro Week,2025,416,7889,https://caspianagroweek.az/az/exhibitors-list/year/2025
expo-raw-002239,AGROPROTECTH ENSIGN,Azərbaycan,MEDİA,5A150,caspianagroweek,Caspian Agro Week,2025,416,,https://caspianagroweek.az/az/exhibitors-list/year/2025
expo-raw-002240,AGROSYSTEM MMC,Azərbaycan,MEDİA,2A100,caspianagroweek,Caspian Agro Week,2025,416,273448,https://caspianagroweek.az/az/exhibitors-list/year/2025
expo-raw-002241,AGROTECH,Azərbaycan,MEDİA,1A012-2,caspianagroweek,Caspian Agro Week,2025,416,,https://caspianagroweek.az/az/exhibitors-list/year/2025
expo-raw-002242,AGRICOLA AZ MMC,Azərbaycan,MEDİA,2A412,caspianagroweek,Caspian Agro Week,2025,416,313718,https://caspianagroweek.az/az/exhibitors-list/year/2025
expo-raw-002243,AGRİSPACE MMC,Azərbaycan,MEDİA,5A120,caspianagroweek,Caspian Agro Week,2025,416,6022,https://caspianagroweek.az/az/exhibitors-list/year/2025
expo-raw-002244,AMORİS,Azərbaycan,MEDİA,1A240,caspianagroweek,Caspian Agro Week,2025,416,4676,https://caspianagroweek.az/az/exhibitors-list/year/2025
expo-raw-002245,AMİN-Q MMC,Azərbaycan,MEDİA,2A416,caspianagroweek,Caspian Agro Week,2025,416,333742,https://caspianagroweek.az/az/exhibitors-list/year/2025
expo-raw-002246,AQRAR SIĞORTA FONDU,Azərbaycan,MEDİA,3A014,caspianagroweek,Caspian Agro Week,2025,416,308232,https://caspianagroweek.az/az/exhibitors-list/year/2025
expo-raw-002247,AQRAR TƏDARÜK VƏ TƏCHİZAT ASC,Azərbaycan,MEDİA,3A134,caspianagroweek,Caspian Agro Week,2025,416,334488,https://caspianagroweek.az/az/exhibitors-list/year/2025
expo-raw-002248,AQROKİMYA,Azərbaycan,MEDİA,1A222,caspianagroweek,Caspian Agro Week,2025,416,4663,https://caspianagroweek.az/az/exhibitors-list/year/2025
expo-raw-002249,AQROLAND,Azərbaycan,MEDİA,2A110-5,caspianagroweek,Caspian Agro Week,2025,416,,https://caspianagroweek.az/az/exhibitors-list/year/2025
expo-raw-002250,AQRONAFT MMC,Azərbaycan,MEDİA,5A120-1,caspianagroweek,Caspian Agro Week,2025,416,7979,https://caspianagroweek.az/az/exhibitors-list/year/2025
expo-raw-002251,AQROSERVİS,Azərbaycan,MEDİA,5A135,caspianagroweek,Caspian Agro Week,2025,416,6509,https://caspianagroweek.az/az/exhibitors-list/year/2025
expo-raw-002252,AQUAFİLTER MMC,Azərbaycan,MEDİA,2A002,caspianagroweek,Caspian Agro Week,2025,416,324553,https://caspianagroweek.az/az/exhibitors-list/year/2025
expo-raw-002253,AQUALİNK MMC,Azərbaycan,MEDİA,1A264,caspianagroweek,Caspian Agro Week,2025,416,301048,https://caspianagroweek.az/az/exhibitors-list/year/2025
expo-raw-002254,ASTARA ÇAY,Azərbaycan,MEDİA,1A360-9,caspianagroweek,Caspian Agro Week,2025,416,,https://caspianagroweek.az/az/exhibitors-list/year/2025
expo-raw-002255,ATS SOYA,Azərbaycan,MEDİA,1A210-7,caspianagroweek,Caspian Agro Week,2025,416,,https://caspianagroweek.az/az/exhibitors-list/year/2025
expo-raw-002256,AURA İNŞAAT MMC,Azərbaycan,MEDİA,1A256,caspianagroweek,Caspian Agro Week,2025,416,4697,https://caspianagroweek.az/az/exhibitors-list/year/2025
expo-raw-002257,AVTO AZƏRBAYCAN MMC,Azərbaycan,MEDİA,2A039,caspianagroweek,Caspian Agro Week,2025,416,320766,https://caspianagroweek.az/az/exhibitors-list/year/2025
expo-raw-002258,AZ TV,Azərbaycan,MEDİA,-,caspianagroweek,Caspian Agro Week,2025,416,325185,https://caspianagroweek.az/az/exhibitors-list/year/2025
expo-raw-002259,AZBADAM,Azərbaycan,MEDİA,1A360-2,caspianagroweek,Caspian Agro Week,2025,416,,https://caspianagroweek.az/az/exhibitors-list/year/2025
expo-raw-002260,AZEMAL (SEVİMLİ DAD),Azərbaycan,MEDİA,2A110-4,caspianagroweek,Caspian Agro Week,2025,416,,https://caspianagroweek.az/az/exhibitors-list/year/2025
expo-raw-002261,AZER N AGRO MMC,Azərbaycan,MEDİA,5A130,caspianagroweek,Caspian Agro Week,2025,416,5891,https://caspianagroweek.az/az/exhibitors-list/year/2025
expo-raw-002262,AZERSUN,Azərbaycan,MEDİA,2A234-1,caspianagroweek,Caspian Agro Week,2025,416,,https://caspianagroweek.az/az/exhibitors-list/year/2025
expo-raw-002263,AZERTEXNOLAYN MMC,Azərbaycan,MEDİA,2A074,caspianagroweek,Caspian Agro Week,2025,416,4580,https://caspianagroweek.az/az/exhibitors-list/year/2025
expo-raw-002264,AZERİSTEEL MMC,Azərbaycan,MEDİA,1A350,caspianagroweek,Caspian Agro Week,2025,416,334681,https://caspianagroweek.az/az/exhibitors-list/year/2025
expo-raw-002265,AZFILTER GROUP MMC,Azərbaycan,MEDİA,3A222,caspianagroweek,Caspian Agro Week,2025,416,,https://caspianagroweek.az/az/exhibitors-list/year/2025
expo-raw-002266,AZPROTEİN,Azərbaycan,MEDİA,1A210-10,caspianagroweek,Caspian Agro Week,2025,416,,https://caspianagroweek.az/az/exhibitors-list/year/2025
expo-raw-002267,AZROSE MMC,Azərbaycan,MEDİA,1A360-6,caspianagroweek,Caspian Agro Week,2025,416,,https://caspianagroweek.az/az/exhibitors-list/year/2025
expo-raw-002268,AZƏRBAYCAN QİDA VƏ İÇKİ SƏNAYEÇİLƏRİ ASSOSİASİYASI,Azərbaycan,MEDİA,-,caspianagroweek,Caspian Agro Week,2025,416,6521,https://caspianagroweek.az/az/exhibitors-list/year/2025
expo-raw-002269,AZƏRBAYCAN RESPUBLİKASI KƏND TƏSƏRRÜFATI NAZİRLİYİ YANINDA AQRAR XİDMƏTLƏR AGENTLİYİ,Azərbaycan,MEDİA,3A120,caspianagroweek,Caspian Agro Week,2025,416,6514,https://caspianagroweek.az/az/exhibitors-list/year/2025
expo-raw-002270,AZƏRBAYCAN RESPUBLİKASI SAHİBKARLAR (İŞƏGÖTÜRƏNLƏR) TƏŞKİLATLARI MİLLİ KONFEDERASİYASI,Azərbaycan,MEDİA,-,caspianagroweek,Caspian Agro Week,2025,416,4292,https://caspianagroweek.az/az/exhibitors-list/year/2025
expo-raw-002271,AZƏRBAYCAN RESPUBLİKASININ KİÇİK VƏ ORTA BİZNESİN İNKİŞAFI AGENTLİYİ,Azərbaycan,MEDİA,1F040,caspianagroweek,Caspian Agro Week,2025,416,4316,https://caspianagroweek.az/az/exhibitors-list/year/2025
expo-raw-002272,AZƏRBAYCAN RESPUBLİKASININ KƏND TƏSƏRRÜFATI NAZİRLİYİ,Azərbaycan,MEDİA,3A100,caspianagroweek,Caspian Agro Week,2025,416,5062,https://caspianagroweek.az/az/exhibitors-list/year/2025
expo-raw-002273,AZƏRBAYCAN RESPUBLİKASININ QİDA TƏHLÜKƏSİZLİYİ AGENTLİYİ,Azərbaycan,MEDİA,-,caspianagroweek,Caspian Agro Week,2025,416,5119,https://caspianagroweek.az/az/exhibitors-list/year/2025
expo-raw-002274,AZƏRBAYCAN RESPUBLİKASININ İXRACIN VƏ İNVESTİSİYALARIN TƏŞVİQİ AGENTLİYİ (AZPROMO),Azərbaycan,MEDİA,-,caspianagroweek,Caspian Agro Week,2025,416,4289,https://caspianagroweek.az/az/exhibitors-list/year/2025
expo-raw-002275,AZƏRBAYCAN SƏRGİ TƏŞKİLATÇILARI ASSOSİASİYASI,Azərbaycan,MEDİA,-,caspianagroweek,Caspian Agro Week,2025,416,301259,https://caspianagroweek.az/az/exhibitors-list/year/2025
expo-raw-002276,AZƏRBAYCAN TOXUMÇULUQ TƏSƏRRÜFATI MMC,Azərbaycan,MEDİA,2A234,caspianagroweek,Caspian Agro Week,2025,416,324598,https://caspianagroweek.az/az/exhibitors-list/year/2025
expo-raw-002277,AZƏRBAYCANDA QADIN SAHİBKARLIĞININ İNKİŞAFI ASSOSİASİYASI,Azərbaycan,MEDİA,4A200,caspianagroweek,Caspian Agro Week,2025,416,313532,https://caspianagroweek.az/az/exhibitors-list/year/2025
expo-raw-002278,AZƏRTEXNİKA MMC,Azərbaycan,MEDİA,5A110,caspianagroweek,Caspian Agro Week,2025,416,5274,https://caspianagroweek.az/az/exhibitors-list/year/2025
expo-raw-002279,AZƏRTOXUM,Azərbaycan,MEDİA,1A210-8,caspianagroweek,Caspian Agro Week,2025,416,,https://caspianagroweek.az/az/exhibitors-list/year/2025
expo-raw-002280,AZƏRYEM,Azərbaycan,MEDİA,1A210-9,caspianagroweek,Caspian Agro Week,2025,416,,https://caspianagroweek.az/az/exhibitors-list/year/2025
expo-raw-002281,AZƏRŞƏKƏR MMC,Azərbaycan,MEDİA,2A330,caspianagroweek,Caspian Agro Week,2025,416,6854,https://caspianagroweek.az/az/exhibitors-list/year/2025
expo-raw-002282,BAGCAM.AZ,Azərbaycan,MEDİA,-,caspianagroweek,Caspian Agro Week,2025,416,,https://caspianagroweek.az/az/exhibitors-list/year/2025
expo-raw-002283,BAKI AQRO PARK,Azərbaycan,MEDİA,1A360-7,caspianagroweek,Caspian Agro Week,2025,416,,https://caspianagroweek.az/az/exhibitors-list/year/2025
expo-raw-002284,BAKI YEM MMC,Azərbaycan,MEDİA,1A140,caspianagroweek,Caspian Agro Week,2025,416,300773,https://caspianagroweek.az/az/exhibitors-list/year/2025
expo-raw-002285,BMT-NİN ƏRZAQ VƏ KƏND TƏSƏRRÜFATI TƏŞKİLATI (FAO),Azərbaycan,MEDİA,-,caspianagroweek,Caspian Agro Week,2025,416,5490,https://caspianagroweek.az/az/exhibitors-list/year/2025
expo-raw-002286,BOOMERANG AGENCY,Azərbaycan,MEDİA,M118,caspianagroweek,Caspian Agro Week,2025,416,335320,https://caspianagroweek.az/az/exhibitors-list/year/2025
expo-raw-002287,BİNƏ AGRO,Azərbaycan,MEDİA,2A110-1,caspianagroweek,Caspian Agro Week,2025,416,,https://caspianagroweek.az/az/exhibitors-list/year/2025
expo-raw-002288,BİO TEXNOLOGİYA,Azərbaycan,MEDİA,2A004,caspianagroweek,Caspian Agro Week,2025,416,6488,https://caspianagroweek.az/az/exhibitors-list/year/2025
expo-raw-002289,CASPIAN ENERGY INTERNATIONAL MEDIA GROUP,Azərbaycan,MEDİA,-,caspianagroweek,Caspian Agro Week,2025,416,334781,https://caspianagroweek.az/az/exhibitors-list/year/2025
expo-raw-002290,CAUCASUS CONSULTING GROUP OF COMPANIES MMC,Azərbaycan,MEDİA,-,caspianagroweek,Caspian Agro Week,2025,416,,https://caspianagroweek.az/az/exhibitors-list/year/2025
expo-raw-002291,CORN PROCESSING COMPANY,Azərbaycan,MEDİA,2A330-3,caspianagroweek,Caspian Agro Week,2025,416,,https://caspianagroweek.az/az/exhibitors-list/year/2025
expo-raw-002292,COSTA COFFEE,Azərbaycan,MEDİA,-,caspianagroweek,Caspian Agro Week,2025,416,,https://caspianagroweek.az/az/exhibitors-list/year/2025
expo-raw-002293,DAMLA İB,Azərbaycan,MEDİA,-,caspianagroweek,Caspian Agro Week,2025,416,320955,https://caspianagroweek.az/az/exhibitors-list/year/2025
expo-raw-002294,DECOFLORA,Azərbaycan,MEDİA,-,caspianagroweek,Caspian Agro Week,2025,416,,https://caspianagroweek.az/az/exhibitors-list/year/2025
expo-raw-002295,DIGITAL UMBRELLA MMC,Azərbaycan,MEDİA,2A140,caspianagroweek,Caspian Agro Week,2025,416,275734,https://caspianagroweek.az/az/exhibitors-list/year/2025
expo-raw-002296,DIGITALE ADVERTISING AGENCY,Azərbaycan,MEDİA,-,caspianagroweek,Caspian Agro Week,2025,416,,https://caspianagroweek.az/az/exhibitors-list/year/2025
expo-raw-002297,DR.BIO,Azərbaycan,MEDİA,1A220,caspianagroweek,Caspian Agro Week,2025,416,7949,https://caspianagroweek.az/az/exhibitors-list/year/2025
expo-raw-002298,ENSOL MMC,Azərbaycan,MEDİA,2A026,caspianagroweek,Caspian Agro Week,2025,416,333914,https://caspianagroweek.az/az/exhibitors-list/year/2025
expo-raw-002299,ESASEM SPA,Azərbaycan,MEDİA,2A042,caspianagroweek,Caspian Agro Week,2025,416,333779,https://caspianagroweek.az/az/exhibitors-list/year/2025
expo-raw-002300,FRUİTLAND,Azərbaycan,MEDİA,2A110-3,caspianagroweek,Caspian Agro Week,2025,416,,https://caspianagroweek.az/az/exhibitors-list/year/2025
expo-raw-002301,FİTO-MAN MMC,Azərbaycan,MEDİA,1A354,caspianagroweek,Caspian Agro Week,2025,416,300667,https://caspianagroweek.az/az/exhibitors-list/year/2025
expo-raw-002302,GLORIA GARDEN,Azərbaycan,MEDİA,-,caspianagroweek,Caspian Agro Week,2025,416,330485,https://caspianagroweek.az/az/exhibitors-list/year/2025
expo-raw-002303,GOLD AGRO LEASING MMC,Azərbaycan,MEDİA,5A130-1,caspianagroweek,Caspian Agro Week,2025,416,,https://caspianagroweek.az/az/exhibitors-list/year/2025
expo-raw-002304,GORAN AQRO AVADANLIQLAR ZAVODU MMC,Azərbaycan,MEDİA,5A155,caspianagroweek,Caspian Agro Week,2025,416,,https://caspianagroweek.az/az/exhibitors-list/year/2025
expo-raw-002305,GORAN AQRO MMC,Azərbaycan,MEDİA,5A055,caspianagroweek,Caspian Agro Week,2025,416,6020,https://caspianagroweek.az/az/exhibitors-list/year/2025
expo-raw-002306,GRAND AGRO,Azərbaycan,MEDİA,1A360-4,caspianagroweek,Caspian Agro Week,2025,416,,https://caspianagroweek.az/az/exhibitors-list/year/2025
expo-raw-002307,GRAND AGRO İNVİTRO,Azərbaycan,MEDİA,1A360-3,caspianagroweek,Caspian Agro Week,2025,416,,https://caspianagroweek.az/az/exhibitors-list/year/2025
expo-raw-002308,GRAND MOTORS,Azərbaycan,MEDİA,1A012-1,caspianagroweek,Caspian Agro Week,2025,416,,https://caspianagroweek.az/az/exhibitors-list/year/2025
expo-raw-002309,GREENWICH TRAVEL CLUB,Azərbaycan,MEDİA,-,caspianagroweek,Caspian Agro Week,2025,416,4816,https://caspianagroweek.az/az/exhibitors-list/year/2025
expo-raw-002310,GROW GROUP AZERBAİJAN MMC,Azərbaycan,MEDİA,1A110,caspianagroweek,Caspian Agro Week,2025,416,4660,https://caspianagroweek.az/az/exhibitors-list/year/2025
expo-raw-002311,GUBRE.AZ,Azərbaycan,MEDİA,2A340,caspianagroweek,Caspian Agro Week,2025,416,6351,https://caspianagroweek.az/az/exhibitors-list/year/2025
expo-raw-002312,GİLAN PİVOT MMC - VALLEY,Azərbaycan,MEDİA,2A210,caspianagroweek,Caspian Agro Week,2025,416,6224,https://caspianagroweek.az/az/exhibitors-list/year/2025
expo-raw-002313,GƏNCƏ AVTOMOBİL ZAVODU İB,Azərbaycan,MEDİA,5A145,caspianagroweek,Caspian Agro Week,2025,416,4990,https://caspianagroweek.az/az/exhibitors-list/year/2025
expo-raw-002314,HILTON GARDEN INN BAKU,Azərbaycan,MEDİA,-,caspianagroweek,Caspian Agro Week,2025,416,,https://caspianagroweek.az/az/exhibitors-list/year/2025
expo-raw-002315,HİDROART MMC,Azərbaycan,MEDİA,4A006,caspianagroweek,Caspian Agro Week,2025,416,326372,https://caspianagroweek.az/az/exhibitors-list/year/2025
expo-raw-002316,IBIS BAKU CITY,Azərbaycan,MEDİA,-,caspianagroweek,Caspian Agro Week,2025,416,301276,https://caspianagroweek.az/az/exhibitors-list/year/2025
expo-raw-002317,KÜRDAXANI ŞİTİL,Azərbaycan,MEDİA,-,caspianagroweek,Caspian Agro Week,2025,416,,https://caspianagroweek.az/az/exhibitors-list/year/2025
expo-raw-002318,LECHEQ FARM AND DİSTİLLERY,Azərbaycan,MEDİA,1A360-5,caspianagroweek,Caspian Agro Week,2025,416,,https://caspianagroweek.az/az/exhibitors-list/year/2025
expo-raw-002319,LOVOL,Azərbaycan,MEDİA,1A300,caspianagroweek,Caspian Agro Week,2025,416,,https://caspianagroweek.az/az/exhibitors-list/year/2025
expo-raw-002320,M.P.K MMC,Azərbaycan,MEDİA,3A130,caspianagroweek,Caspian Agro Week,2025,416,334306,https://caspianagroweek.az/az/exhibitors-list/year/2025
expo-raw-002321,MAN-AGRO MMC,Azərbaycan,MEDİA,1A250,caspianagroweek,Caspian Agro Week,2025,416,6716,https://caspianagroweek.az/az/exhibitors-list/year/2025
expo-raw-002322,METAK,Azərbaycan,MEDİA,1A150,caspianagroweek,Caspian Agro Week,2025,416,4674,https://caspianagroweek.az/az/exhibitors-list/year/2025
expo-raw-002323,MG PLUS MMC,Azərbaycan,MEDİA,-,caspianagroweek,Caspian Agro Week,2025,416,,https://caspianagroweek.az/az/exhibitors-list/year/2025
expo-raw-002324,MOLECULAB,Azərbaycan,MEDİA,3F006-1,caspianagroweek,Caspian Agro Week,2025,416,,https://caspianagroweek.az/az/exhibitors-list/year/2025
expo-raw-002325,MİLLA,Azərbaycan,MEDİA,1A210-4,caspianagroweek,Caspian Agro Week,2025,416,,https://caspianagroweek.az/az/exhibitors-list/year/2025
expo-raw-002326,PRIOR LEASING ASC,Azərbaycan,MEDİA,1A012,caspianagroweek,Caspian Agro Week,2025,416,4915,https://caspianagroweek.az/az/exhibitors-list/year/2025
expo-raw-002327,PROMALT,Azərbaycan,MEDİA,2A330-2,caspianagroweek,Caspian Agro Week,2025,416,,https://caspianagroweek.az/az/exhibitors-list/year/2025
expo-raw-002328,QƏBƏLƏ AQROPARK,Azərbaycan,MEDİA,1A210-3,caspianagroweek,Caspian Agro Week,2025,416,,https://caspianagroweek.az/az/exhibitors-list/year/2025
expo-raw-002329,R GROUP HOLİNQ MMC,Azərbaycan,MEDİA,2A140-1,caspianagroweek,Caspian Agro Week,2025,416,,https://caspianagroweek.az/az/exhibitors-list/year/2025
expo-raw-002330,RADISSON HOTEL BAKU,Azərbaycan,MEDİA,-,caspianagroweek,Caspian Agro Week,2025,416,313569,https://caspianagroweek.az/az/exhibitors-list/year/2025
expo-raw-002331,RAN FRUİT MMC,Azərbaycan,MEDİA,1A352,caspianagroweek,Caspian Agro Week,2025,416,7352,https://caspianagroweek.az/az/exhibitors-list/year/2025
expo-raw-002332,RED VALLEY MMC,Azərbaycan,MEDİA,1A004,caspianagroweek,Caspian Agro Week,2025,416,7351,https://caspianagroweek.az/az/exhibitors-list/year/2025
expo-raw-002333,REFERANS MEDICAL GROUP,Azərbaycan,MEDİA,-,caspianagroweek,Caspian Agro Week,2025,416,7900,https://caspianagroweek.az/az/exhibitors-list/year/2025
expo-raw-002334,SARA QRUP QSC,Azərbaycan,MEDİA,2A110,caspianagroweek,Caspian Agro Week,2025,416,7343,https://caspianagroweek.az/az/exhibitors-list/year/2025
expo-raw-002335,SOYUZHIM CO MMC,Azərbaycan,MEDİA,4A076,caspianagroweek,Caspian Agro Week,2025,416,334340,https://caspianagroweek.az/az/exhibitors-list/year/2025
expo-raw-002336,SİLO CONSTRUCTION,Azərbaycan,MEDİA,2A312-1,caspianagroweek,Caspian Agro Week,2025,416,,https://caspianagroweek.az/az/exhibitors-list/year/2025
expo-raw-002337,TEST DATABASE,Azərbaycan,MEDİA,0000,caspianagroweek,Caspian Agro Week,2025,416,324655,https://caspianagroweek.az/az/exhibitors-list/year/2025
expo-raw-002338,TEXTILE HORIZON MMC,Azərbaycan,MEDİA,2A330-4,caspianagroweek,Caspian Agro Week,2025,416,,https://caspianagroweek.az/az/exhibitors-list/year/2025
expo-raw-002339,TÜRKİYƏ VƏ AZƏRBAYCAN İŞ ADAMLARI VƏ SƏNAYEÇİLƏRİ İCTİMAİ BİRLİYİ,Azərbaycan,MEDİA,M104,caspianagroweek,Caspian Agro Week,2025,416,6647,https://caspianagroweek.az/az/exhibitors-list/year/2025
expo-raw-002340,VETART,Azərbaycan,MEDİA,2A110-2,caspianagroweek,Caspian Agro Week,2025,416,,https://caspianagroweek.az/az/exhibitors-list/year/2025
expo-raw-002341,XAÇMAZ AQROPARK,Azərbaycan,MEDİA,1A210-2,caspianagroweek,Caspian Agro Week,2025,416,,https://caspianagroweek.az/az/exhibitors-list/year/2025
expo-raw-002342,XƏZƏR EKOLOJİ LABOROTORİYASI MMC,Azərbaycan,MEDİA,3F006,caspianagroweek,Caspian Agro Week,2025,416,334028,https://caspianagroweek.az/az/exhibitors-list/year/2025
expo-raw-002343,YALAMA AQROPARK,Azərbaycan,MEDİA,1A210-1,caspianagroweek,Caspian Agro Week,2025,416,,https://caspianagroweek.az/az/exhibitors-list/year/2025
expo-raw-002344,İMAQRO,Azərbaycan,MEDİA,5A050,caspianagroweek,Caspian Agro Week,2025,416,6358,https://caspianagroweek.az/az/exhibitors-list/year/2025
expo-raw-002345,İSO LOGİSTİCS MMC,Azərbaycan,MEDİA,2A036,caspianagroweek,Caspian Agro Week,2025,416,324642,https://caspianagroweek.az/az/exhibitors-list/year/2025
expo-raw-002346,ŞELKOVO AQROXİM,Azərbaycan,MEDİA,2A006,caspianagroweek,Caspian Agro Week,2025,416,5186,https://caspianagroweek.az/az/exhibitors-list/year/2025
expo-raw-002347,ŞƏMKİR AQRO PARK,Azərbaycan,MEDİA,1A360-8,caspianagroweek,Caspian Agro Week,2025,416,,https://caspianagroweek.az/az/exhibitors-list/year/2025
expo-raw-002348,“CASPIAN” YÜK DAŞIMA XIDMƏTLƏRI,Azərbaycan,MEDİA,-,caspianagroweek,Caspian Agro Week,2025,416,,https://caspianagroweek.az/az/exhibitors-list/year/2025
expo-raw-002349,AQUALİNK MMC,Azərbaycan,A.O. SMITH SU TEXNOLOGİYALARI,1A264-1,caspianagroweek,Caspian Agro Week,2026,452,301048,https://caspianagroweek.az/az/exhibitors-list/year/2026
expo-raw-002350,ABŞERON TAXIL,Azərbaycan,AGRO DAIRY MMC,1A210-5,caspianagroweek,Caspian Agro Week,2026,452,,https://caspianagroweek.az/az/exhibitors-list/year/2026
expo-raw-002351,AGRO DAIRY MMC,Azərbaycan,AGRO DAIRY MMC,1A210,caspianagroweek,Caspian Agro Week,2026,452,4729,https://caspianagroweek.az/az/exhibitors-list/year/2026
expo-raw-002352,AGRO DAIRY MMC,Azərbaycan,AGRO DAIRY MMC,5A040,caspianagroweek,Caspian Agro Week,2026,452,352018,https://caspianagroweek.az/az/exhibitors-list/year/2026
expo-raw-002353,AGROFRESH,Azərbaycan,AGRO DAIRY MMC,1A210-4,caspianagroweek,Caspian Agro Week,2026,452,,https://caspianagroweek.az/az/exhibitors-list/year/2026
expo-raw-002354,ATS SOYA,Azərbaycan,AGRO DAIRY MMC,1A210-6,caspianagroweek,Caspian Agro Week,2026,452,,https://caspianagroweek.az/az/exhibitors-list/year/2026
expo-raw-002355,AZPROTEIN,Azərbaycan,AGRO DAIRY MMC,1A210-9,caspianagroweek,Caspian Agro Week,2026,452,,https://caspianagroweek.az/az/exhibitors-list/year/2026
expo-raw-002356,AZƏRTOXUM,Azərbaycan,AGRO DAIRY MMC,1A210-7,caspianagroweek,Caspian Agro Week,2026,452,,https://caspianagroweek.az/az/exhibitors-list/year/2026
expo-raw-002357,AZƏRYEM,Azərbaycan,AGRO DAIRY MMC,1A210-8,caspianagroweek,Caspian Agro Week,2026,452,,https://caspianagroweek.az/az/exhibitors-list/year/2026
expo-raw-002358,QƏBƏLƏ AQROPARK,Azərbaycan,AGRO DAIRY MMC,1A210-3,caspianagroweek,Caspian Agro Week,2026,452,,https://caspianagroweek.az/az/exhibitors-list/year/2026
expo-raw-002359,XAÇMAZ AQROPARK,Azərbaycan,AGRO DAIRY MMC,1A210-2,caspianagroweek,Caspian Agro Week,2026,452,,https://caspianagroweek.az/az/exhibitors-list/year/2026
expo-raw-002360,YALAMA AQROPARK,Azərbaycan,AGRO DAIRY MMC,1A210-1,caspianagroweek,Caspian Agro Week,2026,452,,https://caspianagroweek.az/az/exhibitors-list/year/2026
expo-raw-002361,AGRARCO,Azərbaycan,AGRO FOOD INVESTMENTS MMC,1A360-1,caspianagroweek,Caspian Agro Week,2026,452,,https://caspianagroweek.az/az/exhibitors-list/year/2026
expo-raw-002362,AGRO FOOD INVESTMENTS MMC,Azərbaycan,AGRO FOOD INVESTMENTS MMC,1A360,caspianagroweek,Caspian Agro Week,2026,452,311252,https://caspianagroweek.az/az/exhibitors-list/year/2026
expo-raw-002363,AZBADAM,Azərbaycan,AGRO FOOD INVESTMENTS MMC,1A360-2,caspianagroweek,Caspian Agro Week,2026,452,,https://caspianagroweek.az/az/exhibitors-list/year/2026
expo-raw-002364,AZROSE MMC,Azərbaycan,AGRO FOOD INVESTMENTS MMC,1A360-6,caspianagroweek,Caspian Agro Week,2026,452,,https://caspianagroweek.az/az/exhibitors-list/year/2026
expo-raw-002365,GRAND AGRO,Azərbaycan,AGRO FOOD INVESTMENTS MMC,1A360-4,caspianagroweek,Caspian Agro Week,2026,452,,https://caspianagroweek.az/az/exhibitors-list/year/2026
expo-raw-002366,GRAND AGRO INVITRO,Azərbaycan,AGRO FOOD INVESTMENTS MMC,1A360-3,caspianagroweek,Caspian Agro Week,2026,452,,https://caspianagroweek.az/az/exhibitors-list/year/2026
expo-raw-002367,GREEN PLANT,Azərbaycan,AGRO FOOD INVESTMENTS MMC,1A360-7,caspianagroweek,Caspian Agro Week,2026,452,,https://caspianagroweek.az/az/exhibitors-list/year/2026
expo-raw-002368,LECHEQ FARM AND DISTILLERY,Azərbaycan,AGRO FOOD INVESTMENTS MMC,1A360-5,caspianagroweek,Caspian Agro Week,2026,452,,https://caspianagroweek.az/az/exhibitors-list/year/2026
expo-raw-002369,ZƏFƏR BAĞLARI MMC,Azərbaycan,AGRO FOOD INVESTMENTS MMC,1A360-9,caspianagroweek,Caspian Agro Week,2026,452,,https://caspianagroweek.az/az/exhibitors-list/year/2026
expo-raw-002370,ŞƏMKIR AGRO PARK,Azərbaycan,AGRO FOOD INVESTMENTS MMC,1A360-8,caspianagroweek,Caspian Agro Week,2026,452,,https://caspianagroweek.az/az/exhibitors-list/year/2026
expo-raw-002371,AGROMOTORS AZƏRBAYCAN MMC,Azərbaycan,AGROMOTORS AZERBAIJAN MMC,2A242,caspianagroweek,Caspian Agro Week,2026,452,7889,https://caspianagroweek.az/az/exhibitors-list/year/2026
expo-raw-002372,AZ AGROMILA,Azərbaycan,AZ AGROMILA MMC,2A132,caspianagroweek,Caspian Agro Week,2026,452,352345,https://caspianagroweek.az/az/exhibitors-list/year/2026
expo-raw-002373,AZERA TOXUMÇULUQ MMC,Azərbaycan,AZ AGROMILA MMC,2A132-1,caspianagroweek,Caspian Agro Week,2026,452,,https://caspianagroweek.az/az/exhibitors-list/year/2026
expo-raw-002374,AZER N AGRO MMC,Azərbaycan,AZER N AGRO MMC,5A075,caspianagroweek,Caspian Agro Week,2026,452,352303,https://caspianagroweek.az/az/exhibitors-list/year/2026
expo-raw-002375,GOLD AGRO LEASING MMC,Azərbaycan,AZER N AGRO MMC,5A075-1,caspianagroweek,Caspian Agro Week,2026,452,,https://caspianagroweek.az/az/exhibitors-list/year/2026
expo-raw-002376,AGROLID MMC,Azərbaycan,AZERA HOLDING,2A110-10,caspianagroweek,Caspian Agro Week,2026,452,,https://caspianagroweek.az/az/exhibitors-list/year/2026
expo-raw-002377,AQROLAND,Azərbaycan,AZERA HOLDING,2A110-5,caspianagroweek,Caspian Agro Week,2026,452,,https://caspianagroweek.az/az/exhibitors-list/year/2026
expo-raw-002378,AZEMAL,Azərbaycan,AZERA HOLDING,2A110-4,caspianagroweek,Caspian Agro Week,2026,452,,https://caspianagroweek.az/az/exhibitors-list/year/2026
expo-raw-002379,AZERA HOLDING,Azərbaycan,AZERA HOLDING,2A110,caspianagroweek,Caspian Agro Week,2026,452,7343,https://caspianagroweek.az/az/exhibitors-list/year/2026
expo-raw-002380,BAĞDAD MMC,Azərbaycan,AZERA HOLDING,2A110-8,caspianagroweek,Caspian Agro Week,2026,452,,https://caspianagroweek.az/az/exhibitors-list/year/2026
expo-raw-002381,BINƏ AGRO,Azərbaycan,AZERA HOLDING,2A110-1,caspianagroweek,Caspian Agro Week,2026,452,,https://caspianagroweek.az/az/exhibitors-list/year/2026
expo-raw-002382,BOL AGRO,Azərbaycan,AZERA HOLDING,2A110-3,caspianagroweek,Caspian Agro Week,2026,452,,https://caspianagroweek.az/az/exhibitors-list/year/2026
expo-raw-002383,FRUITLAND,Azərbaycan,AZERA HOLDING,2A110-7,caspianagroweek,Caspian Agro Week,2026,452,,https://caspianagroweek.az/az/exhibitors-list/year/2026
expo-raw-002384,KRAUN KO-R,Azərbaycan,AZERA HOLDING,2A110-9,caspianagroweek,Caspian Agro Week,2026,452,,https://caspianagroweek.az/az/exhibitors-list/year/2026
expo-raw-002385,SIMERAX GROUP,Azərbaycan,AZERA HOLDING,2A110-6,caspianagroweek,Caspian Agro Week,2026,452,,https://caspianagroweek.az/az/exhibitors-list/year/2026
expo-raw-002386,TOXUMÇULUQ VƏ TİNGÇİLİK MMC,Azərbaycan,AZERA HOLDING,2A110-11,caspianagroweek,Caspian Agro Week,2026,452,274134,https://caspianagroweek.az/az/exhibitors-list/year/2026
expo-raw-002387,VETART,Azərbaycan,AZERA HOLDING,2A110-2,caspianagroweek,Caspian Agro Week,2026,452,,https://caspianagroweek.az/az/exhibitors-list/year/2026
expo-raw-002388,AGROLAB,Azərbaycan,AZƏRSHƏKƏR MMC,2A330-1,caspianagroweek,Caspian Agro Week,2026,452,,https://caspianagroweek.az/az/exhibitors-list/year/2026
expo-raw-002389,AZƏRŞƏKƏR MMC,Azərbaycan,AZƏRSHƏKƏR MMC,2A330,caspianagroweek,Caspian Agro Week,2026,452,6854,https://caspianagroweek.az/az/exhibitors-list/year/2026
expo-raw-002390,CORN PROCESSING COMPANY,Azərbaycan,AZƏRSHƏKƏR MMC,2A330-3,caspianagroweek,Caspian Agro Week,2026,452,,https://caspianagroweek.az/az/exhibitors-list/year/2026
expo-raw-002391,PROMALT,Azərbaycan,AZƏRSHƏKƏR MMC,2A330-2,caspianagroweek,Caspian Agro Week,2026,452,,https://caspianagroweek.az/az/exhibitors-list/year/2026
expo-raw-002392,TEXTILE HORIZON,Azərbaycan,AZƏRSHƏKƏR MMC,2A330-4,caspianagroweek,Caspian Agro Week,2026,452,,https://caspianagroweek.az/az/exhibitors-list/year/2026
expo-raw-002393,AZBELSHİN MMC,Azərbaycan,AZƏRTEXNIKA MMC,5A050-1,caspianagroweek,Caspian Agro Week,2026,452,347244,https://caspianagroweek.az/az/exhibitors-list/year/2026
expo-raw-002394,AZƏRTEXNİKA MMC,Azərbaycan,AZƏRTEXNIKA MMC,5A050,caspianagroweek,Caspian Agro Week,2026,452,5274,https://caspianagroweek.az/az/exhibitors-list/year/2026
expo-raw-002395,AZƏRBAYCAN QİDA VƏ İÇKİ SƏNAYEÇİLƏRİ ASSOSİASİYASI,Azərbaycan,DƏSTƏK,-,caspianagroweek,Caspian Agro Week,2026,452,,https://caspianagroweek.az/az/exhibitors-list/year/2026
expo-raw-002396,AZƏRBAYCAN RESPUBLIKASININ KƏND TƏSƏRRÜFATI NAZIRLIYI,Azərbaycan,DƏSTƏK,2A100,caspianagroweek,Caspian Agro Week,2026,452,352394,https://caspianagroweek.az/az/exhibitors-list/year/2026
expo-raw-002397,AZƏRBAYCAN RESPUBLİKASI SAHİBKARLAR (İŞƏGÖTÜRƏNLƏR) TƏŞKİLATLARI MİLLİ KONFEDERASİYASI,Azərbaycan,DƏSTƏK,-,caspianagroweek,Caspian Agro Week,2026,452,4292,https://caspianagroweek.az/az/exhibitors-list/year/2026
expo-raw-002398,AZƏRBAYCAN RESPUBLİKASININ KİÇİK VƏ ORTA BİZNESİN İNKİŞAFI AGENTLİYİ,Azərbaycan,DƏSTƏK,-,caspianagroweek,Caspian Agro Week,2026,452,4316,https://caspianagroweek.az/az/exhibitors-list/year/2026
expo-raw-002399,AZƏRBAYCAN RESPUBLİKASININ QİDA TƏHLÜKƏSİZLİĞİ AGENTLİYİ,Azərbaycan,DƏSTƏK,-,caspianagroweek,Caspian Agro Week,2026,452,352502,https://caspianagroweek.az/az/exhibitors-list/year/2026
expo-raw-002400,AZƏRBAYCAN SƏRGİ TƏŞKİLATÇILARI ASSOSİASİYASI,Azərbaycan,DƏSTƏK,-,caspianagroweek,Caspian Agro Week,2026,452,301259,https://caspianagroweek.az/az/exhibitors-list/year/2026
expo-raw-002401,BAKU MEDICAL PLAZA,Azərbaycan,DƏSTƏK,-,caspianagroweek,Caspian Agro Week,2026,452,353857,https://caspianagroweek.az/az/exhibitors-list/year/2026
expo-raw-002402,GROVV GROUP AZERBAIJAN MMC,Azərbaycan,GROVV GROUP AZERBAIJAN MMC,1A110,caspianagroweek,Caspian Agro Week,2026,452,4660,https://caspianagroweek.az/az/exhibitors-list/year/2026
expo-raw-002403,4S,Azərbaycan,LINDSAY,2A424-1,caspianagroweek,Caspian Agro Week,2026,452,,https://caspianagroweek.az/az/exhibitors-list/year/2026
expo-raw-002404,1 NEWS İNFORMASİYA AGENTLİYİ MMC,Azərbaycan,MEDİA,-,caspianagroweek,Caspian Agro Week,2026,452,4265,https://caspianagroweek.az/az/exhibitors-list/year/2026
expo-raw-002405,ANEWZ,Azərbaycan,MEDİA,-,caspianagroweek,Caspian Agro Week,2026,452,,https://caspianagroweek.az/az/exhibitors-list/year/2026
expo-raw-002406,AGRO TV AZƏRBAYCAN,Azərbaycan,MEDİA,-,caspianagroweek,Caspian Agro Week,2026,452,273776,https://caspianagroweek.az/az/exhibitors-list/year/2026
expo-raw-002407,AZEXPORT,Azərbaycan,MEDİA,M122,caspianagroweek,Caspian Agro Week,2026,452,4382,https://caspianagroweek.az/az/exhibitors-list/year/2026
expo-raw-002408,AZƏRTAC,Azərbaycan,MEDİA,-,caspianagroweek,Caspian Agro Week,2026,452,4259,https://caspianagroweek.az/az/exhibitors-list/year/2026
expo-raw-002409,BAGCAM.AZ,Azərbaycan,MEDİA,-,caspianagroweek,Caspian Agro Week,2026,452,,https://caspianagroweek.az/az/exhibitors-list/year/2026
expo-raw-002410,BAKU.NEWS,Azərbaycan,MEDİA,-,caspianagroweek,Caspian Agro Week,2026,452,313534,https://caspianagroweek.az/az/exhibitors-list/year/2026
expo-raw-002411,BHB STRATEGIC MEDIA AGENCY,Azərbaycan,MEDİA,-,caspianagroweek,Caspian Agro Week,2026,452,,https://caspianagroweek.az/az/exhibitors-list/year/2026
expo-raw-002412,BOOKS BY BAHRAM,Azərbaycan,MEDİA,M108,caspianagroweek,Caspian Agro Week,2026,452,,https://caspianagroweek.az/az/exhibitors-list/year/2026
expo-raw-002413,BUSİNESS TİME AZERBAIJAN JURNALI,Azərbaycan,MEDİA,M106,caspianagroweek,Caspian Agro Week,2026,452,273808,https://caspianagroweek.az/az/exhibitors-list/year/2026
expo-raw-002414,BUSİNESS TİME,Azərbaycan,MEDİA,-,caspianagroweek,Caspian Agro Week,2026,452,,https://caspianagroweek.az/az/exhibitors-list/year/2026
expo-raw-002415,BİZNES TV,Azərbaycan,MEDİA,M132,caspianagroweek,Caspian Agro Week,2026,452,347163,https://caspianagroweek.az/az/exhibitors-list/year/2026
expo-raw-002416,CASPIAN ENERGY CLUB,Azərbaycan,MEDİA,M102,caspianagroweek,Caspian Agro Week,2026,452,4932,https://caspianagroweek.az/az/exhibitors-list/year/2026
expo-raw-002417,CHINA AGRO,Azərbaycan,MEDİA,-,caspianagroweek,Caspian Agro Week,2026,452,,https://caspianagroweek.az/az/exhibitors-list/year/2026
expo-raw-002418,FAKTOR.AZ,Azərbaycan,MEDİA,-,caspianagroweek,Caspian Agro Week,2026,452,353427,https://caspianagroweek.az/az/exhibitors-list/year/2026
expo-raw-002419,FİNEKO AİA,Azərbaycan,MEDİA,-,caspianagroweek,Caspian Agro Week,2026,452,4266,https://caspianagroweek.az/az/exhibitors-list/year/2026
expo-raw-002420,GEORGIA TODAY,Azərbaycan,MEDİA,-,caspianagroweek,Caspian Agro Week,2026,452,,https://caspianagroweek.az/az/exhibitors-list/year/2026
expo-raw-002421,ISR PLAZA,Azərbaycan,MEDİA,-,caspianagroweek,Caspian Agro Week,2026,452,,https://caspianagroweek.az/az/exhibitors-list/year/2026
expo-raw-002422,ONWAY.AZ,Azərbaycan,MEDİA,M104,caspianagroweek,Caspian Agro Week,2026,452,353004,https://caspianagroweek.az/az/exhibitors-list/year/2026
expo-raw-002423,PARK BULVAR,Azərbaycan,MEDİA,-,caspianagroweek,Caspian Agro Week,2026,452,,https://caspianagroweek.az/az/exhibitors-list/year/2026
expo-raw-002424,PORT RIVOLI HOTEL,Azərbaycan,MEDİA,-,caspianagroweek,Caspian Agro Week,2026,452,,https://caspianagroweek.az/az/exhibitors-list/year/2026
expo-raw-002425,POSTNEWS.AZ,Azərbaycan,MEDİA,-,caspianagroweek,Caspian Agro Week,2026,452,,https://caspianagroweek.az/az/exhibitors-list/year/2026
expo-raw-002426,REDAKSİYA,Azərbaycan,MEDİA,-,caspianagroweek,Caspian Agro Week,2026,452,353619,https://caspianagroweek.az/az/exhibitors-list/year/2026
expo-raw-002427,TECNA MAGAZINES,Azərbaycan,MEDİA,-,caspianagroweek,Caspian Agro Week,2026,452,,https://caspianagroweek.az/az/exhibitors-list/year/2026
expo-raw-002428,TEZZ POWER,Azərbaycan,MEDİA,-,caspianagroweek,Caspian Agro Week,2026,452,,https://caspianagroweek.az/az/exhibitors-list/year/2026
expo-raw-002429,VİSİON TV AZƏRBAYCAN,Azərbaycan,MEDİA,-,caspianagroweek,Caspian Agro Week,2026,452,313538,https://caspianagroweek.az/az/exhibitors-list/year/2026
expo-raw-002430,МОЛОЧНОЕ И МЯСНОЕ СКОТОВОДСТВО,Azərbaycan,MEDİA,-,caspianagroweek,Caspian Agro Week,2026,452,,https://caspianagroweek.az/az/exhibitors-list/year/2026
expo-raw-002431,SILO CONSTRUCTION MMC,Azərbaycan,MYSILO TAHIL DEPOLAMA SISTEMLERI SAN VE TIC A.S.,2A312-1,caspianagroweek,Caspian Agro Week,2026,452,6017,https://caspianagroweek.az/az/exhibitors-list/year/2026
expo-raw-002432,BILBORD.AL,Azərbaycan,SPONSOR,-,caspianagroweek,Caspian Agro Week,2026,452,345787,https://caspianagroweek.az/az/exhibitors-list/year/2026
expo-raw-002433,HOLMER,Azərbaycan,SPONSOR,1A012,caspianagroweek,Caspian Agro Week,2026,452,,https://caspianagroweek.az/az/exhibitors-list/year/2026
expo-raw-002434,IMOTORS MMC,Azərbaycan,SPONSOR,-,caspianagroweek,Caspian Agro Week,2026,452,315102,https://caspianagroweek.az/az/exhibitors-list/year/2026
expo-raw-002435,PAŞA BANK,Azərbaycan,SPONSOR,-,caspianagroweek,Caspian Agro Week,2026,452,4714,https://caspianagroweek.az/az/exhibitors-list/year/2026
expo-raw-002436,FLAWLESS SOLUTIONS MMC,Azərbaycan,T-L IRRIGATION CO.,2A232,caspianagroweek,Caspian Agro Week,2026,452,352538,https://caspianagroweek.az/az/exhibitors-list/year/2026
expo-raw-002437,IRRIGATION.AZ MMC,Azərbaycan,T-L IRRIGATION CO.,2A232-2,caspianagroweek,Caspian Agro Week,2026,452,,https://caspianagroweek.az/az/exhibitors-list/year/2026
expo-raw-002438,BUKETERIA,Azərbaycan,TƏRƏFDAŞ,-,caspianagroweek,Caspian Agro Week,2026,452,345290,https://caspianagroweek.az/az/exhibitors-list/year/2026
expo-raw-002439,GREENWICH TRAVEL CLUB,Azərbaycan,TƏRƏFDAŞ,-,caspianagroweek,Caspian Agro Week,2026,452,4816,https://caspianagroweek.az/az/exhibitors-list/year/2026
expo-raw-002440,HILTON GARDEN INN BAKU,Azərbaycan,TƏRƏFDAŞ,-,caspianagroweek,Caspian Agro Week,2026,452,336561,https://caspianagroweek.az/az/exhibitors-list/year/2026
expo-raw-002441,IBIS BAKU CITY,Azərbaycan,TƏRƏFDAŞ,-,caspianagroweek,Caspian Agro Week,2026,452,301276,https://caspianagroweek.az/az/exhibitors-list/year/2026
expo-raw-002442,RADİSSON HOTEL BAKU,Azərbaycan,TƏRƏFDAŞ,-,caspianagroweek,Caspian Agro Week,2026,452,313569,https://caspianagroweek.az/az/exhibitors-list/year/2026
expo-raw-002443,DADIM,Azərbaycan,TƏRƏFDAŞ,-,caspianagroweek,Caspian Agro Week,2026,452,,https://caspianagroweek.az/az/exhibitors-list/year/2026
expo-raw-002444,"""AGROSYSTEMS"" MMC",Azərbaycan,TƏRƏFDAŞ,2A009,caspianagroweek,Caspian Agro Week,2026,452,354526,https://caspianagroweek.az/az/exhibitors-list/year/2026
expo-raw-002445,ABSHERON HOTEL GROUP,Azərbaycan,TƏRƏFDAŞ,-,caspianagroweek,Caspian Agro Week,2026,452,,https://caspianagroweek.az/az/exhibitors-list/year/2026
expo-raw-002446,ADA UNİVERSİTETİ,Azərbaycan,TƏRƏFDAŞ,2A037,caspianagroweek,Caspian Agro Week,2026,452,310657,https://caspianagroweek.az/az/exhibitors-list/year/2026
expo-raw-002447,AGRIMAN GROUP,Azərbaycan,TƏRƏFDAŞ,2A464,caspianagroweek,Caspian Agro Week,2026,452,354701,https://caspianagroweek.az/az/exhibitors-list/year/2026
expo-raw-002448,AGROPROTECH MMC,Azərbaycan,TƏRƏFDAŞ,5A100,caspianagroweek,Caspian Agro Week,2026,452,353593,https://caspianagroweek.az/az/exhibitors-list/year/2026
expo-raw-002449,AMOFRESH,Azərbaycan,TƏRƏFDAŞ,1A240,caspianagroweek,Caspian Agro Week,2026,452,4676,https://caspianagroweek.az/az/exhibitors-list/year/2026
expo-raw-002450,APA GROUP,Azərbaycan,TƏRƏFDAŞ,-,caspianagroweek,Caspian Agro Week,2026,452,4257,https://caspianagroweek.az/az/exhibitors-list/year/2026
expo-raw-002451,AQRAR SIĞORTA FONDU,Azərbaycan,TƏRƏFDAŞ,3A100-1,caspianagroweek,Caspian Agro Week,2026,452,,https://caspianagroweek.az/az/exhibitors-list/year/2026
expo-raw-002452,AQRAR TƏDARÜK VƏ TƏCHIZAT ASC,Azərbaycan,TƏRƏFDAŞ,2A020,caspianagroweek,Caspian Agro Week,2026,452,352378,https://caspianagroweek.az/az/exhibitors-list/year/2026
expo-raw-002453,AQRAR İNNOVASIYA MƏRKƏZI,Azərbaycan,TƏRƏFDAŞ,3A100-2,caspianagroweek,Caspian Agro Week,2026,452,,https://caspianagroweek.az/az/exhibitors-list/year/2026
expo-raw-002454,AQROKİMYA,Azərbaycan,TƏRƏFDAŞ,1A222,caspianagroweek,Caspian Agro Week,2026,452,4663,https://caspianagroweek.az/az/exhibitors-list/year/2026
expo-raw-002455,AQROSERVİS AÇIQ SƏHMDAR CƏMİYYƏTİ,Azərbaycan,TƏRƏFDAŞ,5A080,caspianagroweek,Caspian Agro Week,2026,452,352483,https://caspianagroweek.az/az/exhibitors-list/year/2026
expo-raw-002456,ARAZNET LLC,Azərbaycan,TƏRƏFDAŞ,4A414,caspianagroweek,Caspian Agro Week,2026,452,353626,https://caspianagroweek.az/az/exhibitors-list/year/2026
expo-raw-002457,ARKIVAN TRANS MMC,Azərbaycan,TƏRƏFDAŞ,1A025,caspianagroweek,Caspian Agro Week,2026,452,352584,https://caspianagroweek.az/az/exhibitors-list/year/2026
expo-raw-002458,AS AGROTEX MMC,Azərbaycan,TƏRƏFDAŞ,1A256,caspianagroweek,Caspian Agro Week,2026,452,345059,https://caspianagroweek.az/az/exhibitors-list/year/2026
expo-raw-002459,AURA İNŞAAT,Azərbaycan,TƏRƏFDAŞ,1A254,caspianagroweek,Caspian Agro Week,2026,452,310188,https://caspianagroweek.az/az/exhibitors-list/year/2026
expo-raw-002460,AUTO AZERBAYCAN MMC,Azərbaycan,TƏRƏFDAŞ,1A344,caspianagroweek,Caspian Agro Week,2026,452,352198,https://caspianagroweek.az/az/exhibitors-list/year/2026
expo-raw-002461,AZ FİSH AND FROG MMC,Azərbaycan,TƏRƏFDAŞ,-,caspianagroweek,Caspian Agro Week,2026,452,,https://caspianagroweek.az/az/exhibitors-list/year/2026
expo-raw-002462,AZ THERMO GROUP MMC,Azərbaycan,TƏRƏFDAŞ,1A132,caspianagroweek,Caspian Agro Week,2026,452,347782,https://caspianagroweek.az/az/exhibitors-list/year/2026
expo-raw-002463,AZ TV,Azərbaycan,TƏRƏFDAŞ,-,caspianagroweek,Caspian Agro Week,2026,452,325185,https://caspianagroweek.az/az/exhibitors-list/year/2026
expo-raw-002464,AZBRAND MMC,Azərbaycan,TƏRƏFDAŞ,2A326,caspianagroweek,Caspian Agro Week,2026,452,353625,https://caspianagroweek.az/az/exhibitors-list/year/2026
expo-raw-002465,AZERCANSA MMC,Azərbaycan,TƏRƏFDAŞ,5A060,caspianagroweek,Caspian Agro Week,2026,452,273189,https://caspianagroweek.az/az/exhibitors-list/year/2026
expo-raw-002466,AZERTEXNOLAYN MMC,Azərbaycan,TƏRƏFDAŞ,2A072,caspianagroweek,Caspian Agro Week,2026,452,4580,https://caspianagroweek.az/az/exhibitors-list/year/2026
expo-raw-002467,AZFILTER GROUP MMC,Azərbaycan,TƏRƏFDAŞ,1A062,caspianagroweek,Caspian Agro Week,2026,452,352695,https://caspianagroweek.az/az/exhibitors-list/year/2026
expo-raw-002468,AZTIM MMC,Azərbaycan,TƏRƏFDAŞ,-,caspianagroweek,Caspian Agro Week,2026,452,,https://caspianagroweek.az/az/exhibitors-list/year/2026
expo-raw-002469,AZTƏSƏRRÜFAT MƏHDUD MƏSULİYYƏTLİ CƏMİYYƏTİ,Azərbaycan,TƏRƏFDAŞ,2A322,caspianagroweek,Caspian Agro Week,2026,452,,https://caspianagroweek.az/az/exhibitors-list/year/2026
expo-raw-002470,AZƏRBAYCAN RESPUBLIKASININ ƏMƏK VƏ ƏHALININ SOSIAL MÜDAFIƏSI NAZIRLIYININ TABELIYINDƏ DÖVLƏT MƏŞĞULLUQ AGENTLIYI,Azərbaycan,TƏRƏFDAŞ,2A514,caspianagroweek,Caspian Agro Week,2026,452,353923,https://caspianagroweek.az/az/exhibitors-list/year/2026
expo-raw-002471,AZƏRBAYCAN RESPUBLİKASI KƏND TƏSƏRRÜFATI NAZİRLİYİ YANINDA AQRAR XİDMƏTLƏR AGENTLİYİ,Azərbaycan,TƏRƏFDAŞ,2A105,caspianagroweek,Caspian Agro Week,2026,452,6514,https://caspianagroweek.az/az/exhibitors-list/year/2026
expo-raw-002472,AZƏRBAYCAN RESPUBLİKASI KƏND TƏSƏRRÜFATI NAZİRLİYİ YANINDA AQRAR XİDMƏTLƏR AGENTLİYİ,Azərbaycan,TƏRƏFDAŞ,5A078,caspianagroweek,Caspian Agro Week,2026,452,352482,https://caspianagroweek.az/az/exhibitors-list/year/2026
expo-raw-002473,AZƏRBAYCAN RESPUBLİKASININ İXRACIN VƏ İNVESTİSİYALARIN TƏŞVİQİ AGENTLİYİ – AZPROMO,Azərbaycan,TƏRƏFDAŞ,4F204,caspianagroweek,Caspian Agro Week,2026,452,352199,https://caspianagroweek.az/az/exhibitors-list/year/2026
expo-raw-002474,AZƏRBAYCAN TOXUMÇULUQ TƏSƏRRÜFATI MMC,Azərbaycan,TƏRƏFDAŞ,2A234,caspianagroweek,Caspian Agro Week,2026,452,324598,https://caspianagroweek.az/az/exhibitors-list/year/2026
expo-raw-002475,AZƏRBAYCAN ŞƏKƏR İSTEHSALAT BIRLIYI MMC,Azərbaycan,TƏRƏFDAŞ,1A120,caspianagroweek,Caspian Agro Week,2026,452,350573,https://caspianagroweek.az/az/exhibitors-list/year/2026
expo-raw-002476,AZƏRBAYCANDA QADIN SAHİBKARLIĞININ  İNKİŞAFI ASSOSİASİYASI,Azərbaycan,TƏRƏFDAŞ,4A232,caspianagroweek,Caspian Agro Week,2026,452,352848,https://caspianagroweek.az/az/exhibitors-list/year/2026
expo-raw-002477,AZƏRBAYCANDA QADIN SAHİBKARLIĞININ İNKİŞAFI ASSOSİASİYASI,Azərbaycan,TƏRƏFDAŞ,2A520,caspianagroweek,Caspian Agro Week,2026,452,,https://caspianagroweek.az/az/exhibitors-list/year/2026
expo-raw-002478,AZƏRBAYCAN NAR İSTEHSALÇILARI VƏ İXRACATÇILARI ASSOSIASIYASI,Azərbaycan,TƏRƏFDAŞ,2A518,caspianagroweek,Caspian Agro Week,2026,452,,https://caspianagroweek.az/az/exhibitors-list/year/2026
expo-raw-002479,B-AGRO MMC,Azərbaycan,TƏRƏFDAŞ,5A065,caspianagroweek,Caspian Agro Week,2026,452,352013,https://caspianagroweek.az/az/exhibitors-list/year/2026
expo-raw-002480,BAKI TEKSTIL FABRIKI,Azərbaycan,TƏRƏFDAŞ,-,caspianagroweek,Caspian Agro Week,2026,452,,https://caspianagroweek.az/az/exhibitors-list/year/2026
expo-raw-002481,BAKI YEM MMC,Azərbaycan,TƏRƏFDAŞ,1A140,caspianagroweek,Caspian Agro Week,2026,452,300773,https://caspianagroweek.az/az/exhibitors-list/year/2026
expo-raw-002482,BALXURMA LLC,Azərbaycan,TƏRƏFDAŞ,2A517,caspianagroweek,Caspian Agro Week,2026,452,,https://caspianagroweek.az/az/exhibitors-list/year/2026
expo-raw-002483,BOHNENKAMP MMC,Azərbaycan,TƏRƏFDAŞ,2A230,caspianagroweek,Caspian Agro Week,2026,452,333886,https://caspianagroweek.az/az/exhibitors-list/year/2026
expo-raw-002484,COSTA COFFEE,Azərbaycan,TƏRƏFDAŞ,M118,caspianagroweek,Caspian Agro Week,2026,452,,https://caspianagroweek.az/az/exhibitors-list/year/2026
expo-raw-002485,CƏLILABAD DÖVLƏT PEŞƏ TƏHSIL MƏRKƏZI PHŞ,Azərbaycan,TƏRƏFDAŞ,2A510,caspianagroweek,Caspian Agro Week,2026,452,,https://caspianagroweek.az/az/exhibitors-list/year/2026
expo-raw-002486,DR. CAM,Azərbaycan,TƏRƏFDAŞ,2A011,caspianagroweek,Caspian Agro Week,2026,452,,https://caspianagroweek.az/az/exhibitors-list/year/2026
expo-raw-002487,EMA QSC,Azərbaycan,TƏRƏFDAŞ,2A220,caspianagroweek,Caspian Agro Week,2026,452,5425,https://caspianagroweek.az/az/exhibitors-list/year/2026
expo-raw-002488,FRATELLI MMC,Azərbaycan,TƏRƏFDAŞ,1A020,caspianagroweek,Caspian Agro Week,2026,452,351998,https://caspianagroweek.az/az/exhibitors-list/year/2026
expo-raw-002489,GILAN PIVOT MMC - VALLEY,Azərbaycan,TƏRƏFDAŞ,2A210,caspianagroweek,Caspian Agro Week,2026,452,6224,https://caspianagroweek.az/az/exhibitors-list/year/2026
expo-raw-002490,GORAN AQRO MMC,Azərbaycan,TƏRƏFDAŞ,5A030,caspianagroweek,Caspian Agro Week,2026,452,6020,https://caspianagroweek.az/az/exhibitors-list/year/2026
expo-raw-002491,GRAND MOTORS,Azərbaycan,TƏRƏFDAŞ,1A220-1,caspianagroweek,Caspian Agro Week,2026,452,,https://caspianagroweek.az/az/exhibitors-list/year/2026
expo-raw-002492,GUBRE.AZ,Azərbaycan,TƏRƏFDAŞ,2A340,caspianagroweek,Caspian Agro Week,2026,452,6351,https://caspianagroweek.az/az/exhibitors-list/year/2026
expo-raw-002493,GƏNCƏ AVTOMOBİL ZAVODU İB,Azərbaycan,TƏRƏFDAŞ,5A085,caspianagroweek,Caspian Agro Week,2026,452,4990,https://caspianagroweek.az/az/exhibitors-list/year/2026
expo-raw-002494,HUMIX MMC,Azərbaycan,TƏRƏFDAŞ,2A130,caspianagroweek,Caspian Agro Week,2026,452,7309,https://caspianagroweek.az/az/exhibitors-list/year/2026
expo-raw-002495,M.P.K MMC,Azərbaycan,TƏRƏFDAŞ,1A242,caspianagroweek,Caspian Agro Week,2026,452,334306,https://caspianagroweek.az/az/exhibitors-list/year/2026
expo-raw-002496,MAN-AGRO MMC,Azərbaycan,TƏRƏFDAŞ,1A250,caspianagroweek,Caspian Agro Week,2026,452,6716,https://caspianagroweek.az/az/exhibitors-list/year/2026
expo-raw-002497,MASALLI REGIONU,Azərbaycan,TƏRƏFDAŞ,2A516,caspianagroweek,Caspian Agro Week,2026,452,353622,https://caspianagroweek.az/az/exhibitors-list/year/2026
expo-raw-002498,MASCHIO GASPARDO,Azərbaycan,TƏRƏFDAŞ,1A310,caspianagroweek,Caspian Agro Week,2026,452,,https://caspianagroweek.az/az/exhibitors-list/year/2026
expo-raw-002499,METAK,Azərbaycan,TƏRƏFDAŞ,1A150,caspianagroweek,Caspian Agro Week,2026,452,4674,https://caspianagroweek.az/az/exhibitors-list/year/2026
expo-raw-002500,MG PLUS MMC,Azərbaycan,TƏRƏFDAŞ,M110,caspianagroweek,Caspian Agro Week,2026,452,335318,https://caspianagroweek.az/az/exhibitors-list/year/2026
expo-raw-002501,MİLLA,Azərbaycan,TƏRƏFDAŞ,5A040-1,caspianagroweek,Caspian Agro Week,2026,452,,https://caspianagroweek.az/az/exhibitors-list/year/2026
expo-raw-002502,NAXÇIVAN MUXTAR RESPUBLİKASI KƏND TƏSƏRRÜFATI NAZİRLİYİ,Azərbaycan,TƏRƏFDAŞ,2A512,caspianagroweek,Caspian Agro Week,2026,452,313540,https://caspianagroweek.az/az/exhibitors-list/year/2026
expo-raw-002503,NEW HOLLAND,Azərbaycan,TƏRƏFDAŞ,1A320,caspianagroweek,Caspian Agro Week,2026,452,,https://caspianagroweek.az/az/exhibitors-list/year/2026
expo-raw-002504,PRİOR LEASİNG ASC,Azərbaycan,TƏRƏFDAŞ,1A220,caspianagroweek,Caspian Agro Week,2026,452,4915,https://caspianagroweek.az/az/exhibitors-list/year/2026
expo-raw-002505,RADİO ENERJİ 101.1 FM,Azərbaycan,TƏRƏFDAŞ,-,caspianagroweek,Caspian Agro Week,2026,452,,https://caspianagroweek.az/az/exhibitors-list/year/2026
expo-raw-002506,RAN FRUIT MMC,Azərbaycan,TƏRƏFDAŞ,1A350,caspianagroweek,Caspian Agro Week,2026,452,7352,https://caspianagroweek.az/az/exhibitors-list/year/2026
expo-raw-002507,RED VALLEY MMC,Azərbaycan,TƏRƏFDAŞ,1A004,caspianagroweek,Caspian Agro Week,2026,452,7351,https://caspianagroweek.az/az/exhibitors-list/year/2026
expo-raw-002508,TAŞOBASI MMC,Azərbaycan,TƏRƏFDAŞ,2A035,caspianagroweek,Caspian Agro Week,2026,452,352696,https://caspianagroweek.az/az/exhibitors-list/year/2026
expo-raw-002509,İCECOLD MMC,Azərbaycan,TƏRƏFDAŞ,1A252,caspianagroweek,Caspian Agro Week,2026,452,351997,https://caspianagroweek.az/az/exhibitors-list/year/2026
expo-raw-002510,İMAQRO MMC,Azərbaycan,TƏRƏFDAŞ,5A020,caspianagroweek,Caspian Agro Week,2026,452,352204,https://caspianagroweek.az/az/exhibitors-list/year/2026
expo-raw-002511,İVANOVKA AQROPARK,Azərbaycan,TƏRƏFDAŞ,2A522,caspianagroweek,Caspian Agro Week,2026,452,,https://caspianagroweek.az/az/exhibitors-list/year/2026
expo-raw-002512,ŞELKOVO AQROXİM MMC,Azərbaycan,TƏRƏFDAŞ,2A008,caspianagroweek,Caspian Agro Week,2026,452,5186,https://caspianagroweek.az/az/exhibitors-list/year/2026
expo-raw-002513,AGRO DAIRY,Azərbaycan,,-,caspianagroweek,Caspian Agro Week,2027,482,,https://caspianagroweek.az/az/exhibitors-list/year/2027
expo-raw-002514,AGRO DAIRY LLC,Azərbaycan,,-,caspianagroweek,Caspian Agro Week,2027,482,,https://caspianagroweek.az/az/exhibitors-list/year/2027
expo-raw-002515,AGRO FOOD INVESTMENTS LLC,Azərbaycan,,-,caspianagroweek,Caspian Agro Week,2027,482,,https://caspianagroweek.az/az/exhibitors-list/year/2027
expo-raw-002516,AMOGROUP MMC,Azərbaycan,,-,caspianagroweek,Caspian Agro Week,2027,482,,https://caspianagroweek.az/az/exhibitors-list/year/2027
expo-raw-002517,AQRAR İNNOVASIYA VƏ TƏCHIZAT ŞIRKƏTI QSC,Azərbaycan,,-,caspianagroweek,Caspian Agro Week,2027,482,,https://caspianagroweek.az/az/exhibitors-list/year/2027
expo-raw-002518,AQROKIMYA LLC,Azərbaycan,,-,caspianagroweek,Caspian Agro Week,2027,482,,https://caspianagroweek.az/az/exhibitors-list/year/2027
expo-raw-002519,AS AGROTEX MMC,Azərbaycan,,-,caspianagroweek,Caspian Agro Week,2027,482,,https://caspianagroweek.az/az/exhibitors-list/year/2027
expo-raw-002520,AURA İNŞAAT,Azərbaycan,,-,caspianagroweek,Caspian Agro Week,2027,482,,https://caspianagroweek.az/az/exhibitors-list/year/2027
expo-raw-002521,AZER N AGRO,Azərbaycan,,-,caspianagroweek,Caspian Agro Week,2027,482,,https://caspianagroweek.az/az/exhibitors-list/year/2027
expo-raw-002522,AZER N AGRO,Azərbaycan,,-,caspianagroweek,Caspian Agro Week,2027,482,,https://caspianagroweek.az/az/exhibitors-list/year/2027
expo-raw-002523,AZERA HOLDING,Azərbaycan,,-,caspianagroweek,Caspian Agro Week,2027,482,,https://caspianagroweek.az/az/exhibitors-list/year/2027
expo-raw-002524,AZERTEXNOLAYN LLC,Azərbaycan,,-,caspianagroweek,Caspian Agro Week,2027,482,,https://caspianagroweek.az/az/exhibitors-list/year/2027
expo-raw-002525,BAKI YEM LLC,Azərbaycan,,-,caspianagroweek,Caspian Agro Week,2027,482,,https://caspianagroweek.az/az/exhibitors-list/year/2027
expo-raw-002526,GILAN PIVOT MMC,Azərbaycan,,-,caspianagroweek,Caspian Agro Week,2027,482,,https://caspianagroweek.az/az/exhibitors-list/year/2027
expo-raw-002527,GROW GROUP AZERBAIJAN LLC,Azərbaycan,,-,caspianagroweek,Caspian Agro Week,2027,482,,https://caspianagroweek.az/az/exhibitors-list/year/2027
expo-raw-002528,MAN AGRO,Azərbaycan,,-,caspianagroweek,Caspian Agro Week,2027,482,,https://caspianagroweek.az/az/exhibitors-list/year/2027
expo-raw-002529,METAK LLC,Azərbaycan,,-,caspianagroweek,Caspian Agro Week,2027,482,,https://caspianagroweek.az/az/exhibitors-list/year/2027
expo-raw-002530,PRIOR LEASING ASC,Azərbaycan,,-,caspianagroweek,Caspian Agro Week,2027,482,,https://caspianagroweek.az/az/exhibitors-list/year/2027
expo-raw-002531,PRIOR LEASING ASC,Azərbaycan,,-,caspianagroweek,Caspian Agro Week,2027,482,,https://caspianagroweek.az/az/exhibitors-list/year/2027
expo-raw-002532,PRIOR LEASING ASC,Azərbaycan,,-,caspianagroweek,Caspian Agro Week,2027,482,,https://caspianagroweek.az/az/exhibitors-list/year/2027
expo-raw-002533,PRIOR LEASING ASC,Azərbaycan,,-,caspianagroweek,Caspian Agro Week,2027,482,,https://caspianagroweek.az/az/exhibitors-list/year/2027
expo-raw-002534,PRIOR LEASING ASC,Azərbaycan,,-,caspianagroweek,Caspian Agro Week,2027,482,,https://caspianagroweek.az/az/exhibitors-list/year/2027
expo-raw-002535,RED VALLEY,Azərbaycan,,-,caspianagroweek,Caspian Agro Week,2027,482,,https://caspianagroweek.az/az/exhibitors-list/year/2027
expo-raw-002536,TEST DATABASE,Azərbaycan,,-,caspianagroweek,Caspian Agro Week,2027,482,324655,https://caspianagroweek.az/az/exhibitors-list/year/2027
expo-raw-002537,VITA TERRA,Azərbaycan,,-,caspianagroweek,Caspian Agro Week,2027,482,,https://caspianagroweek.az/az/exhibitors-list/year/2027
expo-raw-002538,ŞELKOVO AQROXIM AZƏRƏBAYCAN MMC,Azərbaycan,,-,caspianagroweek,Caspian Agro Week,2027,482,,https://caspianagroweek.az/az/exhibitors-list/year/2027
expo-raw-002539,FİRST NYUS MEDİA MMC,Azərbaycan,MEDİA,-,plastex,Plastex Caspian,2025,444,4265,https://plastex.az/az/exhibitors-list/year/2025
expo-raw-002540,ASAN RADİO 100 FM,Azərbaycan,MEDİA,-,plastex,Plastex Caspian,2025,444,4258,https://plastex.az/az/exhibitors-list/year/2025
expo-raw-002541,"AZƏRBAYCAN TELEVİZİYA VƏ RADİO VERİLİŞLƏRİ"" QAPALI SƏHMDAR CƏMİYYƏTİ",Azərbaycan,MEDİA,-,plastex,Plastex Caspian,2025,444,,https://plastex.az/az/exhibitors-list/year/2025
expo-raw-002542,AZƏRTAC,Azərbaycan,MEDİA,-,plastex,Plastex Caspian,2025,444,4259,https://plastex.az/az/exhibitors-list/year/2025
expo-raw-002543,BAKU.NEWS,Azərbaycan,MEDİA,-,plastex,Plastex Caspian,2025,444,313534,https://plastex.az/az/exhibitors-list/year/2025
expo-raw-002544,FİNEKO AİA,Azərbaycan,MEDİA,-,plastex,Plastex Caspian,2025,444,4266,https://plastex.az/az/exhibitors-list/year/2025
expo-raw-002545,APA GROUP,Azərbaycan,MEDİA,-,plastex,Plastex Caspian,2025,444,4257,https://plastex.az/az/exhibitors-list/year/2025
expo-raw-002546,AZƏR KALSİ KOMPANİ MMC,Azərbaycan,MEDİA,2P224,plastex,Plastex Caspian,2025,444,336587,https://plastex.az/az/exhibitors-list/year/2025
expo-raw-002547,BILBORD.AL,Azərbaycan,MEDİA,-,plastex,Plastex Caspian,2025,444,345787,https://plastex.az/az/exhibitors-list/year/2025
expo-raw-002548,PAŞA BANK,Azərbaycan,MEDİA,-,plastex,Plastex Caspian,2025,444,4714,https://plastex.az/az/exhibitors-list/year/2025
expo-raw-002549,PLASTRON MMC,Azərbaycan,MEDİA,4P134,plastex,Plastex Caspian,2025,444,345475,https://plastex.az/az/exhibitors-list/year/2025
expo-raw-002550,PMD GROUP MMC,Azərbaycan,MEDİA,-,plastex,Plastex Caspian,2025,444,7421,https://plastex.az/az/exhibitors-list/year/2025
expo-raw-002551,RADİO ENERJİ 101.1 FM,Azərbaycan,MEDİA,-,plastex,Plastex Caspian,2025,444,,https://plastex.az/az/exhibitors-list/year/2025
expo-raw-002552,REFERANS MEDİCAL GROUP,Azərbaycan,MEDİA,-,plastex,Plastex Caspian,2025,444,7900,https://plastex.az/az/exhibitors-list/year/2025
expo-raw-002553,ABSHERON HOTEL GROUP,Azərbaycan,,-,plastex,Plastex Caspian,2026,458,,https://plastex.az/az/exhibitors-list/year/2026
expo-raw-002554,BILBORD.AL,Azərbaycan,,-,plastex,Plastex Caspian,2026,458,345787,https://plastex.az/az/exhibitors-list/year/2026
expo-raw-002555,PAŞA BANK,Azərbaycan,,-,plastex,Plastex Caspian,2026,458,,https://plastex.az/az/exhibitors-list/year/2026
