id,company_name,country,categories,stands,exhibitions,years,appearance_count,extra_json
expo-00001,"""AGROSYSTEMS"" MMC",Azərbaycan,TƏRƏFDAŞ,2A009,Caspian Agro Week,2026,1,"{""appearances"": [{""exhibition"": ""caspianagroweek"", ""exhibition_label"": ""Caspian Agro Week"", ""year"": ""2026"", ""category"": ""TƏRƏFDAŞ"", ""stand"": ""2A009"", ""company_id"": ""354526"", ""source_url"": ""https://caspianagroweek.az/az/exhibitors-list/year/2026""}]}"
expo-00002,"""ATILLA TRANS SERVICES A"" QSC",Azərbaycan,MEDİA,1C012 | 3C032,Caspian Oil & Gas,2023 | 2025,2,"{""appearances"": [{""exhibition"": ""caspianoilgas"", ""exhibition_label"": ""Caspian Oil & Gas"", ""year"": ""2023"", ""category"": ""MEDİA"", ""stand"": ""3C032"", ""company_id"": ""283336"", ""source_url"": ""https://caspianoilgas.az/az/exhibitors-list/year/2023""}, {""exhibition"": ""caspianoilgas"", ""exhibition_label"": ""Caspian Oil & Gas"", ""year"": ""2025"", ""category"": ""MEDİA"", ""stand"": ""1C012"", ""company_id"": ""283336"", ""source_url"": ""https://caspianoilgas.az/az/exhibitors-list/year/2025""}]}"
expo-00003,"""AVTO 999"" MMC",Azərbaycan,MEDİA,2T056,TransLogistica Caspian,2023,1,"{""appearances"": [{""exhibition"": ""translogistica"", ""exhibition_label"": ""TransLogistica Caspian"", ""year"": ""2023"", ""category"": ""MEDİA"", ""stand"": ""2T056"", ""company_id"": ""276457"", ""source_url"": ""https://translogistica.az/az/exhibitors-list/year/2023""}]}"
expo-00004,"""AZ-FİLTER"" MMC/TUC",Azərbaycan,MEDİA,2T048,TransLogistica Caspian,2023,1,"{""appearances"": [{""exhibition"": ""translogistica"", ""exhibition_label"": ""TransLogistica Caspian"", ""year"": ""2023"", ""category"": ""MEDİA"", ""stand"": ""2T048"", ""company_id"": ""274638"", ""source_url"": ""https://translogistica.az/az/exhibitors-list/year/2023""}]}"
expo-00005,"""AZERPRODUCT"" MMC (NARLI BRENDİ)",Azərbaycan,MEDİA,F1010-4,InterFood Azerbaijan,2022,1,"{""appearances"": [{""exhibition"": ""interfood"", ""exhibition_label"": ""InterFood Azerbaijan"", ""year"": ""2022"", ""category"": ""MEDİA"", ""stand"": ""F1010-4"", ""company_id"": """", ""source_url"": ""https://interfood.az/az/exhibitors-list/year/2022""}]}"
expo-00006,"""AZROSPROMINVEST"" MMC",Azərbaycan,MEDİA,2C036,Caspian Oil & Gas,2023,1,"{""appearances"": [{""exhibition"": ""caspianoilgas"", ""exhibition_label"": ""Caspian Oil & Gas"", ""year"": ""2023"", ""category"": ""MEDİA"", ""stand"": ""2C036"", ""company_id"": ""273311"", ""source_url"": ""https://caspianoilgas.az/az/exhibitors-list/year/2023""}]}"
expo-00007,"""AZƏRSILAH"" MÜDAFIƏ SƏNAYESI HOLDINQI - QAPALI SƏHMDAR CƏMIYYƏTI",Azərbaycan,MEDİA,1A120 | 3A130 | 6A500,Securex Caspian,2024,3,"{""appearances"": [{""exhibition"": ""securexcaspian"", ""exhibition_label"": ""Securex Caspian"", ""year"": ""2024"", ""category"": ""MEDİA"", ""stand"": ""1A120"", ""company_id"": """", ""source_url"": ""https://securexcaspian.az/az/exhibitors-list/year/2024""}, {""exhibition"": ""securexcaspian"", ""exhibition_label"": ""Securex Caspian"", ""year"": ""2024"", ""category"": ""MEDİA"", ""stand"": ""6A500"", ""company_id"": """", ""source_url"": ""https://securexcaspian.az/az/exhibitors-list/year/2024""}, {""exhibition"": ""securexcaspian"", ""exhibition_label"": ""Securex Caspian"", ""year"": ""2024"", ""category"": ""MEDİA"", ""stand"": ""3A130"", ""company_id"": """", ""source_url"": ""https://securexcaspian.az/az/exhibitors-list/year/2024""}]}"
expo-00008,"""BAKI GƏMİQAYIRMA ZAVOD"" MMC",Azərbaycan,MEDİA,1C026,Caspian Oil & Gas,2024,1,"{""appearances"": [{""exhibition"": ""caspianoilgas"", ""exhibition_label"": ""Caspian Oil & Gas"", ""year"": ""2024"", ""category"": ""MEDİA"", ""stand"": ""1C026"", ""company_id"": ""300753"", ""source_url"": ""https://caspianoilgas.az/az/exhibitors-list/year/2024""}]}"
expo-00009,"""BAKU STEEL COMPANY"" QSC",Azərbaycan,MEDİA,1308 | 1C312 | 1C314 | 1C322 | C1308,Caspian Oil & Gas,2019 | 2022 | 2023 | 2024 | 2025 | 2026,6,"{""appearances"": [{""exhibition"": ""caspianoilgas"", ""exhibition_label"": ""Caspian Oil & Gas"", ""year"": ""2019"", ""category"": ""MEDİA"", ""stand"": ""1308"", ""company_id"": ""4584"", ""source_url"": ""https://caspianoilgas.az/az/exhibitors-list/year/2019""}, {""exhibition"": ""caspianoilgas"", ""exhibition_label"": ""Caspian Oil & Gas"", ""year"": ""2022"", ""category"": ""MEDİA"", ""stand"": ""C1308"", ""company_id"": ""4584"", ""source_url"": ""https://caspianoilgas.az/az/exhibitors-list/year/2022""}, {""exhibition"": ""caspianoilgas"", ""exhibition_label"": ""Caspian Oil & Gas"", ""year"": ""2023"", ""category"": ""MEDİA"", ""stand"": ""1C314"", ""company_id"": ""4584"", ""source_url"": ""https://caspianoilgas.az/az/exhibitors-list/year/2023""}, {""exhibition"": ""caspianoilgas"", ""exhibition_label"": ""Caspian Oil & Gas"", ""year"": ""2024"", ""category"": ""MEDİA"", ""stand"": ""1C314"", ""company_id"": """", ""source_url"": ""https://caspianoilgas.az/az/exhibitors-list/year/2024""}, {""exhibition"": ""caspianoilgas"", ""exhibition_label"": ""Caspian Oil & Gas"", ""year"": ""2025"", ""category"": ""MEDİA"", ""stand"": ""1C322"", ""company_id"": ""324525"", ""source_url"": ""https://caspianoilgas.az/az/exhibitors-list/year/2025""}, {""exhibition"": ""caspianoilgas"", ""exhibition_label"": ""Caspian Oil & Gas"", ""year"": ""2026"", ""category"": ""MEDİA"", ""stand"": ""1C312"", ""company_id"": ""324525"", ""source_url"": ""https://caspianoilgas.az/az/exhibitors-list/year/2026""}]}"
expo-00010,"""BANUÇİÇƏK""",Azərbaycan,MEDİA,F1010-7,InterFood Azerbaijan,2022,1,"{""appearances"": [{""exhibition"": ""interfood"", ""exhibition_label"": ""InterFood Azerbaijan"", ""year"": ""2022"", ""category"": ""MEDİA"", ""stand"": ""F1010-7"", ""company_id"": """", ""source_url"": ""https://interfood.az/az/exhibitors-list/year/2022""}]}"
expo-00011,"""CHINA BIRLƏŞMIŞ İNŞAAT TEXNOLOGIYASI"" MƏHDUD MƏSULIYYƏTLI CƏMIYYƏTI",Azərbaycan,TƏRƏFDAŞLAR,,BakuBuild,2026,1,"{""appearances"": [{""exhibition"": ""bakubuild"", ""exhibition_label"": ""BakuBuild"", ""year"": ""2026"", ""category"": ""TƏRƏFDAŞLAR"", ""stand"": ""-"", ""company_id"": """", ""source_url"": ""https://bakubuild.az/az/exhibitors-list/year/2026""}]}"
expo-00012,"""FNK SERVICES AND CONSULTING"" LLC",Azərbaycan,MEDİA | YAROSLAVL VILAYƏTİNİN ŞİRKƏTLƏRİ | ÇELYABİNSK VİLAYƏTİ,,Aquatherm Baku | BakuBuild | Beauty Expo Baku | Caspian Agro Week | Caspian Oil & Gas | InterFood Azerbaijan | Securex Caspian | TransLogistica Caspian,2023 | 2024,10,"{""appearances"": [{""exhibition"": ""bakubuild"", ""exhibition_label"": ""BakuBuild"", ""year"": ""2023"", ""category"": ""ÇELYABİNSK VİLAYƏTİ"", ""stand"": ""-"", ""company_id"": ""302848"", ""source_url"": ""https://bakubuild.az/az/exhibitors-list/year/2023""}, {""exhibition"": ""aquatherm"", ""exhibition_label"": ""Aquatherm Baku"", ""year"": ""2023"", ""category"": ""MEDİA"", ""stand"": ""-"", ""company_id"": ""302848"", ""source_url"": ""https://aquatherm.az/az/exhibitors-list/year/2023""}, {""exhibition"": ""aquatherm"", ""exhibition_label"": ""Aquatherm Baku"", ""year"": ""2024"", ""category"": ""MEDİA"", ""stand"": ""-"", ""company_id"": """", ""source_url"": ""https://aquatherm.az/az/exhibitors-list/year/2024""}, {""exhibition"": ""beautyexpo"", ""exhibition_label"": ""Beauty Expo Baku"", ""year"": ""2023"", ""category"": ""YAROSLAVL VILAYƏTİNİN ŞİRKƏTLƏRİ"", ""stand"": ""-"", ""company_id"": ""302848"", ""source_url"": ""https://beautyexpo.az/az/exhibitors-list/year/2023""}, {""exhibition"": ""interfood"", ""exhibition_label"": ""InterFood Azerbaijan"", ""year"": ""2024"", ""category"": ""MEDİA"", ""stand"": ""-"", ""company_id"": """", ""source_url"": ""https://interfood.az/az/exhibitors-list/year/2024""}, {""exhibition"": ""caspianoilgas"", ""exhibition_label"": ""Caspian Oil & Gas"", ""year"": ""2024"", ""category"": ""MEDİA"", ""stand"": ""-"", ""company_id"": """", ""source_url"": ""https://caspianoilgas.az/az/exhibitors-list/year/2024""}, {""exhibition"": ""securexcaspian"", ""exhibition_label"": ""Securex Caspian"", ""year"": ""2024"", ""category"": ""MEDİA"", ""stand"": ""-"", ""company_id"": """", ""source_url"": ""https://securexcaspian.az/az/exhibitors-list/year/2024""}, {""exhibition"": ""securexcaspian"", ""exhibition_label"": ""Securex Caspian"", ""year"": ""2024"", ""category"": ""MEDİA"", ""stand"": ""-"", ""company_id"": """", ""source_url"": ""https://securexcaspian.az/az/exhibitors-list/year/2024""}, {""exhibition"": ""translogistica"", ""exhibition_label"": ""TransLogistica Caspian"", ""year"": ""2024"", ""category"": ""MEDİA"", ""stand"": ""-"", ""company_id"": """", ""source_url"": ""https://translogistica.az/az/exhibitors-list/year/2024""}, {""exhibition"": ""caspianagroweek"", ""exhibition_label"": ""Caspian Agro Week"", ""year"": ""2024"", ""category"": ""MEDİA"", ""stand"": ""-"", ""company_id"": """", ""source_url"": ""https://caspianagroweek.az/az/exhibitors-list/year/2024""}]}"
expo-00013,"""GEMZA GROUP"" MMC",Azərbaycan,MEDİA,1C314 | 2C110 | 2C120,Caspian Oil & Gas,2024 | 2025 | 2026,3,"{""appearances"": [{""exhibition"": ""caspianoilgas"", ""exhibition_label"": ""Caspian Oil & Gas"", ""year"": ""2024"", ""category"": ""MEDİA"", ""stand"": ""2C120"", ""company_id"": ""310031"", ""source_url"": ""https://caspianoilgas.az/az/exhibitors-list/year/2024""}, {""exhibition"": ""caspianoilgas"", ""exhibition_label"": ""Caspian Oil & Gas"", ""year"": ""2025"", ""category"": ""MEDİA"", ""stand"": ""1C314"", ""company_id"": ""310031"", ""source_url"": ""https://caspianoilgas.az/az/exhibitors-list/year/2025""}, {""exhibition"": ""caspianoilgas"", ""exhibition_label"": ""Caspian Oil & Gas"", ""year"": ""2026"", ""category"": ""MEDİA"", ""stand"": ""2C110"", ""company_id"": ""310031"", ""source_url"": ""https://caspianoilgas.az/az/exhibitors-list/year/2026""}]}"
expo-00014,"""HERBA-FLORA"" MMC",Azərbaycan,NAXÇIVAN MUXTAR RESPUBLİKASININ MİLLİ STENDİ | ŞİRVAN AQRO MMC,4F202-1 | 4F230-1,InterFood Azerbaijan,2025 | 2026,2,"{""appearances"": [{""exhibition"": ""interfood"", ""exhibition_label"": ""InterFood Azerbaijan"", ""year"": ""2025"", ""category"": ""NAXÇIVAN MUXTAR RESPUBLİKASININ MİLLİ STENDİ"", ""stand"": ""4F202-1"", ""company_id"": """", ""source_url"": ""https://interfood.az/az/exhibitors-list/year/2025""}, {""exhibition"": ""interfood"", ""exhibition_label"": ""InterFood Azerbaijan"", ""year"": ""2026"", ""category"": ""ŞİRVAN AQRO MMC"", ""stand"": ""4F230-1"", ""company_id"": ""353375"", ""source_url"": ""https://interfood.az/az/exhibitors-list/year/2026""}]}"
expo-00015,"""MAGNAT GROUP"" MMC (ORGANİCA.AZ)",Azərbaycan,MEDİA,F1010-5,InterFood Azerbaijan,2022,1,"{""appearances"": [{""exhibition"": ""interfood"", ""exhibition_label"": ""InterFood Azerbaijan"", ""year"": ""2022"", ""category"": ""MEDİA"", ""stand"": ""F1010-5"", ""company_id"": """", ""source_url"": ""https://interfood.az/az/exhibitors-list/year/2022""}]}"
expo-00016,"""OCAQ""",Azərbaycan,MURMANSK VİLAYETİ,1F042-4,InterFood Azerbaijan,2023,1,"{""appearances"": [{""exhibition"": ""interfood"", ""exhibition_label"": ""InterFood Azerbaijan"", ""year"": ""2023"", ""category"": ""MURMANSK VİLAYETİ"", ""stand"": ""1F042-4"", ""company_id"": """", ""source_url"": ""https://interfood.az/az/exhibitors-list/year/2023""}]}"
expo-00017,"""Q-STP"" MMC",Azərbaycan,MEDİA,2A230,Securex Caspian,2024,1,"{""appearances"": [{""exhibition"": ""securexcaspian"", ""exhibition_label"": ""Securex Caspian"", ""year"": ""2024"", ""category"": ""MEDİA"", ""stand"": ""2A230"", ""company_id"": ""310577"", ""source_url"": ""https://securexcaspian.az/az/exhibitors-list/year/2024""}]}"
expo-00018,"""RD SMART"" QAPALI SAHMDAR CAMIYYATI",Azərbaycan,,,Securex Caspian,2026,1,"{""appearances"": [{""exhibition"": ""securexcaspian"", ""exhibition_label"": ""Securex Caspian"", ""year"": ""2026"", ""category"": """", ""stand"": ""-"", ""company_id"": """", ""source_url"": ""https://securexcaspian.az/az/exhibitors-list/year/2026""}]}"
expo-00019,"""RESOL"" MMC",Azərbaycan,MEDİA,1С038,Caspian Oil & Gas,2026,1,"{""appearances"": [{""exhibition"": ""caspianoilgas"", ""exhibition_label"": ""Caspian Oil & Gas"", ""year"": ""2026"", ""category"": ""MEDİA"", ""stand"": ""1С038"", ""company_id"": ""353742"", ""source_url"": ""https://caspianoilgas.az/az/exhibitors-list/year/2026""}]}"
expo-00020,"""SHAHNAR2020"" MMC",Azərbaycan,MURMANSK VİLAYETİ,1F042-10,InterFood Azerbaijan,2023,1,"{""appearances"": [{""exhibition"": ""interfood"", ""exhibition_label"": ""InterFood Azerbaijan"", ""year"": ""2023"", ""category"": ""MURMANSK VİLAYETİ"", ""stand"": ""1F042-10"", ""company_id"": """", ""source_url"": ""https://interfood.az/az/exhibitors-list/year/2023""}]}"
expo-00021,"""SƏS"" İNFORMASİYA AGENTLİYİ",Azərbaycan,MEDİA,,Caspian Agro Week | InterFood Azerbaijan,2023,2,"{""appearances"": [{""exhibition"": ""interfood"", ""exhibition_label"": ""InterFood Azerbaijan"", ""year"": ""2023"", ""category"": ""MEDİA"", ""stand"": ""-"", ""company_id"": ""273837"", ""source_url"": ""https://interfood.az/az/exhibitors-list/year/2023""}, {""exhibition"": ""caspianagroweek"", ""exhibition_label"": ""Caspian Agro Week"", ""year"": ""2023"", ""category"": ""MEDİA"", ""stand"": ""-"", ""company_id"": ""273837"", ""source_url"": ""https://caspianagroweek.az/az/exhibitors-list/year/2023""}]}"
expo-00022,"""TEXSERVIS BB"" MMC",Azərbaycan,MURMANSK VİLAYETİ,1F042-8,InterFood Azerbaijan,2023,1,"{""appearances"": [{""exhibition"": ""interfood"", ""exhibition_label"": ""InterFood Azerbaijan"", ""year"": ""2023"", ""category"": ""MURMANSK VİLAYETİ"", ""stand"": ""1F042-8"", ""company_id"": """", ""source_url"": ""https://interfood.az/az/exhibitors-list/year/2023""}]}"
expo-00023,1 NEWS İNFORMASİYA AGENTLİYİ MMC,Azərbaycan,MEDİA,,Aquatherm Baku | BakuBuild | Beauty Expo Baku | Caspian Agro Week | Caspian Oil & Gas | InterFood Azerbaijan | Securex Caspian | TransLogistica Caspian,2019 | 2021 | 2022 | 2023 | 2024 | 2025 | 2026,31,"{""appearances"": [{""exhibition"": ""bakubuild"", ""exhibition_label"": ""BakuBuild"", ""year"": ""2019"", ""category"": ""MEDİA"", ""stand"": ""-"", ""company_id"": ""4265"", ""source_url"": ""https://bakubuild.az/az/exhibitors-list/year/2019""}, {""exhibition"": ""bakubuild"", ""exhibition_label"": ""BakuBuild"", ""year"": ""2021"", ""category"": ""MEDİA"", ""stand"": ""-"", ""company_id"": ""4265"", ""source_url"": ""https://bakubuild.az/az/exhibitors-list/year/2021""}, {""exhibition"": ""bakubuild"", ""exhibition_label"": ""BakuBuild"", ""year"": ""2022"", ""category"": ""MEDİA"", ""stand"": ""-"", ""company_id"": ""4265"", ""source_url"": ""https://bakubuild.az/az/exhibitors-list/year/2022""}, {""exhibition"": ""bakubuild"", ""exhibition_label"": ""BakuBuild"", ""year"": ""2023"", ""category"": ""MEDİA"", ""stand"": ""-"", ""company_id"": ""4265"", ""source_url"": ""https://bakubuild.az/az/exhibitors-list/year/2023""}, {""exhibition"": ""aquatherm"", ""exhibition_label"": ""Aquatherm Baku"", ""year"": ""2019"", ""category"": ""MEDİA"", ""stand"": ""-"", ""company_id"": ""4265"", ""source_url"": ""https://aquatherm.az/az/exhibitors-list/year/2019""}, {""exhibition"": ""aquatherm"", ""exhibition_label"": ""Aquatherm Baku"", ""year"": ""2021"", ""category"": ""MEDİA"", ""stand"": ""-"", ""company_id"": ""4265"", ""source_url"": ""https://aquatherm.az/az/exhibitors-list/year/2021""}, {""exhibition"": ""aquatherm"", ""exhibition_label"": ""Aquatherm Baku"", ""year"": ""2022"", ""category"": ""MEDİA"", ""stand"": ""-"", ""company_id"": ""4265"", ""source_url"": ""https://aquatherm.az/az/exhibitors-list/year/2022""}, {""exhibition"": ""aquatherm"", ""exhibition_label"": ""Aquatherm Baku"", ""year"": ""2023"", ""category"": ""MEDİA"", ""stand"": ""-"", ""company_id"": ""4265"", ""source_url"": ""https://aquatherm.az/az/exhibitors-list/year/2023""}, {""exhibition"": ""aquatherm"", ""exhibition_label"": ""Aquatherm Baku"", ""year"": ""2024"", ""category"": ""MEDİA"", ""stand"": ""-"", ""company_id"": ""4265"", ""source_url"": ""https://aquatherm.az/az/exhibitors-list/year/2024""}, {""exhibition"": ""beautyexpo"", ""exhibition_label"": ""Beauty Expo Baku"", ""year"": ""2019"", ""category"": ""MEDİA"", ""stand"": ""-"", ""company_id"": ""4265"", ""source_url"": ""https://beautyexpo.az/az/exhibitors-list/year/2019""}, {""exhibition"": ""beautyexpo"", ""exhibition_label"": ""Beauty Expo Baku"", ""year"": ""2022"", ""category"": ""MEDİA"", ""stand"": ""-"", ""company_id"": ""4265"", ""source_url"": ""https://beautyexpo.az/az/exhibitors-list/year/2022""}, {""exhibition"": ""interfood"", ""exhibition_label"": ""InterFood Azerbaijan"", ""year"": ""2019"", ""category"": ""MEDİA"", ""stand"": ""-"", ""company_id"": ""4265"", ""source_url"": ""https://interfood.az/az/exhibitors-list/year/2019""}, {""exhibition"": ""interfood"", ""exhibition_label"": ""InterFood Azerbaijan"", ""year"": ""2022"", ""category"": ""MEDİA"", ""stand"": ""-"", ""company_id"": ""4265"", ""source_url"": ""https://interfood.az/az/exhibitors-list/year/2022""}, {""exhibition"": ""interfood"", ""exhibition_label"": ""InterFood Azerbaijan"", ""year"": ""2024"", ""category"": ""MEDİA"", ""stand"": ""-"", ""company_id"": """", ""source_url"": ""https://interfood.az/az/exhibitors-list/year/2024""}, {""exhibition"": ""caspianoilgas"", ""exhibition_label"": ""Caspian Oil & Gas"", ""year"": ""2019"", ""category"": ""MEDİA"", ""stand"": ""-"", ""company_id"": ""4265"", ""source_url"": ""https://caspianoilgas.az/az/exhibitors-list/year/2019""}, {""exhibition"": ""caspianoilgas"", ""exhibition_label"": ""Caspian Oil & Gas"", ""year"": ""2024"", ""category"": ""MEDİA"", ""stand"": ""-"", ""company_id"": ""4265"", ""source_url"": ""https://caspianoilgas.az/az/exhibitors-list/year/2024""}, {""exhibition"": ""caspianoilgas"", ""exhibition_label"": ""Caspian Oil & Gas"", ""year"": ""2025"", ""category"": ""MEDİA"", ""stand"": ""-"", ""company_id"": ""4265"", ""source_url"": ""https://caspianoilgas.az/az/exhibitors-list/year/2025""}, {""exhibition"": ""caspianoilgas"", ""exhibition_label"": ""Caspian Oil & Gas"", ""year"": ""2026"", ""category"": ""MEDİA"", ""stand"": ""-"", ""company_id"": ""4265"", ""source_url"": ""https://caspianoilgas.az/az/exhibitors-list/year/2026""}, {""exhibition"": ""securexcaspian"", ""exhibition_label"": ""Securex Caspian"", ""year"": ""2019"", ""category"": ""MEDİA"", ""stand"": ""-"", ""company_id"": ""4265"", ""source_url"": ""https://securexcaspian.az/az/exhibitors-list/year/2019""}, {""exhibition"": ""securexcaspian"", ""exhibition_label"": ""Securex Caspian"", ""year"": ""2019"", ""category"": ""MEDİA"", ""stand"": ""-"", ""company_id"": ""4265"", ""source_url"": ""https://securexcaspian.az/az/exhibitors-list/year/2019""}, {""exhibition"": ""securexcaspian"", ""exhibition_label"": ""Securex Caspian"", ""year"": ""2022"", ""category"": ""MEDİA"", ""stand"": ""-"", ""company_id"": ""4265"", ""source_url"": ""https://securexcaspian.az/az/exhibitors-list/year/2022""}, {""exhibition"": ""securexcaspian"", ""exhibition_label"": ""Securex Caspian"", ""year"": ""2022"", ""category"": ""MEDİA"", ""stand"": ""-"", ""company_id"": """", ""source_url"": ""https://securexcaspian.az/az/exhibitors-list/year/2022""}, {""exhibition"": ""translogistica"", ""exhibition_label"": ""TransLogistica Caspian"", ""year"": ""2019"", ""category"": ""MEDİA"", ""stand"": ""-"", ""company_id"": ""4265"", ""source_url"": ""https://translogistica.az/az/exhibitors-list/year/2019""}, {""exhibition"": ""translogistica"", ""exhibition_label"": ""TransLogistica Caspian"", ""year"": ""2022"", ""category"": ""MEDİA"", ""stand"": ""-"", ""company_id"": ""4265"", ""source_url"": ""https://translogistica.az/az/exhibitors-list/year/2022""}, {""exhibition"": ""translogistica"", ""exhibition_label"": ""TransLogistica Caspian"", ""year"": ""2024"", ""category"": ""MEDİA"", ""stand"": ""-"", ""company_id"": ""4265"", ""source_url"": ""https://translogistica.az/az/exhibitors-list/year/2024""}, {""exhibition"": ""translogistica"", ""exhibition_label"": ""TransLogistica Caspian"", ""year"": ""2025"", ""category"": ""MEDİA"", ""stand"": ""-"", ""company_id"": ""4265"", ""source_url"": ""https://translogistica.az/az/exhibitors-list/year/2025""}, {""exhibition"": ""translogistica"", ""exhibition_label"": ""TransLogistica Caspian"", ""year"": ""2026"", ""category"": ""MEDİA"", ""stand"": ""-"", ""company_id"": ""4265"", ""source_url"": ""https://translogistica.az/az/exhibitors-list/year/2026""}, {""exhibition"": ""caspianagroweek"", ""exhibition_label"": ""Caspian Agro Week"", ""year"": ""2019"", ""category"": ""MEDİA"", ""stand"": ""-"", ""company_id"": ""4265"", ""source_url"": ""https://caspianagroweek.az/az/exhibitors-list/year/2019""}, {""exhibition"": ""caspianagroweek"", ""exhibition_label"": ""Caspian Agro Week"", ""year"": ""2022"", ""category"": ""MEDİA"", ""stand"": ""-"", ""company_id"": ""4265"", ""source_url"": ""https://caspianagroweek.az/az/exhibitors-list/year/2022""}, {""exhibition"": ""caspianagroweek"", ""exhibition_label"": ""Caspian Agro Week"", ""year"": ""2024"", ""category"": ""MEDİA"", ""stand"": ""-"", ""company_id"": """", ""source_url"": ""https://caspianagroweek.az/az/exhibitors-list/year/2024""}, {""exhibition"": ""caspianagroweek"", ""exhibition_label"": ""Caspian Agro Week"", ""year"": ""2026"", ""category"": ""MEDİA"", ""stand"": ""-"", ""company_id"": ""4265"", ""source_url"": ""https://caspianagroweek.az/az/exhibitors-list/year/2026""}]}"
expo-00024,166 LOGİSTİKA,Azərbaycan,MEDİA | TƏRƏFDAŞLAR,2T048,BakuBuild | Caspian Agro Week | TransLogistica Caspian,2024 | 2025,4,"{""appearances"": [{""exhibition"": ""bakubuild"", ""exhibition_label"": ""BakuBuild"", ""year"": ""2025"", ""category"": ""TƏRƏFDAŞLAR"", ""stand"": ""-"", ""company_id"": ""320699"", ""source_url"": ""https://bakubuild.az/az/exhibitors-list/year/2025""}, {""exhibition"": ""translogistica"", ""exhibition_label"": ""TransLogistica Caspian"", ""year"": ""2024"", ""category"": ""MEDİA"", ""stand"": ""2T048"", ""company_id"": ""320699"", ""source_url"": ""https://translogistica.az/az/exhibitors-list/year/2024""}, {""exhibition"": ""translogistica"", ""exhibition_label"": ""TransLogistica Caspian"", ""year"": ""2025"", ""category"": ""MEDİA"", ""stand"": ""-"", ""company_id"": ""320699"", ""source_url"": ""https://translogistica.az/az/exhibitors-list/year/2025""}, {""exhibition"": ""caspianagroweek"", ""exhibition_label"": ""Caspian Agro Week"", ""year"": ""2025"", ""category"": ""MEDİA"", ""stand"": ""-"", ""company_id"": ""320699"", ""source_url"": ""https://caspianagroweek.az/az/exhibitors-list/year/2025""}]}"
expo-00025,211 GROUP,Azərbaycan,TƏRƏFDAŞLAR,B1103,Beauty Expo Baku,2019,1,"{""appearances"": [{""exhibition"": ""beautyexpo"", ""exhibition_label"": ""Beauty Expo Baku"", ""year"": ""2019"", ""category"": ""TƏRƏFDAŞLAR"", ""stand"": ""B1103"", ""company_id"": ""6038"", ""source_url"": ""https://beautyexpo.az/az/exhibitors-list/year/2019""}]}"
expo-00026,3E AZERBAIJAN LLC,Azərbaycan,MEDİA,3A011,Securex Caspian,2024,1,"{""appearances"": [{""exhibition"": ""securexcaspian"", ""exhibition_label"": ""Securex Caspian"", ""year"": ""2024"", ""category"": ""MEDİA"", ""stand"": ""3A011"", ""company_id"": """", ""source_url"": ""https://securexcaspian.az/az/exhibitors-list/year/2024""}]}"
expo-00027,4IG SPACE AND DEFENCE TECHNOLOGIES PLC.,Azərbaycan,,,Securex Caspian,2026,1,"{""appearances"": [{""exhibition"": ""securexcaspian"", ""exhibition_label"": ""Securex Caspian"", ""year"": ""2026"", ""category"": """", ""stand"": ""-"", ""company_id"": """", ""source_url"": ""https://securexcaspian.az/az/exhibitors-list/year/2026""}]}"
expo-00028,4S MMC,Azərbaycan,LINDSAY | MEDİA,1A012 | 2A414-1 | 2A424-1 | A1306/A4004 | A1306/A5020,Caspian Agro Week,2019 | 2022 | 2023 | 2025 | 2026,5,"{""appearances"": [{""exhibition"": ""caspianagroweek"", ""exhibition_label"": ""Caspian Agro Week"", ""year"": ""2019"", ""category"": ""MEDİA"", ""stand"": ""A1306/A4004"", ""company_id"": ""4716"", ""source_url"": ""https://caspianagroweek.az/az/exhibitors-list/year/2019""}, {""exhibition"": ""caspianagroweek"", ""exhibition_label"": ""Caspian Agro Week"", ""year"": ""2022"", ""category"": ""MEDİA"", ""stand"": ""A1306/A5020"", ""company_id"": ""6954"", ""source_url"": ""https://caspianagroweek.az/az/exhibitors-list/year/2022""}, {""exhibition"": ""caspianagroweek"", ""exhibition_label"": ""Caspian Agro Week"", ""year"": ""2023"", ""category"": ""MEDİA"", ""stand"": ""1A012"", ""company_id"": ""6954"", ""source_url"": ""https://caspianagroweek.az/az/exhibitors-list/year/2023""}, {""exhibition"": ""caspianagroweek"", ""exhibition_label"": ""Caspian Agro Week"", ""year"": ""2025"", ""category"": ""MEDİA"", ""stand"": ""2A414-1"", ""company_id"": ""6954"", ""source_url"": ""https://caspianagroweek.az/az/exhibitors-list/year/2025""}, {""exhibition"": ""caspianagroweek"", ""exhibition_label"": ""Caspian Agro Week"", ""year"": ""2026"", ""category"": ""LINDSAY"", ""stand"": ""2A424-1"", ""company_id"": """", ""source_url"": ""https://caspianagroweek.az/az/exhibitors-list/year/2026""}]}"
expo-00029,A SERA AZERBAYCAN,Azərbaycan,MEDİA,A2414,Caspian Agro Week,2019,1,"{""appearances"": [{""exhibition"": ""caspianagroweek"", ""exhibition_label"": ""Caspian Agro Week"", ""year"": ""2019"", ""category"": ""MEDİA"", ""stand"": ""A2414"", ""company_id"": ""4998"", ""source_url"": ""https://caspianagroweek.az/az/exhibitors-list/year/2019""}]}"
expo-00030,A-CONSTRUCTION LTD MMC,Azərbaycan,MEDİA,A4010,Caspian Agro Week,2019,1,"{""appearances"": [{""exhibition"": ""caspianagroweek"", ""exhibition_label"": ""Caspian Agro Week"", ""year"": ""2019"", ""category"": ""MEDİA"", ""stand"": ""A4010"", ""company_id"": ""5058"", ""source_url"": ""https://caspianagroweek.az/az/exhibitors-list/year/2019""}]}"
expo-00031,A-KOND 1 QSC,Azərbaycan,MEDİA,2A224,Aquatherm Baku,2024,1,"{""appearances"": [{""exhibition"": ""aquatherm"", ""exhibition_label"": ""Aquatherm Baku"", ""year"": ""2024"", ""category"": ""MEDİA"", ""stand"": ""2A224"", ""company_id"": ""325192"", ""source_url"": ""https://aquatherm.az/az/exhibitors-list/year/2024""}]}"
expo-00032,A2Z TECHNOLOGIES QSC,Azərbaycan,MEDİA,A3104,Securex Caspian,2022,2,"{""appearances"": [{""exhibition"": ""securexcaspian"", ""exhibition_label"": ""Securex Caspian"", ""year"": ""2022"", ""category"": ""MEDİA"", ""stand"": ""A3104"", ""company_id"": """", ""source_url"": ""https://securexcaspian.az/az/exhibitors-list/year/2022""}, {""exhibition"": ""securexcaspian"", ""exhibition_label"": ""Securex Caspian"", ""year"": ""2022"", ""category"": ""MEDİA"", ""stand"": ""A3104"", ""company_id"": ""6981"", ""source_url"": ""https://securexcaspian.az/az/exhibitors-list/year/2022""}]}"
expo-00033,AAC GOBUSTONE,Azərbaycan,MEDİA,2A132-1,Aquatherm Baku,2024,1,"{""appearances"": [{""exhibition"": ""aquatherm"", ""exhibition_label"": ""Aquatherm Baku"", ""year"": ""2024"", ""category"": ""MEDİA"", ""stand"": ""2A132-1"", ""company_id"": """", ""source_url"": ""https://aquatherm.az/az/exhibitors-list/year/2024""}]}"
expo-00034,ABAD PHŞ,Azərbaycan,MEDİA,F1022,InterFood Azerbaijan,2019,1,"{""appearances"": [{""exhibition"": ""interfood"", ""exhibition_label"": ""InterFood Azerbaijan"", ""year"": ""2019"", ""category"": ""MEDİA"", ""stand"": ""F1022"", ""company_id"": ""4282"", ""source_url"": ""https://interfood.az/az/exhibitors-list/year/2019""}]}"
expo-00035,ABSHERON EXPRESS,Azərbaycan,MEDİA,2T332-1,TransLogistica Caspian,2024,1,"{""appearances"": [{""exhibition"": ""translogistica"", ""exhibition_label"": ""TransLogistica Caspian"", ""year"": ""2024"", ""category"": ""MEDİA"", ""stand"": ""2T332-1"", ""company_id"": """", ""source_url"": ""https://translogistica.az/az/exhibitors-list/year/2024""}]}"
expo-00036,ABSHERON HOTEL GROUP,Azərbaycan,MEDİA | TƏRƏFDAŞ | TƏRƏFDAŞLAR | ŞİRVAN AQRO MMC,,Aquatherm Baku | BakuBuild | Caspian Agro Week | Caspian Oil & Gas | InterFood Azerbaijan | Plastex Caspian | Securex Caspian | TransLogistica Caspian,2025 | 2026,10,"{""appearances"": [{""exhibition"": ""bakubuild"", ""exhibition_label"": ""BakuBuild"", ""year"": ""2026"", ""category"": ""TƏRƏFDAŞLAR"", ""stand"": ""-"", ""company_id"": """", ""source_url"": ""https://bakubuild.az/az/exhibitors-list/year/2026""}, {""exhibition"": ""aquatherm"", ""exhibition_label"": ""Aquatherm Baku"", ""year"": ""2025"", ""category"": ""MEDİA"", ""stand"": ""-"", ""company_id"": """", ""source_url"": ""https://aquatherm.az/az/exhibitors-list/year/2025""}, {""exhibition"": ""aquatherm"", ""exhibition_label"": ""Aquatherm Baku"", ""year"": ""2026"", ""category"": """", ""stand"": ""-"", ""company_id"": """", ""source_url"": ""https://aquatherm.az/az/exhibitors-list/year/2026""}, {""exhibition"": ""interfood"", ""exhibition_label"": ""InterFood Azerbaijan"", ""year"": ""2026"", ""category"": ""ŞİRVAN AQRO MMC"", ""stand"": ""-"", ""company_id"": """", ""source_url"": ""https://interfood.az/az/exhibitors-list/year/2026""}, {""exhibition"": ""caspianoilgas"", ""exhibition_label"": ""Caspian Oil & Gas"", ""year"": ""2026"", ""category"": ""MEDİA"", ""stand"": ""-"", ""company_id"": """", ""source_url"": ""https://caspianoilgas.az/az/exhibitors-list/year/2026""}, {""exhibition"": ""securexcaspian"", ""exhibition_label"": ""Securex Caspian"", ""year"": ""2026"", ""category"": """", ""stand"": ""-"", ""company_id"": """", ""source_url"": ""https://securexcaspian.az/az/exhibitors-list/year/2026""}, {""exhibition"": ""securexcaspian"", ""exhibition_label"": ""Securex Caspian"", ""year"": ""2026"", ""category"": """", ""stand"": ""-"", ""company_id"": """", ""source_url"": ""https://securexcaspian.az/az/exhibitors-list/year/2026""}, {""exhibition"": ""translogistica"", ""exhibition_label"": ""TransLogistica Caspian"", ""year"": ""2026"", ""category"": ""MEDİA"", ""stand"": ""-"", ""company_id"": """", ""source_url"": ""https://translogistica.az/az/exhibitors-list/year/2026""}, {""exhibition"": ""caspianagroweek"", ""exhibition_label"": ""Caspian Agro Week"", ""year"": ""2026"", ""category"": ""TƏRƏFDAŞ"", ""stand"": ""-"", ""company_id"": """", ""source_url"": ""https://caspianagroweek.az/az/exhibitors-list/year/2026""}, {""exhibition"": ""plastex"", ""exhibition_label"": ""Plastex Caspian"", ""year"": ""2026"", ""category"": """", ""stand"": ""-"", ""company_id"": """", ""source_url"": ""https://plastex.az/az/exhibitors-list/year/2026""}]}"
expo-00037,ABSHERON OLİVE GARDEN MMC,Azərbaycan,ATS FOOD | MEDİA | NAXÇIVAN MUXTAR RESPUBLİKASININ MİLLİ STENDİ | ŞİRVAN AQRO MMC,2F142 | 4F300-2,InterFood Azerbaijan,2024 | 2025 | 2026 | 2027,4,"{""appearances"": [{""exhibition"": ""interfood"", ""exhibition_label"": ""InterFood Azerbaijan"", ""year"": ""2024"", ""category"": ""MEDİA"", ""stand"": ""2F142"", ""company_id"": ""310833"", ""source_url"": ""https://interfood.az/az/exhibitors-list/year/2024""}, {""exhibition"": ""interfood"", ""exhibition_label"": ""InterFood Azerbaijan"", ""year"": ""2025"", ""category"": ""NAXÇIVAN MUXTAR RESPUBLİKASININ MİLLİ STENDİ"", ""stand"": ""2F142"", ""company_id"": ""310833"", ""source_url"": ""https://interfood.az/az/exhibitors-list/year/2025""}, {""exhibition"": ""interfood"", ""exhibition_label"": ""InterFood Azerbaijan"", ""year"": ""2026"", ""category"": ""ŞİRVAN AQRO MMC"", ""stand"": ""4F300-2"", ""company_id"": ""7342"", ""source_url"": ""https://interfood.az/az/exhibitors-list/year/2026""}, {""exhibition"": ""interfood"", ""exhibition_label"": ""InterFood Azerbaijan"", ""year"": ""2027"", ""category"": ""ATS FOOD"", ""stand"": ""-"", ""company_id"": """", ""source_url"": ""https://interfood.az/az/exhibitors-list/year/2027""}]}"
expo-00038,ABSHERON SAFFRON LTD MMC,Azərbaycan,AZPROMO | MEDİA | MURMANSK VİLAYETİ,1F015 | 4F204-1 | 4F332 | F1018 | F2069,InterFood Azerbaijan,2019 | 2021 | 2023 | 2024 | 2026,5,"{""appearances"": [{""exhibition"": ""interfood"", ""exhibition_label"": ""InterFood Azerbaijan"", ""year"": ""2019"", ""category"": ""MEDİA"", ""stand"": ""F2069"", ""company_id"": ""5467"", ""source_url"": ""https://interfood.az/az/exhibitors-list/year/2019""}, {""exhibition"": ""interfood"", ""exhibition_label"": ""InterFood Azerbaijan"", ""year"": ""2021"", ""category"": ""MEDİA"", ""stand"": ""F1018"", ""company_id"": ""5467"", ""source_url"": ""https://interfood.az/az/exhibitors-list/year/2021""}, {""exhibition"": ""interfood"", ""exhibition_label"": ""InterFood Azerbaijan"", ""year"": ""2023"", ""category"": ""MURMANSK VİLAYETİ"", ""stand"": ""4F332"", ""company_id"": ""5467"", ""source_url"": ""https://interfood.az/az/exhibitors-list/year/2023""}, {""exhibition"": ""interfood"", ""exhibition_label"": ""InterFood Azerbaijan"", ""year"": ""2024"", ""category"": ""MEDİA"", ""stand"": ""1F015"", ""company_id"": ""5467"", ""source_url"": ""https://interfood.az/az/exhibitors-list/year/2024""}, {""exhibition"": ""interfood"", ""exhibition_label"": ""InterFood Azerbaijan"", ""year"": ""2026"", ""category"": ""AZPROMO"", ""stand"": ""4F204-1"", ""company_id"": """", ""source_url"": ""https://interfood.az/az/exhibitors-list/year/2026""}]}"
expo-00039,ABSHERON TAXİL MMC,Azərbaycan,MEDİA | MURMANSK VİLAYETİ,1F360-3 | F2021-2,InterFood Azerbaijan,2022 | 2023,2,"{""appearances"": [{""exhibition"": ""interfood"", ""exhibition_label"": ""InterFood Azerbaijan"", ""year"": ""2022"", ""category"": ""MEDİA"", ""stand"": ""F2021-2"", ""company_id"": """", ""source_url"": ""https://interfood.az/az/exhibitors-list/year/2022""}, {""exhibition"": ""interfood"", ""exhibition_label"": ""InterFood Azerbaijan"", ""year"": ""2023"", ""category"": ""MURMANSK VİLAYETİ"", ""stand"": ""1F360-3"", ""company_id"": """", ""source_url"": ""https://interfood.az/az/exhibitors-list/year/2023""}]}"
expo-00040,ABSHERON TRADE CENTER,Azərbaycan,TƏRƏFDAŞLAR,,BakuBuild,2026,1,"{""appearances"": [{""exhibition"": ""bakubuild"", ""exhibition_label"": ""BakuBuild"", ""year"": ""2026"", ""category"": ""TƏRƏFDAŞLAR"", ""stand"": ""-"", ""company_id"": """", ""source_url"": ""https://bakubuild.az/az/exhibitors-list/year/2026""}]}"
expo-00041,ABŞERON LOGİSTİKA MƏRKƏZİ,Azərbaycan,MEDİA,1116 | 2T332 | 2T334 | 2T352 | T2324,TransLogistica Caspian,2019 | 2022 | 2023 | 2024 | 2025 | 2026,6,"{""appearances"": [{""exhibition"": ""translogistica"", ""exhibition_label"": ""TransLogistica Caspian"", ""year"": ""2019"", ""category"": ""MEDİA"", ""stand"": ""1116"", ""company_id"": ""5511"", ""source_url"": ""https://translogistica.az/az/exhibitors-list/year/2019""}, {""exhibition"": ""translogistica"", ""exhibition_label"": ""TransLogistica Caspian"", ""year"": ""2022"", ""category"": ""MEDİA"", ""stand"": ""T2324"", ""company_id"": ""5511"", ""source_url"": ""https://translogistica.az/az/exhibitors-list/year/2022""}, {""exhibition"": ""translogistica"", ""exhibition_label"": ""TransLogistica Caspian"", ""year"": ""2023"", ""category"": ""MEDİA"", ""stand"": ""2T334"", ""company_id"": ""5511"", ""source_url"": ""https://translogistica.az/az/exhibitors-list/year/2023""}, {""exhibition"": ""translogistica"", ""exhibition_label"": ""TransLogistica Caspian"", ""year"": ""2024"", ""category"": ""MEDİA"", ""stand"": ""2T332"", ""company_id"": ""5511"", ""source_url"": ""https://translogistica.az/az/exhibitors-list/year/2024""}, {""exhibition"": ""translogistica"", ""exhibition_label"": ""TransLogistica Caspian"", ""year"": ""2025"", ""category"": ""MEDİA"", ""stand"": ""2T332"", ""company_id"": ""5511"", ""source_url"": ""https://translogistica.az/az/exhibitors-list/year/2025""}, {""exhibition"": ""translogistica"", ""exhibition_label"": ""TransLogistica Caspian"", ""year"": ""2026"", ""category"": ""MEDİA"", ""stand"": ""2T352"", ""company_id"": ""5511"", ""source_url"": ""https://translogistica.az/az/exhibitors-list/year/2026""}]}"
expo-00042,ABŞERON TAXIL,Azərbaycan,AGRO DAIRY MMC | MEDİA,1A210-5 | 1A210-6,Caspian Agro Week,2025 | 2026,2,"{""appearances"": [{""exhibition"": ""caspianagroweek"", ""exhibition_label"": ""Caspian Agro Week"", ""year"": ""2025"", ""category"": ""MEDİA"", ""stand"": ""1A210-6"", ""company_id"": """", ""source_url"": ""https://caspianagroweek.az/az/exhibitors-list/year/2025""}, {""exhibition"": ""caspianagroweek"", ""exhibition_label"": ""Caspian Agro Week"", ""year"": ""2026"", ""category"": ""AGRO DAIRY MMC"", ""stand"": ""1A210-5"", ""company_id"": """", ""source_url"": ""https://caspianagroweek.az/az/exhibitors-list/year/2026""}]}"
expo-00043,ABŞERON TİCARƏT MƏRKƏZİ,Azərbaycan,TƏRƏFDAŞLAR,2B420,BakuBuild,2025,1,"{""appearances"": [{""exhibition"": ""bakubuild"", ""exhibition_label"": ""BakuBuild"", ""year"": ""2025"", ""category"": ""TƏRƏFDAŞLAR"", ""stand"": ""2B420"", ""company_id"": ""345406"", ""source_url"": ""https://bakubuild.az/az/exhibitors-list/year/2025""}]}"
expo-00044,ABŞERON-2000,Azərbaycan,ABSHERON-2000,4F412,InterFood Azerbaijan,2026,1,"{""appearances"": [{""exhibition"": ""interfood"", ""exhibition_label"": ""InterFood Azerbaijan"", ""year"": ""2026"", ""category"": ""ABSHERON-2000"", ""stand"": ""4F412"", ""company_id"": ""352301"", ""source_url"": ""https://interfood.az/az/exhibitors-list/year/2026""}]}"
expo-00045,ACCURATE AZ,Azərbaycan,MEDİA | ŞİRVAN AQRO MMC,,Aquatherm Baku | Caspian Oil & Gas | InterFood Azerbaijan | TransLogistica Caspian,2026,4,"{""appearances"": [{""exhibition"": ""aquatherm"", ""exhibition_label"": ""Aquatherm Baku"", ""year"": ""2026"", ""category"": """", ""stand"": ""-"", ""company_id"": """", ""source_url"": ""https://aquatherm.az/az/exhibitors-list/year/2026""}, {""exhibition"": ""interfood"", ""exhibition_label"": ""InterFood Azerbaijan"", ""year"": ""2026"", ""category"": ""ŞİRVAN AQRO MMC"", ""stand"": ""-"", ""company_id"": """", ""source_url"": ""https://interfood.az/az/exhibitors-list/year/2026""}, {""exhibition"": ""caspianoilgas"", ""exhibition_label"": ""Caspian Oil & Gas"", ""year"": ""2026"", ""category"": ""MEDİA"", ""stand"": ""-"", ""company_id"": """", ""source_url"": ""https://caspianoilgas.az/az/exhibitors-list/year/2026""}, {""exhibition"": ""translogistica"", ""exhibition_label"": ""TransLogistica Caspian"", ""year"": ""2026"", ""category"": ""MEDİA"", ""stand"": ""-"", ""company_id"": """", ""source_url"": ""https://translogistica.az/az/exhibitors-list/year/2026""}]}"
expo-00046,ACE GROUP CONSULTANTS,Azərbaycan,MEDİA,1014 | 1C014 | C1014,Caspian Oil & Gas,2019 | 2022 | 2023,3,"{""appearances"": [{""exhibition"": ""caspianoilgas"", ""exhibition_label"": ""Caspian Oil & Gas"", ""year"": ""2019"", ""category"": ""MEDİA"", ""stand"": ""1014"", ""company_id"": ""4578"", ""source_url"": ""https://caspianoilgas.az/az/exhibitors-list/year/2019""}, {""exhibition"": ""caspianoilgas"", ""exhibition_label"": ""Caspian Oil & Gas"", ""year"": ""2022"", ""category"": ""MEDİA"", ""stand"": ""C1014"", ""company_id"": ""4578"", ""source_url"": ""https://caspianoilgas.az/az/exhibitors-list/year/2022""}, {""exhibition"": ""caspianoilgas"", ""exhibition_label"": ""Caspian Oil & Gas"", ""year"": ""2023"", ""category"": ""MEDİA"", ""stand"": ""1C014"", ""company_id"": ""4578"", ""source_url"": ""https://caspianoilgas.az/az/exhibitors-list/year/2023""}]}"
expo-00047,ACQUE MINERALI D’ITALIA HOLDING,Azərbaycan,MEDİA,F2414,InterFood Azerbaijan,2019,1,"{""appearances"": [{""exhibition"": ""interfood"", ""exhibition_label"": ""InterFood Azerbaijan"", ""year"": ""2019"", ""category"": ""MEDİA"", ""stand"": ""F2414"", ""company_id"": """", ""source_url"": ""https://interfood.az/az/exhibitors-list/year/2019""}]}"
expo-00048,ACT TEXNOLOGIYALARI MMC,Azərbaycan,MEDİA,2C304,Caspian Oil & Gas,2024,1,"{""appearances"": [{""exhibition"": ""caspianoilgas"", ""exhibition_label"": ""Caspian Oil & Gas"", ""year"": ""2024"", ""category"": ""MEDİA"", ""stand"": ""2C304"", ""company_id"": ""313963"", ""source_url"": ""https://caspianoilgas.az/az/exhibitors-list/year/2024""}]}"
expo-00049,ADA UNİVERSİTETİ,Azərbaycan,TƏRƏFDAŞ,2A037,Caspian Agro Week,2026,1,"{""appearances"": [{""exhibition"": ""caspianagroweek"", ""exhibition_label"": ""Caspian Agro Week"", ""year"": ""2026"", ""category"": ""TƏRƏFDAŞ"", ""stand"": ""2A037"", ""company_id"": ""310657"", ""source_url"": ""https://caspianagroweek.az/az/exhibitors-list/year/2026""}]}"
expo-00050,ADIS AZERBAİJAN MMC,Azərbaycan,MEDİA | ÇELYABİNSK VİLAYƏTİ,1B354 | B1208,BakuBuild,2022 | 2023,2,"{""appearances"": [{""exhibition"": ""bakubuild"", ""exhibition_label"": ""BakuBuild"", ""year"": ""2022"", ""category"": ""MEDİA"", ""stand"": ""B1208"", ""company_id"": ""7047"", ""source_url"": ""https://bakubuild.az/az/exhibitors-list/year/2022""}, {""exhibition"": ""bakubuild"", ""exhibition_label"": ""BakuBuild"", ""year"": ""2023"", ""category"": ""ÇELYABİNSK VİLAYƏTİ"", ""stand"": ""1B354"", ""company_id"": ""7047"", ""source_url"": ""https://bakubuild.az/az/exhibitors-list/year/2023""}]}"
expo-00051,ADRİMAK,Azərbaycan,MEDİA,A5002-14,Caspian Agro Week,2022,1,"{""appearances"": [{""exhibition"": ""caspianagroweek"", ""exhibition_label"": ""Caspian Agro Week"", ""year"": ""2022"", ""category"": ""MEDİA"", ""stand"": ""A5002-14"", ""company_id"": """", ""source_url"": ""https://caspianagroweek.az/az/exhibitors-list/year/2022""}]}"
expo-00052,ADT GROUP,Azərbaycan,MEDİA,4A012,Securex Caspian,2024,1,"{""appearances"": [{""exhibition"": ""securexcaspian"", ""exhibition_label"": ""Securex Caspian"", ""year"": ""2024"", ""category"": ""MEDİA"", ""stand"": ""4A012"", ""company_id"": """", ""source_url"": ""https://securexcaspian.az/az/exhibitors-list/year/2024""}]}"
expo-00053,ADVERA MMC,Azərbaycan,MEDİA,,Caspian Oil & Gas,2025,1,"{""appearances"": [{""exhibition"": ""caspianoilgas"", ""exhibition_label"": ""Caspian Oil & Gas"", ""year"": ""2025"", ""category"": ""MEDİA"", ""stand"": ""-"", ""company_id"": """", ""source_url"": ""https://caspianoilgas.az/az/exhibitors-list/year/2025""}]}"
expo-00054,ADY EXPRESS,Azərbaycan,MEDİA,,TransLogistica Caspian,2025,1,"{""appearances"": [{""exhibition"": ""translogistica"", ""exhibition_label"": ""TransLogistica Caspian"", ""year"": ""2025"", ""category"": ""MEDİA"", ""stand"": ""-"", ""company_id"": """", ""source_url"": ""https://translogistica.az/az/exhibitors-list/year/2025""}]}"
expo-00055,AE UNİON MMC,Azərbaycan,MEDİA,4S021,Securex Caspian,2024,1,"{""appearances"": [{""exhibition"": ""securexcaspian"", ""exhibition_label"": ""Securex Caspian"", ""year"": ""2024"", ""category"": ""MEDİA"", ""stand"": ""4S021"", ""company_id"": """", ""source_url"": ""https://securexcaspian.az/az/exhibitors-list/year/2024""}]}"
expo-00056,AES-TRADING,Azərbaycan,MEDİA,2A126 | A2112,Aquatherm Baku,2022 | 2023,2,"{""appearances"": [{""exhibition"": ""aquatherm"", ""exhibition_label"": ""Aquatherm Baku"", ""year"": ""2022"", ""category"": ""MEDİA"", ""stand"": ""A2112"", ""company_id"": ""6984"", ""source_url"": ""https://aquatherm.az/az/exhibitors-list/year/2022""}, {""exhibition"": ""aquatherm"", ""exhibition_label"": ""Aquatherm Baku"", ""year"": ""2023"", ""category"": ""MEDİA"", ""stand"": ""2A126"", ""company_id"": ""6984"", ""source_url"": ""https://aquatherm.az/az/exhibitors-list/year/2023""}]}"
expo-00057,AFRİKA–AZƏRBAYCAN ƏMƏKDAŞLIĞI,Azərbaycan,AFRİCA PAVİLYONU,4F224,InterFood Azerbaijan,2026,1,"{""appearances"": [{""exhibition"": ""interfood"", ""exhibition_label"": ""InterFood Azerbaijan"", ""year"": ""2026"", ""category"": ""AFRİCA PAVİLYONU"", ""stand"": ""4F224"", ""company_id"": ""352083"", ""source_url"": ""https://interfood.az/az/exhibitors-list/year/2026""}]}"
expo-00058,AG EXPRESS,Azərbaycan,MEDİA,2T332-2,TransLogistica Caspian,2024,1,"{""appearances"": [{""exhibition"": ""translogistica"", ""exhibition_label"": ""TransLogistica Caspian"", ""year"": ""2024"", ""category"": ""MEDİA"", ""stand"": ""2T332-2"", ""company_id"": """", ""source_url"": ""https://translogistica.az/az/exhibitors-list/year/2024""}]}"
expo-00059,AGAH GROUP İNŞAAT ŞİRKƏTİ,Azərbaycan,TƏRƏFDAŞLAR,B1048,BakuBuild | Securex Caspian,2019,2,"{""appearances"": [{""exhibition"": ""bakubuild"", ""exhibition_label"": ""BakuBuild"", ""year"": ""2019"", ""category"": ""TƏRƏFDAŞLAR"", ""stand"": ""B1048"", ""company_id"": ""5950"", ""source_url"": ""https://bakubuild.az/az/exhibitors-list/year/2019""}, {""exhibition"": ""securexcaspian"", ""exhibition_label"": ""Securex Caspian"", ""year"": ""2019"", ""category"": ""TƏRƏFDAŞLAR"", ""stand"": ""B1048"", ""company_id"": ""5950"", ""source_url"": ""https://securexcaspian.az/az/exhibitors-list/year/2019""}]}"
expo-00060,AGAT GROUP MMC,Azərbaycan,TƏRƏFDAŞLAR,1B140,BakuBuild,2025,1,"{""appearances"": [{""exhibition"": ""bakubuild"", ""exhibition_label"": ""BakuBuild"", ""year"": ""2025"", ""category"": ""TƏRƏFDAŞLAR"", ""stand"": ""1B140"", ""company_id"": ""333883"", ""source_url"": ""https://bakubuild.az/az/exhibitors-list/year/2025""}]}"
expo-00061,AGNI MMC,Azərbaycan,MEDİA,M015-1,Beauty Expo Baku,2022,1,"{""appearances"": [{""exhibition"": ""beautyexpo"", ""exhibition_label"": ""Beauty Expo Baku"", ""year"": ""2022"", ""category"": ""MEDİA"", ""stand"": ""M015-1"", ""company_id"": ""7908"", ""source_url"": ""https://beautyexpo.az/az/exhibitors-list/year/2022""}]}"
expo-00062,AGRARCO MMC,Azərbaycan,AGRO FOOD INVESTMENTS MMC | MEDİA,1A360-1 | A1212 | A1214,Caspian Agro Week,2019 | 2022 | 2024 | 2025 | 2026,5,"{""appearances"": [{""exhibition"": ""caspianagroweek"", ""exhibition_label"": ""Caspian Agro Week"", ""year"": ""2019"", ""category"": ""MEDİA"", ""stand"": ""A1214"", ""company_id"": ""4699"", ""source_url"": ""https://caspianagroweek.az/az/exhibitors-list/year/2019""}, {""exhibition"": ""caspianagroweek"", ""exhibition_label"": ""Caspian Agro Week"", ""year"": ""2022"", ""category"": ""MEDİA"", ""stand"": ""A1212"", ""company_id"": ""4699"", ""source_url"": ""https://caspianagroweek.az/az/exhibitors-list/year/2022""}, {""exhibition"": ""caspianagroweek"", ""exhibition_label"": ""Caspian Agro Week"", ""year"": ""2024"", ""category"": ""MEDİA"", ""stand"": ""1A360-1"", ""company_id"": """", ""source_url"": ""https://caspianagroweek.az/az/exhibitors-list/year/2024""}, {""exhibition"": ""caspianagroweek"", ""exhibition_label"": ""Caspian Agro Week"", ""year"": ""2025"", ""category"": ""MEDİA"", ""stand"": ""1A360-1"", ""company_id"": """", ""source_url"": ""https://caspianagroweek.az/az/exhibitors-list/year/2025""}, {""exhibition"": ""caspianagroweek"", ""exhibition_label"": ""Caspian Agro Week"", ""year"": ""2026"", ""category"": ""AGRO FOOD INVESTMENTS MMC"", ""stand"": ""1A360-1"", ""company_id"": """", ""source_url"": ""https://caspianagroweek.az/az/exhibitors-list/year/2026""}]}"
expo-00063,AGREGAT,Azərbaycan,MEDİA,1A310-2,Caspian Agro Week,2024,1,"{""appearances"": [{""exhibition"": ""caspianagroweek"", ""exhibition_label"": ""Caspian Agro Week"", ""year"": ""2024"", ""category"": ""MEDİA"", ""stand"": ""1A310-2"", ""company_id"": """", ""source_url"": ""https://caspianagroweek.az/az/exhibitors-list/year/2024""}]}"
expo-00064,AGRICO,Azərbaycan,MEDİA | TƏRƏFDAŞ,1A220 | A1206 | A2328,Caspian Agro Week,2019 | 2021 | 2022 | 2023 | 2024,5,"{""appearances"": [{""exhibition"": ""caspianagroweek"", ""exhibition_label"": ""Caspian Agro Week"", ""year"": ""2019"", ""category"": ""MEDİA"", ""stand"": ""A2328"", ""company_id"": ""4918"", ""source_url"": ""https://caspianagroweek.az/az/exhibitors-list/year/2019""}, {""exhibition"": ""caspianagroweek"", ""exhibition_label"": ""Caspian Agro Week"", ""year"": ""2021"", ""category"": ""TƏRƏFDAŞ"", ""stand"": ""A1206"", ""company_id"": ""4918"", ""source_url"": ""https://caspianagroweek.az/az/exhibitors-list/year/2021""}, {""exhibition"": ""caspianagroweek"", ""exhibition_label"": ""Caspian Agro Week"", ""year"": ""2022"", ""category"": ""MEDİA"", ""stand"": ""A1206"", ""company_id"": ""4918"", ""source_url"": ""https://caspianagroweek.az/az/exhibitors-list/year/2022""}, {""exhibition"": ""caspianagroweek"", ""exhibition_label"": ""Caspian Agro Week"", ""year"": ""2023"", ""category"": ""MEDİA"", ""stand"": ""1A220"", ""company_id"": ""7949"", ""source_url"": ""https://caspianagroweek.az/az/exhibitors-list/year/2023""}, {""exhibition"": ""caspianagroweek"", ""exhibition_label"": ""Caspian Agro Week"", ""year"": ""2024"", ""category"": ""MEDİA"", ""stand"": ""1A220"", ""company_id"": ""7949"", ""source_url"": ""https://caspianagroweek.az/az/exhibitors-list/year/2024""}]}"
expo-00065,AGRIMAN GROUP,Azərbaycan,TƏRƏFDAŞ,2A464,Caspian Agro Week,2026,1,"{""appearances"": [{""exhibition"": ""caspianagroweek"", ""exhibition_label"": ""Caspian Agro Week"", ""year"": ""2026"", ""category"": ""TƏRƏFDAŞ"", ""stand"": ""2A464"", ""company_id"": ""354701"", ""source_url"": ""https://caspianagroweek.az/az/exhibitors-list/year/2026""}]}"
expo-00066,AGRIONAL,Azərbaycan,MEDİA,A3106/A4008,Caspian Agro Week,2019,1,"{""appearances"": [{""exhibition"": ""caspianagroweek"", ""exhibition_label"": ""Caspian Agro Week"", ""year"": ""2019"", ""category"": ""MEDİA"", ""stand"": ""A3106/A4008"", ""company_id"": """", ""source_url"": ""https://caspianagroweek.az/az/exhibitors-list/year/2019""}]}"
expo-00067,AGRIONAL KƏND TƏSƏRRÜFATI MAŞINQAYLRMA ŞİRKƏTİ,Azərbaycan,MEDİA | TƏRƏFDAŞ,A3104 | A5006-1,Caspian Agro Week,2019 | 2021,2,"{""appearances"": [{""exhibition"": ""caspianagroweek"", ""exhibition_label"": ""Caspian Agro Week"", ""year"": ""2019"", ""category"": ""MEDİA"", ""stand"": ""A3104"", ""company_id"": ""5235"", ""source_url"": ""https://caspianagroweek.az/az/exhibitors-list/year/2019""}, {""exhibition"": ""caspianagroweek"", ""exhibition_label"": ""Caspian Agro Week"", ""year"": ""2021"", ""category"": ""TƏRƏFDAŞ"", ""stand"": ""A5006-1"", ""company_id"": ""5235"", ""source_url"": ""https://caspianagroweek.az/az/exhibitors-list/year/2021""}]}"
expo-00068,AGRISPACE MMC,Azərbaycan,MEDİA | TƏRƏFDAŞ,5A120 | 5A210 | 5A220 | A5006 | A5006/A5003,Caspian Agro Week,2021 | 2022 | 2023 | 2024 | 2025,5,"{""appearances"": [{""exhibition"": ""caspianagroweek"", ""exhibition_label"": ""Caspian Agro Week"", ""year"": ""2021"", ""category"": ""TƏRƏFDAŞ"", ""stand"": ""A5006/A5003"", ""company_id"": ""6022"", ""source_url"": ""https://caspianagroweek.az/az/exhibitors-list/year/2021""}, {""exhibition"": ""caspianagroweek"", ""exhibition_label"": ""Caspian Agro Week"", ""year"": ""2022"", ""category"": ""MEDİA"", ""stand"": ""A5006"", ""company_id"": ""6022"", ""source_url"": ""https://caspianagroweek.az/az/exhibitors-list/year/2022""}, {""exhibition"": ""caspianagroweek"", ""exhibition_label"": ""Caspian Agro Week"", ""year"": ""2023"", ""category"": ""MEDİA"", ""stand"": ""5A220"", ""company_id"": ""6022"", ""source_url"": ""https://caspianagroweek.az/az/exhibitors-list/year/2023""}, {""exhibition"": ""caspianagroweek"", ""exhibition_label"": ""Caspian Agro Week"", ""year"": ""2024"", ""category"": ""MEDİA"", ""stand"": ""5A210"", ""company_id"": ""6022"", ""source_url"": ""https://caspianagroweek.az/az/exhibitors-list/year/2024""}, {""exhibition"": ""caspianagroweek"", ""exhibition_label"": ""Caspian Agro Week"", ""year"": ""2025"", ""category"": ""MEDİA"", ""stand"": ""5A120"", ""company_id"": ""6022"", ""source_url"": ""https://caspianagroweek.az/az/exhibitors-list/year/2025""}]}"
expo-00069,AGRİCOLA AZ MMC,Azərbaycan,MEDİA,2A412 | 4A231,Caspian Agro Week,2024 | 2025,2,"{""appearances"": [{""exhibition"": ""caspianagroweek"", ""exhibition_label"": ""Caspian Agro Week"", ""year"": ""2024"", ""category"": ""MEDİA"", ""stand"": ""4A231"", ""company_id"": """", ""source_url"": ""https://caspianagroweek.az/az/exhibitors-list/year/2024""}, {""exhibition"": ""caspianagroweek"", ""exhibition_label"": ""Caspian Agro Week"", ""year"": ""2025"", ""category"": ""MEDİA"", ""stand"": ""2A412"", ""company_id"": ""313718"", ""source_url"": ""https://caspianagroweek.az/az/exhibitors-list/year/2025""}]}"
expo-00070,AGRİTEX LLC,Azərbaycan,MEDİA,5A250 | 5A290 | A5021,Caspian Agro Week,2022 | 2023 | 2024,3,"{""appearances"": [{""exhibition"": ""caspianagroweek"", ""exhibition_label"": ""Caspian Agro Week"", ""year"": ""2022"", ""category"": ""MEDİA"", ""stand"": ""A5021"", ""company_id"": """", ""source_url"": ""https://caspianagroweek.az/az/exhibitors-list/year/2022""}, {""exhibition"": ""caspianagroweek"", ""exhibition_label"": ""Caspian Agro Week"", ""year"": ""2023"", ""category"": ""MEDİA"", ""stand"": ""5A290"", ""company_id"": ""5046"", ""source_url"": ""https://caspianagroweek.az/az/exhibitors-list/year/2023""}, {""exhibition"": ""caspianagroweek"", ""exhibition_label"": ""Caspian Agro Week"", ""year"": ""2024"", ""category"": ""MEDİA"", ""stand"": ""5A250"", ""company_id"": ""5046"", ""source_url"": ""https://caspianagroweek.az/az/exhibitors-list/year/2024""}]}"
expo-00071,AGRO DAIRY MMC,Azərbaycan,AGRO DAIRY MMC | MEDİA | TƏRƏFDAŞ,1A210 | 1A210/5A020 | 5A020 | 5A040 | A1204 | A1204/A4015 | A1204/A5022,Caspian Agro Week,2019 | 2021 | 2022 | 2023 | 2024 | 2025 | 2026 | 2027,11,"{""appearances"": [{""exhibition"": ""caspianagroweek"", ""exhibition_label"": ""Caspian Agro Week"", ""year"": ""2019"", ""category"": ""MEDİA"", ""stand"": ""A1204/A4015"", ""company_id"": ""4729"", ""source_url"": ""https://caspianagroweek.az/az/exhibitors-list/year/2019""}, {""exhibition"": ""caspianagroweek"", ""exhibition_label"": ""Caspian Agro Week"", ""year"": ""2021"", ""category"": ""TƏRƏFDAŞ"", ""stand"": ""A1204/A5022"", ""company_id"": ""4729"", ""source_url"": ""https://caspianagroweek.az/az/exhibitors-list/year/2021""}, {""exhibition"": ""caspianagroweek"", ""exhibition_label"": ""Caspian Agro Week"", ""year"": ""2022"", ""category"": ""MEDİA"", ""stand"": ""A1204"", ""company_id"": ""4729"", ""source_url"": ""https://caspianagroweek.az/az/exhibitors-list/year/2022""}, {""exhibition"": ""caspianagroweek"", ""exhibition_label"": ""Caspian Agro Week"", ""year"": ""2023"", ""category"": ""MEDİA"", ""stand"": ""1A210"", ""company_id"": ""4729"", ""source_url"": ""https://caspianagroweek.az/az/exhibitors-list/year/2023""}, {""exhibition"": ""caspianagroweek"", ""exhibition_label"": ""Caspian Agro Week"", ""year"": ""2024"", ""category"": ""MEDİA"", ""stand"": ""1A210"", ""company_id"": ""4729"", ""source_url"": ""https://caspianagroweek.az/az/exhibitors-list/year/2024""}, {""exhibition"": ""caspianagroweek"", ""exhibition_label"": ""Caspian Agro Week"", ""year"": ""2025"", ""category"": ""MEDİA"", ""stand"": ""5A020"", ""company_id"": """", ""source_url"": ""https://caspianagroweek.az/az/exhibitors-list/year/2025""}, {""exhibition"": ""caspianagroweek"", ""exhibition_label"": ""Caspian Agro Week"", ""year"": ""2025"", ""category"": ""MEDİA"", ""stand"": ""1A210/5A020"", ""company_id"": ""4729"", ""source_url"": ""https://caspianagroweek.az/az/exhibitors-list/year/2025""}, {""exhibition"": ""caspianagroweek"", ""exhibition_label"": ""Caspian Agro Week"", ""year"": ""2026"", ""category"": ""AGRO DAIRY MMC"", ""stand"": ""1A210"", ""company_id"": ""4729"", ""source_url"": ""https://caspianagroweek.az/az/exhibitors-list/year/2026""}, {""exhibition"": ""caspianagroweek"", ""exhibition_label"": ""Caspian Agro Week"", ""year"": ""2026"", ""category"": ""AGRO DAIRY MMC"", ""stand"": ""5A040"", ""company_id"": ""352018"", ""source_url"": ""https://caspianagroweek.az/az/exhibitors-list/year/2026""}, {""exhibition"": ""caspianagroweek"", ""exhibition_label"": ""Caspian Agro Week"", ""year"": ""2027"", ""category"": """", ""stand"": ""-"", ""company_id"": """", ""source_url"": ""https://caspianagroweek.az/az/exhibitors-list/year/2027""}, {""exhibition"": ""caspianagroweek"", ""exhibition_label"": ""Caspian Agro Week"", ""year"": ""2027"", ""category"": """", ""stand"": ""-"", ""company_id"": """", ""source_url"": ""https://caspianagroweek.az/az/exhibitors-list/year/2027""}]}"
expo-00072,AGRO DAİRY 5A140,Azərbaycan,MEDİA,5A140,Caspian Agro Week,2024,1,"{""appearances"": [{""exhibition"": ""caspianagroweek"", ""exhibition_label"": ""Caspian Agro Week"", ""year"": ""2024"", ""category"": ""MEDİA"", ""stand"": ""5A140"", ""company_id"": """", ""source_url"": ""https://caspianagroweek.az/az/exhibitors-list/year/2024""}]}"
expo-00073,AGRO FOOD INVESTMENTS MMC,Azərbaycan,AGRO FOOD INVESTMENTS MMC | MEDİA,1A360 | A2428/A5122-4,Caspian Agro Week,2022 | 2023 | 2024 | 2025 | 2026 | 2027,6,"{""appearances"": [{""exhibition"": ""caspianagroweek"", ""exhibition_label"": ""Caspian Agro Week"", ""year"": ""2022"", ""category"": ""MEDİA"", ""stand"": ""A2428/A5122-4"", ""company_id"": """", ""source_url"": ""https://caspianagroweek.az/az/exhibitors-list/year/2022""}, {""exhibition"": ""caspianagroweek"", ""exhibition_label"": ""Caspian Agro Week"", ""year"": ""2023"", ""category"": ""MEDİA"", ""stand"": ""1A360"", ""company_id"": ""7115"", ""source_url"": ""https://caspianagroweek.az/az/exhibitors-list/year/2023""}, {""exhibition"": ""caspianagroweek"", ""exhibition_label"": ""Caspian Agro Week"", ""year"": ""2024"", ""category"": ""MEDİA"", ""stand"": ""1A360"", ""company_id"": ""7115"", ""source_url"": ""https://caspianagroweek.az/az/exhibitors-list/year/2024""}, {""exhibition"": ""caspianagroweek"", ""exhibition_label"": ""Caspian Agro Week"", ""year"": ""2025"", ""category"": ""MEDİA"", ""stand"": ""1A360"", ""company_id"": ""7115"", ""source_url"": ""https://caspianagroweek.az/az/exhibitors-list/year/2025""}, {""exhibition"": ""caspianagroweek"", ""exhibition_label"": ""Caspian Agro Week"", ""year"": ""2026"", ""category"": ""AGRO FOOD INVESTMENTS MMC"", ""stand"": ""1A360"", ""company_id"": ""311252"", ""source_url"": ""https://caspianagroweek.az/az/exhibitors-list/year/2026""}, {""exhibition"": ""caspianagroweek"", ""exhibition_label"": ""Caspian Agro Week"", ""year"": ""2027"", ""category"": """", ""stand"": ""-"", ""company_id"": """", ""source_url"": ""https://caspianagroweek.az/az/exhibitors-list/year/2027""}]}"
expo-00074,AGRO GURAMA MMC,Azərbaycan,MEDİA,2A400 | 2A410,Caspian Agro Week,2024 | 2025,2,"{""appearances"": [{""exhibition"": ""caspianagroweek"", ""exhibition_label"": ""Caspian Agro Week"", ""year"": ""2024"", ""category"": ""MEDİA"", ""stand"": ""2A410"", ""company_id"": ""301750"", ""source_url"": ""https://caspianagroweek.az/az/exhibitors-list/year/2024""}, {""exhibition"": ""caspianagroweek"", ""exhibition_label"": ""Caspian Agro Week"", ""year"": ""2025"", ""category"": ""MEDİA"", ""stand"": ""2A400"", ""company_id"": ""301750"", ""source_url"": ""https://caspianagroweek.az/az/exhibitors-list/year/2025""}]}"
expo-00075,AGRO POİNT MMC,Azərbaycan,MEDİA,2A242,Caspian Agro Week,2025,1,"{""appearances"": [{""exhibition"": ""caspianagroweek"", ""exhibition_label"": ""Caspian Agro Week"", ""year"": ""2025"", ""category"": ""MEDİA"", ""stand"": ""2A242"", ""company_id"": ""333678"", ""source_url"": ""https://caspianagroweek.az/az/exhibitors-list/year/2025""}]}"
expo-00076,AGRO REZVAN MUGAN AZ MMC,Azərbaycan,TƏRƏFDAŞ,A5036/A2212,Caspian Agro Week,2021,1,"{""appearances"": [{""exhibition"": ""caspianagroweek"", ""exhibition_label"": ""Caspian Agro Week"", ""year"": ""2021"", ""category"": ""TƏRƏFDAŞ"", ""stand"": ""A5036/A2212"", ""company_id"": ""6334"", ""source_url"": ""https://caspianagroweek.az/az/exhibitors-list/year/2021""}]}"
expo-00077,AGRO TV AZƏRBAYCAN,Azərbaycan,MEDİA,M102 | P102,Caspian Agro Week,2023 | 2024 | 2025 | 2026,4,"{""appearances"": [{""exhibition"": ""caspianagroweek"", ""exhibition_label"": ""Caspian Agro Week"", ""year"": ""2023"", ""category"": ""MEDİA"", ""stand"": ""P102"", ""company_id"": ""273776"", ""source_url"": ""https://caspianagroweek.az/az/exhibitors-list/year/2023""}, {""exhibition"": ""caspianagroweek"", ""exhibition_label"": ""Caspian Agro Week"", ""year"": ""2024"", ""category"": ""MEDİA"", ""stand"": ""M102"", ""company_id"": """", ""source_url"": ""https://caspianagroweek.az/az/exhibitors-list/year/2024""}, {""exhibition"": ""caspianagroweek"", ""exhibition_label"": ""Caspian Agro Week"", ""year"": ""2025"", ""category"": ""MEDİA"", ""stand"": ""M102"", ""company_id"": ""273776"", ""source_url"": ""https://caspianagroweek.az/az/exhibitors-list/year/2025""}, {""exhibition"": ""caspianagroweek"", ""exhibition_label"": ""Caspian Agro Week"", ""year"": ""2026"", ""category"": ""MEDİA"", ""stand"": ""-"", ""company_id"": ""273776"", ""source_url"": ""https://caspianagroweek.az/az/exhibitors-list/year/2026""}]}"
expo-00078,AGRO-TECH SOLUTİONS MMC,Azərbaycan,MEDİA,2A244,Caspian Agro Week,2024 | 2025,2,"{""appearances"": [{""exhibition"": ""caspianagroweek"", ""exhibition_label"": ""Caspian Agro Week"", ""year"": ""2024"", ""category"": ""MEDİA"", ""stand"": ""2A244"", ""company_id"": ""274572"", ""source_url"": ""https://caspianagroweek.az/az/exhibitors-list/year/2024""}, {""exhibition"": ""caspianagroweek"", ""exhibition_label"": ""Caspian Agro Week"", ""year"": ""2025"", ""category"": ""MEDİA"", ""stand"": ""2A244"", ""company_id"": ""274572"", ""source_url"": ""https://caspianagroweek.az/az/exhibitors-list/year/2025""}]}"
expo-00079,AGROBEST GROUP,Azərbaycan,MEDİA,A2020-1 | A2086,Caspian Agro Week,2019 | 2022,2,"{""appearances"": [{""exhibition"": ""caspianagroweek"", ""exhibition_label"": ""Caspian Agro Week"", ""year"": ""2019"", ""category"": ""MEDİA"", ""stand"": ""A2086"", ""company_id"": ""5007"", ""source_url"": ""https://caspianagroweek.az/az/exhibitors-list/year/2019""}, {""exhibition"": ""caspianagroweek"", ""exhibition_label"": ""Caspian Agro Week"", ""year"": ""2022"", ""category"": ""MEDİA"", ""stand"": ""A2020-1"", ""company_id"": ""5007"", ""source_url"": ""https://caspianagroweek.az/az/exhibitors-list/year/2022""}]}"
expo-00080,AGROCEL MMC,Azərbaycan,MEDİA,4A326,Caspian Agro Week,2023,1,"{""appearances"": [{""exhibition"": ""caspianagroweek"", ""exhibition_label"": ""Caspian Agro Week"", ""year"": ""2023"", ""category"": ""MEDİA"", ""stand"": ""4A326"", ""company_id"": ""273833"", ""source_url"": ""https://caspianagroweek.az/az/exhibitors-list/year/2023""}]}"
expo-00081,AGROECOTECH LEASING MMC,Azərbaycan,MEDİA,5A140 | 5A265 | 5A270-2,Caspian Agro Week,2023 | 2024 | 2025,3,"{""appearances"": [{""exhibition"": ""caspianagroweek"", ""exhibition_label"": ""Caspian Agro Week"", ""year"": ""2023"", ""category"": ""MEDİA"", ""stand"": ""5A270-2"", ""company_id"": """", ""source_url"": ""https://caspianagroweek.az/az/exhibitors-list/year/2023""}, {""exhibition"": ""caspianagroweek"", ""exhibition_label"": ""Caspian Agro Week"", ""year"": ""2024"", ""category"": ""MEDİA"", ""stand"": ""5A265"", ""company_id"": """", ""source_url"": ""https://caspianagroweek.az/az/exhibitors-list/year/2024""}, {""exhibition"": ""caspianagroweek"", ""exhibition_label"": ""Caspian Agro Week"", ""year"": ""2025"", ""category"": ""MEDİA"", ""stand"": ""5A140"", ""company_id"": """", ""source_url"": ""https://caspianagroweek.az/az/exhibitors-list/year/2025""}]}"
expo-00082,AGROEXPERT,Azərbaycan,MEDİA,,Caspian Agro Week,2019,1,"{""appearances"": [{""exhibition"": ""caspianagroweek"", ""exhibition_label"": ""Caspian Agro Week"", ""year"": ""2019"", ""category"": ""MEDİA"", ""stand"": ""-"", ""company_id"": ""5277"", ""source_url"": ""https://caspianagroweek.az/az/exhibitors-list/year/2019""}]}"
expo-00083,AGROFRESH,Azərbaycan,AGRO DAIRY MMC | MEDİA,1A210-4 | 1A210-5,Caspian Agro Week,2025 | 2026,2,"{""appearances"": [{""exhibition"": ""caspianagroweek"", ""exhibition_label"": ""Caspian Agro Week"", ""year"": ""2025"", ""category"": ""MEDİA"", ""stand"": ""1A210-5"", ""company_id"": """", ""source_url"": ""https://caspianagroweek.az/az/exhibitors-list/year/2025""}, {""exhibition"": ""caspianagroweek"", ""exhibition_label"": ""Caspian Agro Week"", ""year"": ""2026"", ""category"": ""AGRO DAIRY MMC"", ""stand"": ""1A210-4"", ""company_id"": """", ""source_url"": ""https://caspianagroweek.az/az/exhibitors-list/year/2026""}]}"
expo-00084,AGROLAB,Azərbaycan,AZƏRSHƏKƏR MMC | MEDİA,2A330-1,Caspian Agro Week,2025 | 2026,2,"{""appearances"": [{""exhibition"": ""caspianagroweek"", ""exhibition_label"": ""Caspian Agro Week"", ""year"": ""2025"", ""category"": ""MEDİA"", ""stand"": ""2A330-1"", ""company_id"": """", ""source_url"": ""https://caspianagroweek.az/az/exhibitors-list/year/2025""}, {""exhibition"": ""caspianagroweek"", ""exhibition_label"": ""Caspian Agro Week"", ""year"": ""2026"", ""category"": ""AZƏRSHƏKƏR MMC"", ""stand"": ""2A330-1"", ""company_id"": """", ""source_url"": ""https://caspianagroweek.az/az/exhibitors-list/year/2026""}]}"
expo-00085,AGROLAB KƏND TƏSƏRRÜFATI LABORATORİYASI,Azərbaycan,MEDİA,A2428/A5122-2,Caspian Agro Week,2022,1,"{""appearances"": [{""exhibition"": ""caspianagroweek"", ""exhibition_label"": ""Caspian Agro Week"", ""year"": ""2022"", ""category"": ""MEDİA"", ""stand"": ""A2428/A5122-2"", ""company_id"": """", ""source_url"": ""https://caspianagroweek.az/az/exhibitors-list/year/2022""}]}"
expo-00086,AGROLAND,Azərbaycan,MEDİA,A2316-1,Caspian Agro Week,2022,1,"{""appearances"": [{""exhibition"": ""caspianagroweek"", ""exhibition_label"": ""Caspian Agro Week"", ""year"": ""2022"", ""category"": ""MEDİA"", ""stand"": ""A2316-1"", ""company_id"": """", ""source_url"": ""https://caspianagroweek.az/az/exhibitors-list/year/2022""}]}"
expo-00087,AGROLID MMC,Azərbaycan,AZERA HOLDING,2A110-10,Caspian Agro Week,2026,1,"{""appearances"": [{""exhibition"": ""caspianagroweek"", ""exhibition_label"": ""Caspian Agro Week"", ""year"": ""2026"", ""category"": ""AZERA HOLDING"", ""stand"": ""2A110-10"", ""company_id"": """", ""source_url"": ""https://caspianagroweek.az/az/exhibitors-list/year/2026""}]}"
expo-00088,AGROMARKET SERVIS LLC,Azərbaycan,MEDİA | TƏRƏFDAŞ,2A100 | A1226 | A2324,Caspian Agro Week,2019 | 2021 | 2024,3,"{""appearances"": [{""exhibition"": ""caspianagroweek"", ""exhibition_label"": ""Caspian Agro Week"", ""year"": ""2019"", ""category"": ""MEDİA"", ""stand"": ""A2324"", ""company_id"": ""4996"", ""source_url"": ""https://caspianagroweek.az/az/exhibitors-list/year/2019""}, {""exhibition"": ""caspianagroweek"", ""exhibition_label"": ""Caspian Agro Week"", ""year"": ""2021"", ""category"": ""TƏRƏFDAŞ"", ""stand"": ""A1226"", ""company_id"": ""4996"", ""source_url"": ""https://caspianagroweek.az/az/exhibitors-list/year/2021""}, {""exhibition"": ""caspianagroweek"", ""exhibition_label"": ""Caspian Agro Week"", ""year"": ""2024"", ""category"": ""MEDİA"", ""stand"": ""2A100"", ""company_id"": ""4996"", ""source_url"": ""https://caspianagroweek.az/az/exhibitors-list/year/2024""}]}"
expo-00089,AGROMOTORS,Azərbaycan,MEDİA,5A025,Caspian Agro Week,2025,1,"{""appearances"": [{""exhibition"": ""caspianagroweek"", ""exhibition_label"": ""Caspian Agro Week"", ""year"": ""2025"", ""category"": ""MEDİA"", ""stand"": ""5A025"", ""company_id"": """", ""source_url"": ""https://caspianagroweek.az/az/exhibitors-list/year/2025""}]}"
expo-00090,AGROMOTORS AZƏRBAYCAN MMC,Azərbaycan,AGROMOTORS AZERBAIJAN MMC | MEDİA,2A242 | 3A140/5A025 | 5A225 | 5A280,Caspian Agro Week,2023 | 2024 | 2025 | 2026,4,"{""appearances"": [{""exhibition"": ""caspianagroweek"", ""exhibition_label"": ""Caspian Agro Week"", ""year"": ""2023"", ""category"": ""MEDİA"", ""stand"": ""5A280"", ""company_id"": ""7889"", ""source_url"": ""https://caspianagroweek.az/az/exhibitors-list/year/2023""}, {""exhibition"": ""caspianagroweek"", ""exhibition_label"": ""Caspian Agro Week"", ""year"": ""2024"", ""category"": ""MEDİA"", ""stand"": ""5A225"", ""company_id"": ""7889"", ""source_url"": ""https://caspianagroweek.az/az/exhibitors-list/year/2024""}, {""exhibition"": ""caspianagroweek"", ""exhibition_label"": ""Caspian Agro Week"", ""year"": ""2025"", ""category"": ""MEDİA"", ""stand"": ""3A140/5A025"", ""company_id"": ""7889"", ""source_url"": ""https://caspianagroweek.az/az/exhibitors-list/year/2025""}, {""exhibition"": ""caspianagroweek"", ""exhibition_label"": ""Caspian Agro Week"", ""year"": ""2026"", ""category"": ""AGROMOTORS AZERBAIJAN MMC"", ""stand"": ""2A242"", ""company_id"": ""7889"", ""source_url"": ""https://caspianagroweek.az/az/exhibitors-list/year/2026""}]}"
expo-00091,AGROPRICE,Azərbaycan,MEDİA,5A270-3,Caspian Agro Week,2023,1,"{""appearances"": [{""exhibition"": ""caspianagroweek"", ""exhibition_label"": ""Caspian Agro Week"", ""year"": ""2023"", ""category"": ""MEDİA"", ""stand"": ""5A270-3"", ""company_id"": """", ""source_url"": ""https://caspianagroweek.az/az/exhibitors-list/year/2023""}]}"
expo-00092,AGROPROTECH MMC,Azərbaycan,MEDİA | TƏRƏFDAŞ,5A100 | 5A210-3,Caspian Agro Week,2024 | 2026,2,"{""appearances"": [{""exhibition"": ""caspianagroweek"", ""exhibition_label"": ""Caspian Agro Week"", ""year"": ""2024"", ""category"": ""MEDİA"", ""stand"": ""5A210-3"", ""company_id"": """", ""source_url"": ""https://caspianagroweek.az/az/exhibitors-list/year/2024""}, {""exhibition"": ""caspianagroweek"", ""exhibition_label"": ""Caspian Agro Week"", ""year"": ""2026"", ""category"": ""TƏRƏFDAŞ"", ""stand"": ""5A100"", ""company_id"": ""353593"", ""source_url"": ""https://caspianagroweek.az/az/exhibitors-list/year/2026""}]}"
expo-00093,AGROPROTECTH ENSIGN,Azərbaycan,MEDİA,5A150,Caspian Agro Week,2025,1,"{""appearances"": [{""exhibition"": ""caspianagroweek"", ""exhibition_label"": ""Caspian Agro Week"", ""year"": ""2025"", ""category"": ""MEDİA"", ""stand"": ""5A150"", ""company_id"": """", ""source_url"": ""https://caspianagroweek.az/az/exhibitors-list/year/2025""}]}"
expo-00094,AGROSFERA MMC,Azərbaycan,MEDİA,4A224,Caspian Agro Week,2023,1,"{""appearances"": [{""exhibition"": ""caspianagroweek"", ""exhibition_label"": ""Caspian Agro Week"", ""year"": ""2023"", ""category"": ""MEDİA"", ""stand"": ""4A224"", ""company_id"": ""273448"", ""source_url"": ""https://caspianagroweek.az/az/exhibitors-list/year/2023""}]}"
expo-00095,AGROSTAR.AZ,Azərbaycan,NAXÇIVAN MUXTAR RESPUBLİKASININ MİLLİ STENDİ,1F040-5,InterFood Azerbaijan,2025,1,"{""appearances"": [{""exhibition"": ""interfood"", ""exhibition_label"": ""InterFood Azerbaijan"", ""year"": ""2025"", ""category"": ""NAXÇIVAN MUXTAR RESPUBLİKASININ MİLLİ STENDİ"", ""stand"": ""1F040-5"", ""company_id"": """", ""source_url"": ""https://interfood.az/az/exhibitors-list/year/2025""}]}"
expo-00096,AGROSYSTEM MMC,Azərbaycan,MEDİA,2A100 | 2A102,Caspian Agro Week,2024 | 2025,2,"{""appearances"": [{""exhibition"": ""caspianagroweek"", ""exhibition_label"": ""Caspian Agro Week"", ""year"": ""2024"", ""category"": ""MEDİA"", ""stand"": ""2A102"", ""company_id"": ""273448"", ""source_url"": ""https://caspianagroweek.az/az/exhibitors-list/year/2024""}, {""exhibition"": ""caspianagroweek"", ""exhibition_label"": ""Caspian Agro Week"", ""year"": ""2025"", ""category"": ""MEDİA"", ""stand"": ""2A100"", ""company_id"": ""273448"", ""source_url"": ""https://caspianagroweek.az/az/exhibitors-list/year/2025""}]}"
expo-00097,AGROTECH,Azərbaycan,MEDİA,1A012-2,Caspian Agro Week,2025,1,"{""appearances"": [{""exhibition"": ""caspianagroweek"", ""exhibition_label"": ""Caspian Agro Week"", ""year"": ""2025"", ""category"": ""MEDİA"", ""stand"": ""1A012-2"", ""company_id"": """", ""source_url"": ""https://caspianagroweek.az/az/exhibitors-list/year/2025""}]}"
expo-00098,AGROTECHTECHIZAT,Azərbaycan,MEDİA,5A270-1,Caspian Agro Week,2023,1,"{""appearances"": [{""exhibition"": ""caspianagroweek"", ""exhibition_label"": ""Caspian Agro Week"", ""year"": ""2023"", ""category"": ""MEDİA"", ""stand"": ""5A270-1"", ""company_id"": """", ""source_url"": ""https://caspianagroweek.az/az/exhibitors-list/year/2023""}]}"
expo-00099,AGROTRADE SUPPLY MMC,Azərbaycan,MEDİA | MURMANSK VİLAYETİ,1F160 | F1320,InterFood Azerbaijan,2022 | 2023,2,"{""appearances"": [{""exhibition"": ""interfood"", ""exhibition_label"": ""InterFood Azerbaijan"", ""year"": ""2022"", ""category"": ""MEDİA"", ""stand"": ""F1320"", ""company_id"": ""6976"", ""source_url"": ""https://interfood.az/az/exhibitors-list/year/2022""}, {""exhibition"": ""interfood"", ""exhibition_label"": ""InterFood Azerbaijan"", ""year"": ""2023"", ""category"": ""MURMANSK VİLAYETİ"", ""stand"": ""1F160"", ""company_id"": ""6976"", ""source_url"": ""https://interfood.az/az/exhibitors-list/year/2023""}]}"
expo-00100,AGROVİTA,Azərbaycan,MEDİA | TƏRƏFDAŞ,1A140 | A1110 | A1112,Caspian Agro Week,2019 | 2021 | 2022 | 2023 | 2024,5,"{""appearances"": [{""exhibition"": ""caspianagroweek"", ""exhibition_label"": ""Caspian Agro Week"", ""year"": ""2019"", ""category"": ""MEDİA"", ""stand"": ""A1112"", ""company_id"": ""4701"", ""source_url"": ""https://caspianagroweek.az/az/exhibitors-list/year/2019""}, {""exhibition"": ""caspianagroweek"", ""exhibition_label"": ""Caspian Agro Week"", ""year"": ""2021"", ""category"": ""TƏRƏFDAŞ"", ""stand"": ""A1112"", ""company_id"": ""4701"", ""source_url"": ""https://caspianagroweek.az/az/exhibitors-list/year/2021""}, {""exhibition"": ""caspianagroweek"", ""exhibition_label"": ""Caspian Agro Week"", ""year"": ""2022"", ""category"": ""MEDİA"", ""stand"": ""A1110"", ""company_id"": ""4701"", ""source_url"": ""https://caspianagroweek.az/az/exhibitors-list/year/2022""}, {""exhibition"": ""caspianagroweek"", ""exhibition_label"": ""Caspian Agro Week"", ""year"": ""2023"", ""category"": ""MEDİA"", ""stand"": ""1A140"", ""company_id"": ""4701"", ""source_url"": ""https://caspianagroweek.az/az/exhibitors-list/year/2023""}, {""exhibition"": ""caspianagroweek"", ""exhibition_label"": ""Caspian Agro Week"", ""year"": ""2024"", ""category"": ""MEDİA"", ""stand"": ""1A140"", ""company_id"": ""4701"", ""source_url"": ""https://caspianagroweek.az/az/exhibitors-list/year/2024""}]}"
expo-00101,AHİMSA MMC,Azərbaycan,NAXÇIVAN MUXTAR RESPUBLİKASININ MİLLİ STENDİ,1F040-3,InterFood Azerbaijan,2025,1,"{""appearances"": [{""exhibition"": ""interfood"", ""exhibition_label"": ""InterFood Azerbaijan"", ""year"": ""2025"", ""category"": ""NAXÇIVAN MUXTAR RESPUBLİKASININ MİLLİ STENDİ"", ""stand"": ""1F040-3"", ""company_id"": """", ""source_url"": ""https://interfood.az/az/exhibitors-list/year/2025""}]}"
expo-00102,AİRVENT CONSTRUCTİON PRODUCTS MMC,Azərbaycan,MEDİA,2A120,Aquatherm Baku,2023,1,"{""appearances"": [{""exhibition"": ""aquatherm"", ""exhibition_label"": ""Aquatherm Baku"", ""year"": ""2023"", ""category"": ""MEDİA"", ""stand"": ""2A120"", ""company_id"": ""277239"", ""source_url"": ""https://aquatherm.az/az/exhibitors-list/year/2023""}]}"
expo-00103,AKBIS GROUP,Azərbaycan,MEDİA,2T052-1,TransLogistica Caspian,2024,1,"{""appearances"": [{""exhibition"": ""translogistica"", ""exhibition_label"": ""TransLogistica Caspian"", ""year"": ""2024"", ""category"": ""MEDİA"", ""stand"": ""2T052-1"", ""company_id"": """", ""source_url"": ""https://translogistica.az/az/exhibitors-list/year/2024""}]}"
expo-00104,AKKIK MMC,Azərbaycan,MEDİA,F1108,InterFood Azerbaijan,2019,1,"{""appearances"": [{""exhibition"": ""interfood"", ""exhibition_label"": ""InterFood Azerbaijan"", ""year"": ""2019"", ""category"": ""MEDİA"", ""stand"": ""F1108"", ""company_id"": ""4655"", ""source_url"": ""https://interfood.az/az/exhibitors-list/year/2019""}]}"
expo-00105,ALAT FREE ECONOMİC ZONE LOGİSTİCS CENTER,Azərbaycan,MEDİA,T2314-1,TransLogistica Caspian,2022,1,"{""appearances"": [{""exhibition"": ""translogistica"", ""exhibition_label"": ""TransLogistica Caspian"", ""year"": ""2022"", ""category"": ""MEDİA"", ""stand"": ""T2314-1"", ""company_id"": """", ""source_url"": ""https://translogistica.az/az/exhibitors-list/year/2022""}]}"
expo-00106,ALATBAY INDUSTRIAL DEVELOPMENT AFEZCO,Azərbaycan,MEDİA,2T462,TransLogistica Caspian,2023,1,"{""appearances"": [{""exhibition"": ""translogistica"", ""exhibition_label"": ""TransLogistica Caspian"", ""year"": ""2023"", ""category"": ""MEDİA"", ""stand"": ""2T462"", ""company_id"": ""8046"", ""source_url"": ""https://translogistica.az/az/exhibitors-list/year/2023""}]}"
expo-00107,ALCO MMC,Azərbaycan,MEDİA,1C312,Caspian Oil & Gas,2025,1,"{""appearances"": [{""exhibition"": ""caspianoilgas"", ""exhibition_label"": ""Caspian Oil & Gas"", ""year"": ""2025"", ""category"": ""MEDİA"", ""stand"": ""1C312"", ""company_id"": ""337166"", ""source_url"": ""https://caspianoilgas.az/az/exhibitors-list/year/2025""}]}"
expo-00108,ALE,Azərbaycan,MEDİA,2224,Caspian Oil & Gas,2019,1,"{""appearances"": [{""exhibition"": ""caspianoilgas"", ""exhibition_label"": ""Caspian Oil & Gas"", ""year"": ""2019"", ""category"": ""MEDİA"", ""stand"": ""2224"", ""company_id"": ""5501"", ""source_url"": ""https://caspianoilgas.az/az/exhibitors-list/year/2019""}]}"
expo-00109,ALGROUP MMC,Azərbaycan,TƏRƏFDAŞLAR,2B310,BakuBuild,2025,1,"{""appearances"": [{""exhibition"": ""bakubuild"", ""exhibition_label"": ""BakuBuild"", ""year"": ""2025"", ""category"": ""TƏRƏFDAŞLAR"", ""stand"": ""2B310"", ""company_id"": ""345134"", ""source_url"": ""https://bakubuild.az/az/exhibitors-list/year/2025""}]}"
expo-00110,ALLIANCE MULTIMODAL LLC,Azərbaycan,MEDİA,2T432,TransLogistica Caspian,2024,1,"{""appearances"": [{""exhibition"": ""translogistica"", ""exhibition_label"": ""TransLogistica Caspian"", ""year"": ""2024"", ""category"": ""MEDİA"", ""stand"": ""2T432"", ""company_id"": ""310150"", ""source_url"": ""https://translogistica.az/az/exhibitors-list/year/2024""}]}"
expo-00111,ALLİANCE LOGİSTİCS LLC,Azərbaycan,MEDİA,2T344 | 2T432-1 | T2314,TransLogistica Caspian,2022 | 2023 | 2024,3,"{""appearances"": [{""exhibition"": ""translogistica"", ""exhibition_label"": ""TransLogistica Caspian"", ""year"": ""2022"", ""category"": ""MEDİA"", ""stand"": ""T2314"", ""company_id"": ""7240"", ""source_url"": ""https://translogistica.az/az/exhibitors-list/year/2022""}, {""exhibition"": ""translogistica"", ""exhibition_label"": ""TransLogistica Caspian"", ""year"": ""2023"", ""category"": ""MEDİA"", ""stand"": ""2T344"", ""company_id"": ""7240"", ""source_url"": ""https://translogistica.az/az/exhibitors-list/year/2023""}, {""exhibition"": ""translogistica"", ""exhibition_label"": ""TransLogistica Caspian"", ""year"": ""2024"", ""category"": ""MEDİA"", ""stand"": ""2T432-1"", ""company_id"": ""310151"", ""source_url"": ""https://translogistica.az/az/exhibitors-list/year/2024""}]}"
expo-00112,ALMAZ AQRO MMC,Azərbaycan,MEDİA,3A006,Caspian Agro Week,2024,1,"{""appearances"": [{""exhibition"": ""caspianagroweek"", ""exhibition_label"": ""Caspian Agro Week"", ""year"": ""2024"", ""category"": ""MEDİA"", ""stand"": ""3A006"", ""company_id"": ""313774"", ""source_url"": ""https://caspianagroweek.az/az/exhibitors-list/year/2024""}]}"
expo-00113,"ALO, HƏKİM JURNALI",Azərbaycan,MEDİA,P142,BakuBuild | Securex Caspian,2019,2,"{""appearances"": [{""exhibition"": ""bakubuild"", ""exhibition_label"": ""BakuBuild"", ""year"": ""2019"", ""category"": ""MEDİA"", ""stand"": ""P142"", ""company_id"": ""5457"", ""source_url"": ""https://bakubuild.az/az/exhibitors-list/year/2019""}, {""exhibition"": ""securexcaspian"", ""exhibition_label"": ""Securex Caspian"", ""year"": ""2019"", ""category"": ""MEDİA"", ""stand"": ""P142"", ""company_id"": ""5457"", ""source_url"": ""https://securexcaspian.az/az/exhibitors-list/year/2019""}]}"
expo-00114,ALP XƏBƏR,Azərbaycan,MEDİA,,Aquatherm Baku | BakuBuild | Beauty Expo Baku | Securex Caspian,2022,5,"{""appearances"": [{""exhibition"": ""bakubuild"", ""exhibition_label"": ""BakuBuild"", ""year"": ""2022"", ""category"": ""MEDİA"", ""stand"": ""-"", ""company_id"": ""7530"", ""source_url"": ""https://bakubuild.az/az/exhibitors-list/year/2022""}, {""exhibition"": ""aquatherm"", ""exhibition_label"": ""Aquatherm Baku"", ""year"": ""2022"", ""category"": ""MEDİA"", ""stand"": ""-"", ""company_id"": ""7530"", ""source_url"": ""https://aquatherm.az/az/exhibitors-list/year/2022""}, {""exhibition"": ""beautyexpo"", ""exhibition_label"": ""Beauty Expo Baku"", ""year"": ""2022"", ""category"": ""MEDİA"", ""stand"": ""-"", ""company_id"": ""7530"", ""source_url"": ""https://beautyexpo.az/az/exhibitors-list/year/2022""}, {""exhibition"": ""securexcaspian"", ""exhibition_label"": ""Securex Caspian"", ""year"": ""2022"", ""category"": ""MEDİA"", ""stand"": ""-"", ""company_id"": ""7530"", ""source_url"": ""https://securexcaspian.az/az/exhibitors-list/year/2022""}, {""exhibition"": ""securexcaspian"", ""exhibition_label"": ""Securex Caspian"", ""year"": ""2022"", ""category"": ""MEDİA"", ""stand"": ""-"", ""company_id"": ""7530"", ""source_url"": ""https://securexcaspian.az/az/exhibitors-list/year/2022""}]}"
expo-00115,ALP.AZ,Azərbaycan,MEDİA,,Securex Caspian,2024,1,"{""appearances"": [{""exhibition"": ""securexcaspian"", ""exhibition_label"": ""Securex Caspian"", ""year"": ""2024"", ""category"": ""MEDİA"", ""stand"": ""-"", ""company_id"": """", ""source_url"": ""https://securexcaspian.az/az/exhibitors-list/year/2024""}]}"
expo-00116,ALPA ASC,Azərbaycan,MEDİA,2C055,Caspian Oil & Gas,2026,1,"{""appearances"": [{""exhibition"": ""caspianoilgas"", ""exhibition_label"": ""Caspian Oil & Gas"", ""year"": ""2026"", ""category"": ""MEDİA"", ""stand"": ""2C055"", ""company_id"": ""352644"", ""source_url"": ""https://caspianoilgas.az/az/exhibitors-list/year/2026""}]}"
expo-00117,ALPLER,Azərbaycan,MEDİA,A5002-15,Caspian Agro Week,2022,1,"{""appearances"": [{""exhibition"": ""caspianagroweek"", ""exhibition_label"": ""Caspian Agro Week"", ""year"": ""2022"", ""category"": ""MEDİA"", ""stand"": ""A5002-15"", ""company_id"": """", ""source_url"": ""https://caspianagroweek.az/az/exhibitors-list/year/2022""}]}"
expo-00118,ALPORT BAKU MMC,Azərbaycan,MEDİA,2T352 | 2T422 | 2T442,TransLogistica Caspian,2023 | 2024 | 2025,3,"{""appearances"": [{""exhibition"": ""translogistica"", ""exhibition_label"": ""TransLogistica Caspian"", ""year"": ""2023"", ""category"": ""MEDİA"", ""stand"": ""2T442"", ""company_id"": """", ""source_url"": ""https://translogistica.az/az/exhibitors-list/year/2023""}, {""exhibition"": ""translogistica"", ""exhibition_label"": ""TransLogistica Caspian"", ""year"": ""2024"", ""category"": ""MEDİA"", ""stand"": ""2T422"", ""company_id"": ""315093"", ""source_url"": ""https://translogistica.az/az/exhibitors-list/year/2024""}, {""exhibition"": ""translogistica"", ""exhibition_label"": ""TransLogistica Caspian"", ""year"": ""2025"", ""category"": ""MEDİA"", ""stand"": ""2T352"", ""company_id"": ""333841"", ""source_url"": ""https://translogistica.az/az/exhibitors-list/year/2025""}]}"
expo-00119,ALSTOM TRANSPORT AZƏRBAYCAN MMC,Azərbaycan,MEDİA,C1110,Caspian Oil & Gas,2022,1,"{""appearances"": [{""exhibition"": ""caspianoilgas"", ""exhibition_label"": ""Caspian Oil & Gas"", ""year"": ""2022"", ""category"": ""MEDİA"", ""stand"": ""C1110"", ""company_id"": ""7237"", ""source_url"": ""https://caspianoilgas.az/az/exhibitors-list/year/2022""}]}"
expo-00120,ALTİS GROUP OF COMPANIES,Azərbaycan,TƏRƏFDAŞLAR,B2114,BakuBuild,2021,1,"{""appearances"": [{""exhibition"": ""bakubuild"", ""exhibition_label"": ""BakuBuild"", ""year"": ""2021"", ""category"": ""TƏRƏFDAŞLAR"", ""stand"": ""B2114"", ""company_id"": ""6681"", ""source_url"": ""https://bakubuild.az/az/exhibitors-list/year/2021""}]}"
expo-00121,ALYANS TEKSTİL,Azərbaycan,MEDİA,C2112,Caspian Oil & Gas,2022,1,"{""appearances"": [{""exhibition"": ""caspianoilgas"", ""exhibition_label"": ""Caspian Oil & Gas"", ""year"": ""2022"", ""category"": ""MEDİA"", ""stand"": ""C2112"", ""company_id"": ""6881"", ""source_url"": ""https://caspianoilgas.az/az/exhibitors-list/year/2022""}]}"
expo-00122,AMICOS NDT MECHANICAL & ENGINEERING EQUIPMENT TRADING CO LLC,Azərbaycan,MEDİA,3C033/2,Caspian Oil & Gas,2023,1,"{""appearances"": [{""exhibition"": ""caspianoilgas"", ""exhibition_label"": ""Caspian Oil & Gas"", ""year"": ""2023"", ""category"": ""MEDİA"", ""stand"": ""3C033/2"", ""company_id"": """", ""source_url"": ""https://caspianoilgas.az/az/exhibitors-list/year/2023""}]}"
expo-00123,AMİN-Q MMC,Azərbaycan,MEDİA,2A416,Caspian Agro Week,2025,1,"{""appearances"": [{""exhibition"": ""caspianagroweek"", ""exhibition_label"": ""Caspian Agro Week"", ""year"": ""2025"", ""category"": ""MEDİA"", ""stand"": ""2A416"", ""company_id"": ""333742"", ""source_url"": ""https://caspianagroweek.az/az/exhibitors-list/year/2025""}]}"
expo-00124,AMK FASAD,Azərbaycan,TƏRƏFDAŞLAR,B1116-1,BakuBuild,2021,1,"{""appearances"": [{""exhibition"": ""bakubuild"", ""exhibition_label"": ""BakuBuild"", ""year"": ""2021"", ""category"": ""TƏRƏFDAŞLAR"", ""stand"": ""B1116-1"", ""company_id"": ""6781"", ""source_url"": ""https://bakubuild.az/az/exhibitors-list/year/2021""}]}"
expo-00125,AMO FRUİT,Azərbaycan,MEDİA,A1220,Caspian Agro Week,2019,1,"{""appearances"": [{""exhibition"": ""caspianagroweek"", ""exhibition_label"": ""Caspian Agro Week"", ""year"": ""2019"", ""category"": ""MEDİA"", ""stand"": ""A1220"", ""company_id"": ""4997"", ""source_url"": ""https://caspianagroweek.az/az/exhibitors-list/year/2019""}]}"
expo-00126,AMOFRESH,Azərbaycan,TƏRƏFDAŞ,1A240,Caspian Agro Week,2026,1,"{""appearances"": [{""exhibition"": ""caspianagroweek"", ""exhibition_label"": ""Caspian Agro Week"", ""year"": ""2026"", ""category"": ""TƏRƏFDAŞ"", ""stand"": ""1A240"", ""company_id"": ""4676"", ""source_url"": ""https://caspianagroweek.az/az/exhibitors-list/year/2026""}]}"
expo-00127,AMOGROUP MMC,Azərbaycan,,,Caspian Agro Week,2027,1,"{""appearances"": [{""exhibition"": ""caspianagroweek"", ""exhibition_label"": ""Caspian Agro Week"", ""year"": ""2027"", ""category"": """", ""stand"": ""-"", ""company_id"": """", ""source_url"": ""https://caspianagroweek.az/az/exhibitors-list/year/2027""}]}"
expo-00128,AMORİS,Azərbaycan,MEDİA,1A240 | A1220,Caspian Agro Week,2019 | 2024 | 2025,3,"{""appearances"": [{""exhibition"": ""caspianagroweek"", ""exhibition_label"": ""Caspian Agro Week"", ""year"": ""2019"", ""category"": ""MEDİA"", ""stand"": ""A1220"", ""company_id"": ""4676"", ""source_url"": ""https://caspianagroweek.az/az/exhibitors-list/year/2019""}, {""exhibition"": ""caspianagroweek"", ""exhibition_label"": ""Caspian Agro Week"", ""year"": ""2024"", ""category"": ""MEDİA"", ""stand"": ""1A240"", ""company_id"": ""4676"", ""source_url"": ""https://caspianagroweek.az/az/exhibitors-list/year/2024""}, {""exhibition"": ""caspianagroweek"", ""exhibition_label"": ""Caspian Agro Week"", ""year"": ""2025"", ""category"": ""MEDİA"", ""stand"": ""1A240"", ""company_id"": ""4676"", ""source_url"": ""https://caspianagroweek.az/az/exhibitors-list/year/2025""}]}"
expo-00129,ANADOLU KAFKAS INSAAT MAKINA SANAYI VE TICARET A.S.,Azərbaycan,MEDİA,2A240,Aquatherm Baku,2023,1,"{""appearances"": [{""exhibition"": ""aquatherm"", ""exhibition_label"": ""Aquatherm Baku"", ""year"": ""2023"", ""category"": ""MEDİA"", ""stand"": ""2A240"", ""company_id"": ""6545"", ""source_url"": ""https://aquatherm.az/az/exhibitors-list/year/2023""}]}"
expo-00130,ANEWZ,Azərbaycan,MEDİA,,Caspian Agro Week | Caspian Oil & Gas | TransLogistica Caspian,2026,3,"{""appearances"": [{""exhibition"": ""caspianoilgas"", ""exhibition_label"": ""Caspian Oil & Gas"", ""year"": ""2026"", ""category"": ""MEDİA"", ""stand"": ""-"", ""company_id"": """", ""source_url"": ""https://caspianoilgas.az/az/exhibitors-list/year/2026""}, {""exhibition"": ""translogistica"", ""exhibition_label"": ""TransLogistica Caspian"", ""year"": ""2026"", ""category"": ""MEDİA"", ""stand"": ""-"", ""company_id"": """", ""source_url"": ""https://translogistica.az/az/exhibitors-list/year/2026""}, {""exhibition"": ""caspianagroweek"", ""exhibition_label"": ""Caspian Agro Week"", ""year"": ""2026"", ""category"": ""MEDİA"", ""stand"": ""-"", ""company_id"": """", ""source_url"": ""https://caspianagroweek.az/az/exhibitors-list/year/2026""}]}"
expo-00131,ANQARD MMC,Azərbaycan,MEDİA,1B312,BakuBuild,2024,1,"{""appearances"": [{""exhibition"": ""bakubuild"", ""exhibition_label"": ""BakuBuild"", ""year"": ""2024"", ""category"": ""MEDİA"", ""stand"": ""1B312"", ""company_id"": ""324476"", ""source_url"": ""https://bakubuild.az/az/exhibitors-list/year/2024""}]}"
expo-00132,APA GROUP,Azərbaycan,MEDİA | TƏRƏFDAŞ,3M017 | P104,Aquatherm Baku | BakuBuild | Beauty Expo Baku | Caspian Agro Week | Caspian Oil & Gas | InterFood Azerbaijan | Plastex Caspian | Securex Caspian | TransLogistica Caspian,2022 | 2023 | 2024 | 2025 | 2026,26,"{""appearances"": [{""exhibition"": ""bakubuild"", ""exhibition_label"": ""BakuBuild"", ""year"": ""2022"", ""category"": ""MEDİA"", ""stand"": ""-"", ""company_id"": ""4257"", ""source_url"": ""https://bakubuild.az/az/exhibitors-list/year/2022""}, {""exhibition"": ""bakubuild"", ""exhibition_label"": ""BakuBuild"", ""year"": ""2023"", ""category"": ""MEDİA"", ""stand"": ""-"", ""company_id"": ""4257"", ""source_url"": ""https://bakubuild.az/az/exhibitors-list/year/2023""}, {""exhibition"": ""bakubuild"", ""exhibition_label"": ""BakuBuild"", ""year"": ""2024"", ""category"": ""MEDİA"", ""stand"": ""-"", ""company_id"": ""4257"", ""source_url"": ""https://bakubuild.az/az/exhibitors-list/year/2024""}, {""exhibition"": ""bakubuild"", ""exhibition_label"": ""BakuBuild"", ""year"": ""2025"", ""category"": ""MEDİA"", ""stand"": ""-"", ""company_id"": ""4257"", ""source_url"": ""https://bakubuild.az/az/exhibitors-list/year/2025""}, {""exhibition"": ""aquatherm"", ""exhibition_label"": ""Aquatherm Baku"", ""year"": ""2022"", ""category"": ""MEDİA"", ""stand"": ""-"", ""company_id"": ""4257"", ""source_url"": ""https://aquatherm.az/az/exhibitors-list/year/2022""}, {""exhibition"": ""aquatherm"", ""exhibition_label"": ""Aquatherm Baku"", ""year"": ""2023"", ""category"": ""MEDİA"", ""stand"": ""-"", ""company_id"": ""4257"", ""source_url"": ""https://aquatherm.az/az/exhibitors-list/year/2023""}, {""exhibition"": ""aquatherm"", ""exhibition_label"": ""Aquatherm Baku"", ""year"": ""2025"", ""category"": ""MEDİA"", ""stand"": ""-"", ""company_id"": ""4257"", ""source_url"": ""https://aquatherm.az/az/exhibitors-list/year/2025""}, {""exhibition"": ""beautyexpo"", ""exhibition_label"": ""Beauty Expo Baku"", ""year"": ""2022"", ""category"": ""MEDİA"", ""stand"": ""-"", ""company_id"": ""4257"", ""source_url"": ""https://beautyexpo.az/az/exhibitors-list/year/2022""}, {""exhibition"": ""beautyexpo"", ""exhibition_label"": ""Beauty Expo Baku"", ""year"": ""2023"", ""category"": ""MEDİA"", ""stand"": ""-"", ""company_id"": ""4257"", ""source_url"": ""https://beautyexpo.az/az/exhibitors-list/year/2023""}, {""exhibition"": ""interfood"", ""exhibition_label"": ""InterFood Azerbaijan"", ""year"": ""2023"", ""category"": ""MEDİA"", ""stand"": ""P104"", ""company_id"": ""4257"", ""source_url"": ""https://interfood.az/az/exhibitors-list/year/2023""}, {""exhibition"": ""interfood"", ""exhibition_label"": ""InterFood Azerbaijan"", ""year"": ""2024"", ""category"": ""MEDİA"", ""stand"": ""-"", ""company_id"": """", ""source_url"": ""https://interfood.az/az/exhibitors-list/year/2024""}, {""exhibition"": ""caspianoilgas"", ""exhibition_label"": ""Caspian Oil & Gas"", ""year"": ""2022"", ""category"": ""MEDİA"", ""stand"": ""-"", ""company_id"": ""4257"", ""source_url"": ""https://caspianoilgas.az/az/exhibitors-list/year/2022""}, {""exhibition"": ""caspianoilgas"", ""exhibition_label"": ""Caspian Oil & Gas"", ""year"": ""2023"", ""category"": ""MEDİA"", ""stand"": ""3M017"", ""company_id"": ""4257"", ""source_url"": ""https://caspianoilgas.az/az/exhibitors-list/year/2023""}, {""exhibition"": ""caspianoilgas"", ""exhibition_label"": ""Caspian Oil & Gas"", ""year"": ""2024"", ""category"": ""MEDİA"", ""stand"": ""-"", ""company_id"": """", ""source_url"": ""https://caspianoilgas.az/az/exhibitors-list/year/2024""}, {""exhibition"": ""caspianoilgas"", ""exhibition_label"": ""Caspian Oil & Gas"", ""year"": ""2026"", ""category"": ""MEDİA"", ""stand"": ""-"", ""company_id"": ""4257"", ""source_url"": ""https://caspianoilgas.az/az/exhibitors-list/year/2026""}, {""exhibition"": ""securexcaspian"", ""exhibition_label"": ""Securex Caspian"", ""year"": ""2022"", ""category"": ""MEDİA"", ""stand"": ""-"", ""company_id"": ""4257"", ""source_url"": ""https://securexcaspian.az/az/exhibitors-list/year/2022""}, {""exhibition"": ""securexcaspian"", ""exhibition_label"": ""Securex Caspian"", ""year"": ""2022"", ""category"": ""MEDİA"", ""stand"": ""-"", ""company_id"": ""4257"", ""source_url"": ""https://securexcaspian.az/az/exhibitors-list/year/2022""}, {""exhibition"": ""securexcaspian"", ""exhibition_label"": ""Securex Caspian"", ""year"": ""2024"", ""category"": ""MEDİA"", ""stand"": ""-"", ""company_id"": """", ""source_url"": ""https://securexcaspian.az/az/exhibitors-list/year/2024""}, {""exhibition"": ""translogistica"", ""exhibition_label"": ""TransLogistica Caspian"", ""year"": ""2024"", ""category"": ""MEDİA"", ""stand"": ""-"", ""company_id"": """", ""source_url"": ""https://translogistica.az/az/exhibitors-list/year/2024""}, {""exhibition"": ""translogistica"", ""exhibition_label"": ""TransLogistica Caspian"", ""year"": ""2024"", ""category"": ""MEDİA"", ""stand"": ""-"", ""company_id"": """", ""source_url"": ""https://translogistica.az/az/exhibitors-list/year/2024""}, {""exhibition"": ""translogistica"", ""exhibition_label"": ""TransLogistica Caspian"", ""year"": ""2024"", ""category"": ""MEDİA"", ""stand"": ""-"", ""company_id"": """", ""source_url"": ""https://translogistica.az/az/exhibitors-list/year/2024""}, {""exhibition"": ""translogistica"", ""exhibition_label"": ""TransLogistica Caspian"", ""year"": ""2026"", ""category"": ""MEDİA"", ""stand"": ""-"", ""company_id"": ""4257"", ""source_url"": ""https://translogistica.az/az/exhibitors-list/year/2026""}, {""exhibition"": ""caspianagroweek"", ""exhibition_label"": ""Caspian Agro Week"", ""year"": ""2023"", ""category"": ""MEDİA"", ""stand"": ""-"", ""company_id"": ""4257"", ""source_url"": ""https://caspianagroweek.az/az/exhibitors-list/year/2023""}, {""exhibition"": ""caspianagroweek"", ""exhibition_label"": ""Caspian Agro Week"", ""year"": ""2024"", ""category"": ""MEDİA"", ""stand"": ""-"", ""company_id"": """", ""source_url"": ""https://caspianagroweek.az/az/exhibitors-list/year/2024""}, {""exhibition"": ""caspianagroweek"", ""exhibition_label"": ""Caspian Agro Week"", ""year"": ""2026"", ""category"": ""TƏRƏFDAŞ"", ""stand"": ""-"", ""company_id"": ""4257"", ""source_url"": ""https://caspianagroweek.az/az/exhibitors-list/year/2026""}, {""exhibition"": ""plastex"", ""exhibition_label"": ""Plastex Caspian"", ""year"": ""2025"", ""category"": ""MEDİA"", ""stand"": ""-"", ""company_id"": ""4257"", ""source_url"": ""https://plastex.az/az/exhibitors-list/year/2025""}]}"
expo-00133,APIAZ MMC,Azərbaycan,NAXÇIVAN MUXTAR RESPUBLİKASININ MİLLİ STENDİ,4F102-4,InterFood Azerbaijan,2025,1,"{""appearances"": [{""exhibition"": ""interfood"", ""exhibition_label"": ""InterFood Azerbaijan"", ""year"": ""2025"", ""category"": ""NAXÇIVAN MUXTAR RESPUBLİKASININ MİLLİ STENDİ"", ""stand"": ""4F102-4"", ""company_id"": """", ""source_url"": ""https://interfood.az/az/exhibitors-list/year/2025""}]}"
expo-00134,AQRAR İNNOVASIYA MƏRKƏZI,Azərbaycan,TƏRƏFDAŞ,3A100-2,Caspian Agro Week,2026,1,"{""appearances"": [{""exhibition"": ""caspianagroweek"", ""exhibition_label"": ""Caspian Agro Week"", ""year"": ""2026"", ""category"": ""TƏRƏFDAŞ"", ""stand"": ""3A100-2"", ""company_id"": """", ""source_url"": ""https://caspianagroweek.az/az/exhibitors-list/year/2026""}]}"
expo-00135,AQRAR İNNOVASIYA VƏ TƏCHIZAT ŞIRKƏTI QSC,Azərbaycan,,,Caspian Agro Week,2027,1,"{""appearances"": [{""exhibition"": ""caspianagroweek"", ""exhibition_label"": ""Caspian Agro Week"", ""year"": ""2027"", ""category"": """", ""stand"": ""-"", ""company_id"": """", ""source_url"": ""https://caspianagroweek.az/az/exhibitors-list/year/2027""}]}"
expo-00136,AQRAR SIĞORTA FONDU,Azərbaycan,MEDİA | TƏRƏFDAŞ,3A010 | 3A014 | 3A100-1,Caspian Agro Week,2024 | 2025 | 2026,3,"{""appearances"": [{""exhibition"": ""caspianagroweek"", ""exhibition_label"": ""Caspian Agro Week"", ""year"": ""2024"", ""category"": ""MEDİA"", ""stand"": ""3A010"", ""company_id"": ""308232"", ""source_url"": ""https://caspianagroweek.az/az/exhibitors-list/year/2024""}, {""exhibition"": ""caspianagroweek"", ""exhibition_label"": ""Caspian Agro Week"", ""year"": ""2025"", ""category"": ""MEDİA"", ""stand"": ""3A014"", ""company_id"": ""308232"", ""source_url"": ""https://caspianagroweek.az/az/exhibitors-list/year/2025""}, {""exhibition"": ""caspianagroweek"", ""exhibition_label"": ""Caspian Agro Week"", ""year"": ""2026"", ""category"": ""TƏRƏFDAŞ"", ""stand"": ""3A100-1"", ""company_id"": """", ""source_url"": ""https://caspianagroweek.az/az/exhibitors-list/year/2026""}]}"
expo-00137,AQRAR TƏDARÜK VƏ TƏCHİZAT ASC,Azərbaycan,MEDİA | TƏRƏFDAŞ,2A020 | 3A134,Caspian Agro Week,2025 | 2026,2,"{""appearances"": [{""exhibition"": ""caspianagroweek"", ""exhibition_label"": ""Caspian Agro Week"", ""year"": ""2025"", ""category"": ""MEDİA"", ""stand"": ""3A134"", ""company_id"": ""334488"", ""source_url"": ""https://caspianagroweek.az/az/exhibitors-list/year/2025""}, {""exhibition"": ""caspianagroweek"", ""exhibition_label"": ""Caspian Agro Week"", ""year"": ""2026"", ""category"": ""TƏRƏFDAŞ"", ""stand"": ""2A020"", ""company_id"": ""352378"", ""source_url"": ""https://caspianagroweek.az/az/exhibitors-list/year/2026""}]}"
expo-00138,AQREQAT İSTEHSALAT BİRLİYİ,Azərbaycan,MEDİA,A3202-2,Securex Caspian,2022,1,"{""appearances"": [{""exhibition"": ""securexcaspian"", ""exhibition_label"": ""Securex Caspian"", ""year"": ""2022"", ""category"": ""MEDİA"", ""stand"": ""A3202-2"", ""company_id"": ""6426"", ""source_url"": ""https://securexcaspian.az/az/exhibitors-list/year/2022""}]}"
expo-00139,AQRO MİX MMC,Azərbaycan,MEDİA,F1010-2,InterFood Azerbaijan,2022,1,"{""appearances"": [{""exhibition"": ""interfood"", ""exhibition_label"": ""InterFood Azerbaijan"", ""year"": ""2022"", ""category"": ""MEDİA"", ""stand"": ""F1010-2"", ""company_id"": """", ""source_url"": ""https://interfood.az/az/exhibitors-list/year/2022""}]}"
expo-00140,AQRO TEST GROUP LLC,Azərbaycan,ŞİRVAN AQRO MMC,4F019,InterFood Azerbaijan,2026,1,"{""appearances"": [{""exhibition"": ""interfood"", ""exhibition_label"": ""InterFood Azerbaijan"", ""year"": ""2026"", ""category"": ""ŞİRVAN AQRO MMC"", ""stand"": ""4F019"", ""company_id"": """", ""source_url"": ""https://interfood.az/az/exhibitors-list/year/2026""}]}"
expo-00141,AQROBİZNES,Azərbaycan,MEDİA,,Caspian Agro Week,2019,1,"{""appearances"": [{""exhibition"": ""caspianagroweek"", ""exhibition_label"": ""Caspian Agro Week"", ""year"": ""2019"", ""category"": ""MEDİA"", ""stand"": ""-"", ""company_id"": ""5279"", ""source_url"": ""https://caspianagroweek.az/az/exhibitors-list/year/2019""}]}"
expo-00142,AQROELM,Azərbaycan,MEDİA,A2012,Caspian Agro Week,2022,1,"{""appearances"": [{""exhibition"": ""caspianagroweek"", ""exhibition_label"": ""Caspian Agro Week"", ""year"": ""2022"", ""category"": ""MEDİA"", ""stand"": ""A2012"", ""company_id"": ""6847"", ""source_url"": ""https://caspianagroweek.az/az/exhibitors-list/year/2022""}]}"
expo-00143,AQROKIMYA LLC,Azərbaycan,MEDİA | TƏRƏFDAŞ,1A221 | 1A222 | A1208 | A1210,Caspian Agro Week,2019 | 2021 | 2022 | 2023 | 2024 | 2025 | 2026 | 2027,8,"{""appearances"": [{""exhibition"": ""caspianagroweek"", ""exhibition_label"": ""Caspian Agro Week"", ""year"": ""2019"", ""category"": ""MEDİA"", ""stand"": ""A1210"", ""company_id"": ""4663"", ""source_url"": ""https://caspianagroweek.az/az/exhibitors-list/year/2019""}, {""exhibition"": ""caspianagroweek"", ""exhibition_label"": ""Caspian Agro Week"", ""year"": ""2021"", ""category"": ""TƏRƏFDAŞ"", ""stand"": ""A1208"", ""company_id"": ""4663"", ""source_url"": ""https://caspianagroweek.az/az/exhibitors-list/year/2021""}, {""exhibition"": ""caspianagroweek"", ""exhibition_label"": ""Caspian Agro Week"", ""year"": ""2022"", ""category"": ""MEDİA"", ""stand"": ""A1208"", ""company_id"": ""4663"", ""source_url"": ""https://caspianagroweek.az/az/exhibitors-list/year/2022""}, {""exhibition"": ""caspianagroweek"", ""exhibition_label"": ""Caspian Agro Week"", ""year"": ""2023"", ""category"": ""MEDİA"", ""stand"": ""1A222"", ""company_id"": ""4663"", ""source_url"": ""https://caspianagroweek.az/az/exhibitors-list/year/2023""}, {""exhibition"": ""caspianagroweek"", ""exhibition_label"": ""Caspian Agro Week"", ""year"": ""2024"", ""category"": ""MEDİA"", ""stand"": ""1A221"", ""company_id"": ""4663"", ""source_url"": ""https://caspianagroweek.az/az/exhibitors-list/year/2024""}, {""exhibition"": ""caspianagroweek"", ""exhibition_label"": ""Caspian Agro Week"", ""year"": ""2025"", ""category"": ""MEDİA"", ""stand"": ""1A222"", ""company_id"": ""4663"", ""source_url"": ""https://caspianagroweek.az/az/exhibitors-list/year/2025""}, {""exhibition"": ""caspianagroweek"", ""exhibition_label"": ""Caspian Agro Week"", ""year"": ""2026"", ""category"": ""TƏRƏFDAŞ"", ""stand"": ""1A222"", ""company_id"": ""4663"", ""source_url"": ""https://caspianagroweek.az/az/exhibitors-list/year/2026""}, {""exhibition"": ""caspianagroweek"", ""exhibition_label"": ""Caspian Agro Week"", ""year"": ""2027"", ""category"": """", ""stand"": ""-"", ""company_id"": """", ""source_url"": ""https://caspianagroweek.az/az/exhibitors-list/year/2027""}]}"
expo-00144,AQROKİMYA AZƏRBAYCAN MMC,Azərbaycan,MEDİA,2A246,Caspian Agro Week,2023,1,"{""appearances"": [{""exhibition"": ""caspianagroweek"", ""exhibition_label"": ""Caspian Agro Week"", ""year"": ""2023"", ""category"": ""MEDİA"", ""stand"": ""2A246"", ""company_id"": ""274572"", ""source_url"": ""https://caspianagroweek.az/az/exhibitors-list/year/2023""}]}"
expo-00145,AQROLAND,Azərbaycan,AZERA HOLDING | MEDİA,2A110-1 | 2A110-4 | 2A110-5,Caspian Agro Week,2023 | 2024 | 2025 | 2026,4,"{""appearances"": [{""exhibition"": ""caspianagroweek"", ""exhibition_label"": ""Caspian Agro Week"", ""year"": ""2023"", ""category"": ""MEDİA"", ""stand"": ""2A110-1"", ""company_id"": """", ""source_url"": ""https://caspianagroweek.az/az/exhibitors-list/year/2023""}, {""exhibition"": ""caspianagroweek"", ""exhibition_label"": ""Caspian Agro Week"", ""year"": ""2024"", ""category"": ""MEDİA"", ""stand"": ""2A110-4"", ""company_id"": """", ""source_url"": ""https://caspianagroweek.az/az/exhibitors-list/year/2024""}, {""exhibition"": ""caspianagroweek"", ""exhibition_label"": ""Caspian Agro Week"", ""year"": ""2025"", ""category"": ""MEDİA"", ""stand"": ""2A110-5"", ""company_id"": """", ""source_url"": ""https://caspianagroweek.az/az/exhibitors-list/year/2025""}, {""exhibition"": ""caspianagroweek"", ""exhibition_label"": ""Caspian Agro Week"", ""year"": ""2026"", ""category"": ""AZERA HOLDING"", ""stand"": ""2A110-5"", ""company_id"": """", ""source_url"": ""https://caspianagroweek.az/az/exhibitors-list/year/2026""}]}"
expo-00146,AQRONAFT MMC,Azərbaycan,MEDİA | TƏRƏFDAŞ,5A120-1 | 5A210-1 | 5A220-1 | A3106/A4008 | A5003/A5006 | A5024,Caspian Agro Week,2019 | 2021 | 2022 | 2023 | 2024 | 2025,6,"{""appearances"": [{""exhibition"": ""caspianagroweek"", ""exhibition_label"": ""Caspian Agro Week"", ""year"": ""2019"", ""category"": ""MEDİA"", ""stand"": ""A3106/A4008"", ""company_id"": ""5234"", ""source_url"": ""https://caspianagroweek.az/az/exhibitors-list/year/2019""}, {""exhibition"": ""caspianagroweek"", ""exhibition_label"": ""Caspian Agro Week"", ""year"": ""2021"", ""category"": ""TƏRƏFDAŞ"", ""stand"": ""A5003/A5006"", ""company_id"": ""5234"", ""source_url"": ""https://caspianagroweek.az/az/exhibitors-list/year/2021""}, {""exhibition"": ""caspianagroweek"", ""exhibition_label"": ""Caspian Agro Week"", ""year"": ""2022"", ""category"": ""MEDİA"", ""stand"": ""A5024"", ""company_id"": ""5234"", ""source_url"": ""https://caspianagroweek.az/az/exhibitors-list/year/2022""}, {""exhibition"": ""caspianagroweek"", ""exhibition_label"": ""Caspian Agro Week"", ""year"": ""2023"", ""category"": ""MEDİA"", ""stand"": ""5A220-1"", ""company_id"": ""7979"", ""source_url"": ""https://caspianagroweek.az/az/exhibitors-list/year/2023""}, {""exhibition"": ""caspianagroweek"", ""exhibition_label"": ""Caspian Agro Week"", ""year"": ""2024"", ""category"": ""MEDİA"", ""stand"": ""5A210-1"", ""company_id"": ""7979"", ""source_url"": ""https://caspianagroweek.az/az/exhibitors-list/year/2024""}, {""exhibition"": ""caspianagroweek"", ""exhibition_label"": ""Caspian Agro Week"", ""year"": ""2025"", ""category"": ""MEDİA"", ""stand"": ""5A120-1"", ""company_id"": ""7979"", ""source_url"": ""https://caspianagroweek.az/az/exhibitors-list/year/2025""}]}"
expo-00147,AQROPAT MMC,Azərbaycan,MURMANSK VİLAYETİ | NAXÇIVAN MUXTAR RESPUBLİKASININ MİLLİ STENDİ,1F250 | 4F202-2,InterFood Azerbaijan,2023 | 2025,2,"{""appearances"": [{""exhibition"": ""interfood"", ""exhibition_label"": ""InterFood Azerbaijan"", ""year"": ""2023"", ""category"": ""MURMANSK VİLAYETİ"", ""stand"": ""1F250"", ""company_id"": ""7869"", ""source_url"": ""https://interfood.az/az/exhibitors-list/year/2023""}, {""exhibition"": ""interfood"", ""exhibition_label"": ""InterFood Azerbaijan"", ""year"": ""2025"", ""category"": ""NAXÇIVAN MUXTAR RESPUBLİKASININ MİLLİ STENDİ"", ""stand"": ""4F202-2"", ""company_id"": """", ""source_url"": ""https://interfood.az/az/exhibitors-list/year/2025""}]}"
expo-00148,AQROPILOT,Azərbaycan,MEDİA,A2430,Caspian Agro Week,2022,1,"{""appearances"": [{""exhibition"": ""caspianagroweek"", ""exhibition_label"": ""Caspian Agro Week"", ""year"": ""2022"", ""category"": ""MEDİA"", ""stand"": ""A2430"", ""company_id"": """", ""source_url"": ""https://caspianagroweek.az/az/exhibitors-list/year/2022""}]}"
expo-00149,AQROSERVİS,Azərbaycan,MEDİA | TƏRƏFDAŞ,5A135 | A2402/A2304/A5026/A5025 | A3102-1/A5014,Caspian Agro Week,2021 | 2022 | 2025,3,"{""appearances"": [{""exhibition"": ""caspianagroweek"", ""exhibition_label"": ""Caspian Agro Week"", ""year"": ""2021"", ""category"": ""TƏRƏFDAŞ"", ""stand"": ""A2402/A2304/A5026/A5025"", ""company_id"": ""6509"", ""source_url"": ""https://caspianagroweek.az/az/exhibitors-list/year/2021""}, {""exhibition"": ""caspianagroweek"", ""exhibition_label"": ""Caspian Agro Week"", ""year"": ""2022"", ""category"": ""MEDİA"", ""stand"": ""A3102-1/A5014"", ""company_id"": ""6509"", ""source_url"": ""https://caspianagroweek.az/az/exhibitors-list/year/2022""}, {""exhibition"": ""caspianagroweek"", ""exhibition_label"": ""Caspian Agro Week"", ""year"": ""2025"", ""category"": ""MEDİA"", ""stand"": ""5A135"", ""company_id"": ""6509"", ""source_url"": ""https://caspianagroweek.az/az/exhibitors-list/year/2025""}]}"
expo-00150,AQROSERVİS ASC,Azərbaycan,MEDİA,5A250 | 5A270,Caspian Agro Week,2023 | 2024,2,"{""appearances"": [{""exhibition"": ""caspianagroweek"", ""exhibition_label"": ""Caspian Agro Week"", ""year"": ""2023"", ""category"": ""MEDİA"", ""stand"": ""5A250"", ""company_id"": ""6509"", ""source_url"": ""https://caspianagroweek.az/az/exhibitors-list/year/2023""}, {""exhibition"": ""caspianagroweek"", ""exhibition_label"": ""Caspian Agro Week"", ""year"": ""2024"", ""category"": ""MEDİA"", ""stand"": ""5A270"", ""company_id"": ""6509"", ""source_url"": ""https://caspianagroweek.az/az/exhibitors-list/year/2024""}]}"
expo-00151,AQROSERVİS AÇIQ SƏHMDAR CƏMİYYƏTİ,Azərbaycan,TƏRƏFDAŞ,5A080,Caspian Agro Week,2026,1,"{""appearances"": [{""exhibition"": ""caspianagroweek"", ""exhibition_label"": ""Caspian Agro Week"", ""year"": ""2026"", ""category"": ""TƏRƏFDAŞ"", ""stand"": ""5A080"", ""company_id"": ""352483"", ""source_url"": ""https://caspianagroweek.az/az/exhibitors-list/year/2026""}]}"
expo-00152,AQUAFİLTER MMC,Azərbaycan,MEDİA,2A002 | 2A130,Aquatherm Baku | Caspian Agro Week,2024 | 2025,2,"{""appearances"": [{""exhibition"": ""aquatherm"", ""exhibition_label"": ""Aquatherm Baku"", ""year"": ""2024"", ""category"": ""MEDİA"", ""stand"": ""2A130"", ""company_id"": ""324553"", ""source_url"": ""https://aquatherm.az/az/exhibitors-list/year/2024""}, {""exhibition"": ""caspianagroweek"", ""exhibition_label"": ""Caspian Agro Week"", ""year"": ""2025"", ""category"": ""MEDİA"", ""stand"": ""2A002"", ""company_id"": ""324553"", ""source_url"": ""https://caspianagroweek.az/az/exhibitors-list/year/2025""}]}"
expo-00153,AQUALINK MMC,Azərbaycan,A.O. SMITH SU TEXNOLOGİYALARI | MEDİA | TƏRƏFDAŞ,1A264 | 1A264-1 | 2A080 | 2A098 | 2A200 | A1004-1 | A2094,Aquatherm Baku | Caspian Agro Week,2021 | 2022 | 2023 | 2024 | 2025 | 2026,8,"{""appearances"": [{""exhibition"": ""aquatherm"", ""exhibition_label"": ""Aquatherm Baku"", ""year"": ""2022"", ""category"": ""MEDİA"", ""stand"": ""A2094"", ""company_id"": ""6215"", ""source_url"": ""https://aquatherm.az/az/exhibitors-list/year/2022""}, {""exhibition"": ""aquatherm"", ""exhibition_label"": ""Aquatherm Baku"", ""year"": ""2023"", ""category"": ""MEDİA"", ""stand"": ""2A080"", ""company_id"": ""6215"", ""source_url"": ""https://aquatherm.az/az/exhibitors-list/year/2023""}, {""exhibition"": ""aquatherm"", ""exhibition_label"": ""Aquatherm Baku"", ""year"": ""2024"", ""category"": ""MEDİA"", ""stand"": ""2A098"", ""company_id"": ""6215"", ""source_url"": ""https://aquatherm.az/az/exhibitors-list/year/2024""}, {""exhibition"": ""caspianagroweek"", ""exhibition_label"": ""Caspian Agro Week"", ""year"": ""2021"", ""category"": ""TƏRƏFDAŞ"", ""stand"": ""A1004-1"", ""company_id"": """", ""source_url"": ""https://caspianagroweek.az/az/exhibitors-list/year/2021""}, {""exhibition"": ""caspianagroweek"", ""exhibition_label"": ""Caspian Agro Week"", ""year"": ""2023"", ""category"": ""MEDİA"", ""stand"": ""2A200"", ""company_id"": ""6215"", ""source_url"": ""https://caspianagroweek.az/az/exhibitors-list/year/2023""}, {""exhibition"": ""caspianagroweek"", ""exhibition_label"": ""Caspian Agro Week"", ""year"": ""2024"", ""category"": ""MEDİA"", ""stand"": ""1A264"", ""company_id"": ""6215"", ""source_url"": ""https://caspianagroweek.az/az/exhibitors-list/year/2024""}, {""exhibition"": ""caspianagroweek"", ""exhibition_label"": ""Caspian Agro Week"", ""year"": ""2025"", ""category"": ""MEDİA"", ""stand"": ""1A264"", ""company_id"": ""301048"", ""source_url"": ""https://caspianagroweek.az/az/exhibitors-list/year/2025""}, {""exhibition"": ""caspianagroweek"", ""exhibition_label"": ""Caspian Agro Week"", ""year"": ""2026"", ""category"": ""A.O. SMITH SU TEXNOLOGİYALARI"", ""stand"": ""1A264-1"", ""company_id"": ""301048"", ""source_url"": ""https://caspianagroweek.az/az/exhibitors-list/year/2026""}]}"
expo-00154,AQUALİNK MMC (NİJHUİS SAUR INDUSTRİES NÜMAYƏNDƏSİ),Azərbaycan,MEDİA,2C422,Caspian Oil & Gas,2023,1,"{""appearances"": [{""exhibition"": ""caspianoilgas"", ""exhibition_label"": ""Caspian Oil & Gas"", ""year"": ""2023"", ""category"": ""MEDİA"", ""stand"": ""2C422"", ""company_id"": ""273426"", ""source_url"": ""https://caspianoilgas.az/az/exhibitors-list/year/2023""}]}"
expo-00155,AQUALUX MMC,Azərbaycan,MEDİA,4A402,Aquatherm Baku,2023 | 2025,2,"{""appearances"": [{""exhibition"": ""aquatherm"", ""exhibition_label"": ""Aquatherm Baku"", ""year"": ""2023"", ""category"": ""MEDİA"", ""stand"": ""-"", ""company_id"": """", ""source_url"": ""https://aquatherm.az/az/exhibitors-list/year/2023""}, {""exhibition"": ""aquatherm"", ""exhibition_label"": ""Aquatherm Baku"", ""year"": ""2025"", ""category"": ""MEDİA"", ""stand"": ""4A402"", ""company_id"": ""302351"", ""source_url"": ""https://aquatherm.az/az/exhibitors-list/year/2025""}]}"
expo-00156,AQUATECH MMC,Azərbaycan,MEDİA,A2405,Aquatherm Baku,2022,1,"{""appearances"": [{""exhibition"": ""aquatherm"", ""exhibition_label"": ""Aquatherm Baku"", ""year"": ""2022"", ""category"": ""MEDİA"", ""stand"": ""A2405"", ""company_id"": ""6353"", ""source_url"": ""https://aquatherm.az/az/exhibitors-list/year/2022""}]}"
expo-00157,AR GROUP CONSTRUCTİON SERVİCES MMC,Azərbaycan,ÇELYABİNSK VİLAYƏTİ,2B015,BakuBuild,2023,1,"{""appearances"": [{""exhibition"": ""bakubuild"", ""exhibition_label"": ""BakuBuild"", ""year"": ""2023"", ""category"": ""ÇELYABİNSK VİLAYƏTİ"", ""stand"": ""2B015"", ""company_id"": ""298138"", ""source_url"": ""https://bakubuild.az/az/exhibitors-list/year/2023""}]}"
expo-00158,ARAS DENIZ INSAAT A.S.,Azərbaycan,MEDİA,2C004,Caspian Oil & Gas,2024,1,"{""appearances"": [{""exhibition"": ""caspianoilgas"", ""exhibition_label"": ""Caspian Oil & Gas"", ""year"": ""2024"", ""category"": ""MEDİA"", ""stand"": ""2C004"", ""company_id"": ""313249"", ""source_url"": ""https://caspianoilgas.az/az/exhibitors-list/year/2024""}]}"
expo-00159,ARAZNET LLC,Azərbaycan,TƏRƏFDAŞ,4A414,Caspian Agro Week,2026,1,"{""appearances"": [{""exhibition"": ""caspianagroweek"", ""exhibition_label"": ""Caspian Agro Week"", ""year"": ""2026"", ""category"": ""TƏRƏFDAŞ"", ""stand"": ""4A414"", ""company_id"": ""353626"", ""source_url"": ""https://caspianagroweek.az/az/exhibitors-list/year/2026""}]}"
expo-00160,ARCHİ GLASS,Azərbaycan,TƏRƏFDAŞLAR,B1314,BakuBuild | Securex Caspian,2019,2,"{""appearances"": [{""exhibition"": ""bakubuild"", ""exhibition_label"": ""BakuBuild"", ""year"": ""2019"", ""category"": ""TƏRƏFDAŞLAR"", ""stand"": ""B1314"", ""company_id"": ""5729"", ""source_url"": ""https://bakubuild.az/az/exhibitors-list/year/2019""}, {""exhibition"": ""securexcaspian"", ""exhibition_label"": ""Securex Caspian"", ""year"": ""2019"", ""category"": ""TƏRƏFDAŞLAR"", ""stand"": ""B1314"", ""company_id"": ""5729"", ""source_url"": ""https://securexcaspian.az/az/exhibitors-list/year/2019""}]}"
expo-00161,ARENDA.AZ MMC,Azərbaycan,MEDİA,P124,BakuBuild | Securex Caspian,2019,2,"{""appearances"": [{""exhibition"": ""bakubuild"", ""exhibition_label"": ""BakuBuild"", ""year"": ""2019"", ""category"": ""MEDİA"", ""stand"": ""P124"", ""company_id"": ""5864"", ""source_url"": ""https://bakubuild.az/az/exhibitors-list/year/2019""}, {""exhibition"": ""securexcaspian"", ""exhibition_label"": ""Securex Caspian"", ""year"": ""2019"", ""category"": ""MEDİA"", ""stand"": ""P124"", ""company_id"": ""5864"", ""source_url"": ""https://securexcaspian.az/az/exhibitors-list/year/2019""}]}"
expo-00162,ARİS MMC,Azərbaycan,TƏRƏFDAŞLAR,A2066,Aquatherm Baku | Securex Caspian,2019,2,"{""appearances"": [{""exhibition"": ""aquatherm"", ""exhibition_label"": ""Aquatherm Baku"", ""year"": ""2019"", ""category"": ""TƏRƏFDAŞLAR"", ""stand"": ""A2066"", ""company_id"": ""5819"", ""source_url"": ""https://aquatherm.az/az/exhibitors-list/year/2019""}, {""exhibition"": ""securexcaspian"", ""exhibition_label"": ""Securex Caspian"", ""year"": ""2019"", ""category"": ""TƏRƏFDAŞLAR"", ""stand"": ""A2066"", ""company_id"": ""5819"", ""source_url"": ""https://securexcaspian.az/az/exhibitors-list/year/2019""}]}"
expo-00163,ARKIVAN TRANS MMC,Azərbaycan,TƏRƏFDAŞ,1A025,Caspian Agro Week,2026,1,"{""appearances"": [{""exhibition"": ""caspianagroweek"", ""exhibition_label"": ""Caspian Agro Week"", ""year"": ""2026"", ""category"": ""TƏRƏFDAŞ"", ""stand"": ""1A025"", ""company_id"": ""352584"", ""source_url"": ""https://caspianagroweek.az/az/exhibitors-list/year/2026""}]}"
expo-00164,ARKOZ MEBEL FABRİKİ MMC,Azərbaycan,TƏRƏFDAŞLAR,2B020,BakuBuild,2025,1,"{""appearances"": [{""exhibition"": ""bakubuild"", ""exhibition_label"": ""BakuBuild"", ""year"": ""2025"", ""category"": ""TƏRƏFDAŞLAR"", ""stand"": ""2B020"", ""company_id"": ""345057"", ""source_url"": ""https://bakubuild.az/az/exhibitors-list/year/2025""}]}"
expo-00165,ARKOZ QAZAX SEMENT ZAVODU MMC,Azərbaycan,ÇELYABİNSK VİLAYƏTİ,1B324,BakuBuild,2023,1,"{""appearances"": [{""exhibition"": ""bakubuild"", ""exhibition_label"": ""BakuBuild"", ""year"": ""2023"", ""category"": ""ÇELYABİNSK VİLAYƏTİ"", ""stand"": ""1B324"", ""company_id"": ""277231"", ""source_url"": ""https://bakubuild.az/az/exhibitors-list/year/2023""}]}"
expo-00166,ARS,Azərbaycan,MEDİA,A1104,Caspian Agro Week,2019,1,"{""appearances"": [{""exhibition"": ""caspianagroweek"", ""exhibition_label"": ""Caspian Agro Week"", ""year"": ""2019"", ""category"": ""MEDİA"", ""stand"": ""A1104"", ""company_id"": """", ""source_url"": ""https://caspianagroweek.az/az/exhibitors-list/year/2019""}]}"
expo-00167,AS AGROTEX MMC,Azərbaycan,TƏRƏFDAŞ,1A256,Caspian Agro Week,2026 | 2027,2,"{""appearances"": [{""exhibition"": ""caspianagroweek"", ""exhibition_label"": ""Caspian Agro Week"", ""year"": ""2026"", ""category"": ""TƏRƏFDAŞ"", ""stand"": ""1A256"", ""company_id"": ""345059"", ""source_url"": ""https://caspianagroweek.az/az/exhibitors-list/year/2026""}, {""exhibition"": ""caspianagroweek"", ""exhibition_label"": ""Caspian Agro Week"", ""year"": ""2027"", ""category"": """", ""stand"": ""-"", ""company_id"": """", ""source_url"": ""https://caspianagroweek.az/az/exhibitors-list/year/2027""}]}"
expo-00168,AS METAL MMC,Azərbaycan,MEDİA,,Caspian Oil & Gas,2023,1,"{""appearances"": [{""exhibition"": ""caspianoilgas"", ""exhibition_label"": ""Caspian Oil & Gas"", ""year"": ""2023"", ""category"": ""MEDİA"", ""stand"": ""-"", ""company_id"": """", ""source_url"": ""https://caspianoilgas.az/az/exhibitors-list/year/2023""}]}"
expo-00169,AS PAYP,Azərbaycan,MEDİA,A3005,Caspian Agro Week,2019,1,"{""appearances"": [{""exhibition"": ""caspianagroweek"", ""exhibition_label"": ""Caspian Agro Week"", ""year"": ""2019"", ""category"": ""MEDİA"", ""stand"": ""A3005"", ""company_id"": ""5482"", ""source_url"": ""https://caspianagroweek.az/az/exhibitors-list/year/2019""}]}"
expo-00170,AS PROF LOGISTICS MMC,Azərbaycan,MEDİA,1010,TransLogistica Caspian,2019,1,"{""appearances"": [{""exhibition"": ""translogistica"", ""exhibition_label"": ""TransLogistica Caspian"", ""year"": ""2019"", ""category"": ""MEDİA"", ""stand"": ""1010"", ""company_id"": ""5516"", ""source_url"": ""https://translogistica.az/az/exhibitors-list/year/2019""}]}"
expo-00171,AS TECHNOLOGIES,Azərbaycan,TƏRƏFDAŞLAR,2B254,BakuBuild,2025,1,"{""appearances"": [{""exhibition"": ""bakubuild"", ""exhibition_label"": ""BakuBuild"", ""year"": ""2025"", ""category"": ""TƏRƏFDAŞLAR"", ""stand"": ""2B254"", ""company_id"": ""345368"", ""source_url"": ""https://bakubuild.az/az/exhibitors-list/year/2025""}]}"
expo-00172,ASAN RADİO 100 FM,Azərbaycan,MEDİA,,Aquatherm Baku | BakuBuild | Beauty Expo Baku | Caspian Agro Week | Caspian Oil & Gas | InterFood Azerbaijan | Plastex Caspian | Securex Caspian | TransLogistica Caspian,2019 | 2022 | 2024 | 2025,22,"{""appearances"": [{""exhibition"": ""bakubuild"", ""exhibition_label"": ""BakuBuild"", ""year"": ""2019"", ""category"": ""MEDİA"", ""stand"": ""-"", ""company_id"": ""4258"", ""source_url"": ""https://bakubuild.az/az/exhibitors-list/year/2019""}, {""exhibition"": ""bakubuild"", ""exhibition_label"": ""BakuBuild"", ""year"": ""2024"", ""category"": ""MEDİA"", ""stand"": ""-"", ""company_id"": ""4258"", ""source_url"": ""https://bakubuild.az/az/exhibitors-list/year/2024""}, {""exhibition"": ""bakubuild"", ""exhibition_label"": ""BakuBuild"", ""year"": ""2025"", ""category"": ""MEDİA"", ""stand"": ""-"", ""company_id"": ""4258"", ""source_url"": ""https://bakubuild.az/az/exhibitors-list/year/2025""}, {""exhibition"": ""aquatherm"", ""exhibition_label"": ""Aquatherm Baku"", ""year"": ""2019"", ""category"": ""MEDİA"", ""stand"": ""-"", ""company_id"": ""4258"", ""source_url"": ""https://aquatherm.az/az/exhibitors-list/year/2019""}, {""exhibition"": ""aquatherm"", ""exhibition_label"": ""Aquatherm Baku"", ""year"": ""2025"", ""category"": ""MEDİA"", ""stand"": ""-"", ""company_id"": ""4258"", ""source_url"": ""https://aquatherm.az/az/exhibitors-list/year/2025""}, {""exhibition"": ""beautyexpo"", ""exhibition_label"": ""Beauty Expo Baku"", ""year"": ""2019"", ""category"": ""MEDİA"", ""stand"": ""-"", ""company_id"": ""4258"", ""source_url"": ""https://beautyexpo.az/az/exhibitors-list/year/2019""}, {""exhibition"": ""interfood"", ""exhibition_label"": ""InterFood Azerbaijan"", ""year"": ""2019"", ""category"": ""MEDİA"", ""stand"": ""-"", ""company_id"": ""4258"", ""source_url"": ""https://interfood.az/az/exhibitors-list/year/2019""}, {""exhibition"": ""interfood"", ""exhibition_label"": ""InterFood Azerbaijan"", ""year"": ""2024"", ""category"": ""MEDİA"", ""stand"": ""-"", ""company_id"": """", ""source_url"": ""https://interfood.az/az/exhibitors-list/year/2024""}, {""exhibition"": ""interfood"", ""exhibition_label"": ""InterFood Azerbaijan"", ""year"": ""2025"", ""category"": ""MEDİA"", ""stand"": ""-"", ""company_id"": ""4258"", ""source_url"": ""https://interfood.az/az/exhibitors-list/year/2025""}, {""exhibition"": ""caspianoilgas"", ""exhibition_label"": ""Caspian Oil & Gas"", ""year"": ""2019"", ""category"": ""MEDİA"", ""stand"": ""-"", ""company_id"": ""4258"", ""source_url"": ""https://caspianoilgas.az/az/exhibitors-list/year/2019""}, {""exhibition"": ""caspianoilgas"", ""exhibition_label"": ""Caspian Oil & Gas"", ""year"": ""2024"", ""category"": ""MEDİA"", ""stand"": ""-"", ""company_id"": ""4258"", ""source_url"": ""https://caspianoilgas.az/az/exhibitors-list/year/2024""}, {""exhibition"": ""securexcaspian"", ""exhibition_label"": ""Securex Caspian"", ""year"": ""2019"", ""category"": ""MEDİA"", ""stand"": ""-"", ""company_id"": ""4258"", ""source_url"": ""https://securexcaspian.az/az/exhibitors-list/year/2019""}, {""exhibition"": ""securexcaspian"", ""exhibition_label"": ""Securex Caspian"", ""year"": ""2019"", ""category"": ""MEDİA"", ""stand"": ""-"", ""company_id"": ""4258"", ""source_url"": ""https://securexcaspian.az/az/exhibitors-list/year/2019""}, {""exhibition"": ""securexcaspian"", ""exhibition_label"": ""Securex Caspian"", ""year"": ""2022"", ""category"": ""MEDİA"", ""stand"": ""-"", ""company_id"": """", ""source_url"": ""https://securexcaspian.az/az/exhibitors-list/year/2022""}, {""exhibition"": ""securexcaspian"", ""exhibition_label"": ""Securex Caspian"", ""year"": ""2024"", ""category"": ""MEDİA"", ""stand"": ""-"", ""company_id"": ""4258"", ""source_url"": ""https://securexcaspian.az/az/exhibitors-list/year/2024""}, {""exhibition"": ""securexcaspian"", ""exhibition_label"": ""Securex Caspian"", ""year"": ""2024"", ""category"": ""MEDİA"", ""stand"": ""-"", ""company_id"": ""4258"", ""source_url"": ""https://securexcaspian.az/az/exhibitors-list/year/2024""}, {""exhibition"": ""translogistica"", ""exhibition_label"": ""TransLogistica Caspian"", ""year"": ""2019"", ""category"": ""MEDİA"", ""stand"": ""-"", ""company_id"": ""4258"", ""source_url"": ""https://translogistica.az/az/exhibitors-list/year/2019""}, {""exhibition"": ""translogistica"", ""exhibition_label"": ""TransLogistica Caspian"", ""year"": ""2024"", ""category"": ""MEDİA"", ""stand"": ""-"", ""company_id"": ""4258"", ""source_url"": ""https://translogistica.az/az/exhibitors-list/year/2024""}, {""exhibition"": ""caspianagroweek"", ""exhibition_label"": ""Caspian Agro Week"", ""year"": ""2019"", ""category"": ""MEDİA"", ""stand"": ""-"", ""company_id"": ""4258"", ""source_url"": ""https://caspianagroweek.az/az/exhibitors-list/year/2019""}, {""exhibition"": ""caspianagroweek"", ""exhibition_label"": ""Caspian Agro Week"", ""year"": ""2024"", ""category"": ""MEDİA"", ""stand"": ""-"", ""company_id"": ""4258"", ""source_url"": ""https://caspianagroweek.az/az/exhibitors-list/year/2024""}, {""exhibition"": ""caspianagroweek"", ""exhibition_label"": ""Caspian Agro Week"", ""year"": ""2025"", ""category"": ""MEDİA"", ""stand"": ""-"", ""company_id"": ""4258"", ""source_url"": ""https://caspianagroweek.az/az/exhibitors-list/year/2025""}, {""exhibition"": ""plastex"", ""exhibition_label"": ""Plastex Caspian"", ""year"": ""2025"", ""category"": ""MEDİA"", ""stand"": ""-"", ""company_id"": ""4258"", ""source_url"": ""https://plastex.az/az/exhibitors-list/year/2025""}]}"
expo-00173,ASELSAN,Azərbaycan,MEDİA,6A523,Securex Caspian,2024,1,"{""appearances"": [{""exhibition"": ""securexcaspian"", ""exhibition_label"": ""Securex Caspian"", ""year"": ""2024"", ""category"": ""MEDİA"", ""stand"": ""6A523"", ""company_id"": """", ""source_url"": ""https://securexcaspian.az/az/exhibitors-list/year/2024""}]}"
expo-00174,ASENA KO MMC,Azərbaycan,TƏRƏFDAŞ,A2305,Caspian Agro Week,2021,1,"{""appearances"": [{""exhibition"": ""caspianagroweek"", ""exhibition_label"": ""Caspian Agro Week"", ""year"": ""2021"", ""category"": ""TƏRƏFDAŞ"", ""stand"": ""A2305"", ""company_id"": ""6498"", ""source_url"": ""https://caspianagroweek.az/az/exhibitors-list/year/2021""}]}"
expo-00175,ASG HELİCOPTER SERVİCES MMC,Azərbaycan,MEDİA,1C234 | C1118,Caspian Oil & Gas,2022 | 2023,2,"{""appearances"": [{""exhibition"": ""caspianoilgas"", ""exhibition_label"": ""Caspian Oil & Gas"", ""year"": ""2022"", ""category"": ""MEDİA"", ""stand"": ""C1118"", ""company_id"": ""7112"", ""source_url"": ""https://caspianoilgas.az/az/exhibitors-list/year/2022""}, {""exhibition"": ""caspianoilgas"", ""exhibition_label"": ""Caspian Oil & Gas"", ""year"": ""2023"", ""category"": ""MEDİA"", ""stand"": ""1C234"", ""company_id"": ""7112"", ""source_url"": ""https://caspianoilgas.az/az/exhibitors-list/year/2023""}]}"
expo-00176,ASK HEYVANDARLIQ,Azərbaycan,MEDİA,A2110,Caspian Agro Week,2019,1,"{""appearances"": [{""exhibition"": ""caspianagroweek"", ""exhibition_label"": ""Caspian Agro Week"", ""year"": ""2019"", ""category"": ""MEDİA"", ""stand"": ""A2110"", ""company_id"": ""5003"", ""source_url"": ""https://caspianagroweek.az/az/exhibitors-list/year/2019""}]}"
expo-00177,ASK ŞƏKİ ŞƏRAB,Azərbaycan,MEDİA,A2110,Caspian Agro Week,2019,1,"{""appearances"": [{""exhibition"": ""caspianagroweek"", ""exhibition_label"": ""Caspian Agro Week"", ""year"": ""2019"", ""category"": ""MEDİA"", ""stand"": ""A2110"", ""company_id"": ""5000"", ""source_url"": ""https://caspianagroweek.az/az/exhibitors-list/year/2019""}]}"
expo-00178,ASR ALLIANCE,Azərbaycan,TƏRƏFDAŞLAR,2B016,BakuBuild,2025,1,"{""appearances"": [{""exhibition"": ""bakubuild"", ""exhibition_label"": ""BakuBuild"", ""year"": ""2025"", ""category"": ""TƏRƏFDAŞLAR"", ""stand"": ""2B016"", ""company_id"": ""345078"", ""source_url"": ""https://bakubuild.az/az/exhibitors-list/year/2025""}]}"
expo-00179,ASSA ABLOY OPENİNG SOLUTİONS,Azərbaycan,TƏRƏFDAŞLAR,B1106,Securex Caspian,2019,1,"{""appearances"": [{""exhibition"": ""securexcaspian"", ""exhibition_label"": ""Securex Caspian"", ""year"": ""2019"", ""category"": ""TƏRƏFDAŞLAR"", ""stand"": ""B1106"", ""company_id"": ""5640"", ""source_url"": ""https://securexcaspian.az/az/exhibitors-list/year/2019""}]}"
expo-00180,ASSAN-STP PANEL MMC,Azərbaycan,MEDİA,B2410,BakuBuild,2022,1,"{""appearances"": [{""exhibition"": ""bakubuild"", ""exhibition_label"": ""BakuBuild"", ""year"": ""2022"", ""category"": ""MEDİA"", ""stand"": ""B2410"", ""company_id"": ""7361"", ""source_url"": ""https://bakubuild.az/az/exhibitors-list/year/2022""}]}"
expo-00181,ASTARAÇAY MMC,Azərbaycan,MEDİA,1A360-9 | F1314 | F1316,Caspian Agro Week | InterFood Azerbaijan,2019 | 2021 | 2023 | 2024 | 2025,5,"{""appearances"": [{""exhibition"": ""interfood"", ""exhibition_label"": ""InterFood Azerbaijan"", ""year"": ""2019"", ""category"": ""MEDİA"", ""stand"": ""F1316"", ""company_id"": ""4675"", ""source_url"": ""https://interfood.az/az/exhibitors-list/year/2019""}, {""exhibition"": ""interfood"", ""exhibition_label"": ""InterFood Azerbaijan"", ""year"": ""2021"", ""category"": ""MEDİA"", ""stand"": ""F1314"", ""company_id"": ""4675"", ""source_url"": ""https://interfood.az/az/exhibitors-list/year/2021""}, {""exhibition"": ""caspianagroweek"", ""exhibition_label"": ""Caspian Agro Week"", ""year"": ""2023"", ""category"": ""MEDİA"", ""stand"": ""1A360-9"", ""company_id"": """", ""source_url"": ""https://caspianagroweek.az/az/exhibitors-list/year/2023""}, {""exhibition"": ""caspianagroweek"", ""exhibition_label"": ""Caspian Agro Week"", ""year"": ""2024"", ""category"": ""MEDİA"", ""stand"": ""1A360-9"", ""company_id"": """", ""source_url"": ""https://caspianagroweek.az/az/exhibitors-list/year/2024""}, {""exhibition"": ""caspianagroweek"", ""exhibition_label"": ""Caspian Agro Week"", ""year"": ""2025"", ""category"": ""MEDİA"", ""stand"": ""1A360-9"", ""company_id"": """", ""source_url"": ""https://caspianagroweek.az/az/exhibitors-list/year/2025""}]}"
expo-00182,ATA PACK MMC,Azərbaycan,MEDİA | NAXÇIVAN MUXTAR RESPUBLİKASININ MİLLİ STENDİ,1F262 | 2F004,Caspian Agro Week | InterFood Azerbaijan,2023 | 2024 | 2025,3,"{""appearances"": [{""exhibition"": ""interfood"", ""exhibition_label"": ""InterFood Azerbaijan"", ""year"": ""2024"", ""category"": ""MEDİA"", ""stand"": ""2F004"", ""company_id"": ""279152"", ""source_url"": ""https://interfood.az/az/exhibitors-list/year/2024""}, {""exhibition"": ""interfood"", ""exhibition_label"": ""InterFood Azerbaijan"", ""year"": ""2025"", ""category"": ""NAXÇIVAN MUXTAR RESPUBLİKASININ MİLLİ STENDİ"", ""stand"": ""1F262"", ""company_id"": ""279152"", ""source_url"": ""https://interfood.az/az/exhibitors-list/year/2025""}, {""exhibition"": ""caspianagroweek"", ""exhibition_label"": ""Caspian Agro Week"", ""year"": ""2023"", ""category"": ""MEDİA"", ""stand"": ""-"", ""company_id"": ""279152"", ""source_url"": ""https://caspianagroweek.az/az/exhibitors-list/year/2023""}]}"
expo-00183,ATENA MMC,Azərbaycan,MEDİA,F1006 | F3124,InterFood Azerbaijan,2019 | 2021,2,"{""appearances"": [{""exhibition"": ""interfood"", ""exhibition_label"": ""InterFood Azerbaijan"", ""year"": ""2019"", ""category"": ""MEDİA"", ""stand"": ""F3124"", ""company_id"": ""5491"", ""source_url"": ""https://interfood.az/az/exhibitors-list/year/2019""}, {""exhibition"": ""interfood"", ""exhibition_label"": ""InterFood Azerbaijan"", ""year"": ""2021"", ""category"": ""MEDİA"", ""stand"": ""F1006"", ""company_id"": ""5491"", ""source_url"": ""https://interfood.az/az/exhibitors-list/year/2021""}]}"
expo-00184,ATMİA - AZƏRBAYCAN TIKINTI MATERIALLARI İSTEHSALÇILARI ASSOSIASIYASI,Azərbaycan,MEDİA | TƏRƏFDAŞLAR,,BakuBuild,2024 | 2025,2,"{""appearances"": [{""exhibition"": ""bakubuild"", ""exhibition_label"": ""BakuBuild"", ""year"": ""2024"", ""category"": ""MEDİA"", ""stand"": ""-"", ""company_id"": ""326106"", ""source_url"": ""https://bakubuild.az/az/exhibitors-list/year/2024""}, {""exhibition"": ""bakubuild"", ""exhibition_label"": ""BakuBuild"", ""year"": ""2025"", ""category"": ""TƏRƏFDAŞLAR"", ""stand"": ""-"", ""company_id"": ""326106"", ""source_url"": ""https://bakubuild.az/az/exhibitors-list/year/2025""}]}"
expo-00185,ATS AGRO,Azərbaycan,MURMANSK VİLAYETİ,1F360-6,InterFood Azerbaijan,2023,1,"{""appearances"": [{""exhibition"": ""interfood"", ""exhibition_label"": ""InterFood Azerbaijan"", ""year"": ""2023"", ""category"": ""MURMANSK VİLAYETİ"", ""stand"": ""1F360-6"", ""company_id"": """", ""source_url"": ""https://interfood.az/az/exhibitors-list/year/2023""}]}"
expo-00186,ATS FEED,Azərbaycan,MURMANSK VİLAYETİ,1F360-5,InterFood Azerbaijan,2023,1,"{""appearances"": [{""exhibition"": ""interfood"", ""exhibition_label"": ""InterFood Azerbaijan"", ""year"": ""2023"", ""category"": ""MURMANSK VİLAYETİ"", ""stand"": ""1F360-5"", ""company_id"": """", ""source_url"": ""https://interfood.az/az/exhibitors-list/year/2023""}]}"
expo-00187,ATS FOOD  MMC,Azərbaycan,ATS FOOD | MURMANSK VİLAYETİ | ŞİRVAN AQRO MMC,1F360-2 | 4F102-1,InterFood Azerbaijan,2023 | 2026 | 2027,3,"{""appearances"": [{""exhibition"": ""interfood"", ""exhibition_label"": ""InterFood Azerbaijan"", ""year"": ""2023"", ""category"": ""MURMANSK VİLAYETİ"", ""stand"": ""1F360-2"", ""company_id"": """", ""source_url"": ""https://interfood.az/az/exhibitors-list/year/2023""}, {""exhibition"": ""interfood"", ""exhibition_label"": ""InterFood Azerbaijan"", ""year"": ""2026"", ""category"": ""ŞİRVAN AQRO MMC"", ""stand"": ""4F102-1"", ""company_id"": ""273536"", ""source_url"": ""https://interfood.az/az/exhibitors-list/year/2026""}, {""exhibition"": ""interfood"", ""exhibition_label"": ""InterFood Azerbaijan"", ""year"": ""2027"", ""category"": ""ATS FOOD"", ""stand"": ""-"", ""company_id"": """", ""source_url"": ""https://interfood.az/az/exhibitors-list/year/2027""}]}"
expo-00188,ATS GROUP,Azərbaycan,MURMANSK VİLAYETİ,1F360-1,InterFood Azerbaijan,2023,1,"{""appearances"": [{""exhibition"": ""interfood"", ""exhibition_label"": ""InterFood Azerbaijan"", ""year"": ""2023"", ""category"": ""MURMANSK VİLAYETİ"", ""stand"": ""1F360-1"", ""company_id"": """", ""source_url"": ""https://interfood.az/az/exhibitors-list/year/2023""}]}"
expo-00189,ATS SOYA,Azərbaycan,AGRO DAIRY MMC | MEDİA | MURMANSK VİLAYETİ,1A210-6 | 1A210-7 | 1F360-4,Caspian Agro Week | InterFood Azerbaijan,2023 | 2025 | 2026,3,"{""appearances"": [{""exhibition"": ""interfood"", ""exhibition_label"": ""InterFood Azerbaijan"", ""year"": ""2023"", ""category"": ""MURMANSK VİLAYETİ"", ""stand"": ""1F360-4"", ""company_id"": """", ""source_url"": ""https://interfood.az/az/exhibitors-list/year/2023""}, {""exhibition"": ""caspianagroweek"", ""exhibition_label"": ""Caspian Agro Week"", ""year"": ""2025"", ""category"": ""MEDİA"", ""stand"": ""1A210-7"", ""company_id"": """", ""source_url"": ""https://caspianagroweek.az/az/exhibitors-list/year/2025""}, {""exhibition"": ""caspianagroweek"", ""exhibition_label"": ""Caspian Agro Week"", ""year"": ""2026"", ""category"": ""AGRO DAIRY MMC"", ""stand"": ""1A210-6"", ""company_id"": """", ""source_url"": ""https://caspianagroweek.az/az/exhibitors-list/year/2026""}]}"
expo-00190,AURA İNŞAAT MMC,Azərbaycan,MEDİA | TƏRƏFDAŞ,1A254 | 1A256 | 1A352 | A1318 | A2208 | A2314,Caspian Agro Week,2019 | 2021 | 2022 | 2023 | 2024 | 2025 | 2026 | 2027,8,"{""appearances"": [{""exhibition"": ""caspianagroweek"", ""exhibition_label"": ""Caspian Agro Week"", ""year"": ""2019"", ""category"": ""MEDİA"", ""stand"": ""A2314"", ""company_id"": ""4697"", ""source_url"": ""https://caspianagroweek.az/az/exhibitors-list/year/2019""}, {""exhibition"": ""caspianagroweek"", ""exhibition_label"": ""Caspian Agro Week"", ""year"": ""2021"", ""category"": ""TƏRƏFDAŞ"", ""stand"": ""A2208"", ""company_id"": ""4697"", ""source_url"": ""https://caspianagroweek.az/az/exhibitors-list/year/2021""}, {""exhibition"": ""caspianagroweek"", ""exhibition_label"": ""Caspian Agro Week"", ""year"": ""2022"", ""category"": ""MEDİA"", ""stand"": ""A1318"", ""company_id"": ""4697"", ""source_url"": ""https://caspianagroweek.az/az/exhibitors-list/year/2022""}, {""exhibition"": ""caspianagroweek"", ""exhibition_label"": ""Caspian Agro Week"", ""year"": ""2023"", ""category"": ""MEDİA"", ""stand"": ""1A352"", ""company_id"": ""4697"", ""source_url"": ""https://caspianagroweek.az/az/exhibitors-list/year/2023""}, {""exhibition"": ""caspianagroweek"", ""exhibition_label"": ""Caspian Agro Week"", ""year"": ""2024"", ""category"": ""MEDİA"", ""stand"": ""1A254"", ""company_id"": ""4697"", ""source_url"": ""https://caspianagroweek.az/az/exhibitors-list/year/2024""}, {""exhibition"": ""caspianagroweek"", ""exhibition_label"": ""Caspian Agro Week"", ""year"": ""2025"", ""category"": ""MEDİA"", ""stand"": ""1A256"", ""company_id"": ""4697"", ""source_url"": ""https://caspianagroweek.az/az/exhibitors-list/year/2025""}, {""exhibition"": ""caspianagroweek"", ""exhibition_label"": ""Caspian Agro Week"", ""year"": ""2026"", ""category"": ""TƏRƏFDAŞ"", ""stand"": ""1A254"", ""company_id"": ""310188"", ""source_url"": ""https://caspianagroweek.az/az/exhibitors-list/year/2026""}, {""exhibition"": ""caspianagroweek"", ""exhibition_label"": ""Caspian Agro Week"", ""year"": ""2027"", ""category"": """", ""stand"": ""-"", ""company_id"": """", ""source_url"": ""https://caspianagroweek.az/az/exhibitors-list/year/2027""}]}"
expo-00191,AURUM OFFSHORE SYSTEMS,Azərbaycan,MEDİA,C1008/2,Caspian Oil & Gas,2022,1,"{""appearances"": [{""exhibition"": ""caspianoilgas"", ""exhibition_label"": ""Caspian Oil & Gas"", ""year"": ""2022"", ""category"": ""MEDİA"", ""stand"": ""C1008/2"", ""company_id"": ""7192"", ""source_url"": ""https://caspianoilgas.az/az/exhibitors-list/year/2022""}]}"
expo-00192,AUTO AZERBAYCAN MMC,Azərbaycan,TƏRƏFDAŞ,1A344,Caspian Agro Week,2026,1,"{""appearances"": [{""exhibition"": ""caspianagroweek"", ""exhibition_label"": ""Caspian Agro Week"", ""year"": ""2026"", ""category"": ""TƏRƏFDAŞ"", ""stand"": ""1A344"", ""company_id"": ""352198"", ""source_url"": ""https://caspianagroweek.az/az/exhibitors-list/year/2026""}]}"
expo-00193,AVROPA KOMISSIYASININ ENERJI ÜZRƏ BAŞ DIREKTORLUĞUNUN ENERJI TƏHLÜKƏSIZLIYI VƏ BEYNƏLXALQ ƏLAQƏLƏR ŞÖBƏSI,Azərbaycan,MEDİA,,Caspian Oil & Gas,2026,1,"{""appearances"": [{""exhibition"": ""caspianoilgas"", ""exhibition_label"": ""Caspian Oil & Gas"", ""year"": ""2026"", ""category"": ""MEDİA"", ""stand"": ""-"", ""company_id"": """", ""source_url"": ""https://caspianoilgas.az/az/exhibitors-list/year/2026""}]}"
expo-00194,AVTO AZƏRBAYCAN MMC,Azərbaycan,MEDİA,2A039,Caspian Agro Week,2025,1,"{""appearances"": [{""exhibition"": ""caspianagroweek"", ""exhibition_label"": ""Caspian Agro Week"", ""year"": ""2025"", ""category"": ""MEDİA"", ""stand"": ""2A039"", ""company_id"": ""320766"", ""source_url"": ""https://caspianagroweek.az/az/exhibitors-list/year/2025""}]}"
expo-00195,AXIS LLC,Azərbaycan,MEDİA,2C033 | C2172,Caspian Oil & Gas,2022 | 2023,2,"{""appearances"": [{""exhibition"": ""caspianoilgas"", ""exhibition_label"": ""Caspian Oil & Gas"", ""year"": ""2022"", ""category"": ""MEDİA"", ""stand"": ""C2172"", ""company_id"": """", ""source_url"": ""https://caspianoilgas.az/az/exhibitors-list/year/2022""}, {""exhibition"": ""caspianoilgas"", ""exhibition_label"": ""Caspian Oil & Gas"", ""year"": ""2023"", ""category"": ""MEDİA"", ""stand"": ""2C033"", ""company_id"": ""276930"", ""source_url"": ""https://caspianoilgas.az/az/exhibitors-list/year/2023""}]}"
expo-00196,AYFA GROUP MMC,Azərbaycan,TƏRƏFDAŞLAR,,BakuBuild,2026,1,"{""appearances"": [{""exhibition"": ""bakubuild"", ""exhibition_label"": ""BakuBuild"", ""year"": ""2026"", ""category"": ""TƏRƏFDAŞLAR"", ""stand"": ""-"", ""company_id"": """", ""source_url"": ""https://bakubuild.az/az/exhibitors-list/year/2026""}]}"
expo-00197,AZ - FILTER MMC,Azərbaycan,MEDİA,2A244-1 | 2T422,Caspian Agro Week | TransLogistica Caspian,2023 | 2025,2,"{""appearances"": [{""exhibition"": ""translogistica"", ""exhibition_label"": ""TransLogistica Caspian"", ""year"": ""2025"", ""category"": ""MEDİA"", ""stand"": ""2T422"", ""company_id"": ""334339"", ""source_url"": ""https://translogistica.az/az/exhibitors-list/year/2025""}, {""exhibition"": ""caspianagroweek"", ""exhibition_label"": ""Caspian Agro Week"", ""year"": ""2023"", ""category"": ""MEDİA"", ""stand"": ""2A244-1"", ""company_id"": """", ""source_url"": ""https://caspianagroweek.az/az/exhibitors-list/year/2023""}]}"
expo-00198,AZ AGROMİLA,Azərbaycan,AZ AGROMILA MMC | TƏRƏFDAŞ,2A132 | A2310,Caspian Agro Week,2021 | 2026,2,"{""appearances"": [{""exhibition"": ""caspianagroweek"", ""exhibition_label"": ""Caspian Agro Week"", ""year"": ""2021"", ""category"": ""TƏRƏFDAŞ"", ""stand"": ""A2310"", ""company_id"": ""4715"", ""source_url"": ""https://caspianagroweek.az/az/exhibitors-list/year/2021""}, {""exhibition"": ""caspianagroweek"", ""exhibition_label"": ""Caspian Agro Week"", ""year"": ""2026"", ""category"": ""AZ AGROMILA MMC"", ""stand"": ""2A132"", ""company_id"": ""352345"", ""source_url"": ""https://caspianagroweek.az/az/exhibitors-list/year/2026""}]}"
expo-00199,AZ EUROASİA TRADİNG,Azərbaycan,MEDİA,A1044,Caspian Agro Week,2019,1,"{""appearances"": [{""exhibition"": ""caspianagroweek"", ""exhibition_label"": ""Caspian Agro Week"", ""year"": ""2019"", ""category"": ""MEDİA"", ""stand"": ""A1044"", ""company_id"": ""4713"", ""source_url"": ""https://caspianagroweek.az/az/exhibitors-list/year/2019""}]}"
expo-00200,AZ FİSH AND FROG MMC,Azərbaycan,TƏRƏFDAŞ,,Caspian Agro Week,2026,1,"{""appearances"": [{""exhibition"": ""caspianagroweek"", ""exhibition_label"": ""Caspian Agro Week"", ""year"": ""2026"", ""category"": ""TƏRƏFDAŞ"", ""stand"": ""-"", ""company_id"": """", ""source_url"": ""https://caspianagroweek.az/az/exhibitors-list/year/2026""}]}"
expo-00201,AZ LOGISTIKA AND MANAGEMENT SERVICES MMC,Azərbaycan,MEDİA,1106,TransLogistica Caspian,2019,1,"{""appearances"": [{""exhibition"": ""translogistica"", ""exhibition_label"": ""TransLogistica Caspian"", ""year"": ""2019"", ""category"": ""MEDİA"", ""stand"": ""1106"", ""company_id"": ""4773"", ""source_url"": ""https://translogistica.az/az/exhibitors-list/year/2019""}]}"
expo-00202,AZ THERMO GROUP MMC,Azərbaycan,TƏRƏFDAŞ,1A132,Caspian Agro Week,2026,1,"{""appearances"": [{""exhibition"": ""caspianagroweek"", ""exhibition_label"": ""Caspian Agro Week"", ""year"": ""2026"", ""category"": ""TƏRƏFDAŞ"", ""stand"": ""1A132"", ""company_id"": ""347782"", ""source_url"": ""https://caspianagroweek.az/az/exhibitors-list/year/2026""}]}"
expo-00203,AZ TV,Azərbaycan,MEDİA | TƏRƏFDAŞ | ŞİRVAN AQRO MMC,5M014,Aquatherm Baku | Caspian Agro Week | Caspian Oil & Gas | InterFood Azerbaijan | Securex Caspian | TransLogistica Caspian,2024 | 2025 | 2026,7,"{""appearances"": [{""exhibition"": ""aquatherm"", ""exhibition_label"": ""Aquatherm Baku"", ""year"": ""2025"", ""category"": ""MEDİA"", ""stand"": ""-"", ""company_id"": ""325185"", ""source_url"": ""https://aquatherm.az/az/exhibitors-list/year/2025""}, {""exhibition"": ""interfood"", ""exhibition_label"": ""InterFood Azerbaijan"", ""year"": ""2026"", ""category"": ""ŞİRVAN AQRO MMC"", ""stand"": ""-"", ""company_id"": ""325185"", ""source_url"": ""https://interfood.az/az/exhibitors-list/year/2026""}, {""exhibition"": ""caspianoilgas"", ""exhibition_label"": ""Caspian Oil & Gas"", ""year"": ""2026"", ""category"": ""MEDİA"", ""stand"": ""-"", ""company_id"": ""325185"", ""source_url"": ""https://caspianoilgas.az/az/exhibitors-list/year/2026""}, {""exhibition"": ""securexcaspian"", ""exhibition_label"": ""Securex Caspian"", ""year"": ""2024"", ""category"": ""MEDİA"", ""stand"": ""5M014"", ""company_id"": ""325185"", ""source_url"": ""https://securexcaspian.az/az/exhibitors-list/year/2024""}, {""exhibition"": ""translogistica"", ""exhibition_label"": ""TransLogistica Caspian"", ""year"": ""2026"", ""category"": ""MEDİA"", ""stand"": ""-"", ""company_id"": ""325185"", ""source_url"": ""https://translogistica.az/az/exhibitors-list/year/2026""}, {""exhibition"": ""caspianagroweek"", ""exhibition_label"": ""Caspian Agro Week"", ""year"": ""2025"", ""category"": ""MEDİA"", ""stand"": ""-"", ""company_id"": ""325185"", ""source_url"": ""https://caspianagroweek.az/az/exhibitors-list/year/2025""}, {""exhibition"": ""caspianagroweek"", ""exhibition_label"": ""Caspian Agro Week"", ""year"": ""2026"", ""category"": ""TƏRƏFDAŞ"", ""stand"": ""-"", ""company_id"": ""325185"", ""source_url"": ""https://caspianagroweek.az/az/exhibitors-list/year/2026""}]}"
expo-00204,AZ-TEX-İMPORT MMC,Azərbaycan,,,Securex Caspian,2026,1,"{""appearances"": [{""exhibition"": ""securexcaspian"", ""exhibition_label"": ""Securex Caspian"", ""year"": ""2026"", ""category"": """", ""stand"": ""-"", ""company_id"": ""353135"", ""source_url"": ""https://securexcaspian.az/az/exhibitors-list/year/2026""}]}"
expo-00205,AZ`RBAYCAN RESPUBLİKASI ENERGETİKA NAZİRLİYİ,Azərbaycan,MEDİA,,Caspian Oil & Gas,2023,1,"{""appearances"": [{""exhibition"": ""caspianoilgas"", ""exhibition_label"": ""Caspian Oil & Gas"", ""year"": ""2023"", ""category"": ""MEDİA"", ""stand"": ""-"", ""company_id"": """", ""source_url"": ""https://caspianoilgas.az/az/exhibitors-list/year/2023""}]}"
expo-00206,AZBADAM MMC,Azərbaycan,AGRO FOOD INVESTMENTS MMC | MEDİA,1A360-2 | A1210,Caspian Agro Week,2022 | 2024 | 2025 | 2026,4,"{""appearances"": [{""exhibition"": ""caspianagroweek"", ""exhibition_label"": ""Caspian Agro Week"", ""year"": ""2022"", ""category"": ""MEDİA"", ""stand"": ""A1210"", ""company_id"": ""6851"", ""source_url"": ""https://caspianagroweek.az/az/exhibitors-list/year/2022""}, {""exhibition"": ""caspianagroweek"", ""exhibition_label"": ""Caspian Agro Week"", ""year"": ""2024"", ""category"": ""MEDİA"", ""stand"": ""1A360-2"", ""company_id"": """", ""source_url"": ""https://caspianagroweek.az/az/exhibitors-list/year/2024""}, {""exhibition"": ""caspianagroweek"", ""exhibition_label"": ""Caspian Agro Week"", ""year"": ""2025"", ""category"": ""MEDİA"", ""stand"": ""1A360-2"", ""company_id"": """", ""source_url"": ""https://caspianagroweek.az/az/exhibitors-list/year/2025""}, {""exhibition"": ""caspianagroweek"", ""exhibition_label"": ""Caspian Agro Week"", ""year"": ""2026"", ""category"": ""AGRO FOOD INVESTMENTS MMC"", ""stand"": ""1A360-2"", ""company_id"": """", ""source_url"": ""https://caspianagroweek.az/az/exhibitors-list/year/2026""}]}"
expo-00207,AZBELSHİN MMC,Azərbaycan,AZƏRTEXNIKA MMC,5A050-1,Caspian Agro Week,2026,1,"{""appearances"": [{""exhibition"": ""caspianagroweek"", ""exhibition_label"": ""Caspian Agro Week"", ""year"": ""2026"", ""category"": ""AZƏRTEXNIKA MMC"", ""stand"": ""5A050-1"", ""company_id"": ""347244"", ""source_url"": ""https://caspianagroweek.az/az/exhibitors-list/year/2026""}]}"
expo-00208,AZBRAND MMC,Azərbaycan,TƏRƏFDAŞ,2A326,Caspian Agro Week,2026,1,"{""appearances"": [{""exhibition"": ""caspianagroweek"", ""exhibition_label"": ""Caspian Agro Week"", ""year"": ""2026"", ""category"": ""TƏRƏFDAŞ"", ""stand"": ""2A326"", ""company_id"": ""353625"", ""source_url"": ""https://caspianagroweek.az/az/exhibitors-list/year/2026""}]}"
expo-00209,AZCD GROUP QSC,Azərbaycan,MEDİA,1B330,BakuBuild,2024,1,"{""appearances"": [{""exhibition"": ""bakubuild"", ""exhibition_label"": ""BakuBuild"", ""year"": ""2024"", ""category"": ""MEDİA"", ""stand"": ""1B330"", ""company_id"": ""310769"", ""source_url"": ""https://bakubuild.az/az/exhibitors-list/year/2024""}]}"
expo-00210,AZDIMVEX İMPEX MMC,Azərbaycan,AZPROMO,4F204-4,InterFood Azerbaijan,2026,1,"{""appearances"": [{""exhibition"": ""interfood"", ""exhibition_label"": ""InterFood Azerbaijan"", ""year"": ""2026"", ""category"": ""AZPROMO"", ""stand"": ""4F204-4"", ""company_id"": """", ""source_url"": ""https://interfood.az/az/exhibitors-list/year/2026""}]}"
expo-00211,AZEL SYSTEMS,Azərbaycan,,,Securex Caspian,2026,1,"{""appearances"": [{""exhibition"": ""securexcaspian"", ""exhibition_label"": ""Securex Caspian"", ""year"": ""2026"", ""category"": """", ""stand"": ""-"", ""company_id"": """", ""source_url"": ""https://securexcaspian.az/az/exhibitors-list/year/2026""}]}"
expo-00212,AZEMAL,Azərbaycan,AZERA HOLDING,2A110-4,Caspian Agro Week,2026,1,"{""appearances"": [{""exhibition"": ""caspianagroweek"", ""exhibition_label"": ""Caspian Agro Week"", ""year"": ""2026"", ""category"": ""AZERA HOLDING"", ""stand"": ""2A110-4"", ""company_id"": """", ""source_url"": ""https://caspianagroweek.az/az/exhibitors-list/year/2026""}]}"
expo-00213,AZEMAL (SEVİMLİ DAD),Azərbaycan,MEDİA,2A110-4,Caspian Agro Week,2025,1,"{""appearances"": [{""exhibition"": ""caspianagroweek"", ""exhibition_label"": ""Caspian Agro Week"", ""year"": ""2025"", ""category"": ""MEDİA"", ""stand"": ""2A110-4"", ""company_id"": """", ""source_url"": ""https://caspianagroweek.az/az/exhibitors-list/year/2025""}]}"
expo-00214,AZER N AGRO LLC,Azərbaycan,AZER N AGRO MMC | MEDİA | TƏRƏFDAŞ,5A075 | 5A130 | 5A142 | 5A244 | A5010-1/A5010-2 | A5012,Caspian Agro Week,2021 | 2022 | 2023 | 2024 | 2025 | 2026 | 2027,8,"{""appearances"": [{""exhibition"": ""caspianagroweek"", ""exhibition_label"": ""Caspian Agro Week"", ""year"": ""2021"", ""category"": ""TƏRƏFDAŞ"", ""stand"": ""A5012"", ""company_id"": ""5891"", ""source_url"": ""https://caspianagroweek.az/az/exhibitors-list/year/2021""}, {""exhibition"": ""caspianagroweek"", ""exhibition_label"": ""Caspian Agro Week"", ""year"": ""2022"", ""category"": ""MEDİA"", ""stand"": ""A5010-1/A5010-2"", ""company_id"": ""5891"", ""source_url"": ""https://caspianagroweek.az/az/exhibitors-list/year/2022""}, {""exhibition"": ""caspianagroweek"", ""exhibition_label"": ""Caspian Agro Week"", ""year"": ""2023"", ""category"": ""MEDİA"", ""stand"": ""5A244"", ""company_id"": ""5891"", ""source_url"": ""https://caspianagroweek.az/az/exhibitors-list/year/2023""}, {""exhibition"": ""caspianagroweek"", ""exhibition_label"": ""Caspian Agro Week"", ""year"": ""2024"", ""category"": ""MEDİA"", ""stand"": ""5A142"", ""company_id"": ""5891"", ""source_url"": ""https://caspianagroweek.az/az/exhibitors-list/year/2024""}, {""exhibition"": ""caspianagroweek"", ""exhibition_label"": ""Caspian Agro Week"", ""year"": ""2025"", ""category"": ""MEDİA"", ""stand"": ""5A130"", ""company_id"": ""5891"", ""source_url"": ""https://caspianagroweek.az/az/exhibitors-list/year/2025""}, {""exhibition"": ""caspianagroweek"", ""exhibition_label"": ""Caspian Agro Week"", ""year"": ""2026"", ""category"": ""AZER N AGRO MMC"", ""stand"": ""5A075"", ""company_id"": ""352303"", ""source_url"": ""https://caspianagroweek.az/az/exhibitors-list/year/2026""}, {""exhibition"": ""caspianagroweek"", ""exhibition_label"": ""Caspian Agro Week"", ""year"": ""2027"", ""category"": """", ""stand"": ""-"", ""company_id"": """", ""source_url"": ""https://caspianagroweek.az/az/exhibitors-list/year/2027""}, {""exhibition"": ""caspianagroweek"", ""exhibition_label"": ""Caspian Agro Week"", ""year"": ""2027"", ""category"": """", ""stand"": ""-"", ""company_id"": """", ""source_url"": ""https://caspianagroweek.az/az/exhibitors-list/year/2027""}]}"
expo-00215,AZERA HOLDING,Azərbaycan,AZERA HOLDING,2A110,Caspian Agro Week,2026 | 2027,2,"{""appearances"": [{""exhibition"": ""caspianagroweek"", ""exhibition_label"": ""Caspian Agro Week"", ""year"": ""2026"", ""category"": ""AZERA HOLDING"", ""stand"": ""2A110"", ""company_id"": ""7343"", ""source_url"": ""https://caspianagroweek.az/az/exhibitors-list/year/2026""}, {""exhibition"": ""caspianagroweek"", ""exhibition_label"": ""Caspian Agro Week"", ""year"": ""2027"", ""category"": """", ""stand"": ""-"", ""company_id"": """", ""source_url"": ""https://caspianagroweek.az/az/exhibitors-list/year/2027""}]}"
expo-00216,AZERA TOXUMÇULUQ MMC,Azərbaycan,AZ AGROMILA MMC,2A132-1,Caspian Agro Week,2026,1,"{""appearances"": [{""exhibition"": ""caspianagroweek"", ""exhibition_label"": ""Caspian Agro Week"", ""year"": ""2026"", ""category"": ""AZ AGROMILA MMC"", ""stand"": ""2A132-1"", ""company_id"": """", ""source_url"": ""https://caspianagroweek.az/az/exhibitors-list/year/2026""}]}"
expo-00217,AZERBAİJAN MARİTİME ENGİNEERİNG AND CONSTRUCTİON MMC,Azərbaycan,MEDİA,1C010 | 1C022,Caspian Oil & Gas,2023 | 2024,2,"{""appearances"": [{""exhibition"": ""caspianoilgas"", ""exhibition_label"": ""Caspian Oil & Gas"", ""year"": ""2023"", ""category"": ""MEDİA"", ""stand"": ""1C022"", ""company_id"": ""7922"", ""source_url"": ""https://caspianoilgas.az/az/exhibitors-list/year/2023""}, {""exhibition"": ""caspianoilgas"", ""exhibition_label"": ""Caspian Oil & Gas"", ""year"": ""2024"", ""category"": ""MEDİA"", ""stand"": ""1C010"", ""company_id"": ""7922"", ""source_url"": ""https://caspianoilgas.az/az/exhibitors-list/year/2024""}]}"
expo-00218,AZERBAİJAN ORGANİC COMPANY,Azərbaycan,MEDİA,F2048,InterFood Azerbaijan,2019,1,"{""appearances"": [{""exhibition"": ""interfood"", ""exhibition_label"": ""InterFood Azerbaijan"", ""year"": ""2019"", ""category"": ""MEDİA"", ""stand"": ""F2048"", ""company_id"": ""5059"", ""source_url"": ""https://interfood.az/az/exhibitors-list/year/2019""}]}"
expo-00219,AZERBAİJAN TODAY SAYTI,Azərbaycan,MEDİA,,Aquatherm Baku | Beauty Expo Baku | Caspian Oil & Gas | Securex Caspian,2022 | 2023 | 2026,6,"{""appearances"": [{""exhibition"": ""aquatherm"", ""exhibition_label"": ""Aquatherm Baku"", ""year"": ""2022"", ""category"": ""MEDİA"", ""stand"": ""-"", ""company_id"": ""7454"", ""source_url"": ""https://aquatherm.az/az/exhibitors-list/year/2022""}, {""exhibition"": ""beautyexpo"", ""exhibition_label"": ""Beauty Expo Baku"", ""year"": ""2022"", ""category"": ""MEDİA"", ""stand"": ""-"", ""company_id"": ""7454"", ""source_url"": ""https://beautyexpo.az/az/exhibitors-list/year/2022""}, {""exhibition"": ""caspianoilgas"", ""exhibition_label"": ""Caspian Oil & Gas"", ""year"": ""2023"", ""category"": ""MEDİA"", ""stand"": ""-"", ""company_id"": ""7454"", ""source_url"": ""https://caspianoilgas.az/az/exhibitors-list/year/2023""}, {""exhibition"": ""caspianoilgas"", ""exhibition_label"": ""Caspian Oil & Gas"", ""year"": ""2026"", ""category"": ""MEDİA"", ""stand"": ""-"", ""company_id"": ""7454"", ""source_url"": ""https://caspianoilgas.az/az/exhibitors-list/year/2026""}, {""exhibition"": ""securexcaspian"", ""exhibition_label"": ""Securex Caspian"", ""year"": ""2022"", ""category"": ""MEDİA"", ""stand"": ""-"", ""company_id"": ""7454"", ""source_url"": ""https://securexcaspian.az/az/exhibitors-list/year/2022""}, {""exhibition"": ""securexcaspian"", ""exhibition_label"": ""Securex Caspian"", ""year"": ""2022"", ""category"": ""MEDİA"", ""stand"": ""-"", ""company_id"": ""7454"", ""source_url"": ""https://securexcaspian.az/az/exhibitors-list/year/2022""}]}"
expo-00220,AZERCANSA MMC,Azərbaycan,MEDİA | TƏRƏFDAŞ,5A060 | 5A110 | 5A155,Caspian Agro Week,2023 | 2024 | 2026,3,"{""appearances"": [{""exhibition"": ""caspianagroweek"", ""exhibition_label"": ""Caspian Agro Week"", ""year"": ""2023"", ""category"": ""MEDİA"", ""stand"": ""5A155"", ""company_id"": ""273189"", ""source_url"": ""https://caspianagroweek.az/az/exhibitors-list/year/2023""}, {""exhibition"": ""caspianagroweek"", ""exhibition_label"": ""Caspian Agro Week"", ""year"": ""2024"", ""category"": ""MEDİA"", ""stand"": ""5A110"", ""company_id"": ""273189"", ""source_url"": ""https://caspianagroweek.az/az/exhibitors-list/year/2024""}, {""exhibition"": ""caspianagroweek"", ""exhibition_label"": ""Caspian Agro Week"", ""year"": ""2026"", ""category"": ""TƏRƏFDAŞ"", ""stand"": ""5A060"", ""company_id"": ""273189"", ""source_url"": ""https://caspianagroweek.az/az/exhibitors-list/year/2026""}]}"
expo-00221,AZERCRAFT LLC,Azərbaycan,MEDİA,A2020,Caspian Agro Week,2019,1,"{""appearances"": [{""exhibition"": ""caspianagroweek"", ""exhibition_label"": ""Caspian Agro Week"", ""year"": ""2019"", ""category"": ""MEDİA"", ""stand"": ""A2020"", ""company_id"": ""4820"", ""source_url"": ""https://caspianagroweek.az/az/exhibitors-list/year/2019""}]}"
expo-00222,AZERİ M-İ DRİLLİNG FLUİDS MMC,Azərbaycan,MEDİA,1032 | 1C030 | C1028,Caspian Oil & Gas,2019 | 2022 | 2023,3,"{""appearances"": [{""exhibition"": ""caspianoilgas"", ""exhibition_label"": ""Caspian Oil & Gas"", ""year"": ""2019"", ""category"": ""MEDİA"", ""stand"": ""1032"", ""company_id"": ""4582"", ""source_url"": ""https://caspianoilgas.az/az/exhibitors-list/year/2019""}, {""exhibition"": ""caspianoilgas"", ""exhibition_label"": ""Caspian Oil & Gas"", ""year"": ""2022"", ""category"": ""MEDİA"", ""stand"": ""C1028"", ""company_id"": ""4582"", ""source_url"": ""https://caspianoilgas.az/az/exhibitors-list/year/2022""}, {""exhibition"": ""caspianoilgas"", ""exhibition_label"": ""Caspian Oil & Gas"", ""year"": ""2023"", ""category"": ""MEDİA"", ""stand"": ""1C030"", ""company_id"": ""4582"", ""source_url"": ""https://caspianoilgas.az/az/exhibitors-list/year/2023""}]}"
expo-00223,AZERİSTEEL MMC,Azərbaycan,MEDİA,1A350,Caspian Agro Week,2025,1,"{""appearances"": [{""exhibition"": ""caspianagroweek"", ""exhibition_label"": ""Caspian Agro Week"", ""year"": ""2025"", ""category"": ""MEDİA"", ""stand"": ""1A350"", ""company_id"": ""334681"", ""source_url"": ""https://caspianagroweek.az/az/exhibitors-list/year/2025""}]}"
expo-00224,AZERSHEKER LLC OUTDOOR,Azərbaycan,MEDİA,5A172,Caspian Agro Week,2024,1,"{""appearances"": [{""exhibition"": ""caspianagroweek"", ""exhibition_label"": ""Caspian Agro Week"", ""year"": ""2024"", ""category"": ""MEDİA"", ""stand"": ""5A172"", ""company_id"": ""315269"", ""source_url"": ""https://caspianagroweek.az/az/exhibitors-list/year/2024""}]}"
expo-00225,AZERSUN,Azərbaycan,MEDİA | NAXÇIVAN MUXTAR RESPUBLİKASININ MİLLİ STENDİ,1F130 | 2A234-1,Caspian Agro Week | InterFood Azerbaijan | Securex Caspian,2024 | 2025,3,"{""appearances"": [{""exhibition"": ""interfood"", ""exhibition_label"": ""InterFood Azerbaijan"", ""year"": ""2025"", ""category"": ""NAXÇIVAN MUXTAR RESPUBLİKASININ MİLLİ STENDİ"", ""stand"": ""1F130"", ""company_id"": """", ""source_url"": ""https://interfood.az/az/exhibitors-list/year/2025""}, {""exhibition"": ""securexcaspian"", ""exhibition_label"": ""Securex Caspian"", ""year"": ""2024"", ""category"": ""MEDİA"", ""stand"": ""-"", ""company_id"": """", ""source_url"": ""https://securexcaspian.az/az/exhibitors-list/year/2024""}, {""exhibition"": ""caspianagroweek"", ""exhibition_label"": ""Caspian Agro Week"", ""year"": ""2025"", ""category"": ""MEDİA"", ""stand"": ""2A234-1"", ""company_id"": """", ""source_url"": ""https://caspianagroweek.az/az/exhibitors-list/year/2025""}]}"
expo-00226,AZERSUN HOLDING,Azərbaycan,MEDİA | MURMANSK VİLAYETİ | TƏRƏFDAŞ,1A140-1 | 1F120/1F130 | A1106 | F1106-1/F1108 | F1106/F1108,Caspian Agro Week | InterFood Azerbaijan,2021 | 2022 | 2023 | 2024,5,"{""appearances"": [{""exhibition"": ""interfood"", ""exhibition_label"": ""InterFood Azerbaijan"", ""year"": ""2021"", ""category"": ""MEDİA"", ""stand"": ""F1106-1/F1108"", ""company_id"": ""6050"", ""source_url"": ""https://interfood.az/az/exhibitors-list/year/2021""}, {""exhibition"": ""interfood"", ""exhibition_label"": ""InterFood Azerbaijan"", ""year"": ""2022"", ""category"": ""MEDİA"", ""stand"": ""F1106/F1108"", ""company_id"": ""6050"", ""source_url"": ""https://interfood.az/az/exhibitors-list/year/2022""}, {""exhibition"": ""interfood"", ""exhibition_label"": ""InterFood Azerbaijan"", ""year"": ""2023"", ""category"": ""MURMANSK VİLAYETİ"", ""stand"": ""1F120/1F130"", ""company_id"": ""6050"", ""source_url"": ""https://interfood.az/az/exhibitors-list/year/2023""}, {""exhibition"": ""caspianagroweek"", ""exhibition_label"": ""Caspian Agro Week"", ""year"": ""2021"", ""category"": ""TƏRƏFDAŞ"", ""stand"": ""A1106"", ""company_id"": ""6050"", ""source_url"": ""https://caspianagroweek.az/az/exhibitors-list/year/2021""}, {""exhibition"": ""caspianagroweek"", ""exhibition_label"": ""Caspian Agro Week"", ""year"": ""2024"", ""category"": ""MEDİA"", ""stand"": ""1A140-1"", ""company_id"": """", ""source_url"": ""https://caspianagroweek.az/az/exhibitors-list/year/2024""}]}"
expo-00227,AZERSUN KAĞIİZ VƏ KARTON İSTEHSALAT KORPORASİYASİ MMC,Azərbaycan,ŞİRVAN AQRO MMC,4F120,InterFood Azerbaijan,2026,1,"{""appearances"": [{""exhibition"": ""interfood"", ""exhibition_label"": ""InterFood Azerbaijan"", ""year"": ""2026"", ""category"": ""ŞİRVAN AQRO MMC"", ""stand"": ""4F120"", ""company_id"": ""352045"", ""source_url"": ""https://interfood.az/az/exhibitors-list/year/2026""}]}"
expo-00228,AZERTEXNOLAYN MMC,Azərbaycan,MEDİA | TƏRƏFDAŞ | TƏRƏFDAŞLAR,1316 | 1C010 | 2A072 | 2A074 | 2A080 | 2A100 | 2A132-2 | 2A222 | A1006 | A2210 | A2212 | A2218,Aquatherm Baku | Caspian Agro Week | Caspian Oil & Gas | Securex Caspian,2019 | 2021 | 2022 | 2023 | 2024 | 2025 | 2026 | 2027,15,"{""appearances"": [{""exhibition"": ""aquatherm"", ""exhibition_label"": ""Aquatherm Baku"", ""year"": ""2019"", ""category"": ""TƏRƏFDAŞLAR"", ""stand"": ""A2218"", ""company_id"": ""4580"", ""source_url"": ""https://aquatherm.az/az/exhibitors-list/year/2019""}, {""exhibition"": ""aquatherm"", ""exhibition_label"": ""Aquatherm Baku"", ""year"": ""2021"", ""category"": ""MEDİA"", ""stand"": ""A2212"", ""company_id"": ""4580"", ""source_url"": ""https://aquatherm.az/az/exhibitors-list/year/2021""}, {""exhibition"": ""aquatherm"", ""exhibition_label"": ""Aquatherm Baku"", ""year"": ""2022"", ""category"": ""MEDİA"", ""stand"": ""A2210"", ""company_id"": ""4580"", ""source_url"": ""https://aquatherm.az/az/exhibitors-list/year/2022""}, {""exhibition"": ""aquatherm"", ""exhibition_label"": ""Aquatherm Baku"", ""year"": ""2023"", ""category"": ""MEDİA"", ""stand"": ""2A222"", ""company_id"": ""4580"", ""source_url"": ""https://aquatherm.az/az/exhibitors-list/year/2023""}, {""exhibition"": ""aquatherm"", ""exhibition_label"": ""Aquatherm Baku"", ""year"": ""2024"", ""category"": ""MEDİA"", ""stand"": ""2A132-2"", ""company_id"": """", ""source_url"": ""https://aquatherm.az/az/exhibitors-list/year/2024""}, {""exhibition"": ""caspianoilgas"", ""exhibition_label"": ""Caspian Oil & Gas"", ""year"": ""2019"", ""category"": ""MEDİA"", ""stand"": ""1316"", ""company_id"": ""4580"", ""source_url"": ""https://caspianoilgas.az/az/exhibitors-list/year/2019""}, {""exhibition"": ""caspianoilgas"", ""exhibition_label"": ""Caspian Oil & Gas"", ""year"": ""2025"", ""category"": ""MEDİA"", ""stand"": ""1C010"", ""company_id"": ""4580"", ""source_url"": ""https://caspianoilgas.az/az/exhibitors-list/year/2025""}, {""exhibition"": ""caspianoilgas"", ""exhibition_label"": ""Caspian Oil & Gas"", ""year"": ""2026"", ""category"": ""MEDİA"", ""stand"": ""1C010"", ""company_id"": ""4580"", ""source_url"": ""https://caspianoilgas.az/az/exhibitors-list/year/2026""}, {""exhibition"": ""securexcaspian"", ""exhibition_label"": ""Securex Caspian"", ""year"": ""2019"", ""category"": ""TƏRƏFDAŞLAR"", ""stand"": ""A2218"", ""company_id"": ""4580"", ""source_url"": ""https://securexcaspian.az/az/exhibitors-list/year/2019""}, {""exhibition"": ""caspianagroweek"", ""exhibition_label"": ""Caspian Agro Week"", ""year"": ""2022"", ""category"": ""MEDİA"", ""stand"": ""A1006"", ""company_id"": ""4580"", ""source_url"": ""https://caspianagroweek.az/az/exhibitors-list/year/2022""}, {""exhibition"": ""caspianagroweek"", ""exhibition_label"": ""Caspian Agro Week"", ""year"": ""2023"", ""category"": ""MEDİA"", ""stand"": ""2A100"", ""company_id"": ""4580"", ""source_url"": ""https://caspianagroweek.az/az/exhibitors-list/year/2023""}, {""exhibition"": ""caspianagroweek"", ""exhibition_label"": ""Caspian Agro Week"", ""year"": ""2024"", ""category"": ""MEDİA"", ""stand"": ""2A080"", ""company_id"": ""4580"", ""source_url"": ""https://caspianagroweek.az/az/exhibitors-list/year/2024""}, {""exhibition"": ""caspianagroweek"", ""exhibition_label"": ""Caspian Agro Week"", ""year"": ""2025"", ""category"": ""MEDİA"", ""stand"": ""2A074"", ""company_id"": ""4580"", ""source_url"": ""https://caspianagroweek.az/az/exhibitors-list/year/2025""}, {""exhibition"": ""caspianagroweek"", ""exhibition_label"": ""Caspian Agro Week"", ""year"": ""2026"", ""category"": ""TƏRƏFDAŞ"", ""stand"": ""2A072"", ""company_id"": ""4580"", ""source_url"": ""https://caspianagroweek.az/az/exhibitors-list/year/2026""}, {""exhibition"": ""caspianagroweek"", ""exhibition_label"": ""Caspian Agro Week"", ""year"": ""2027"", ""category"": """", ""stand"": ""-"", ""company_id"": """", ""source_url"": ""https://caspianagroweek.az/az/exhibitors-list/year/2027""}]}"
expo-00229,AZESTETİK GROUP,Azərbaycan,TƏRƏFDAŞLAR,B1130,Beauty Expo Baku,2019,1,"{""appearances"": [{""exhibition"": ""beautyexpo"", ""exhibition_label"": ""Beauty Expo Baku"", ""year"": ""2019"", ""category"": ""TƏRƏFDAŞLAR"", ""stand"": ""B1130"", ""company_id"": ""5975"", ""source_url"": ""https://beautyexpo.az/az/exhibitors-list/year/2019""}]}"
expo-00230,AZEXPOMONTAGE,Azərbaycan,MEDİA,,Aquatherm Baku | BakuBuild | Caspian Agro Week | Caspian Oil & Gas | Securex Caspian | TransLogistica Caspian,2024 | 2025,7,"{""appearances"": [{""exhibition"": ""bakubuild"", ""exhibition_label"": ""BakuBuild"", ""year"": ""2024"", ""category"": ""MEDİA"", ""stand"": ""-"", ""company_id"": ""4283"", ""source_url"": ""https://bakubuild.az/az/exhibitors-list/year/2024""}, {""exhibition"": ""aquatherm"", ""exhibition_label"": ""Aquatherm Baku"", ""year"": ""2024"", ""category"": ""MEDİA"", ""stand"": ""-"", ""company_id"": ""4283"", ""source_url"": ""https://aquatherm.az/az/exhibitors-list/year/2024""}, {""exhibition"": ""caspianoilgas"", ""exhibition_label"": ""Caspian Oil & Gas"", ""year"": ""2024"", ""category"": ""MEDİA"", ""stand"": ""-"", ""company_id"": ""4283"", ""source_url"": ""https://caspianoilgas.az/az/exhibitors-list/year/2024""}, {""exhibition"": ""securexcaspian"", ""exhibition_label"": ""Securex Caspian"", ""year"": ""2024"", ""category"": ""MEDİA"", ""stand"": ""-"", ""company_id"": ""4283"", ""source_url"": ""https://securexcaspian.az/az/exhibitors-list/year/2024""}, {""exhibition"": ""translogistica"", ""exhibition_label"": ""TransLogistica Caspian"", ""year"": ""2024"", ""category"": ""MEDİA"", ""stand"": ""-"", ""company_id"": ""4283"", ""source_url"": ""https://translogistica.az/az/exhibitors-list/year/2024""}, {""exhibition"": ""translogistica"", ""exhibition_label"": ""TransLogistica Caspian"", ""year"": ""2025"", ""category"": ""MEDİA"", ""stand"": ""-"", ""company_id"": ""4283"", ""source_url"": ""https://translogistica.az/az/exhibitors-list/year/2025""}, {""exhibition"": ""caspianagroweek"", ""exhibition_label"": ""Caspian Agro Week"", ""year"": ""2024"", ""category"": ""MEDİA"", ""stand"": ""-"", ""company_id"": """", ""source_url"": ""https://caspianagroweek.az/az/exhibitors-list/year/2024""}]}"
expo-00231,AZEXPORT,Azərbaycan,MEDİA,M122,Caspian Agro Week,2026,1,"{""appearances"": [{""exhibition"": ""caspianagroweek"", ""exhibition_label"": ""Caspian Agro Week"", ""year"": ""2026"", ""category"": ""MEDİA"", ""stand"": ""M122"", ""company_id"": ""4382"", ""source_url"": ""https://caspianagroweek.az/az/exhibitors-list/year/2026""}]}"
expo-00232,AZEXPORT.AZ,Azərbaycan,MEDİA,P106 | P108,Caspian Agro Week | Caspian Oil & Gas | InterFood Azerbaijan | TransLogistica Caspian,2019 | 2022 | 2026,7,"{""appearances"": [{""exhibition"": ""interfood"", ""exhibition_label"": ""InterFood Azerbaijan"", ""year"": ""2019"", ""category"": ""MEDİA"", ""stand"": ""P106"", ""company_id"": ""4382"", ""source_url"": ""https://interfood.az/az/exhibitors-list/year/2019""}, {""exhibition"": ""interfood"", ""exhibition_label"": ""InterFood Azerbaijan"", ""year"": ""2026"", ""category"": ""MEDİA"", ""stand"": ""-"", ""company_id"": """", ""source_url"": ""https://interfood.az/az/exhibitors-list/year/2026""}, {""exhibition"": ""caspianoilgas"", ""exhibition_label"": ""Caspian Oil & Gas"", ""year"": ""2026"", ""category"": ""MEDİA"", ""stand"": ""-"", ""company_id"": """", ""source_url"": ""https://caspianoilgas.az/az/exhibitors-list/year/2026""}, {""exhibition"": ""translogistica"", ""exhibition_label"": ""TransLogistica Caspian"", ""year"": ""2019"", ""category"": ""MEDİA"", ""stand"": ""P108"", ""company_id"": ""4382"", ""source_url"": ""https://translogistica.az/az/exhibitors-list/year/2019""}, {""exhibition"": ""translogistica"", ""exhibition_label"": ""TransLogistica Caspian"", ""year"": ""2026"", ""category"": ""MEDİA"", ""stand"": ""-"", ""company_id"": """", ""source_url"": ""https://translogistica.az/az/exhibitors-list/year/2026""}, {""exhibition"": ""caspianagroweek"", ""exhibition_label"": ""Caspian Agro Week"", ""year"": ""2019"", ""category"": ""MEDİA"", ""stand"": ""-"", ""company_id"": ""4382"", ""source_url"": ""https://caspianagroweek.az/az/exhibitors-list/year/2019""}, {""exhibition"": ""caspianagroweek"", ""exhibition_label"": ""Caspian Agro Week"", ""year"": ""2022"", ""category"": ""MEDİA"", ""stand"": ""-"", ""company_id"": ""4382"", ""source_url"": ""https://caspianagroweek.az/az/exhibitors-list/year/2022""}]}"
expo-00233,AZFEN B.M.,Azərbaycan,MEDİA,1314 | 1C330/1 | C1314/1,Caspian Oil & Gas,2019 | 2022 | 2023,3,"{""appearances"": [{""exhibition"": ""caspianoilgas"", ""exhibition_label"": ""Caspian Oil & Gas"", ""year"": ""2019"", ""category"": ""MEDİA"", ""stand"": ""1314"", ""company_id"": ""4579"", ""source_url"": ""https://caspianoilgas.az/az/exhibitors-list/year/2019""}, {""exhibition"": ""caspianoilgas"", ""exhibition_label"": ""Caspian Oil & Gas"", ""year"": ""2022"", ""category"": ""MEDİA"", ""stand"": ""C1314/1"", ""company_id"": ""4579"", ""source_url"": ""https://caspianoilgas.az/az/exhibitors-list/year/2022""}, {""exhibition"": ""caspianoilgas"", ""exhibition_label"": ""Caspian Oil & Gas"", ""year"": ""2023"", ""category"": ""MEDİA"", ""stand"": ""1C330/1"", ""company_id"": ""4579"", ""source_url"": ""https://caspianoilgas.az/az/exhibitors-list/year/2023""}]}"
expo-00234,AZFEN MMC,Azərbaycan,MEDİA,1C330-1 | 1C340/1,Caspian Oil & Gas,2024 | 2025,2,"{""appearances"": [{""exhibition"": ""caspianoilgas"", ""exhibition_label"": ""Caspian Oil & Gas"", ""year"": ""2024"", ""category"": ""MEDİA"", ""stand"": ""1C330-1"", ""company_id"": """", ""source_url"": ""https://caspianoilgas.az/az/exhibitors-list/year/2024""}, {""exhibition"": ""caspianoilgas"", ""exhibition_label"": ""Caspian Oil & Gas"", ""year"": ""2025"", ""category"": ""MEDİA"", ""stand"": ""1C340/1"", ""company_id"": ""4579"", ""source_url"": ""https://caspianoilgas.az/az/exhibitors-list/year/2025""}]}"
expo-00235,AZFILTER GROUP MMC,Azərbaycan,MEDİA | TƏRƏFDAŞ,1A062 | 3A222,Caspian Agro Week,2025 | 2026,2,"{""appearances"": [{""exhibition"": ""caspianagroweek"", ""exhibition_label"": ""Caspian Agro Week"", ""year"": ""2025"", ""category"": ""MEDİA"", ""stand"": ""3A222"", ""company_id"": """", ""source_url"": ""https://caspianagroweek.az/az/exhibitors-list/year/2025""}, {""exhibition"": ""caspianagroweek"", ""exhibition_label"": ""Caspian Agro Week"", ""year"": ""2026"", ""category"": ""TƏRƏFDAŞ"", ""stand"": ""1A062"", ""company_id"": ""352695"", ""source_url"": ""https://caspianagroweek.az/az/exhibitors-list/year/2026""}]}"
expo-00236,AZFLEX MMC,Azərbaycan,TƏRƏFDAŞLAR,1B234,BakuBuild,2025,1,"{""appearances"": [{""exhibition"": ""bakubuild"", ""exhibition_label"": ""BakuBuild"", ""year"": ""2025"", ""category"": ""TƏRƏFDAŞLAR"", ""stand"": ""1B234"", ""company_id"": ""324715"", ""source_url"": ""https://bakubuild.az/az/exhibitors-list/year/2025""}]}"
expo-00237,AZFP CO LTD,Azərbaycan,MEDİA,F2021,InterFood Azerbaijan,2022,1,"{""appearances"": [{""exhibition"": ""interfood"", ""exhibition_label"": ""InterFood Azerbaijan"", ""year"": ""2022"", ""category"": ""MEDİA"", ""stand"": ""F2021"", ""company_id"": ""7109"", ""source_url"": ""https://interfood.az/az/exhibitors-list/year/2022""}]}"
expo-00238,AZGRAFT CONSTRUCTİON MMC,Azərbaycan,TƏRƏFDAŞLAR,A2134,Aquatherm Baku | Securex Caspian,2019,2,"{""appearances"": [{""exhibition"": ""aquatherm"", ""exhibition_label"": ""Aquatherm Baku"", ""year"": ""2019"", ""category"": ""TƏRƏFDAŞLAR"", ""stand"": ""A2134"", ""company_id"": ""5773"", ""source_url"": ""https://aquatherm.az/az/exhibitors-list/year/2019""}, {""exhibition"": ""securexcaspian"", ""exhibition_label"": ""Securex Caspian"", ""year"": ""2019"", ""category"": ""TƏRƏFDAŞLAR"", ""stand"": ""A2134"", ""company_id"": ""5773"", ""source_url"": ""https://securexcaspian.az/az/exhibitors-list/year/2019""}]}"
expo-00239,AZGRANATA MMC,Azərbaycan,MEDİA | MURMANSK VİLAYETİ | ŞİRVAN AQRO MMC,1F350 | 4F100,InterFood Azerbaijan,2019 | 2021 | 2022 | 2023 | 2024 | 2026,6,"{""appearances"": [{""exhibition"": ""interfood"", ""exhibition_label"": ""InterFood Azerbaijan"", ""year"": ""2019"", ""category"": ""MEDİA"", ""stand"": ""1F350"", ""company_id"": """", ""source_url"": ""https://interfood.az/az/exhibitors-list/year/2019""}, {""exhibition"": ""interfood"", ""exhibition_label"": ""InterFood Azerbaijan"", ""year"": ""2021"", ""category"": ""MEDİA"", ""stand"": ""1F350"", ""company_id"": ""4650"", ""source_url"": ""https://interfood.az/az/exhibitors-list/year/2021""}, {""exhibition"": ""interfood"", ""exhibition_label"": ""InterFood Azerbaijan"", ""year"": ""2022"", ""category"": ""MEDİA"", ""stand"": ""1F350"", ""company_id"": ""4650"", ""source_url"": ""https://interfood.az/az/exhibitors-list/year/2022""}, {""exhibition"": ""interfood"", ""exhibition_label"": ""InterFood Azerbaijan"", ""year"": ""2023"", ""category"": ""MURMANSK VİLAYETİ"", ""stand"": ""1F350"", ""company_id"": ""4650"", ""source_url"": ""https://interfood.az/az/exhibitors-list/year/2023""}, {""exhibition"": ""interfood"", ""exhibition_label"": ""InterFood Azerbaijan"", ""year"": ""2024"", ""category"": ""MEDİA"", ""stand"": ""1F350"", ""company_id"": ""4650"", ""source_url"": ""https://interfood.az/az/exhibitors-list/year/2024""}, {""exhibition"": ""interfood"", ""exhibition_label"": ""InterFood Azerbaijan"", ""year"": ""2026"", ""category"": ""ŞİRVAN AQRO MMC"", ""stand"": ""4F100"", ""company_id"": ""4650"", ""source_url"": ""https://interfood.az/az/exhibitors-list/year/2026""}]}"
expo-00240,AZİDMAN MMC,Azərbaycan,TƏRƏFDAŞLAR,,BakuBuild,2026,1,"{""appearances"": [{""exhibition"": ""bakubuild"", ""exhibition_label"": ""BakuBuild"", ""year"": ""2026"", ""category"": ""TƏRƏFDAŞLAR"", ""stand"": ""-"", ""company_id"": """", ""source_url"": ""https://bakubuild.az/az/exhibitors-list/year/2026""}]}"
expo-00241,AZMADE GROUP,Azərbaycan,MEDİA | TƏRƏFDAŞ,2A132 | A1212,Aquatherm Baku | Caspian Agro Week,2021 | 2024,2,"{""appearances"": [{""exhibition"": ""aquatherm"", ""exhibition_label"": ""Aquatherm Baku"", ""year"": ""2024"", ""category"": ""MEDİA"", ""stand"": ""2A132"", ""company_id"": ""4580"", ""source_url"": ""https://aquatherm.az/az/exhibitors-list/year/2024""}, {""exhibition"": ""caspianagroweek"", ""exhibition_label"": ""Caspian Agro Week"", ""year"": ""2021"", ""category"": ""TƏRƏFDAŞ"", ""stand"": ""A1212"", ""company_id"": ""6499"", ""source_url"": ""https://caspianagroweek.az/az/exhibitors-list/year/2021""}]}"
expo-00242,AZNEFTKİMYAMAŞ  ASC,Azərbaycan,MEDİA,2018,Caspian Oil & Gas,2019,1,"{""appearances"": [{""exhibition"": ""caspianoilgas"", ""exhibition_label"": ""Caspian Oil & Gas"", ""year"": ""2019"", ""category"": ""MEDİA"", ""stand"": ""2018"", ""company_id"": ""4800"", ""source_url"": ""https://caspianoilgas.az/az/exhibitors-list/year/2019""}]}"
expo-00243,AZNUR,Azərbaycan,MEDİA,F1324 | F2411,InterFood Azerbaijan,2019 | 2021,2,"{""appearances"": [{""exhibition"": ""interfood"", ""exhibition_label"": ""InterFood Azerbaijan"", ""year"": ""2019"", ""category"": ""MEDİA"", ""stand"": ""F1324"", ""company_id"": ""4646"", ""source_url"": ""https://interfood.az/az/exhibitors-list/year/2019""}, {""exhibition"": ""interfood"", ""exhibition_label"": ""InterFood Azerbaijan"", ""year"": ""2021"", ""category"": ""MEDİA"", ""stand"": ""F2411"", ""company_id"": ""4646"", ""source_url"": ""https://interfood.az/az/exhibitors-list/year/2021""}]}"
expo-00244,AZNUR LOGISTICS,Azərbaycan,MEDİA,2T350-3,TransLogistica Caspian,2026,1,"{""appearances"": [{""exhibition"": ""translogistica"", ""exhibition_label"": ""TransLogistica Caspian"", ""year"": ""2026"", ""category"": ""MEDİA"", ""stand"": ""2T350-3"", ""company_id"": ""352521"", ""source_url"": ""https://translogistica.az/az/exhibitors-list/year/2026""}]}"
expo-00245,AZOREL MMC,Azərbaycan,MEDİA,1022 | C1022,Caspian Oil & Gas,2019 | 2022,2,"{""appearances"": [{""exhibition"": ""caspianoilgas"", ""exhibition_label"": ""Caspian Oil & Gas"", ""year"": ""2019"", ""category"": ""MEDİA"", ""stand"": ""1022"", ""company_id"": ""4581"", ""source_url"": ""https://caspianoilgas.az/az/exhibitors-list/year/2019""}, {""exhibition"": ""caspianoilgas"", ""exhibition_label"": ""Caspian Oil & Gas"", ""year"": ""2022"", ""category"": ""MEDİA"", ""stand"": ""C1022"", ""company_id"": ""4581"", ""source_url"": ""https://caspianoilgas.az/az/exhibitors-list/year/2022""}]}"
expo-00246,AZPLASTTECH MMC,Azərbaycan,MURMANSK VİLAYETİ,4F214,InterFood Azerbaijan,2023,1,"{""appearances"": [{""exhibition"": ""interfood"", ""exhibition_label"": ""InterFood Azerbaijan"", ""year"": ""2023"", ""category"": ""MURMANSK VİLAYETİ"", ""stand"": ""4F214"", ""company_id"": ""273355"", ""source_url"": ""https://interfood.az/az/exhibitors-list/year/2023""}]}"
expo-00247,AZPROTEİN,Azərbaycan,AGRO DAIRY MMC | MEDİA,1A210-10 | 1A210-9,Caspian Agro Week,2025 | 2026,2,"{""appearances"": [{""exhibition"": ""caspianagroweek"", ""exhibition_label"": ""Caspian Agro Week"", ""year"": ""2025"", ""category"": ""MEDİA"", ""stand"": ""1A210-10"", ""company_id"": """", ""source_url"": ""https://caspianagroweek.az/az/exhibitors-list/year/2025""}, {""exhibition"": ""caspianagroweek"", ""exhibition_label"": ""Caspian Agro Week"", ""year"": ""2026"", ""category"": ""AGRO DAIRY MMC"", ""stand"": ""1A210-9"", ""company_id"": """", ""source_url"": ""https://caspianagroweek.az/az/exhibitors-list/year/2026""}]}"
expo-00248,AZREF MMC,Azərbaycan,MEDİA,2A074,Aquatherm Baku,2023,1,"{""appearances"": [{""exhibition"": ""aquatherm"", ""exhibition_label"": ""Aquatherm Baku"", ""year"": ""2023"", ""category"": ""MEDİA"", ""stand"": ""2A074"", ""company_id"": ""298115"", ""source_url"": ""https://aquatherm.az/az/exhibitors-list/year/2023""}]}"
expo-00249,AZROS-PL,Azərbaycan,TƏRƏFDAŞLAR,B1332,BakuBuild | Securex Caspian,2019,3,"{""appearances"": [{""exhibition"": ""bakubuild"", ""exhibition_label"": ""BakuBuild"", ""year"": ""2019"", ""category"": ""TƏRƏFDAŞLAR"", ""stand"": ""B1332"", ""company_id"": ""5521"", ""source_url"": ""https://bakubuild.az/az/exhibitors-list/year/2019""}, {""exhibition"": ""securexcaspian"", ""exhibition_label"": ""Securex Caspian"", ""year"": ""2019"", ""category"": ""TƏRƏFDAŞLAR"", ""stand"": ""B1332"", ""company_id"": ""5521"", ""source_url"": ""https://securexcaspian.az/az/exhibitors-list/year/2019""}, {""exhibition"": ""securexcaspian"", ""exhibition_label"": ""Securex Caspian"", ""year"": ""2019"", ""category"": ""TƏRƏFDAŞLAR"", ""stand"": ""B1332"", ""company_id"": ""5521"", ""source_url"": ""https://securexcaspian.az/az/exhibitors-list/year/2019""}]}"
expo-00250,AZROSE MMC,Azərbaycan,AGRO FOOD INVESTMENTS MMC | MEDİA,1A360-6,Caspian Agro Week,2023 | 2024 | 2025 | 2026,4,"{""appearances"": [{""exhibition"": ""caspianagroweek"", ""exhibition_label"": ""Caspian Agro Week"", ""year"": ""2023"", ""category"": ""MEDİA"", ""stand"": ""1A360-6"", ""company_id"": """", ""source_url"": ""https://caspianagroweek.az/az/exhibitors-list/year/2023""}, {""exhibition"": ""caspianagroweek"", ""exhibition_label"": ""Caspian Agro Week"", ""year"": ""2024"", ""category"": ""MEDİA"", ""stand"": ""1A360-6"", ""company_id"": """", ""source_url"": ""https://caspianagroweek.az/az/exhibitors-list/year/2024""}, {""exhibition"": ""caspianagroweek"", ""exhibition_label"": ""Caspian Agro Week"", ""year"": ""2025"", ""category"": ""MEDİA"", ""stand"": ""1A360-6"", ""company_id"": """", ""source_url"": ""https://caspianagroweek.az/az/exhibitors-list/year/2025""}, {""exhibition"": ""caspianagroweek"", ""exhibition_label"": ""Caspian Agro Week"", ""year"": ""2026"", ""category"": ""AGRO FOOD INVESTMENTS MMC"", ""stand"": ""1A360-6"", ""company_id"": """", ""source_url"": ""https://caspianagroweek.az/az/exhibitors-list/year/2026""}]}"
expo-00251,AZSAFETY PRODUCTİON,Azərbaycan,MEDİA,C1008/1,Caspian Oil & Gas,2022,1,"{""appearances"": [{""exhibition"": ""caspianoilgas"", ""exhibition_label"": ""Caspian Oil & Gas"", ""year"": ""2022"", ""category"": ""MEDİA"", ""stand"": ""C1008/1"", ""company_id"": ""7186"", ""source_url"": ""https://caspianoilgas.az/az/exhibitors-list/year/2022""}]}"
expo-00252,AZSAFFRON,Azərbaycan,MURMANSK VİLAYETİ,1F042-11,InterFood Azerbaijan,2023,1,"{""appearances"": [{""exhibition"": ""interfood"", ""exhibition_label"": ""InterFood Azerbaijan"", ""year"": ""2023"", ""category"": ""MURMANSK VİLAYETİ"", ""stand"": ""1F042-11"", ""company_id"": """", ""source_url"": ""https://interfood.az/az/exhibitors-list/year/2023""}]}"
expo-00253,AZSEEDS MMC,Azərbaycan,TƏRƏFDAŞ,A2002,Caspian Agro Week,2021,1,"{""appearances"": [{""exhibition"": ""caspianagroweek"", ""exhibition_label"": ""Caspian Agro Week"", ""year"": ""2021"", ""category"": ""TƏRƏFDAŞ"", ""stand"": ""A2002"", ""company_id"": ""5713"", ""source_url"": ""https://caspianagroweek.az/az/exhibitors-list/year/2021""}]}"
expo-00254,AZTECH & TEGETA MOTORS MMC,Azərbaycan,MEDİA,1002,TransLogistica Caspian,2019,1,"{""appearances"": [{""exhibition"": ""translogistica"", ""exhibition_label"": ""TransLogistica Caspian"", ""year"": ""2019"", ""category"": ""MEDİA"", ""stand"": ""1002"", ""company_id"": ""4770"", ""source_url"": ""https://translogistica.az/az/exhibitors-list/year/2019""}]}"
expo-00255,AZTEXNİKA,Azərbaycan,MEDİA | TƏRƏFDAŞ,A2102 | A2114,Caspian Agro Week,2019 | 2021 | 2022,3,"{""appearances"": [{""exhibition"": ""caspianagroweek"", ""exhibition_label"": ""Caspian Agro Week"", ""year"": ""2019"", ""category"": ""MEDİA"", ""stand"": ""A2102"", ""company_id"": ""4680"", ""source_url"": ""https://caspianagroweek.az/az/exhibitors-list/year/2019""}, {""exhibition"": ""caspianagroweek"", ""exhibition_label"": ""Caspian Agro Week"", ""year"": ""2021"", ""category"": ""TƏRƏFDAŞ"", ""stand"": ""A2102"", ""company_id"": ""4680"", ""source_url"": ""https://caspianagroweek.az/az/exhibitors-list/year/2021""}, {""exhibition"": ""caspianagroweek"", ""exhibition_label"": ""Caspian Agro Week"", ""year"": ""2022"", ""category"": ""MEDİA"", ""stand"": ""A2114"", ""company_id"": ""4680"", ""source_url"": ""https://caspianagroweek.az/az/exhibitors-list/year/2022""}]}"
expo-00256,AZTIM MMC,Azərbaycan,TƏRƏFDAŞ,,Caspian Agro Week,2026,1,"{""appearances"": [{""exhibition"": ""caspianagroweek"", ""exhibition_label"": ""Caspian Agro Week"", ""year"": ""2026"", ""category"": ""TƏRƏFDAŞ"", ""stand"": ""-"", ""company_id"": """", ""source_url"": ""https://caspianagroweek.az/az/exhibitors-list/year/2026""}]}"
expo-00257,AZTƏSƏRRÜFAT MƏHDUD MƏSULİYYƏTLİ CƏMİYYƏTİ,Azərbaycan,TƏRƏFDAŞ,2A322,Caspian Agro Week,2026,1,"{""appearances"": [{""exhibition"": ""caspianagroweek"", ""exhibition_label"": ""Caspian Agro Week"", ""year"": ""2026"", ""category"": ""TƏRƏFDAŞ"", ""stand"": ""2A322"", ""company_id"": """", ""source_url"": ""https://caspianagroweek.az/az/exhibitors-list/year/2026""}]}"
expo-00258,AZVIRT MMC,Azərbaycan,MEDİA,1108,TransLogistica Caspian,2019,1,"{""appearances"": [{""exhibition"": ""translogistica"", ""exhibition_label"": ""TransLogistica Caspian"", ""year"": ""2019"", ""category"": ""MEDİA"", ""stand"": ""1108"", ""company_id"": ""4776"", ""source_url"": ""https://translogistica.az/az/exhibitors-list/year/2019""}]}"
expo-00259,AZƏR KALSİ KOMPANİ MMC,Azərbaycan,MEDİA,2P224,Plastex Caspian,2025,1,"{""appearances"": [{""exhibition"": ""plastex"", ""exhibition_label"": ""Plastex Caspian"", ""year"": ""2025"", ""category"": ""MEDİA"", ""stand"": ""2P224"", ""company_id"": ""336587"", ""source_url"": ""https://plastex.az/az/exhibitors-list/year/2025""}]}"
expo-00260,AZƏRAQRAR DÖVLƏT İSTEHSALAT VƏ EMAL BİRLİYİ MMC,Azərbaycan,MEDİA,A3002,Caspian Agro Week,2022,1,"{""appearances"": [{""exhibition"": ""caspianagroweek"", ""exhibition_label"": ""Caspian Agro Week"", ""year"": ""2022"", ""category"": ""MEDİA"", ""stand"": ""A3002"", ""company_id"": ""7025"", ""source_url"": ""https://caspianagroweek.az/az/exhibitors-list/year/2022""}]}"
expo-00261,AZƏRBAYCAN AVTOMOBİL YOLLARI DÖVLƏT AGENTLİYİ,Azərbaycan,MEDİA,1114,TransLogistica Caspian,2019,1,"{""appearances"": [{""exhibition"": ""translogistica"", ""exhibition_label"": ""TransLogistica Caspian"", ""year"": ""2019"", ""category"": ""MEDİA"", ""stand"": ""1114"", ""company_id"": ""4778"", ""source_url"": ""https://translogistica.az/az/exhibitors-list/year/2019""}]}"
expo-00262,AZƏRBAYCAN DÜNYASI JURNALI,Azərbaycan,MEDİA,3P029,BakuBuild,2023,1,"{""appearances"": [{""exhibition"": ""bakubuild"", ""exhibition_label"": ""BakuBuild"", ""year"": ""2023"", ""category"": ""MEDİA"", ""stand"": ""3P029"", ""company_id"": """", ""source_url"": ""https://bakubuild.az/az/exhibitors-list/year/2023""}]}"
expo-00263,AZƏRBAYCAN DƏMİR YOLLARI QSC,Azərbaycan,MEDİA,1122 | 2T320 | 2T350 | T2312,TransLogistica Caspian,2019 | 2022 | 2024 | 2025,4,"{""appearances"": [{""exhibition"": ""translogistica"", ""exhibition_label"": ""TransLogistica Caspian"", ""year"": ""2019"", ""category"": ""MEDİA"", ""stand"": ""1122"", ""company_id"": ""5063"", ""source_url"": ""https://translogistica.az/az/exhibitors-list/year/2019""}, {""exhibition"": ""translogistica"", ""exhibition_label"": ""TransLogistica Caspian"", ""year"": ""2022"", ""category"": ""MEDİA"", ""stand"": ""T2312"", ""company_id"": ""5063"", ""source_url"": ""https://translogistica.az/az/exhibitors-list/year/2022""}, {""exhibition"": ""translogistica"", ""exhibition_label"": ""TransLogistica Caspian"", ""year"": ""2024"", ""category"": ""MEDİA"", ""stand"": ""2T350"", ""company_id"": ""310497"", ""source_url"": ""https://translogistica.az/az/exhibitors-list/year/2024""}, {""exhibition"": ""translogistica"", ""exhibition_label"": ""TransLogistica Caspian"", ""year"": ""2025"", ""category"": ""MEDİA"", ""stand"": ""2T320"", ""company_id"": ""326663"", ""source_url"": ""https://translogistica.az/az/exhibitors-list/year/2025""}]}"
expo-00264,AZƏRBAYCAN DƏMİRYOLÇUSU,Azərbaycan,MEDİA,,TransLogistica Caspian,2019 | 2022,2,"{""appearances"": [{""exhibition"": ""translogistica"", ""exhibition_label"": ""TransLogistica Caspian"", ""year"": ""2019"", ""category"": ""MEDİA"", ""stand"": ""-"", ""company_id"": ""5450"", ""source_url"": ""https://translogistica.az/az/exhibitors-list/year/2019""}, {""exhibition"": ""translogistica"", ""exhibition_label"": ""TransLogistica Caspian"", ""year"": ""2022"", ""category"": ""MEDİA"", ""stand"": ""-"", ""company_id"": ""5450"", ""source_url"": ""https://translogistica.az/az/exhibitors-list/year/2022""}]}"
expo-00265,AZƏRBAYCAN GÖMRÜK TƏMSİLÇİLİYİ VƏ LOGİSTİKA ŞİRKƏTLƏRİNİN ASSOSİASİYASI,Azərbaycan,MEDİA,2T350,TransLogistica Caspian,2026,1,"{""appearances"": [{""exhibition"": ""translogistica"", ""exhibition_label"": ""TransLogistica Caspian"", ""year"": ""2026"", ""category"": ""MEDİA"", ""stand"": ""2T350"", ""company_id"": ""352505"", ""source_url"": ""https://translogistica.az/az/exhibitors-list/year/2026""}]}"
expo-00266,AZƏRBAYCAN HƏRB TARİXİ MUZEYİ,Azərbaycan,MEDİA,,Securex Caspian,2022,1,"{""appearances"": [{""exhibition"": ""securexcaspian"", ""exhibition_label"": ""Securex Caspian"", ""year"": ""2022"", ""category"": ""MEDİA"", ""stand"": ""-"", ""company_id"": ""7580"", ""source_url"": ""https://securexcaspian.az/az/exhibitors-list/year/2022""}]}"
expo-00267,AZƏRBAYCAN KAĞIZ VƏ KARTON İSTEHSALI KOMBİNATI MMC,Azərbaycan,MEDİA | MURMANSK VİLAYETİ | NAXÇIVAN MUXTAR RESPUBLİKASININ MİLLİ STENDİ,1F262 | 2F120,InterFood Azerbaijan,2023 | 2024 | 2025,3,"{""appearances"": [{""exhibition"": ""interfood"", ""exhibition_label"": ""InterFood Azerbaijan"", ""year"": ""2023"", ""category"": ""MURMANSK VİLAYETİ"", ""stand"": ""1F262"", ""company_id"": ""7748"", ""source_url"": ""https://interfood.az/az/exhibitors-list/year/2023""}, {""exhibition"": ""interfood"", ""exhibition_label"": ""InterFood Azerbaijan"", ""year"": ""2024"", ""category"": ""MEDİA"", ""stand"": ""2F120"", ""company_id"": """", ""source_url"": ""https://interfood.az/az/exhibitors-list/year/2024""}, {""exhibition"": ""interfood"", ""exhibition_label"": ""InterFood Azerbaijan"", ""year"": ""2025"", ""category"": ""NAXÇIVAN MUXTAR RESPUBLİKASININ MİLLİ STENDİ"", ""stand"": ""2F120"", ""company_id"": ""7992"", ""source_url"": ""https://interfood.az/az/exhibitors-list/year/2025""}]}"
expo-00268,AZƏRBAYCAN MEMARLAR İTTİFAQI,Azərbaycan,DƏSTƏK | MEDİA | TƏRƏFDAŞLAR,B1018,BakuBuild | Securex Caspian,2019 | 2021 | 2022,4,"{""appearances"": [{""exhibition"": ""bakubuild"", ""exhibition_label"": ""BakuBuild"", ""year"": ""2019"", ""category"": ""DƏSTƏK"", ""stand"": ""B1018"", ""company_id"": ""5652"", ""source_url"": ""https://bakubuild.az/az/exhibitors-list/year/2019""}, {""exhibition"": ""bakubuild"", ""exhibition_label"": ""BakuBuild"", ""year"": ""2021"", ""category"": ""TƏRƏFDAŞLAR"", ""stand"": ""-"", ""company_id"": ""5652"", ""source_url"": ""https://bakubuild.az/az/exhibitors-list/year/2021""}, {""exhibition"": ""bakubuild"", ""exhibition_label"": ""BakuBuild"", ""year"": ""2022"", ""category"": ""MEDİA"", ""stand"": ""-"", ""company_id"": ""5652"", ""source_url"": ""https://bakubuild.az/az/exhibitors-list/year/2022""}, {""exhibition"": ""securexcaspian"", ""exhibition_label"": ""Securex Caspian"", ""year"": ""2019"", ""category"": ""DƏSTƏK"", ""stand"": ""B1018"", ""company_id"": ""5652"", ""source_url"": ""https://securexcaspian.az/az/exhibitors-list/year/2019""}]}"
expo-00269,AZƏRBAYCAN NAR İSTEHSALÇILARI VƏ İXRACATÇILARI ASSOSİASİYASI,Azərbaycan,MEDİA | TƏRƏFDAŞ,2A518 | A1212,Caspian Agro Week,2019 | 2026,2,"{""appearances"": [{""exhibition"": ""caspianagroweek"", ""exhibition_label"": ""Caspian Agro Week"", ""year"": ""2019"", ""category"": ""MEDİA"", ""stand"": ""A1212"", ""company_id"": ""4691"", ""source_url"": ""https://caspianagroweek.az/az/exhibitors-list/year/2019""}, {""exhibition"": ""caspianagroweek"", ""exhibition_label"": ""Caspian Agro Week"", ""year"": ""2026"", ""category"": ""TƏRƏFDAŞ"", ""stand"": ""2A518"", ""company_id"": """", ""source_url"": ""https://caspianagroweek.az/az/exhibitors-list/year/2026""}]}"
expo-00270,AZƏRBAYCAN NEFT TƏSƏRRÜFATI AYLIQ ELMİ-TEXNİKİ VƏ İSTEHSALAT JURNALI,Azərbaycan,MEDİA,,Caspian Oil & Gas,2019 | 2022 | 2023,3,"{""appearances"": [{""exhibition"": ""caspianoilgas"", ""exhibition_label"": ""Caspian Oil & Gas"", ""year"": ""2019"", ""category"": ""MEDİA"", ""stand"": ""-"", ""company_id"": ""5341"", ""source_url"": ""https://caspianoilgas.az/az/exhibitors-list/year/2019""}, {""exhibition"": ""caspianoilgas"", ""exhibition_label"": ""Caspian Oil & Gas"", ""year"": ""2022"", ""category"": ""MEDİA"", ""stand"": ""-"", ""company_id"": ""5341"", ""source_url"": ""https://caspianoilgas.az/az/exhibitors-list/year/2022""}, {""exhibition"": ""caspianoilgas"", ""exhibition_label"": ""Caspian Oil & Gas"", ""year"": ""2023"", ""category"": ""MEDİA"", ""stand"": ""-"", ""company_id"": ""5341"", ""source_url"": ""https://caspianoilgas.az/az/exhibitors-list/year/2023""}]}"
expo-00271,AZƏRBAYCAN QİDA VƏ İÇKİ SƏNAYEÇİLƏRİ ASSOSİASİYASI,Azərbaycan,DƏSTƏK | MEDİA | MURMANSK VİLAYETİ | NAXÇIVAN MUXTAR RESPUBLİKASININ MİLLİ STENDİ,0001 | 3F017 | 4F202 | 4F230,Caspian Agro Week | InterFood Azerbaijan,2021 | 2022 | 2023 | 2024 | 2025 | 2026,9,"{""appearances"": [{""exhibition"": ""interfood"", ""exhibition_label"": ""InterFood Azerbaijan"", ""year"": ""2021"", ""category"": ""MEDİA"", ""stand"": ""0001"", ""company_id"": ""6521"", ""source_url"": ""https://interfood.az/az/exhibitors-list/year/2021""}, {""exhibition"": ""interfood"", ""exhibition_label"": ""InterFood Azerbaijan"", ""year"": ""2022"", ""category"": ""MEDİA"", ""stand"": ""-"", ""company_id"": ""6521"", ""source_url"": ""https://interfood.az/az/exhibitors-list/year/2022""}, {""exhibition"": ""interfood"", ""exhibition_label"": ""InterFood Azerbaijan"", ""year"": ""2023"", ""category"": ""MURMANSK VİLAYETİ"", ""stand"": ""-"", ""company_id"": ""6521"", ""source_url"": ""https://interfood.az/az/exhibitors-list/year/2023""}, {""exhibition"": ""interfood"", ""exhibition_label"": ""InterFood Azerbaijan"", ""year"": ""2024"", ""category"": ""MEDİA"", ""stand"": ""3F017"", ""company_id"": ""6521"", ""source_url"": ""https://interfood.az/az/exhibitors-list/year/2024""}, {""exhibition"": ""interfood"", ""exhibition_label"": ""InterFood Azerbaijan"", ""year"": ""2025"", ""category"": ""NAXÇIVAN MUXTAR RESPUBLİKASININ MİLLİ STENDİ"", ""stand"": ""4F202"", ""company_id"": ""6521"", ""source_url"": ""https://interfood.az/az/exhibitors-list/year/2025""}, {""exhibition"": ""interfood"", ""exhibition_label"": ""InterFood Azerbaijan"", ""year"": ""2026"", ""category"": ""DƏSTƏK"", ""stand"": ""4F230"", ""company_id"": ""6521"", ""source_url"": ""https://interfood.az/az/exhibitors-list/year/2026""}, {""exhibition"": ""caspianagroweek"", ""exhibition_label"": ""Caspian Agro Week"", ""year"": ""2024"", ""category"": ""MEDİA"", ""stand"": ""3F017"", ""company_id"": ""6521"", ""source_url"": ""https://caspianagroweek.az/az/exhibitors-list/year/2024""}, {""exhibition"": ""caspianagroweek"", ""exhibition_label"": ""Caspian Agro Week"", ""year"": ""2025"", ""category"": ""MEDİA"", ""stand"": ""-"", ""company_id"": ""6521"", ""source_url"": ""https://caspianagroweek.az/az/exhibitors-list/year/2025""}, {""exhibition"": ""caspianagroweek"", ""exhibition_label"": ""Caspian Agro Week"", ""year"": ""2026"", ""category"": ""DƏSTƏK"", ""stand"": ""-"", ""company_id"": """", ""source_url"": ""https://caspianagroweek.az/az/exhibitors-list/year/2026""}]}"
expo-00272,AZƏRBAYCAN RESPUBLIKASI MÜDAFIƏ NAZIRLIYI,Azərbaycan,MEDİA,4A210,Securex Caspian,2024,1,"{""appearances"": [{""exhibition"": ""securexcaspian"", ""exhibition_label"": ""Securex Caspian"", ""year"": ""2024"", ""category"": ""MEDİA"", ""stand"": ""4A210"", ""company_id"": """", ""source_url"": ""https://securexcaspian.az/az/exhibitors-list/year/2024""}]}"
expo-00273,AZƏRBAYCAN RESPUBLIKASI RƏQƏMSAL İNKİŞAF VƏ NƏQLİYYAT NAZİRLİYİ,Azərbaycan,MEDİA,,TransLogistica Caspian,2024 | 2025,2,"{""appearances"": [{""exhibition"": ""translogistica"", ""exhibition_label"": ""TransLogistica Caspian"", ""year"": ""2024"", ""category"": ""MEDİA"", ""stand"": ""-"", ""company_id"": """", ""source_url"": ""https://translogistica.az/az/exhibitors-list/year/2024""}, {""exhibition"": ""translogistica"", ""exhibition_label"": ""TransLogistica Caspian"", ""year"": ""2025"", ""category"": ""MEDİA"", ""stand"": ""-"", ""company_id"": ""320557"", ""source_url"": ""https://translogistica.az/az/exhibitors-list/year/2025""}]}"
expo-00274,AZƏRBAYCAN RESPUBLIKASININ MÜDAFIƏ SƏNAYESI NAZIRLIYI,Azərbaycan,MEDİA,3A010,Securex Caspian,2024,1,"{""appearances"": [{""exhibition"": ""securexcaspian"", ""exhibition_label"": ""Securex Caspian"", ""year"": ""2024"", ""category"": ""MEDİA"", ""stand"": ""3A010"", ""company_id"": """", ""source_url"": ""https://securexcaspian.az/az/exhibitors-list/year/2024""}]}"
expo-00275,AZƏRBAYCAN RESPUBLIKASININ MÜDAFİƏ NAZIRLIYI,Azərbaycan,MEDİA,4A110 | 6A526,Securex Caspian,2024,2,"{""appearances"": [{""exhibition"": ""securexcaspian"", ""exhibition_label"": ""Securex Caspian"", ""year"": ""2024"", ""category"": ""MEDİA"", ""stand"": ""4A110"", ""company_id"": """", ""source_url"": ""https://securexcaspian.az/az/exhibitors-list/year/2024""}, {""exhibition"": ""securexcaspian"", ""exhibition_label"": ""Securex Caspian"", ""year"": ""2024"", ""category"": ""MEDİA"", ""stand"": ""6A526"", ""company_id"": """", ""source_url"": ""https://securexcaspian.az/az/exhibitors-list/year/2024""}]}"
expo-00276,AZƏRBAYCAN RESPUBLIKASININ ƏMƏK VƏ ƏHALININ SOSIAL MÜDAFIƏSI NAZIRLIYININ TABELIYINDƏ DÖVLƏT MƏŞĞULLUQ AGENTLIYI,Azərbaycan,TƏRƏFDAŞ,2A514,Caspian Agro Week,2026,1,"{""appearances"": [{""exhibition"": ""caspianagroweek"", ""exhibition_label"": ""Caspian Agro Week"", ""year"": ""2026"", ""category"": ""TƏRƏFDAŞ"", ""stand"": ""2A514"", ""company_id"": ""353923"", ""source_url"": ""https://caspianagroweek.az/az/exhibitors-list/year/2026""}]}"
expo-00277,AZƏRBAYCAN RESPUBLİKASI DÖVLƏT GÖMRÜK KOMİTƏSİ,Azərbaycan,MEDİA,2T214 | 2T350,TransLogistica Caspian,2024 | 2025,2,"{""appearances"": [{""exhibition"": ""translogistica"", ""exhibition_label"": ""TransLogistica Caspian"", ""year"": ""2024"", ""category"": ""MEDİA"", ""stand"": ""2T214"", ""company_id"": ""313683"", ""source_url"": ""https://translogistica.az/az/exhibitors-list/year/2024""}, {""exhibition"": ""translogistica"", ""exhibition_label"": ""TransLogistica Caspian"", ""year"": ""2025"", ""category"": ""MEDİA"", ""stand"": ""2T350"", ""company_id"": ""334387"", ""source_url"": ""https://translogistica.az/az/exhibitors-list/year/2025""}]}"
expo-00278,AZƏRBAYCAN RESPUBLİKASI DÖVLƏT NEFT ŞİRKƏTİ,Azərbaycan,MEDİA,1C220,Caspian Oil & Gas,2024,1,"{""appearances"": [{""exhibition"": ""caspianoilgas"", ""exhibition_label"": ""Caspian Oil & Gas"", ""year"": ""2024"", ""category"": ""MEDİA"", ""stand"": ""1C220"", ""company_id"": """", ""source_url"": ""https://caspianoilgas.az/az/exhibitors-list/year/2024""}]}"
expo-00279,AZƏRBAYCAN RESPUBLİKASI ENERGETİKA NAZİRLİYİ,Azərbaycan,MEDİA,C1114,Caspian Oil & Gas,2019 | 2022 | 2025,3,"{""appearances"": [{""exhibition"": ""caspianoilgas"", ""exhibition_label"": ""Caspian Oil & Gas"", ""year"": ""2019"", ""category"": ""MEDİA"", ""stand"": ""-"", ""company_id"": ""5325"", ""source_url"": ""https://caspianoilgas.az/az/exhibitors-list/year/2019""}, {""exhibition"": ""caspianoilgas"", ""exhibition_label"": ""Caspian Oil & Gas"", ""year"": ""2022"", ""category"": ""MEDİA"", ""stand"": ""C1114"", ""company_id"": ""5325"", ""source_url"": ""https://caspianoilgas.az/az/exhibitors-list/year/2022""}, {""exhibition"": ""caspianoilgas"", ""exhibition_label"": ""Caspian Oil & Gas"", ""year"": ""2025"", ""category"": ""MEDİA"", ""stand"": ""-"", ""company_id"": """", ""source_url"": ""https://caspianoilgas.az/az/exhibitors-list/year/2025""}]}"
expo-00280,AZƏRBAYCAN RESPUBLİKASI İQTİSADİYYAT NAZİRLİYİ SAHİBKARLIĞIN İNKİŞAFI FONDU,Azərbaycan,MEDİA | MURMANSK VİLAYETİ,1F028 | 2F013 | F1028,InterFood Azerbaijan,2022 | 2023 | 2024,3,"{""appearances"": [{""exhibition"": ""interfood"", ""exhibition_label"": ""InterFood Azerbaijan"", ""year"": ""2022"", ""category"": ""MEDİA"", ""stand"": ""F1028"", ""company_id"": ""7051"", ""source_url"": ""https://interfood.az/az/exhibitors-list/year/2022""}, {""exhibition"": ""interfood"", ""exhibition_label"": ""InterFood Azerbaijan"", ""year"": ""2023"", ""category"": ""MURMANSK VİLAYETİ"", ""stand"": ""1F028"", ""company_id"": ""7051"", ""source_url"": ""https://interfood.az/az/exhibitors-list/year/2023""}, {""exhibition"": ""interfood"", ""exhibition_label"": ""InterFood Azerbaijan"", ""year"": ""2024"", ""category"": ""MEDİA"", ""stand"": ""2F013"", ""company_id"": ""7051"", ""source_url"": ""https://interfood.az/az/exhibitors-list/year/2024""}]}"
expo-00281,AZƏRBAYCAN RESPUBLİKASI İQTİSADİYYAT NAZİRLİYİNİN İQTİSADİ ZONALARIN İNKİŞAFI AGENTLİYİ,Azərbaycan,MEDİA,1110,Caspian Oil & Gas,2019,1,"{""appearances"": [{""exhibition"": ""caspianoilgas"", ""exhibition_label"": ""Caspian Oil & Gas"", ""year"": ""2019"", ""category"": ""MEDİA"", ""stand"": ""1110"", ""company_id"": ""5462"", ""source_url"": ""https://caspianoilgas.az/az/exhibitors-list/year/2019""}]}"
expo-00282,AZƏRBAYCAN RESPUBLİKASI KƏND TƏSƏRRÜFATI NAZİRLİYİ YANINDA AQRAR XİDMƏTLƏR AGENTLİYİ,Azərbaycan,MEDİA | TƏRƏFDAŞ,1A340 | 2A105 | 3A120 | 3A130 | 5A078 | A1312 | A2112,Caspian Agro Week,2021 | 2022 | 2023 | 2024 | 2025 | 2026,7,"{""appearances"": [{""exhibition"": ""caspianagroweek"", ""exhibition_label"": ""Caspian Agro Week"", ""year"": ""2021"", ""category"": ""TƏRƏFDAŞ"", ""stand"": ""A2112"", ""company_id"": ""6514"", ""source_url"": ""https://caspianagroweek.az/az/exhibitors-list/year/2021""}, {""exhibition"": ""caspianagroweek"", ""exhibition_label"": ""Caspian Agro Week"", ""year"": ""2022"", ""category"": ""MEDİA"", ""stand"": ""A1312"", ""company_id"": ""6514"", ""source_url"": ""https://caspianagroweek.az/az/exhibitors-list/year/2022""}, {""exhibition"": ""caspianagroweek"", ""exhibition_label"": ""Caspian Agro Week"", ""year"": ""2023"", ""category"": ""MEDİA"", ""stand"": ""1A340"", ""company_id"": ""6514"", ""source_url"": ""https://caspianagroweek.az/az/exhibitors-list/year/2023""}, {""exhibition"": ""caspianagroweek"", ""exhibition_label"": ""Caspian Agro Week"", ""year"": ""2024"", ""category"": ""MEDİA"", ""stand"": ""3A130"", ""company_id"": """", ""source_url"": ""https://caspianagroweek.az/az/exhibitors-list/year/2024""}, {""exhibition"": ""caspianagroweek"", ""exhibition_label"": ""Caspian Agro Week"", ""year"": ""2025"", ""category"": ""MEDİA"", ""stand"": ""3A120"", ""company_id"": ""6514"", ""source_url"": ""https://caspianagroweek.az/az/exhibitors-list/year/2025""}, {""exhibition"": ""caspianagroweek"", ""exhibition_label"": ""Caspian Agro Week"", ""year"": ""2026"", ""category"": ""TƏRƏFDAŞ"", ""stand"": ""2A105"", ""company_id"": ""6514"", ""source_url"": ""https://caspianagroweek.az/az/exhibitors-list/year/2026""}, {""exhibition"": ""caspianagroweek"", ""exhibition_label"": ""Caspian Agro Week"", ""year"": ""2026"", ""category"": ""TƏRƏFDAŞ"", ""stand"": ""5A078"", ""company_id"": ""352482"", ""source_url"": ""https://caspianagroweek.az/az/exhibitors-list/year/2026""}]}"
expo-00283,AZƏRBAYCAN RESPUBLİKASI MÜDAFİƏ SƏNAYESİ NAZİRLİYİ,Azərbaycan,MEDİA,A1106/A3202/A4002,Securex Caspian,2022 | 2026,2,"{""appearances"": [{""exhibition"": ""securexcaspian"", ""exhibition_label"": ""Securex Caspian"", ""year"": ""2022"", ""category"": ""MEDİA"", ""stand"": ""A1106/A3202/A4002"", ""company_id"": ""6031"", ""source_url"": ""https://securexcaspian.az/az/exhibitors-list/year/2022""}, {""exhibition"": ""securexcaspian"", ""exhibition_label"": ""Securex Caspian"", ""year"": ""2026"", ""category"": """", ""stand"": ""-"", ""company_id"": ""6031"", ""source_url"": ""https://securexcaspian.az/az/exhibitors-list/year/2026""}]}"
expo-00284,AZƏRBAYCAN RESPUBLİKASI SAHİBKARLAR (İŞƏGÖTÜRƏNLƏR) TƏŞKİLATLARI MİLLİ KONFEDERASİYASI,Azərbaycan,DƏSTƏK | MEDİA | MURMANSK VİLAYETİ | NAXÇIVAN MUXTAR RESPUBLİKASININ MİLLİ STENDİ | TƏRƏFDAŞLAR | YAROSLAVL VILAYƏTİNİN ŞİRKƏTLƏRİ | ÇELYABİNSK VİLAYƏTİ,1032 | 2B431 | 2M544 | 2T076 | 3F011 | 4A032 | 4F005 | A3013 | B2028 | B2062 | C2019 | F2428,Aquatherm Baku | BakuBuild | Beauty Expo Baku | Caspian Agro Week | Caspian Oil & Gas | InterFood Azerbaijan | Securex Caspian | TransLogistica Caspian,2019 | 2021 | 2022 | 2023 | 2024 | 2025 | 2026,35,"{""appearances"": [{""exhibition"": ""bakubuild"", ""exhibition_label"": ""BakuBuild"", ""year"": ""2019"", ""category"": ""DƏSTƏK"", ""stand"": ""B2062"", ""company_id"": ""4292"", ""source_url"": ""https://bakubuild.az/az/exhibitors-list/year/2019""}, {""exhibition"": ""bakubuild"", ""exhibition_label"": ""BakuBuild"", ""year"": ""2021"", ""category"": ""TƏRƏFDAŞLAR"", ""stand"": ""-"", ""company_id"": ""4292"", ""source_url"": ""https://bakubuild.az/az/exhibitors-list/year/2021""}, {""exhibition"": ""bakubuild"", ""exhibition_label"": ""BakuBuild"", ""year"": ""2022"", ""category"": ""MEDİA"", ""stand"": ""B2028"", ""company_id"": ""4292"", ""source_url"": ""https://bakubuild.az/az/exhibitors-list/year/2022""}, {""exhibition"": ""bakubuild"", ""exhibition_label"": ""BakuBuild"", ""year"": ""2023"", ""category"": ""ÇELYABİNSK VİLAYƏTİ"", ""stand"": ""2B431"", ""company_id"": ""4292"", ""source_url"": ""https://bakubuild.az/az/exhibitors-list/year/2023""}, {""exhibition"": ""bakubuild"", ""exhibition_label"": ""BakuBuild"", ""year"": ""2024"", ""category"": ""MEDİA"", ""stand"": ""-"", ""company_id"": ""4292"", ""source_url"": ""https://bakubuild.az/az/exhibitors-list/year/2024""}, {""exhibition"": ""bakubuild"", ""exhibition_label"": ""BakuBuild"", ""year"": ""2025"", ""category"": ""TƏRƏFDAŞLAR"", ""stand"": ""2M544"", ""company_id"": ""4292"", ""source_url"": ""https://bakubuild.az/az/exhibitors-list/year/2025""}, {""exhibition"": ""aquatherm"", ""exhibition_label"": ""Aquatherm Baku"", ""year"": ""2019"", ""category"": ""DƏSTƏK"", ""stand"": ""-"", ""company_id"": ""4292"", ""source_url"": ""https://aquatherm.az/az/exhibitors-list/year/2019""}, {""exhibition"": ""aquatherm"", ""exhibition_label"": ""Aquatherm Baku"", ""year"": ""2021"", ""category"": ""MEDİA"", ""stand"": ""-"", ""company_id"": ""4292"", ""source_url"": ""https://aquatherm.az/az/exhibitors-list/year/2021""}, {""exhibition"": ""aquatherm"", ""exhibition_label"": ""Aquatherm Baku"", ""year"": ""2022"", ""category"": ""MEDİA"", ""stand"": ""B2028"", ""company_id"": ""4292"", ""source_url"": ""https://aquatherm.az/az/exhibitors-list/year/2022""}, {""exhibition"": ""aquatherm"", ""exhibition_label"": ""Aquatherm Baku"", ""year"": ""2023"", ""category"": ""MEDİA"", ""stand"": ""-"", ""company_id"": ""4292"", ""source_url"": ""https://aquatherm.az/az/exhibitors-list/year/2023""}, {""exhibition"": ""aquatherm"", ""exhibition_label"": ""Aquatherm Baku"", ""year"": ""2024"", ""category"": ""MEDİA"", ""stand"": ""-"", ""company_id"": ""4292"", ""source_url"": ""https://aquatherm.az/az/exhibitors-list/year/2024""}, {""exhibition"": ""beautyexpo"", ""exhibition_label"": ""Beauty Expo Baku"", ""year"": ""2019"", ""category"": ""DƏSTƏK"", ""stand"": ""-"", ""company_id"": ""4292"", ""source_url"": ""https://beautyexpo.az/az/exhibitors-list/year/2019""}, {""exhibition"": ""beautyexpo"", ""exhibition_label"": ""Beauty Expo Baku"", ""year"": ""2022"", ""category"": ""MEDİA"", ""stand"": ""-"", ""company_id"": ""4292"", ""source_url"": ""https://beautyexpo.az/az/exhibitors-list/year/2022""}, {""exhibition"": ""beautyexpo"", ""exhibition_label"": ""Beauty Expo Baku"", ""year"": ""2023"", ""category"": ""YAROSLAVL VILAYƏTİNİN ŞİRKƏTLƏRİ"", ""stand"": ""-"", ""company_id"": ""4292"", ""source_url"": ""https://beautyexpo.az/az/exhibitors-list/year/2023""}, {""exhibition"": ""interfood"", ""exhibition_label"": ""InterFood Azerbaijan"", ""year"": ""2019"", ""category"": ""MEDİA"", ""stand"": ""A3013"", ""company_id"": ""4292"", ""source_url"": ""https://interfood.az/az/exhibitors-list/year/2019""}, {""exhibition"": ""interfood"", ""exhibition_label"": ""InterFood Azerbaijan"", ""year"": ""2022"", ""category"": ""MEDİA"", ""stand"": ""F2428"", ""company_id"": ""4292"", ""source_url"": ""https://interfood.az/az/exhibitors-list/year/2022""}, {""exhibition"": ""interfood"", ""exhibition_label"": ""InterFood Azerbaijan"", ""year"": ""2023"", ""category"": ""MURMANSK VİLAYETİ"", ""stand"": ""3F011"", ""company_id"": ""4292"", ""source_url"": ""https://interfood.az/az/exhibitors-list/year/2023""}, {""exhibition"": ""interfood"", ""exhibition_label"": ""InterFood Azerbaijan"", ""year"": ""2024"", ""category"": ""MEDİA"", ""stand"": ""4A032"", ""company_id"": """", ""source_url"": ""https://interfood.az/az/exhibitors-list/year/2024""}, {""exhibition"": ""interfood"", ""exhibition_label"": ""InterFood Azerbaijan"", ""year"": ""2025"", ""category"": ""NAXÇIVAN MUXTAR RESPUBLİKASININ MİLLİ STENDİ"", ""stand"": ""4F005"", ""company_id"": ""4292"", ""source_url"": ""https://interfood.az/az/exhibitors-list/year/2025""}, {""exhibition"": ""interfood"", ""exhibition_label"": ""InterFood Azerbaijan"", ""year"": ""2026"", ""category"": ""DƏSTƏK"", ""stand"": ""-"", ""company_id"": """", ""source_url"": ""https://interfood.az/az/exhibitors-list/year/2026""}, {""exhibition"": ""caspianoilgas"", ""exhibition_label"": ""Caspian Oil & Gas"", ""year"": ""2019"", ""category"": ""MEDİA"", ""stand"": ""-"", ""company_id"": ""4292"", ""source_url"": ""https://caspianoilgas.az/az/exhibitors-list/year/2019""}, {""exhibition"": ""caspianoilgas"", ""exhibition_label"": ""Caspian Oil & Gas"", ""year"": ""2022"", ""category"": ""MEDİA"", ""stand"": ""C2019"", ""company_id"": ""4292"", ""source_url"": ""https://caspianoilgas.az/az/exhibitors-list/year/2022""}, {""exhibition"": ""caspianoilgas"", ""exhibition_label"": ""Caspian Oil & Gas"", ""year"": ""2026"", ""category"": ""MEDİA"", ""stand"": ""-"", ""company_id"": """", ""source_url"": ""https://caspianoilgas.az/az/exhibitors-list/year/2026""}, {""exhibition"": ""securexcaspian"", ""exhibition_label"": ""Securex Caspian"", ""year"": ""2019"", ""category"": ""DƏSTƏK"", ""stand"": ""-"", ""company_id"": ""4292"", ""source_url"": ""https://securexcaspian.az/az/exhibitors-list/year/2019""}, {""exhibition"": ""securexcaspian"", ""exhibition_label"": ""Securex Caspian"", ""year"": ""2019"", ""category"": ""DƏSTƏK"", ""stand"": ""B2062"", ""company_id"": ""4292"", ""source_url"": ""https://securexcaspian.az/az/exhibitors-list/year/2019""}, {""exhibition"": ""translogistica"", ""exhibition_label"": ""TransLogistica Caspian"", ""year"": ""2019"", ""category"": ""MEDİA"", ""stand"": ""1032"", ""company_id"": ""4292"", ""source_url"": ""https://translogistica.az/az/exhibitors-list/year/2019""}, {""exhibition"": ""translogistica"", ""exhibition_label"": ""TransLogistica Caspian"", ""year"": ""2022"", ""category"": ""MEDİA"", ""stand"": ""C2019"", ""company_id"": ""4292"", ""source_url"": ""https://translogistica.az/az/exhibitors-list/year/2022""}, {""exhibition"": ""translogistica"", ""exhibition_label"": ""TransLogistica Caspian"", ""year"": ""2024"", ""category"": ""MEDİA"", ""stand"": ""-"", ""company_id"": """", ""source_url"": ""https://translogistica.az/az/exhibitors-list/year/2024""}, {""exhibition"": ""translogistica"", ""exhibition_label"": ""TransLogistica Caspian"", ""year"": ""2025"", ""category"": ""MEDİA"", ""stand"": ""2T076"", ""company_id"": ""4292"", ""source_url"": ""https://translogistica.az/az/exhibitors-list/year/2025""}, {""exhibition"": ""caspianagroweek"", ""exhibition_label"": ""Caspian Agro Week"", ""year"": ""2019"", ""category"": ""MEDİA"", ""stand"": ""A3013"", ""company_id"": ""4292"", ""source_url"": ""https://caspianagroweek.az/az/exhibitors-list/year/2019""}, {""exhibition"": ""caspianagroweek"", ""exhibition_label"": ""Caspian Agro Week"", ""year"": ""2022"", ""category"": ""MEDİA"", ""stand"": ""F2428"", ""company_id"": ""4292"", ""source_url"": ""https://caspianagroweek.az/az/exhibitors-list/year/2022""}, {""exhibition"": ""caspianagroweek"", ""exhibition_label"": ""Caspian Agro Week"", ""year"": ""2023"", ""category"": ""MEDİA"", ""stand"": ""-"", ""company_id"": ""4292"", ""source_url"": ""https://caspianagroweek.az/az/exhibitors-list/year/2023""}, {""exhibition"": ""caspianagroweek"", ""exhibition_label"": ""Caspian Agro Week"", ""year"": ""2024"", ""category"": ""MEDİA"", ""stand"": ""4A032"", ""company_id"": """", ""source_url"": ""https://caspianagroweek.az/az/exhibitors-list/year/2024""}, {""exhibition"": ""caspianagroweek"", ""exhibition_label"": ""Caspian Agro Week"", ""year"": ""2025"", ""category"": ""MEDİA"", ""stand"": ""-"", ""company_id"": ""4292"", ""source_url"": ""https://caspianagroweek.az/az/exhibitors-list/year/2025""}, {""exhibition"": ""caspianagroweek"", ""exhibition_label"": ""Caspian Agro Week"", ""year"": ""2026"", ""category"": ""DƏSTƏK"", ""stand"": ""-"", ""company_id"": ""4292"", ""source_url"": ""https://caspianagroweek.az/az/exhibitors-list/year/2026""}]}"
expo-00285,AZƏRBAYCAN RESPUBLİKASI XÜSUSİ RABİTƏ VƏ İNFORMASİYA TƏHLÜKƏSİZLİYİ DÖVLƏT XİDMƏTİ,Azərbaycan,MEDİA,3S006,Securex Caspian,2024,1,"{""appearances"": [{""exhibition"": ""securexcaspian"", ""exhibition_label"": ""Securex Caspian"", ""year"": ""2024"", ""category"": ""MEDİA"", ""stand"": ""3S006"", ""company_id"": """", ""source_url"": ""https://securexcaspian.az/az/exhibitors-list/year/2024""}]}"
expo-00286,AZƏRBAYCAN RESPUBLİKASININ DÖVLƏT NEFT ŞİRKƏTİ (SOCAR),Azərbaycan,MEDİA,1208 | 1C220 | C1208,Caspian Oil & Gas,2019 | 2022 | 2025 | 2026,4,"{""appearances"": [{""exhibition"": ""caspianoilgas"", ""exhibition_label"": ""Caspian Oil & Gas"", ""year"": ""2019"", ""category"": ""MEDİA"", ""stand"": ""1208"", ""company_id"": ""4605"", ""source_url"": ""https://caspianoilgas.az/az/exhibitors-list/year/2019""}, {""exhibition"": ""caspianoilgas"", ""exhibition_label"": ""Caspian Oil & Gas"", ""year"": ""2022"", ""category"": ""MEDİA"", ""stand"": ""C1208"", ""company_id"": ""4605"", ""source_url"": ""https://caspianoilgas.az/az/exhibitors-list/year/2022""}, {""exhibition"": ""caspianoilgas"", ""exhibition_label"": ""Caspian Oil & Gas"", ""year"": ""2025"", ""category"": ""MEDİA"", ""stand"": ""1C220"", ""company_id"": ""4605"", ""source_url"": ""https://caspianoilgas.az/az/exhibitors-list/year/2025""}, {""exhibition"": ""caspianoilgas"", ""exhibition_label"": ""Caspian Oil & Gas"", ""year"": ""2026"", ""category"": ""MEDİA"", ""stand"": ""1C220"", ""company_id"": ""4605"", ""source_url"": ""https://caspianoilgas.az/az/exhibitors-list/year/2026""}]}"
expo-00287,AZƏRBAYCAN RESPUBLİKASININ DÖVLƏT ŞƏHƏRSALMA VƏ MEMARLIQ KOMİTƏSİ,Azərbaycan,MEDİA,,BakuBuild,2024,1,"{""appearances"": [{""exhibition"": ""bakubuild"", ""exhibition_label"": ""BakuBuild"", ""year"": ""2024"", ""category"": ""MEDİA"", ""stand"": ""-"", ""company_id"": ""326088"", ""source_url"": ""https://bakubuild.az/az/exhibitors-list/year/2024""}]}"
expo-00288,AZƏRBAYCAN RESPUBLİKASININ İQTİSADİYYAT NAZİRLİYİ,Azərbaycan,MEDİA,,BakuBuild,2024,1,"{""appearances"": [{""exhibition"": ""bakubuild"", ""exhibition_label"": ""BakuBuild"", ""year"": ""2024"", ""category"": ""MEDİA"", ""stand"": ""-"", ""company_id"": ""326086"", ""source_url"": ""https://bakubuild.az/az/exhibitors-list/year/2024""}]}"
expo-00289,AZƏRBAYCAN RESPUBLİKASININ İXRACIN VƏ İNVESTİSİYALARIN TƏŞVİQİ AGENTLİYİ (AZPROMO),Azərbaycan,DƏSTƏK | MEDİA | MURMANSK VİLAYETİ | NAXÇIVAN MUXTAR RESPUBLİKASININ MİLLİ STENDİ | TƏRƏFDAŞ | TƏRƏFDAŞLAR | ÇELYABİNSK VİLAYƏTİ,2C220 | 4F102 | 4F204 | 4F320,Aquatherm Baku | BakuBuild | Beauty Expo Baku | Caspian Agro Week | Caspian Oil & Gas | InterFood Azerbaijan | Securex Caspian | TransLogistica Caspian,2019 | 2021 | 2022 | 2023 | 2024 | 2025 | 2026,33,"{""appearances"": [{""exhibition"": ""bakubuild"", ""exhibition_label"": ""BakuBuild"", ""year"": ""2019"", ""category"": ""DƏSTƏK"", ""stand"": ""-"", ""company_id"": ""4289"", ""source_url"": ""https://bakubuild.az/az/exhibitors-list/year/2019""}, {""exhibition"": ""bakubuild"", ""exhibition_label"": ""BakuBuild"", ""year"": ""2021"", ""category"": ""TƏRƏFDAŞLAR"", ""stand"": ""-"", ""company_id"": ""4289"", ""source_url"": ""https://bakubuild.az/az/exhibitors-list/year/2021""}, {""exhibition"": ""bakubuild"", ""exhibition_label"": ""BakuBuild"", ""year"": ""2022"", ""category"": ""MEDİA"", ""stand"": ""-"", ""company_id"": ""4289"", ""source_url"": ""https://bakubuild.az/az/exhibitors-list/year/2022""}, {""exhibition"": ""bakubuild"", ""exhibition_label"": ""BakuBuild"", ""year"": ""2023"", ""category"": ""ÇELYABİNSK VİLAYƏTİ"", ""stand"": ""-"", ""company_id"": ""4289"", ""source_url"": ""https://bakubuild.az/az/exhibitors-list/year/2023""}, {""exhibition"": ""bakubuild"", ""exhibition_label"": ""BakuBuild"", ""year"": ""2024"", ""category"": ""MEDİA"", ""stand"": ""-"", ""company_id"": ""4289"", ""source_url"": ""https://bakubuild.az/az/exhibitors-list/year/2024""}, {""exhibition"": ""aquatherm"", ""exhibition_label"": ""Aquatherm Baku"", ""year"": ""2019"", ""category"": ""DƏSTƏK"", ""stand"": ""-"", ""company_id"": ""4289"", ""source_url"": ""https://aquatherm.az/az/exhibitors-list/year/2019""}, {""exhibition"": ""aquatherm"", ""exhibition_label"": ""Aquatherm Baku"", ""year"": ""2021"", ""category"": ""MEDİA"", ""stand"": ""-"", ""company_id"": ""4289"", ""source_url"": ""https://aquatherm.az/az/exhibitors-list/year/2021""}, {""exhibition"": ""aquatherm"", ""exhibition_label"": ""Aquatherm Baku"", ""year"": ""2022"", ""category"": ""MEDİA"", ""stand"": ""-"", ""company_id"": ""4289"", ""source_url"": ""https://aquatherm.az/az/exhibitors-list/year/2022""}, {""exhibition"": ""aquatherm"", ""exhibition_label"": ""Aquatherm Baku"", ""year"": ""2023"", ""category"": ""MEDİA"", ""stand"": ""-"", ""company_id"": ""4289"", ""source_url"": ""https://aquatherm.az/az/exhibitors-list/year/2023""}, {""exhibition"": ""aquatherm"", ""exhibition_label"": ""Aquatherm Baku"", ""year"": ""2024"", ""category"": ""MEDİA"", ""stand"": ""-"", ""company_id"": ""4289"", ""source_url"": ""https://aquatherm.az/az/exhibitors-list/year/2024""}, {""exhibition"": ""beautyexpo"", ""exhibition_label"": ""Beauty Expo Baku"", ""year"": ""2019"", ""category"": ""DƏSTƏK"", ""stand"": ""-"", ""company_id"": ""4289"", ""source_url"": ""https://beautyexpo.az/az/exhibitors-list/year/2019""}, {""exhibition"": ""beautyexpo"", ""exhibition_label"": ""Beauty Expo Baku"", ""year"": ""2022"", ""category"": ""MEDİA"", ""stand"": ""-"", ""company_id"": ""4289"", ""source_url"": ""https://beautyexpo.az/az/exhibitors-list/year/2022""}, {""exhibition"": ""interfood"", ""exhibition_label"": ""InterFood Azerbaijan"", ""year"": ""2019"", ""category"": ""MEDİA"", ""stand"": ""-"", ""company_id"": ""4289"", ""source_url"": ""https://interfood.az/az/exhibitors-list/year/2019""}, {""exhibition"": ""interfood"", ""exhibition_label"": ""InterFood Azerbaijan"", ""year"": ""2021"", ""category"": ""MEDİA"", ""stand"": ""-"", ""company_id"": ""4289"", ""source_url"": ""https://interfood.az/az/exhibitors-list/year/2021""}, {""exhibition"": ""interfood"", ""exhibition_label"": ""InterFood Azerbaijan"", ""year"": ""2022"", ""category"": ""MEDİA"", ""stand"": ""-"", ""company_id"": ""4289"", ""source_url"": ""https://interfood.az/az/exhibitors-list/year/2022""}, {""exhibition"": ""interfood"", ""exhibition_label"": ""InterFood Azerbaijan"", ""year"": ""2023"", ""category"": ""MURMANSK VİLAYETİ"", ""stand"": ""-"", ""company_id"": ""4289"", ""source_url"": ""https://interfood.az/az/exhibitors-list/year/2023""}, {""exhibition"": ""interfood"", ""exhibition_label"": ""InterFood Azerbaijan"", ""year"": ""2024"", ""category"": ""MEDİA"", ""stand"": ""4F320"", ""company_id"": """", ""source_url"": ""https://interfood.az/az/exhibitors-list/year/2024""}, {""exhibition"": ""interfood"", ""exhibition_label"": ""InterFood Azerbaijan"", ""year"": ""2025"", ""category"": ""NAXÇIVAN MUXTAR RESPUBLİKASININ MİLLİ STENDİ"", ""stand"": ""4F102"", ""company_id"": ""4289"", ""source_url"": ""https://interfood.az/az/exhibitors-list/year/2025""}, {""exhibition"": ""interfood"", ""exhibition_label"": ""InterFood Azerbaijan"", ""year"": ""2026"", ""category"": ""DƏSTƏK"", ""stand"": ""4F204"", ""company_id"": ""352199"", ""source_url"": ""https://interfood.az/az/exhibitors-list/year/2026""}, {""exhibition"": ""caspianoilgas"", ""exhibition_label"": ""Caspian Oil & Gas"", ""year"": ""2019"", ""category"": ""MEDİA"", ""stand"": ""-"", ""company_id"": ""4289"", ""source_url"": ""https://caspianoilgas.az/az/exhibitors-list/year/2019""}, {""exhibition"": ""caspianoilgas"", ""exhibition_label"": ""Caspian Oil & Gas"", ""year"": ""2024"", ""category"": ""MEDİA"", ""stand"": ""2C220"", ""company_id"": """", ""source_url"": ""https://caspianoilgas.az/az/exhibitors-list/year/2024""}, {""exhibition"": ""securexcaspian"", ""exhibition_label"": ""Securex Caspian"", ""year"": ""2019"", ""category"": ""DƏSTƏK"", ""stand"": ""-"", ""company_id"": ""4289"", ""source_url"": ""https://securexcaspian.az/az/exhibitors-list/year/2019""}, {""exhibition"": ""securexcaspian"", ""exhibition_label"": ""Securex Caspian"", ""year"": ""2019"", ""category"": ""DƏSTƏK"", ""stand"": ""-"", ""company_id"": ""4289"", ""source_url"": ""https://securexcaspian.az/az/exhibitors-list/year/2019""}, {""exhibition"": ""translogistica"", ""exhibition_label"": ""TransLogistica Caspian"", ""year"": ""2019"", ""category"": ""MEDİA"", ""stand"": ""-"", ""company_id"": ""4289"", ""source_url"": ""https://translogistica.az/az/exhibitors-list/year/2019""}, {""exhibition"": ""translogistica"", ""exhibition_label"": ""TransLogistica Caspian"", ""year"": ""2022"", ""category"": ""MEDİA"", ""stand"": ""-"", ""company_id"": ""4289"", ""source_url"": ""https://translogistica.az/az/exhibitors-list/year/2022""}, {""exhibition"": ""translogistica"", ""exhibition_label"": ""TransLogistica Caspian"", ""year"": ""2024"", ""category"": ""MEDİA"", ""stand"": ""-"", ""company_id"": ""4289"", ""source_url"": ""https://translogistica.az/az/exhibitors-list/year/2024""}, {""exhibition"": ""translogistica"", ""exhibition_label"": ""TransLogistica Caspian"", ""year"": ""2025"", ""category"": ""MEDİA"", ""stand"": ""-"", ""company_id"": ""4289"", ""source_url"": ""https://translogistica.az/az/exhibitors-list/year/2025""}, {""exhibition"": ""caspianagroweek"", ""exhibition_label"": ""Caspian Agro Week"", ""year"": ""2021"", ""category"": ""TƏRƏFDAŞ"", ""stand"": ""-"", ""company_id"": ""4289"", ""source_url"": ""https://caspianagroweek.az/az/exhibitors-list/year/2021""}, {""exhibition"": ""caspianagroweek"", ""exhibition_label"": ""Caspian Agro Week"", ""year"": ""2022"", ""category"": ""MEDİA"", ""stand"": ""-"", ""company_id"": ""4289"", ""source_url"": ""https://caspianagroweek.az/az/exhibitors-list/year/2022""}, {""exhibition"": ""caspianagroweek"", ""exhibition_label"": ""Caspian Agro Week"", ""year"": ""2023"", ""category"": ""MEDİA"", ""stand"": ""-"", ""company_id"": ""4289"", ""source_url"": ""https://caspianagroweek.az/az/exhibitors-list/year/2023""}, {""exhibition"": ""caspianagroweek"", ""exhibition_label"": ""Caspian Agro Week"", ""year"": ""2024"", ""category"": ""MEDİA"", ""stand"": ""4F320"", ""company_id"": """", ""source_url"": ""https://caspianagroweek.az/az/exhibitors-list/year/2024""}, {""exhibition"": ""caspianagroweek"", ""exhibition_label"": ""Caspian Agro Week"", ""year"": ""2025"", ""category"": ""MEDİA"", ""stand"": ""-"", ""company_id"": ""4289"", ""source_url"": ""https://caspianagroweek.az/az/exhibitors-list/year/2025""}, {""exhibition"": ""caspianagroweek"", ""exhibition_label"": ""Caspian Agro Week"", ""year"": ""2026"", ""category"": ""TƏRƏFDAŞ"", ""stand"": ""4F204"", ""company_id"": ""352199"", ""source_url"": ""https://caspianagroweek.az/az/exhibitors-list/year/2026""}]}"
expo-00290,AZƏRBAYCAN RESPUBLİKASININ KİÇİK VƏ ORTA BİZNESİN İNKİŞAFI AGENTLİYİ,Azərbaycan,DƏSTƏK | MEDİA | MURMANSK VİLAYETİ | NAXÇIVAN MUXTAR RESPUBLİKASININ MİLLİ STENDİ | TƏRƏFDAŞLAR | ÇELYABİNSK VİLAYƏTİ,1C054 | 1C124 | 1F040 | 1F042 | 2C240 | 2C300 | 4F210 | B2405 | F1010 | F1054 | F3010 | K1204 | K1206,Aquatherm Baku | BakuBuild | Beauty Expo Baku | Caspian Agro Week | Caspian Oil & Gas | InterFood Azerbaijan | Securex Caspian | TransLogistica Caspian,2019 | 2021 | 2022 | 2023 | 2024 | 2025 | 2026,35,"{""appearances"": [{""exhibition"": ""bakubuild"", ""exhibition_label"": ""BakuBuild"", ""year"": ""2019"", ""category"": ""DƏSTƏK"", ""stand"": ""B2405"", ""company_id"": ""4316"", ""source_url"": ""https://bakubuild.az/az/exhibitors-list/year/2019""}, {""exhibition"": ""bakubuild"", ""exhibition_label"": ""BakuBuild"", ""year"": ""2021"", ""category"": ""TƏRƏFDAŞLAR"", ""stand"": ""K1206"", ""company_id"": ""4316"", ""source_url"": ""https://bakubuild.az/az/exhibitors-list/year/2021""}, {""exhibition"": ""bakubuild"", ""exhibition_label"": ""BakuBuild"", ""year"": ""2022"", ""category"": ""MEDİA"", ""stand"": ""K1204"", ""company_id"": ""4316"", ""source_url"": ""https://bakubuild.az/az/exhibitors-list/year/2022""}, {""exhibition"": ""bakubuild"", ""exhibition_label"": ""BakuBuild"", ""year"": ""2023"", ""category"": ""ÇELYABİNSK VİLAYƏTİ"", ""stand"": ""-"", ""company_id"": ""4316"", ""source_url"": ""https://bakubuild.az/az/exhibitors-list/year/2023""}, {""exhibition"": ""bakubuild"", ""exhibition_label"": ""BakuBuild"", ""year"": ""2024"", ""category"": ""MEDİA"", ""stand"": ""-"", ""company_id"": ""4316"", ""source_url"": ""https://bakubuild.az/az/exhibitors-list/year/2024""}, {""exhibition"": ""aquatherm"", ""exhibition_label"": ""Aquatherm Baku"", ""year"": ""2019"", ""category"": ""DƏSTƏK"", ""stand"": ""-"", ""company_id"": ""4316"", ""source_url"": ""https://aquatherm.az/az/exhibitors-list/year/2019""}, {""exhibition"": ""aquatherm"", ""exhibition_label"": ""Aquatherm Baku"", ""year"": ""2021"", ""category"": ""MEDİA"", ""stand"": ""-"", ""company_id"": ""4316"", ""source_url"": ""https://aquatherm.az/az/exhibitors-list/year/2021""}, {""exhibition"": ""aquatherm"", ""exhibition_label"": ""Aquatherm Baku"", ""year"": ""2022"", ""category"": ""MEDİA"", ""stand"": ""-"", ""company_id"": ""4316"", ""source_url"": ""https://aquatherm.az/az/exhibitors-list/year/2022""}, {""exhibition"": ""aquatherm"", ""exhibition_label"": ""Aquatherm Baku"", ""year"": ""2023"", ""category"": ""MEDİA"", ""stand"": ""-"", ""company_id"": ""4316"", ""source_url"": ""https://aquatherm.az/az/exhibitors-list/year/2023""}, {""exhibition"": ""beautyexpo"", ""exhibition_label"": ""Beauty Expo Baku"", ""year"": ""2019"", ""category"": ""DƏSTƏK"", ""stand"": ""-"", ""company_id"": ""4316"", ""source_url"": ""https://beautyexpo.az/az/exhibitors-list/year/2019""}, {""exhibition"": ""beautyexpo"", ""exhibition_label"": ""Beauty Expo Baku"", ""year"": ""2022"", ""category"": ""MEDİA"", ""stand"": ""-"", ""company_id"": ""4316"", ""source_url"": ""https://beautyexpo.az/az/exhibitors-list/year/2022""}, {""exhibition"": ""interfood"", ""exhibition_label"": ""InterFood Azerbaijan"", ""year"": ""2019"", ""category"": ""MEDİA"", ""stand"": ""F3010"", ""company_id"": ""4316"", ""source_url"": ""https://interfood.az/az/exhibitors-list/year/2019""}, {""exhibition"": ""interfood"", ""exhibition_label"": ""InterFood Azerbaijan"", ""year"": ""2021"", ""category"": ""MEDİA"", ""stand"": ""F1054"", ""company_id"": ""4316"", ""source_url"": ""https://interfood.az/az/exhibitors-list/year/2021""}, {""exhibition"": ""interfood"", ""exhibition_label"": ""InterFood Azerbaijan"", ""year"": ""2022"", ""category"": ""MEDİA"", ""stand"": ""F1010"", ""company_id"": ""4316"", ""source_url"": ""https://interfood.az/az/exhibitors-list/year/2022""}, {""exhibition"": ""interfood"", ""exhibition_label"": ""InterFood Azerbaijan"", ""year"": ""2023"", ""category"": ""MURMANSK VİLAYETİ"", ""stand"": ""1F042"", ""company_id"": ""4316"", ""source_url"": ""https://interfood.az/az/exhibitors-list/year/2023""}, {""exhibition"": ""interfood"", ""exhibition_label"": ""InterFood Azerbaijan"", ""year"": ""2024"", ""category"": ""MEDİA"", ""stand"": ""1F042"", ""company_id"": ""4316"", ""source_url"": ""https://interfood.az/az/exhibitors-list/year/2024""}, {""exhibition"": ""interfood"", ""exhibition_label"": ""InterFood Azerbaijan"", ""year"": ""2025"", ""category"": ""NAXÇIVAN MUXTAR RESPUBLİKASININ MİLLİ STENDİ"", ""stand"": ""1F040"", ""company_id"": ""4316"", ""source_url"": ""https://interfood.az/az/exhibitors-list/year/2025""}, {""exhibition"": ""interfood"", ""exhibition_label"": ""InterFood Azerbaijan"", ""year"": ""2026"", ""category"": ""DƏSTƏK"", ""stand"": ""4F210"", ""company_id"": ""352304"", ""source_url"": ""https://interfood.az/az/exhibitors-list/year/2026""}, {""exhibition"": ""caspianoilgas"", ""exhibition_label"": ""Caspian Oil & Gas"", ""year"": ""2019"", ""category"": ""MEDİA"", ""stand"": ""-"", ""company_id"": ""4316"", ""source_url"": ""https://caspianoilgas.az/az/exhibitors-list/year/2019""}, {""exhibition"": ""caspianoilgas"", ""exhibition_label"": ""Caspian Oil & Gas"", ""year"": ""2023"", ""category"": ""MEDİA"", ""stand"": ""1C124"", ""company_id"": ""4316"", ""source_url"": ""https://caspianoilgas.az/az/exhibitors-list/year/2023""}, {""exhibition"": ""caspianoilgas"", ""exhibition_label"": ""Caspian Oil & Gas"", ""year"": ""2024"", ""category"": ""MEDİA"", ""stand"": ""2C240"", ""company_id"": ""4316"", ""source_url"": ""https://caspianoilgas.az/az/exhibitors-list/year/2024""}, {""exhibition"": ""caspianoilgas"", ""exhibition_label"": ""Caspian Oil & Gas"", ""year"": ""2025"", ""category"": ""MEDİA"", ""stand"": ""1C054"", ""company_id"": ""4316"", ""source_url"": ""https://caspianoilgas.az/az/exhibitors-list/year/2025""}, {""exhibition"": ""caspianoilgas"", ""exhibition_label"": ""Caspian Oil & Gas"", ""year"": ""2026"", ""category"": ""MEDİA"", ""stand"": ""2C300"", ""company_id"": """", ""source_url"": ""https://caspianoilgas.az/az/exhibitors-list/year/2026""}, {""exhibition"": ""securexcaspian"", ""exhibition_label"": ""Securex Caspian"", ""year"": ""2019"", ""category"": ""DƏSTƏK"", ""stand"": ""B2405"", ""company_id"": ""4316"", ""source_url"": ""https://securexcaspian.az/az/exhibitors-list/year/2019""}, {""exhibition"": ""securexcaspian"", ""exhibition_label"": ""Securex Caspian"", ""year"": ""2019"", ""category"": ""DƏSTƏK"", ""stand"": ""-"", ""company_id"": ""4316"", ""source_url"": ""https://securexcaspian.az/az/exhibitors-list/year/2019""}, {""exhibition"": ""translogistica"", ""exhibition_label"": ""TransLogistica Caspian"", ""year"": ""2019"", ""category"": ""MEDİA"", ""stand"": ""-"", ""company_id"": ""4316"", ""source_url"": ""https://translogistica.az/az/exhibitors-list/year/2019""}, {""exhibition"": ""translogistica"", ""exhibition_label"": ""TransLogistica Caspian"", ""year"": ""2024"", ""category"": ""MEDİA"", ""stand"": ""-"", ""company_id"": ""4316"", ""source_url"": ""https://translogistica.az/az/exhibitors-list/year/2024""}, {""exhibition"": ""translogistica"", ""exhibition_label"": ""TransLogistica Caspian"", ""year"": ""2025"", ""category"": ""MEDİA"", ""stand"": ""-"", ""company_id"": ""4316"", ""source_url"": ""https://translogistica.az/az/exhibitors-list/year/2025""}, {""exhibition"": ""caspianagroweek"", ""exhibition_label"": ""Caspian Agro Week"", ""year"": ""2019"", ""category"": ""MEDİA"", ""stand"": ""F3010"", ""company_id"": ""4316"", ""source_url"": ""https://caspianagroweek.az/az/exhibitors-list/year/2019""}, {""exhibition"": ""caspianagroweek"", ""exhibition_label"": ""Caspian Agro Week"", ""year"": ""2021"", ""category"": ""DƏSTƏK"", ""stand"": ""F1054"", ""company_id"": ""4316"", ""source_url"": ""https://caspianagroweek.az/az/exhibitors-list/year/2021""}, {""exhibition"": ""caspianagroweek"", ""exhibition_label"": ""Caspian Agro Week"", ""year"": ""2022"", ""category"": ""MEDİA"", ""stand"": ""F1010"", ""company_id"": ""4316"", ""source_url"": ""https://caspianagroweek.az/az/exhibitors-list/year/2022""}, {""exhibition"": ""caspianagroweek"", ""exhibition_label"": ""Caspian Agro Week"", ""year"": ""2023"", ""category"": ""MEDİA"", ""stand"": ""-"", ""company_id"": ""4316"", ""source_url"": ""https://caspianagroweek.az/az/exhibitors-list/year/2023""}, {""exhibition"": ""caspianagroweek"", ""exhibition_label"": ""Caspian Agro Week"", ""year"": ""2024"", ""category"": ""MEDİA"", ""stand"": ""1F042"", ""company_id"": """", ""source_url"": ""https://caspianagroweek.az/az/exhibitors-list/year/2024""}, {""exhibition"": ""caspianagroweek"", ""exhibition_label"": ""Caspian Agro Week"", ""year"": ""2025"", ""category"": ""MEDİA"", ""stand"": ""1F040"", ""company_id"": ""4316"", ""source_url"": ""https://caspianagroweek.az/az/exhibitors-list/year/2025""}, {""exhibition"": ""caspianagroweek"", ""exhibition_label"": ""Caspian Agro Week"", ""year"": ""2026"", ""category"": ""DƏSTƏK"", ""stand"": ""-"", ""company_id"": ""4316"", ""source_url"": ""https://caspianagroweek.az/az/exhibitors-list/year/2026""}]}"
expo-00291,AZƏRBAYCAN RESPUBLİKASININ KOSMİK AGENTLİYİ (AZƏRKOSMOS),Azərbaycan,MEDİA,1A006 | 3A001 | 3A002 | A1008,Caspian Agro Week | Securex Caspian,2022 | 2023 | 2024,4,"{""appearances"": [{""exhibition"": ""securexcaspian"", ""exhibition_label"": ""Securex Caspian"", ""year"": ""2022"", ""category"": ""MEDİA"", ""stand"": ""A1008"", ""company_id"": ""7525"", ""source_url"": ""https://securexcaspian.az/az/exhibitors-list/year/2022""}, {""exhibition"": ""securexcaspian"", ""exhibition_label"": ""Securex Caspian"", ""year"": ""2024"", ""category"": ""MEDİA"", ""stand"": ""1A006"", ""company_id"": ""7525"", ""source_url"": ""https://securexcaspian.az/az/exhibitors-list/year/2024""}, {""exhibition"": ""caspianagroweek"", ""exhibition_label"": ""Caspian Agro Week"", ""year"": ""2023"", ""category"": ""MEDİA"", ""stand"": ""3A002"", ""company_id"": ""7525"", ""source_url"": ""https://caspianagroweek.az/az/exhibitors-list/year/2023""}, {""exhibition"": ""caspianagroweek"", ""exhibition_label"": ""Caspian Agro Week"", ""year"": ""2024"", ""category"": ""MEDİA"", ""stand"": ""3A001"", ""company_id"": ""7525"", ""source_url"": ""https://caspianagroweek.az/az/exhibitors-list/year/2024""}]}"
expo-00292,AZƏRBAYCAN RESPUBLİKASININ KƏND TƏSƏRRÜFATI NAZİRLİYİ,Azərbaycan,DƏSTƏK | MEDİA | MURMANSK VİLAYETİ | NAXÇIVAN MUXTAR RESPUBLİKASININ MİLLİ STENDİ | TƏRƏFDAŞ,2A100 | 3A100 | 3A110 | A3102 | A3102/A4013,Caspian Agro Week | InterFood Azerbaijan,2019 | 2021 | 2022 | 2023 | 2024 | 2025 | 2026,11,"{""appearances"": [{""exhibition"": ""interfood"", ""exhibition_label"": ""InterFood Azerbaijan"", ""year"": ""2023"", ""category"": ""MURMANSK VİLAYETİ"", ""stand"": ""-"", ""company_id"": ""5062"", ""source_url"": ""https://interfood.az/az/exhibitors-list/year/2023""}, {""exhibition"": ""interfood"", ""exhibition_label"": ""InterFood Azerbaijan"", ""year"": ""2024"", ""category"": ""MEDİA"", ""stand"": ""3A110"", ""company_id"": ""5062"", ""source_url"": ""https://interfood.az/az/exhibitors-list/year/2024""}, {""exhibition"": ""interfood"", ""exhibition_label"": ""InterFood Azerbaijan"", ""year"": ""2025"", ""category"": ""NAXÇIVAN MUXTAR RESPUBLİKASININ MİLLİ STENDİ"", ""stand"": ""-"", ""company_id"": ""5062"", ""source_url"": ""https://interfood.az/az/exhibitors-list/year/2025""}, {""exhibition"": ""interfood"", ""exhibition_label"": ""InterFood Azerbaijan"", ""year"": ""2026"", ""category"": ""DƏSTƏK"", ""stand"": ""-"", ""company_id"": ""352394"", ""source_url"": ""https://interfood.az/az/exhibitors-list/year/2026""}, {""exhibition"": ""caspianagroweek"", ""exhibition_label"": ""Caspian Agro Week"", ""year"": ""2019"", ""category"": ""MEDİA"", ""stand"": ""A3102/A4013"", ""company_id"": ""5062"", ""source_url"": ""https://caspianagroweek.az/az/exhibitors-list/year/2019""}, {""exhibition"": ""caspianagroweek"", ""exhibition_label"": ""Caspian Agro Week"", ""year"": ""2021"", ""category"": ""TƏRƏFDAŞ"", ""stand"": ""-"", ""company_id"": ""5062"", ""source_url"": ""https://caspianagroweek.az/az/exhibitors-list/year/2021""}, {""exhibition"": ""caspianagroweek"", ""exhibition_label"": ""Caspian Agro Week"", ""year"": ""2022"", ""category"": ""MEDİA"", ""stand"": ""A3102"", ""company_id"": ""5062"", ""source_url"": ""https://caspianagroweek.az/az/exhibitors-list/year/2022""}, {""exhibition"": ""caspianagroweek"", ""exhibition_label"": ""Caspian Agro Week"", ""year"": ""2023"", ""category"": ""MEDİA"", ""stand"": ""3A110"", ""company_id"": ""5062"", ""source_url"": ""https://caspianagroweek.az/az/exhibitors-list/year/2023""}, {""exhibition"": ""caspianagroweek"", ""exhibition_label"": ""Caspian Agro Week"", ""year"": ""2024"", ""category"": ""MEDİA"", ""stand"": ""3A110"", ""company_id"": ""5062"", ""source_url"": ""https://caspianagroweek.az/az/exhibitors-list/year/2024""}, {""exhibition"": ""caspianagroweek"", ""exhibition_label"": ""Caspian Agro Week"", ""year"": ""2025"", ""category"": ""MEDİA"", ""stand"": ""3A100"", ""company_id"": ""5062"", ""source_url"": ""https://caspianagroweek.az/az/exhibitors-list/year/2025""}, {""exhibition"": ""caspianagroweek"", ""exhibition_label"": ""Caspian Agro Week"", ""year"": ""2026"", ""category"": ""DƏSTƏK"", ""stand"": ""2A100"", ""company_id"": ""352394"", ""source_url"": ""https://caspianagroweek.az/az/exhibitors-list/year/2026""}]}"
expo-00293,AZƏRBAYCAN RESPUBLİKASININ MİNATƏMİZLƏMƏ AGENTLİYİ (ANAMA),Azərbaycan,MEDİA,2A002 | A2054,Securex Caspian,2022 | 2024 | 2026,3,"{""appearances"": [{""exhibition"": ""securexcaspian"", ""exhibition_label"": ""Securex Caspian"", ""year"": ""2022"", ""category"": ""MEDİA"", ""stand"": ""A2054"", ""company_id"": ""6562"", ""source_url"": ""https://securexcaspian.az/az/exhibitors-list/year/2022""}, {""exhibition"": ""securexcaspian"", ""exhibition_label"": ""Securex Caspian"", ""year"": ""2024"", ""category"": ""MEDİA"", ""stand"": ""2A002"", ""company_id"": ""324710"", ""source_url"": ""https://securexcaspian.az/az/exhibitors-list/year/2024""}, {""exhibition"": ""securexcaspian"", ""exhibition_label"": ""Securex Caspian"", ""year"": ""2026"", ""category"": """", ""stand"": ""-"", ""company_id"": ""352754"", ""source_url"": ""https://securexcaspian.az/az/exhibitors-list/year/2026""}]}"
expo-00294,AZƏRBAYCAN RESPUBLİKASININ MƏNZİL İNŞAATI DÖVLƏT AGENTLİYİ,Azərbaycan,DƏSTƏK | TƏRƏFDAŞLAR,B1310,BakuBuild | Securex Caspian,2019 | 2021,3,"{""appearances"": [{""exhibition"": ""bakubuild"", ""exhibition_label"": ""BakuBuild"", ""year"": ""2019"", ""category"": ""DƏSTƏK"", ""stand"": ""B1310"", ""company_id"": ""5653"", ""source_url"": ""https://bakubuild.az/az/exhibitors-list/year/2019""}, {""exhibition"": ""bakubuild"", ""exhibition_label"": ""BakuBuild"", ""year"": ""2021"", ""category"": ""TƏRƏFDAŞLAR"", ""stand"": ""-"", ""company_id"": ""5653"", ""source_url"": ""https://bakubuild.az/az/exhibitors-list/year/2021""}, {""exhibition"": ""securexcaspian"", ""exhibition_label"": ""Securex Caspian"", ""year"": ""2019"", ""category"": ""DƏSTƏK"", ""stand"": ""B1310"", ""company_id"": ""5653"", ""source_url"": ""https://securexcaspian.az/az/exhibitors-list/year/2019""}]}"
expo-00295,"AZƏRBAYCAN RESPUBLİKASININ NƏQLİYYAT, RABİTƏ VƏ YÜKSƏK TEXNOLOGİYALAR NAZİRLİYİ",Azərbaycan,MEDİA,1206,TransLogistica Caspian,2019,1,"{""appearances"": [{""exhibition"": ""translogistica"", ""exhibition_label"": ""TransLogistica Caspian"", ""year"": ""2019"", ""category"": ""MEDİA"", ""stand"": ""1206"", ""company_id"": ""4379"", ""source_url"": ""https://translogistica.az/az/exhibitors-list/year/2019""}]}"
expo-00296,AZƏRBAYCAN RESPUBLİKASININ QIDA TƏHLÜKƏSİZLİYİ AGENTLİYİ,Azərbaycan,MEDİA | NAXÇIVAN MUXTAR RESPUBLİKASININ MİLLİ STENDİ,1F160/5F141 | F1314/F4006,Caspian Agro Week | InterFood Azerbaijan,2019 | 2024 | 2025,5,"{""appearances"": [{""exhibition"": ""interfood"", ""exhibition_label"": ""InterFood Azerbaijan"", ""year"": ""2019"", ""category"": ""MEDİA"", ""stand"": ""F1314/F4006"", ""company_id"": ""5119"", ""source_url"": ""https://interfood.az/az/exhibitors-list/year/2019""}, {""exhibition"": ""interfood"", ""exhibition_label"": ""InterFood Azerbaijan"", ""year"": ""2024"", ""category"": ""MEDİA"", ""stand"": ""1F160/5F141"", ""company_id"": ""5119"", ""source_url"": ""https://interfood.az/az/exhibitors-list/year/2024""}, {""exhibition"": ""interfood"", ""exhibition_label"": ""InterFood Azerbaijan"", ""year"": ""2025"", ""category"": ""NAXÇIVAN MUXTAR RESPUBLİKASININ MİLLİ STENDİ"", ""stand"": ""-"", ""company_id"": ""5119"", ""source_url"": ""https://interfood.az/az/exhibitors-list/year/2025""}, {""exhibition"": ""caspianagroweek"", ""exhibition_label"": ""Caspian Agro Week"", ""year"": ""2024"", ""category"": ""MEDİA"", ""stand"": ""1F160/5F141"", ""company_id"": """", ""source_url"": ""https://caspianagroweek.az/az/exhibitors-list/year/2024""}, {""exhibition"": ""caspianagroweek"", ""exhibition_label"": ""Caspian Agro Week"", ""year"": ""2025"", ""category"": ""MEDİA"", ""stand"": ""-"", ""company_id"": ""5119"", ""source_url"": ""https://caspianagroweek.az/az/exhibitors-list/year/2025""}]}"
expo-00297,AZƏRBAYCAN RESPUBLİKASININ QİDA TƏHLÜKƏSİZLİĞİ AGENTLİYİ,Azərbaycan,DƏSTƏK,,Caspian Agro Week | InterFood Azerbaijan,2026,2,"{""appearances"": [{""exhibition"": ""interfood"", ""exhibition_label"": ""InterFood Azerbaijan"", ""year"": ""2026"", ""category"": ""DƏSTƏK"", ""stand"": ""-"", ""company_id"": ""352503"", ""source_url"": ""https://interfood.az/az/exhibitors-list/year/2026""}, {""exhibition"": ""caspianagroweek"", ""exhibition_label"": ""Caspian Agro Week"", ""year"": ""2026"", ""category"": ""DƏSTƏK"", ""stand"": ""-"", ""company_id"": ""352502"", ""source_url"": ""https://caspianagroweek.az/az/exhibitors-list/year/2026""}]}"
expo-00298,AZƏRBAYCAN SƏNAYE KORPORASİYASI ASC,Azərbaycan,MEDİA,A2110,Caspian Agro Week,2019,1,"{""appearances"": [{""exhibition"": ""caspianagroweek"", ""exhibition_label"": ""Caspian Agro Week"", ""year"": ""2019"", ""category"": ""MEDİA"", ""stand"": ""A2110"", ""company_id"": ""4702"", ""source_url"": ""https://caspianagroweek.az/az/exhibitors-list/year/2019""}]}"
expo-00299,AZƏRBAYCAN SƏRGİ TƏŞKİLATÇILARI ASSOSİASİYASI,Azərbaycan,DƏSTƏK | MEDİA | NAXÇIVAN MUXTAR RESPUBLİKASININ MİLLİ STENDİ | ÇELYABİNSK VİLAYƏTİ,,Aquatherm Baku | BakuBuild | Caspian Agro Week | Caspian Oil & Gas | InterFood Azerbaijan | TransLogistica Caspian,2023 | 2024 | 2025 | 2026,13,"{""appearances"": [{""exhibition"": ""bakubuild"", ""exhibition_label"": ""BakuBuild"", ""year"": ""2023"", ""category"": ""ÇELYABİNSK VİLAYƏTİ"", ""stand"": ""-"", ""company_id"": ""301259"", ""source_url"": ""https://bakubuild.az/az/exhibitors-list/year/2023""}, {""exhibition"": ""bakubuild"", ""exhibition_label"": ""BakuBuild"", ""year"": ""2024"", ""category"": ""MEDİA"", ""stand"": ""-"", ""company_id"": ""301259"", ""source_url"": ""https://bakubuild.az/az/exhibitors-list/year/2024""}, {""exhibition"": ""aquatherm"", ""exhibition_label"": ""Aquatherm Baku"", ""year"": ""2023"", ""category"": ""MEDİA"", ""stand"": ""-"", ""company_id"": ""301259"", ""source_url"": ""https://aquatherm.az/az/exhibitors-list/year/2023""}, {""exhibition"": ""aquatherm"", ""exhibition_label"": ""Aquatherm Baku"", ""year"": ""2024"", ""category"": ""MEDİA"", ""stand"": ""-"", ""company_id"": ""301259"", ""source_url"": ""https://aquatherm.az/az/exhibitors-list/year/2024""}, {""exhibition"": ""interfood"", ""exhibition_label"": ""InterFood Azerbaijan"", ""year"": ""2024"", ""category"": ""MEDİA"", ""stand"": ""-"", ""company_id"": ""301259"", ""source_url"": ""https://interfood.az/az/exhibitors-list/year/2024""}, {""exhibition"": ""interfood"", ""exhibition_label"": ""InterFood Azerbaijan"", ""year"": ""2025"", ""category"": ""NAXÇIVAN MUXTAR RESPUBLİKASININ MİLLİ STENDİ"", ""stand"": ""-"", ""company_id"": ""301259"", ""source_url"": ""https://interfood.az/az/exhibitors-list/year/2025""}, {""exhibition"": ""interfood"", ""exhibition_label"": ""InterFood Azerbaijan"", ""year"": ""2026"", ""category"": ""DƏSTƏK"", ""stand"": ""-"", ""company_id"": ""301259"", ""source_url"": ""https://interfood.az/az/exhibitors-list/year/2026""}, {""exhibition"": ""caspianoilgas"", ""exhibition_label"": ""Caspian Oil & Gas"", ""year"": ""2024"", ""category"": ""MEDİA"", ""stand"": ""-"", ""company_id"": ""301259"", ""source_url"": ""https://caspianoilgas.az/az/exhibitors-list/year/2024""}, {""exhibition"": ""translogistica"", ""exhibition_label"": ""TransLogistica Caspian"", ""year"": ""2024"", ""category"": ""MEDİA"", ""stand"": ""-"", ""company_id"": ""302256"", ""source_url"": ""https://translogistica.az/az/exhibitors-list/year/2024""}, {""exhibition"": ""translogistica"", ""exhibition_label"": ""TransLogistica Caspian"", ""year"": ""2025"", ""category"": ""MEDİA"", ""stand"": ""-"", ""company_id"": ""301259"", ""source_url"": ""https://translogistica.az/az/exhibitors-list/year/2025""}, {""exhibition"": ""caspianagroweek"", ""exhibition_label"": ""Caspian Agro Week"", ""year"": ""2024"", ""category"": ""MEDİA"", ""stand"": ""-"", ""company_id"": ""301259"", ""source_url"": ""https://caspianagroweek.az/az/exhibitors-list/year/2024""}, {""exhibition"": ""caspianagroweek"", ""exhibition_label"": ""Caspian Agro Week"", ""year"": ""2025"", ""category"": ""MEDİA"", ""stand"": ""-"", ""company_id"": ""301259"", ""source_url"": ""https://caspianagroweek.az/az/exhibitors-list/year/2025""}, {""exhibition"": ""caspianagroweek"", ""exhibition_label"": ""Caspian Agro Week"", ""year"": ""2026"", ""category"": ""DƏSTƏK"", ""stand"": ""-"", ""company_id"": ""301259"", ""source_url"": ""https://caspianagroweek.az/az/exhibitors-list/year/2026""}]}"
expo-00300,"AZƏRBAYCAN TELEVİZİYA VƏ RADİO VERİLİŞLƏRİ"" QAPALI SƏHMDAR CƏMİYYƏTİ",Azərbaycan,MEDİA,,Aquatherm Baku | BakuBuild | Caspian Oil & Gas | Plastex Caspian,2023 | 2025,4,"{""appearances"": [{""exhibition"": ""bakubuild"", ""exhibition_label"": ""BakuBuild"", ""year"": ""2025"", ""category"": ""MEDİA"", ""stand"": ""-"", ""company_id"": ""283254"", ""source_url"": ""https://bakubuild.az/az/exhibitors-list/year/2025""}, {""exhibition"": ""aquatherm"", ""exhibition_label"": ""Aquatherm Baku"", ""year"": ""2025"", ""category"": ""MEDİA"", ""stand"": ""-"", ""company_id"": """", ""source_url"": ""https://aquatherm.az/az/exhibitors-list/year/2025""}, {""exhibition"": ""caspianoilgas"", ""exhibition_label"": ""Caspian Oil & Gas"", ""year"": ""2023"", ""category"": ""MEDİA"", ""stand"": ""-"", ""company_id"": """", ""source_url"": ""https://caspianoilgas.az/az/exhibitors-list/year/2023""}, {""exhibition"": ""plastex"", ""exhibition_label"": ""Plastex Caspian"", ""year"": ""2025"", ""category"": ""MEDİA"", ""stand"": ""-"", ""company_id"": """", ""source_url"": ""https://plastex.az/az/exhibitors-list/year/2025""}]}"
expo-00301,AZƏRBAYCAN TİKİNTİ İSTEHSALÇILARI ASSOSİYASI(ATİA),Azərbaycan,MEDİA | TƏRƏFDAŞLAR,4B018,BakuBuild,2024 | 2025,2,"{""appearances"": [{""exhibition"": ""bakubuild"", ""exhibition_label"": ""BakuBuild"", ""year"": ""2024"", ""category"": ""MEDİA"", ""stand"": ""4B018"", ""company_id"": ""326105"", ""source_url"": ""https://bakubuild.az/az/exhibitors-list/year/2024""}, {""exhibition"": ""bakubuild"", ""exhibition_label"": ""BakuBuild"", ""year"": ""2025"", ""category"": ""TƏRƏFDAŞLAR"", ""stand"": ""-"", ""company_id"": ""326105"", ""source_url"": ""https://bakubuild.az/az/exhibitors-list/year/2025""}]}"
expo-00302,AZƏRBAYCAN TOXUMÇULUQ TƏSƏRRÜFATI MMC,Azərbaycan,MEDİA | TƏRƏFDAŞ,2A234,Caspian Agro Week,2025 | 2026,2,"{""appearances"": [{""exhibition"": ""caspianagroweek"", ""exhibition_label"": ""Caspian Agro Week"", ""year"": ""2025"", ""category"": ""MEDİA"", ""stand"": ""2A234"", ""company_id"": ""324598"", ""source_url"": ""https://caspianagroweek.az/az/exhibitors-list/year/2025""}, {""exhibition"": ""caspianagroweek"", ""exhibition_label"": ""Caspian Agro Week"", ""year"": ""2026"", ""category"": ""TƏRƏFDAŞ"", ""stand"": ""2A234"", ""company_id"": ""324598"", ""source_url"": ""https://caspianagroweek.az/az/exhibitors-list/year/2026""}]}"
expo-00303,AZƏRBAYCAN TÜRKİYƏ İŞ ADAMLARI BİRLİYİ (ATIB),Azərbaycan,MEDİA,P110 | P116,Caspian Agro Week | Caspian Oil & Gas | InterFood Azerbaijan | TransLogistica Caspian,2019 | 2025 | 2026,6,"{""appearances"": [{""exhibition"": ""interfood"", ""exhibition_label"": ""InterFood Azerbaijan"", ""year"": ""2019"", ""category"": ""MEDİA"", ""stand"": ""P110"", ""company_id"": ""4366"", ""source_url"": ""https://interfood.az/az/exhibitors-list/year/2019""}, {""exhibition"": ""interfood"", ""exhibition_label"": ""InterFood Azerbaijan"", ""year"": ""2025"", ""category"": ""MEDİA"", ""stand"": ""-"", ""company_id"": ""4366"", ""source_url"": ""https://interfood.az/az/exhibitors-list/year/2025""}, {""exhibition"": ""caspianoilgas"", ""exhibition_label"": ""Caspian Oil & Gas"", ""year"": ""2026"", ""category"": ""MEDİA"", ""stand"": ""-"", ""company_id"": ""4366"", ""source_url"": ""https://caspianoilgas.az/az/exhibitors-list/year/2026""}, {""exhibition"": ""translogistica"", ""exhibition_label"": ""TransLogistica Caspian"", ""year"": ""2019"", ""category"": ""MEDİA"", ""stand"": ""P116"", ""company_id"": ""4366"", ""source_url"": ""https://translogistica.az/az/exhibitors-list/year/2019""}, {""exhibition"": ""translogistica"", ""exhibition_label"": ""TransLogistica Caspian"", ""year"": ""2026"", ""category"": ""MEDİA"", ""stand"": ""-"", ""company_id"": ""4366"", ""source_url"": ""https://translogistica.az/az/exhibitors-list/year/2026""}, {""exhibition"": ""caspianagroweek"", ""exhibition_label"": ""Caspian Agro Week"", ""year"": ""2025"", ""category"": ""MEDİA"", ""stand"": ""-"", ""company_id"": ""4366"", ""source_url"": ""https://caspianagroweek.az/az/exhibitors-list/year/2025""}]}"
expo-00304,AZƏRBAYCAN XƏZƏR DƏNİZ GƏMİÇİLİYİ QSC,Azərbaycan,MEDİA,1120,TransLogistica Caspian,2019,1,"{""appearances"": [{""exhibition"": ""translogistica"", ""exhibition_label"": ""TransLogistica Caspian"", ""year"": ""2019"", ""category"": ""MEDİA"", ""stand"": ""1120"", ""company_id"": ""4763"", ""source_url"": ""https://translogistica.az/az/exhibitors-list/year/2019""}]}"
expo-00305,AZƏRBAYCAN ŞƏKƏR İSTEHSALAT BIRLIYI MMC,Azərbaycan,TƏRƏFDAŞ,1A120,Caspian Agro Week,2026,1,"{""appearances"": [{""exhibition"": ""caspianagroweek"", ""exhibition_label"": ""Caspian Agro Week"", ""year"": ""2026"", ""category"": ""TƏRƏFDAŞ"", ""stand"": ""1A120"", ""company_id"": ""350573"", ""source_url"": ""https://caspianagroweek.az/az/exhibitors-list/year/2026""}]}"
expo-00306,AZƏRBAYCANDA AMERİKA TİCARƏT PALATASI AMCHAM,Azərbaycan,MEDİA,2M013 | C2124,Caspian Oil & Gas,2019 | 2022 | 2026,3,"{""appearances"": [{""exhibition"": ""caspianoilgas"", ""exhibition_label"": ""Caspian Oil & Gas"", ""year"": ""2019"", ""category"": ""MEDİA"", ""stand"": ""-"", ""company_id"": ""4363"", ""source_url"": ""https://caspianoilgas.az/az/exhibitors-list/year/2019""}, {""exhibition"": ""caspianoilgas"", ""exhibition_label"": ""Caspian Oil & Gas"", ""year"": ""2022"", ""category"": ""MEDİA"", ""stand"": ""C2124"", ""company_id"": ""4363"", ""source_url"": ""https://caspianoilgas.az/az/exhibitors-list/year/2022""}, {""exhibition"": ""caspianoilgas"", ""exhibition_label"": ""Caspian Oil & Gas"", ""year"": ""2026"", ""category"": ""MEDİA"", ""stand"": ""2M013"", ""company_id"": ""4363"", ""source_url"": ""https://caspianoilgas.az/az/exhibitors-list/year/2026""}]}"
expo-00307,AZƏRBAYCANDA QADIN SAHİBKARLIĞININ  İNKİŞAFI ASSOSİASİYASI,Azərbaycan,MEDİA | TƏRƏFDAŞ,2A520 | 4A200 | 4A232 | 4A341,Caspian Agro Week,2024 | 2025 | 2026,4,"{""appearances"": [{""exhibition"": ""caspianagroweek"", ""exhibition_label"": ""Caspian Agro Week"", ""year"": ""2024"", ""category"": ""MEDİA"", ""stand"": ""4A341"", ""company_id"": """", ""source_url"": ""https://caspianagroweek.az/az/exhibitors-list/year/2024""}, {""exhibition"": ""caspianagroweek"", ""exhibition_label"": ""Caspian Agro Week"", ""year"": ""2025"", ""category"": ""MEDİA"", ""stand"": ""4A200"", ""company_id"": ""313532"", ""source_url"": ""https://caspianagroweek.az/az/exhibitors-list/year/2025""}, {""exhibition"": ""caspianagroweek"", ""exhibition_label"": ""Caspian Agro Week"", ""year"": ""2026"", ""category"": ""TƏRƏFDAŞ"", ""stand"": ""4A232"", ""company_id"": ""352848"", ""source_url"": ""https://caspianagroweek.az/az/exhibitors-list/year/2026""}, {""exhibition"": ""caspianagroweek"", ""exhibition_label"": ""Caspian Agro Week"", ""year"": ""2026"", ""category"": ""TƏRƏFDAŞ"", ""stand"": ""2A520"", ""company_id"": """", ""source_url"": ""https://caspianagroweek.az/az/exhibitors-list/year/2026""}]}"
expo-00308,AZƏRPAMBIQ ASK,Azərbaycan,MEDİA,A2110,Caspian Agro Week,2019,1,"{""appearances"": [{""exhibition"": ""caspianagroweek"", ""exhibition_label"": ""Caspian Agro Week"", ""year"": ""2019"", ""category"": ""MEDİA"", ""stand"": ""A2110"", ""company_id"": ""4999"", ""source_url"": ""https://caspianagroweek.az/az/exhibitors-list/year/2019""}]}"
expo-00309,AZƏRSUN HOLDİNQ MMC,Azərbaycan,MEDİA | NAXÇIVAN MUXTAR RESPUBLİKASININ MİLLİ STENDİ | YAROSLAVL VILAYƏTİNİN ŞİRKƏTLƏRİ | ŞİRVAN AQRO MMC,1F120/1F130 | 4F110 | A2051 | B120 | F1108-1106,Beauty Expo Baku | InterFood Azerbaijan | Securex Caspian,2021 | 2022 | 2023 | 2024 | 2025 | 2026,7,"{""appearances"": [{""exhibition"": ""beautyexpo"", ""exhibition_label"": ""Beauty Expo Baku"", ""year"": ""2023"", ""category"": ""YAROSLAVL VILAYƏTİNİN ŞİRKƏTLƏRİ"", ""stand"": ""B120"", ""company_id"": ""6049"", ""source_url"": ""https://beautyexpo.az/az/exhibitors-list/year/2023""}, {""exhibition"": ""interfood"", ""exhibition_label"": ""InterFood Azerbaijan"", ""year"": ""2021"", ""category"": ""MEDİA"", ""stand"": ""F1108-1106"", ""company_id"": """", ""source_url"": ""https://interfood.az/az/exhibitors-list/year/2021""}, {""exhibition"": ""interfood"", ""exhibition_label"": ""InterFood Azerbaijan"", ""year"": ""2022"", ""category"": ""MEDİA"", ""stand"": ""-"", ""company_id"": """", ""source_url"": ""https://interfood.az/az/exhibitors-list/year/2022""}, {""exhibition"": ""interfood"", ""exhibition_label"": ""InterFood Azerbaijan"", ""year"": ""2024"", ""category"": ""MEDİA"", ""stand"": ""1F120/1F130"", ""company_id"": ""6049"", ""source_url"": ""https://interfood.az/az/exhibitors-list/year/2024""}, {""exhibition"": ""interfood"", ""exhibition_label"": ""InterFood Azerbaijan"", ""year"": ""2025"", ""category"": ""NAXÇIVAN MUXTAR RESPUBLİKASININ MİLLİ STENDİ"", ""stand"": ""1F120/1F130"", ""company_id"": ""6049"", ""source_url"": ""https://interfood.az/az/exhibitors-list/year/2025""}, {""exhibition"": ""interfood"", ""exhibition_label"": ""InterFood Azerbaijan"", ""year"": ""2026"", ""category"": ""ŞİRVAN AQRO MMC"", ""stand"": ""4F110"", ""company_id"": ""345052"", ""source_url"": ""https://interfood.az/az/exhibitors-list/year/2026""}, {""exhibition"": ""securexcaspian"", ""exhibition_label"": ""Securex Caspian"", ""year"": ""2022"", ""category"": ""MEDİA"", ""stand"": ""A2051"", ""company_id"": ""6049"", ""source_url"": ""https://securexcaspian.az/az/exhibitors-list/year/2022""}]}"
expo-00310,AZƏRSUN HOLDİNQ MMC 2,Azərbaycan,MEDİA,,InterFood Azerbaijan,2024,1,"{""appearances"": [{""exhibition"": ""interfood"", ""exhibition_label"": ""InterFood Azerbaijan"", ""year"": ""2024"", ""category"": ""MEDİA"", ""stand"": ""-"", ""company_id"": """", ""source_url"": ""https://interfood.az/az/exhibitors-list/year/2024""}]}"
expo-00311,AZƏRTAC,Azərbaycan,MEDİA,P106 | P112 | P122,Aquatherm Baku | BakuBuild | Beauty Expo Baku | Caspian Agro Week | Caspian Oil & Gas | InterFood Azerbaijan | Plastex Caspian | Securex Caspian | TransLogistica Caspian,2019 | 2023 | 2024 | 2025 | 2026,34,"{""appearances"": [{""exhibition"": ""bakubuild"", ""exhibition_label"": ""BakuBuild"", ""year"": ""2019"", ""category"": ""MEDİA"", ""stand"": ""P112"", ""company_id"": ""4259"", ""source_url"": ""https://bakubuild.az/az/exhibitors-list/year/2019""}, {""exhibition"": ""bakubuild"", ""exhibition_label"": ""BakuBuild"", ""year"": ""2023"", ""category"": ""MEDİA"", ""stand"": ""-"", ""company_id"": ""4259"", ""source_url"": ""https://bakubuild.az/az/exhibitors-list/year/2023""}, {""exhibition"": ""bakubuild"", ""exhibition_label"": ""BakuBuild"", ""year"": ""2024"", ""category"": ""MEDİA"", ""stand"": ""-"", ""company_id"": ""4259"", ""source_url"": ""https://bakubuild.az/az/exhibitors-list/year/2024""}, {""exhibition"": ""bakubuild"", ""exhibition_label"": ""BakuBuild"", ""year"": ""2025"", ""category"": ""MEDİA"", ""stand"": ""-"", ""company_id"": ""4259"", ""source_url"": ""https://bakubuild.az/az/exhibitors-list/year/2025""}, {""exhibition"": ""aquatherm"", ""exhibition_label"": ""Aquatherm Baku"", ""year"": ""2019"", ""category"": ""MEDİA"", ""stand"": ""-"", ""company_id"": ""4259"", ""source_url"": ""https://aquatherm.az/az/exhibitors-list/year/2019""}, {""exhibition"": ""aquatherm"", ""exhibition_label"": ""Aquatherm Baku"", ""year"": ""2023"", ""category"": ""MEDİA"", ""stand"": ""-"", ""company_id"": ""4259"", ""source_url"": ""https://aquatherm.az/az/exhibitors-list/year/2023""}, {""exhibition"": ""aquatherm"", ""exhibition_label"": ""Aquatherm Baku"", ""year"": ""2024"", ""category"": ""MEDİA"", ""stand"": ""-"", ""company_id"": ""4259"", ""source_url"": ""https://aquatherm.az/az/exhibitors-list/year/2024""}, {""exhibition"": ""aquatherm"", ""exhibition_label"": ""Aquatherm Baku"", ""year"": ""2025"", ""category"": ""MEDİA"", ""stand"": ""-"", ""company_id"": ""4259"", ""source_url"": ""https://aquatherm.az/az/exhibitors-list/year/2025""}, {""exhibition"": ""beautyexpo"", ""exhibition_label"": ""Beauty Expo Baku"", ""year"": ""2019"", ""category"": ""MEDİA"", ""stand"": ""-"", ""company_id"": ""4259"", ""source_url"": ""https://beautyexpo.az/az/exhibitors-list/year/2019""}, {""exhibition"": ""beautyexpo"", ""exhibition_label"": ""Beauty Expo Baku"", ""year"": ""2023"", ""category"": ""MEDİA"", ""stand"": ""-"", ""company_id"": ""4259"", ""source_url"": ""https://beautyexpo.az/az/exhibitors-list/year/2023""}, {""exhibition"": ""interfood"", ""exhibition_label"": ""InterFood Azerbaijan"", ""year"": ""2019"", ""category"": ""MEDİA"", ""stand"": ""-"", ""company_id"": ""4259"", ""source_url"": ""https://interfood.az/az/exhibitors-list/year/2019""}, {""exhibition"": ""interfood"", ""exhibition_label"": ""InterFood Azerbaijan"", ""year"": ""2023"", ""category"": ""MEDİA"", ""stand"": ""-"", ""company_id"": ""4259"", ""source_url"": ""https://interfood.az/az/exhibitors-list/year/2023""}, {""exhibition"": ""interfood"", ""exhibition_label"": ""InterFood Azerbaijan"", ""year"": ""2024"", ""category"": ""MEDİA"", ""stand"": ""-"", ""company_id"": """", ""source_url"": ""https://interfood.az/az/exhibitors-list/year/2024""}, {""exhibition"": ""interfood"", ""exhibition_label"": ""InterFood Azerbaijan"", ""year"": ""2025"", ""category"": ""MEDİA"", ""stand"": ""-"", ""company_id"": ""4259"", ""source_url"": ""https://interfood.az/az/exhibitors-list/year/2025""}, {""exhibition"": ""interfood"", ""exhibition_label"": ""InterFood Azerbaijan"", ""year"": ""2026"", ""category"": ""MEDİA"", ""stand"": ""-"", ""company_id"": ""4259"", ""source_url"": ""https://interfood.az/az/exhibitors-list/year/2026""}, {""exhibition"": ""caspianoilgas"", ""exhibition_label"": ""Caspian Oil & Gas"", ""year"": ""2019"", ""category"": ""MEDİA"", ""stand"": ""P112"", ""company_id"": ""4259"", ""source_url"": ""https://caspianoilgas.az/az/exhibitors-list/year/2019""}, {""exhibition"": ""caspianoilgas"", ""exhibition_label"": ""Caspian Oil & Gas"", ""year"": ""2023"", ""category"": ""MEDİA"", ""stand"": ""-"", ""company_id"": ""4259"", ""source_url"": ""https://caspianoilgas.az/az/exhibitors-list/year/2023""}, {""exhibition"": ""caspianoilgas"", ""exhibition_label"": ""Caspian Oil & Gas"", ""year"": ""2024"", ""category"": ""MEDİA"", ""stand"": ""-"", ""company_id"": ""4259"", ""source_url"": ""https://caspianoilgas.az/az/exhibitors-list/year/2024""}, {""exhibition"": ""caspianoilgas"", ""exhibition_label"": ""Caspian Oil & Gas"", ""year"": ""2025"", ""category"": ""MEDİA"", ""stand"": ""-"", ""company_id"": ""4259"", ""source_url"": ""https://caspianoilgas.az/az/exhibitors-list/year/2025""}, {""exhibition"": ""caspianoilgas"", ""exhibition_label"": ""Caspian Oil & Gas"", ""year"": ""2026"", ""category"": ""MEDİA"", ""stand"": ""-"", ""company_id"": ""4259"", ""source_url"": ""https://caspianoilgas.az/az/exhibitors-list/year/2026""}, {""exhibition"": ""securexcaspian"", ""exhibition_label"": ""Securex Caspian"", ""year"": ""2019"", ""category"": ""MEDİA"", ""stand"": ""-"", ""company_id"": ""4259"", ""source_url"": ""https://securexcaspian.az/az/exhibitors-list/year/2019""}, {""exhibition"": ""securexcaspian"", ""exhibition_label"": ""Securex Caspian"", ""year"": ""2019"", ""category"": ""MEDİA"", ""stand"": ""P112"", ""company_id"": ""4259"", ""source_url"": ""https://securexcaspian.az/az/exhibitors-list/year/2019""}, {""exhibition"": ""securexcaspian"", ""exhibition_label"": ""Securex Caspian"", ""year"": ""2024"", ""category"": ""MEDİA"", ""stand"": ""-"", ""company_id"": ""4259"", ""source_url"": ""https://securexcaspian.az/az/exhibitors-list/year/2024""}, {""exhibition"": ""translogistica"", ""exhibition_label"": ""TransLogistica Caspian"", ""year"": ""2019"", ""category"": ""MEDİA"", ""stand"": ""P106"", ""company_id"": ""4259"", ""source_url"": ""https://translogistica.az/az/exhibitors-list/year/2019""}, {""exhibition"": ""translogistica"", ""exhibition_label"": ""TransLogistica Caspian"", ""year"": ""2023"", ""category"": ""MEDİA"", ""stand"": ""-"", ""company_id"": ""4259"", ""source_url"": ""https://translogistica.az/az/exhibitors-list/year/2023""}, {""exhibition"": ""translogistica"", ""exhibition_label"": ""TransLogistica Caspian"", ""year"": ""2024"", ""category"": ""MEDİA"", ""stand"": ""-"", ""company_id"": ""4259"", ""source_url"": ""https://translogistica.az/az/exhibitors-list/year/2024""}, {""exhibition"": ""translogistica"", ""exhibition_label"": ""TransLogistica Caspian"", ""year"": ""2025"", ""category"": ""MEDİA"", ""stand"": ""-"", ""company_id"": ""4259"", ""source_url"": ""https://translogistica.az/az/exhibitors-list/year/2025""}, {""exhibition"": ""translogistica"", ""exhibition_label"": ""TransLogistica Caspian"", ""year"": ""2026"", ""category"": ""MEDİA"", ""stand"": ""-"", ""company_id"": ""4259"", ""source_url"": ""https://translogistica.az/az/exhibitors-list/year/2026""}, {""exhibition"": ""caspianagroweek"", ""exhibition_label"": ""Caspian Agro Week"", ""year"": ""2019"", ""category"": ""MEDİA"", ""stand"": ""P122"", ""company_id"": ""4259"", ""source_url"": ""https://caspianagroweek.az/az/exhibitors-list/year/2019""}, {""exhibition"": ""caspianagroweek"", ""exhibition_label"": ""Caspian Agro Week"", ""year"": ""2023"", ""category"": ""MEDİA"", ""stand"": ""-"", ""company_id"": ""4259"", ""source_url"": ""https://caspianagroweek.az/az/exhibitors-list/year/2023""}, {""exhibition"": ""caspianagroweek"", ""exhibition_label"": ""Caspian Agro Week"", ""year"": ""2024"", ""category"": ""MEDİA"", ""stand"": ""-"", ""company_id"": """", ""source_url"": ""https://caspianagroweek.az/az/exhibitors-list/year/2024""}, {""exhibition"": ""caspianagroweek"", ""exhibition_label"": ""Caspian Agro Week"", ""year"": ""2025"", ""category"": ""MEDİA"", ""stand"": ""-"", ""company_id"": ""4259"", ""source_url"": ""https://caspianagroweek.az/az/exhibitors-list/year/2025""}, {""exhibition"": ""caspianagroweek"", ""exhibition_label"": ""Caspian Agro Week"", ""year"": ""2026"", ""category"": ""MEDİA"", ""stand"": ""-"", ""company_id"": ""4259"", ""source_url"": ""https://caspianagroweek.az/az/exhibitors-list/year/2026""}, {""exhibition"": ""plastex"", ""exhibition_label"": ""Plastex Caspian"", ""year"": ""2025"", ""category"": ""MEDİA"", ""stand"": ""-"", ""company_id"": ""4259"", ""source_url"": ""https://plastex.az/az/exhibitors-list/year/2025""}]}"
expo-00312,AZƏRTEXNIKA MMC,Azərbaycan,AZƏRTEXNIKA MMC | MEDİA | TƏRƏFDAŞ,5A050 | 5A110 | 5A200 | A4011 | A5002 | A5004,Caspian Agro Week,2019 | 2021 | 2022 | 2023 | 2024 | 2025 | 2026,7,"{""appearances"": [{""exhibition"": ""caspianagroweek"", ""exhibition_label"": ""Caspian Agro Week"", ""year"": ""2019"", ""category"": ""MEDİA"", ""stand"": ""A4011"", ""company_id"": ""5274"", ""source_url"": ""https://caspianagroweek.az/az/exhibitors-list/year/2019""}, {""exhibition"": ""caspianagroweek"", ""exhibition_label"": ""Caspian Agro Week"", ""year"": ""2021"", ""category"": ""TƏRƏFDAŞ"", ""stand"": ""A5004"", ""company_id"": ""5274"", ""source_url"": ""https://caspianagroweek.az/az/exhibitors-list/year/2021""}, {""exhibition"": ""caspianagroweek"", ""exhibition_label"": ""Caspian Agro Week"", ""year"": ""2022"", ""category"": ""MEDİA"", ""stand"": ""A5002"", ""company_id"": ""5274"", ""source_url"": ""https://caspianagroweek.az/az/exhibitors-list/year/2022""}, {""exhibition"": ""caspianagroweek"", ""exhibition_label"": ""Caspian Agro Week"", ""year"": ""2023"", ""category"": ""MEDİA"", ""stand"": ""5A200"", ""company_id"": ""5274"", ""source_url"": ""https://caspianagroweek.az/az/exhibitors-list/year/2023""}, {""exhibition"": ""caspianagroweek"", ""exhibition_label"": ""Caspian Agro Week"", ""year"": ""2024"", ""category"": ""MEDİA"", ""stand"": ""5A200"", ""company_id"": ""5274"", ""source_url"": ""https://caspianagroweek.az/az/exhibitors-list/year/2024""}, {""exhibition"": ""caspianagroweek"", ""exhibition_label"": ""Caspian Agro Week"", ""year"": ""2025"", ""category"": ""MEDİA"", ""stand"": ""5A110"", ""company_id"": ""5274"", ""source_url"": ""https://caspianagroweek.az/az/exhibitors-list/year/2025""}, {""exhibition"": ""caspianagroweek"", ""exhibition_label"": ""Caspian Agro Week"", ""year"": ""2026"", ""category"": ""AZƏRTEXNIKA MMC"", ""stand"": ""5A050"", ""company_id"": ""5274"", ""source_url"": ""https://caspianagroweek.az/az/exhibitors-list/year/2026""}]}"
expo-00313,AZƏRTOXUM,Azərbaycan,AGRO DAIRY MMC | MEDİA,1A210-7 | 1A210-8,Caspian Agro Week,2025 | 2026,2,"{""appearances"": [{""exhibition"": ""caspianagroweek"", ""exhibition_label"": ""Caspian Agro Week"", ""year"": ""2025"", ""category"": ""MEDİA"", ""stand"": ""1A210-8"", ""company_id"": """", ""source_url"": ""https://caspianagroweek.az/az/exhibitors-list/year/2025""}, {""exhibition"": ""caspianagroweek"", ""exhibition_label"": ""Caspian Agro Week"", ""year"": ""2026"", ""category"": ""AGRO DAIRY MMC"", ""stand"": ""1A210-7"", ""company_id"": """", ""source_url"": ""https://caspianagroweek.az/az/exhibitors-list/year/2026""}]}"
expo-00314,AZƏRTÜTÜN ASK,Azərbaycan,MEDİA,A2110,Caspian Agro Week,2019,1,"{""appearances"": [{""exhibition"": ""caspianagroweek"", ""exhibition_label"": ""Caspian Agro Week"", ""year"": ""2019"", ""category"": ""MEDİA"", ""stand"": ""A2110"", ""company_id"": ""5001"", ""source_url"": ""https://caspianagroweek.az/az/exhibitors-list/year/2019""}]}"
expo-00315,AZƏRYEM,Azərbaycan,AGRO DAIRY MMC | MEDİA,1A210-8 | 1A210-9,Caspian Agro Week,2025 | 2026,2,"{""appearances"": [{""exhibition"": ""caspianagroweek"", ""exhibition_label"": ""Caspian Agro Week"", ""year"": ""2025"", ""category"": ""MEDİA"", ""stand"": ""1A210-9"", ""company_id"": """", ""source_url"": ""https://caspianagroweek.az/az/exhibitors-list/year/2025""}, {""exhibition"": ""caspianagroweek"", ""exhibition_label"": ""Caspian Agro Week"", ""year"": ""2026"", ""category"": ""AGRO DAIRY MMC"", ""stand"": ""1A210-8"", ""company_id"": """", ""source_url"": ""https://caspianagroweek.az/az/exhibitors-list/year/2026""}]}"
expo-00316,AZƏRŞƏKƏR MMC,Azərbaycan,AZƏRSHƏKƏR MMC | MEDİA,2A330 | 2A400 | A2428/A5122,Caspian Agro Week,2022 | 2023 | 2024 | 2025 | 2026,5,"{""appearances"": [{""exhibition"": ""caspianagroweek"", ""exhibition_label"": ""Caspian Agro Week"", ""year"": ""2022"", ""category"": ""MEDİA"", ""stand"": ""A2428/A5122"", ""company_id"": ""6854"", ""source_url"": ""https://caspianagroweek.az/az/exhibitors-list/year/2022""}, {""exhibition"": ""caspianagroweek"", ""exhibition_label"": ""Caspian Agro Week"", ""year"": ""2023"", ""category"": ""MEDİA"", ""stand"": ""-"", ""company_id"": ""6854"", ""source_url"": ""https://caspianagroweek.az/az/exhibitors-list/year/2023""}, {""exhibition"": ""caspianagroweek"", ""exhibition_label"": ""Caspian Agro Week"", ""year"": ""2024"", ""category"": ""MEDİA"", ""stand"": ""2A400"", ""company_id"": ""6854"", ""source_url"": ""https://caspianagroweek.az/az/exhibitors-list/year/2024""}, {""exhibition"": ""caspianagroweek"", ""exhibition_label"": ""Caspian Agro Week"", ""year"": ""2025"", ""category"": ""MEDİA"", ""stand"": ""2A330"", ""company_id"": ""6854"", ""source_url"": ""https://caspianagroweek.az/az/exhibitors-list/year/2025""}, {""exhibition"": ""caspianagroweek"", ""exhibition_label"": ""Caspian Agro Week"", ""year"": ""2026"", ""category"": ""AZƏRSHƏKƏR MMC"", ""stand"": ""2A330"", ""company_id"": ""6854"", ""source_url"": ""https://caspianagroweek.az/az/exhibitors-list/year/2026""}]}"
expo-00317,AĞSU AGROPARK MMC,Azərbaycan,MEDİA | TƏRƏFDAŞ,A2302 | A2402,Caspian Agro Week,2019 | 2021,2,"{""appearances"": [{""exhibition"": ""caspianagroweek"", ""exhibition_label"": ""Caspian Agro Week"", ""year"": ""2019"", ""category"": ""MEDİA"", ""stand"": ""A2402"", ""company_id"": ""4747"", ""source_url"": ""https://caspianagroweek.az/az/exhibitors-list/year/2019""}, {""exhibition"": ""caspianagroweek"", ""exhibition_label"": ""Caspian Agro Week"", ""year"": ""2021"", ""category"": ""TƏRƏFDAŞ"", ""stand"": ""A2302"", ""company_id"": ""4747"", ""source_url"": ""https://caspianagroweek.az/az/exhibitors-list/year/2021""}]}"
expo-00318,B-AGRO MMC,Azərbaycan,TƏRƏFDAŞ,5A065,Caspian Agro Week,2026,1,"{""appearances"": [{""exhibition"": ""caspianagroweek"", ""exhibition_label"": ""Caspian Agro Week"", ""year"": ""2026"", ""category"": ""TƏRƏFDAŞ"", ""stand"": ""5A065"", ""company_id"": ""352013"", ""source_url"": ""https://caspianagroweek.az/az/exhibitors-list/year/2026""}]}"
expo-00319,B.I.PROFIT AZƏRBAYCAN,Azərbaycan,MEDİA,1C010,Caspian Oil & Gas,2023,1,"{""appearances"": [{""exhibition"": ""caspianoilgas"", ""exhibition_label"": ""Caspian Oil & Gas"", ""year"": ""2023"", ""category"": ""MEDİA"", ""stand"": ""1C010"", ""company_id"": ""8018"", ""source_url"": ""https://caspianoilgas.az/az/exhibitors-list/year/2023""}]}"
expo-00320,B2B GROUP MMC,Azərbaycan,TƏRƏFDAŞLAR,B1078,BakuBuild,2021,1,"{""appearances"": [{""exhibition"": ""bakubuild"", ""exhibition_label"": ""BakuBuild"", ""year"": ""2021"", ""category"": ""TƏRƏFDAŞLAR"", ""stand"": ""B1078"", ""company_id"": ""6678"", ""source_url"": ""https://bakubuild.az/az/exhibitors-list/year/2021""}]}"
expo-00321,BABƏK SIRAB ASC,Azərbaycan,NAXÇIVAN MUXTAR RESPUBLİKASININ MİLLİ STENDİ,4F100-3,InterFood Azerbaijan,2025,1,"{""appearances"": [{""exhibition"": ""interfood"", ""exhibition_label"": ""InterFood Azerbaijan"", ""year"": ""2025"", ""category"": ""NAXÇIVAN MUXTAR RESPUBLİKASININ MİLLİ STENDİ"", ""stand"": ""4F100-3"", ""company_id"": """", ""source_url"": ""https://interfood.az/az/exhibitors-list/year/2025""}]}"
expo-00322,BADAMLI MINERAL SULAR MMC,Azərbaycan,NAXÇIVAN MUXTAR RESPUBLİKASININ MİLLİ STENDİ,4F100-2,InterFood Azerbaijan,2025,1,"{""appearances"": [{""exhibition"": ""interfood"", ""exhibition_label"": ""InterFood Azerbaijan"", ""year"": ""2025"", ""category"": ""NAXÇIVAN MUXTAR RESPUBLİKASININ MİLLİ STENDİ"", ""stand"": ""4F100-2"", ""company_id"": """", ""source_url"": ""https://interfood.az/az/exhibitors-list/year/2025""}]}"
expo-00323,BAFCO,Azərbaycan,MEDİA,4A022-1,Securex Caspian,2024,1,"{""appearances"": [{""exhibition"": ""securexcaspian"", ""exhibition_label"": ""Securex Caspian"", ""year"": ""2024"", ""category"": ""MEDİA"", ""stand"": ""4A022-1"", ""company_id"": ""326314"", ""source_url"": ""https://securexcaspian.az/az/exhibitors-list/year/2024""}]}"
expo-00324,BAFFINA MMC,Azərbaycan,MEDİA,2A078,Aquatherm Baku,2023,1,"{""appearances"": [{""exhibition"": ""aquatherm"", ""exhibition_label"": ""Aquatherm Baku"", ""year"": ""2023"", ""category"": ""MEDİA"", ""stand"": ""2A078"", ""company_id"": ""301192"", ""source_url"": ""https://aquatherm.az/az/exhibitors-list/year/2023""}]}"
expo-00325,BAGCAM.AZ,Azərbaycan,MEDİA | MURMANSK VİLAYETİ | TƏRƏFDAŞLAR | ŞİRVAN AQRO MMC,P112,BakuBuild | Caspian Agro Week | Caspian Oil & Gas | InterFood Azerbaijan | Securex Caspian | TransLogistica Caspian,2019 | 2022 | 2023 | 2024 | 2025 | 2026,18,"{""appearances"": [{""exhibition"": ""bakubuild"", ""exhibition_label"": ""BakuBuild"", ""year"": ""2019"", ""category"": ""MEDİA"", ""stand"": ""-"", ""company_id"": """", ""source_url"": ""https://bakubuild.az/az/exhibitors-list/year/2019""}, {""exhibition"": ""bakubuild"", ""exhibition_label"": ""BakuBuild"", ""year"": ""2022"", ""category"": ""MEDİA"", ""stand"": ""-"", ""company_id"": """", ""source_url"": ""https://bakubuild.az/az/exhibitors-list/year/2022""}, {""exhibition"": ""bakubuild"", ""exhibition_label"": ""BakuBuild"", ""year"": ""2024"", ""category"": ""MEDİA"", ""stand"": ""-"", ""company_id"": """", ""source_url"": ""https://bakubuild.az/az/exhibitors-list/year/2024""}, {""exhibition"": ""bakubuild"", ""exhibition_label"": ""BakuBuild"", ""year"": ""2025"", ""category"": ""TƏRƏFDAŞLAR"", ""stand"": ""-"", ""company_id"": """", ""source_url"": ""https://bakubuild.az/az/exhibitors-list/year/2025""}, {""exhibition"": ""interfood"", ""exhibition_label"": ""InterFood Azerbaijan"", ""year"": ""2019"", ""category"": ""MEDİA"", ""stand"": ""-"", ""company_id"": """", ""source_url"": ""https://interfood.az/az/exhibitors-list/year/2019""}, {""exhibition"": ""interfood"", ""exhibition_label"": ""InterFood Azerbaijan"", ""year"": ""2023"", ""category"": ""MURMANSK VİLAYETİ"", ""stand"": ""-"", ""company_id"": ""4303"", ""source_url"": ""https://interfood.az/az/exhibitors-list/year/2023""}, {""exhibition"": ""interfood"", ""exhibition_label"": ""InterFood Azerbaijan"", ""year"": ""2026"", ""category"": ""ŞİRVAN AQRO MMC"", ""stand"": ""-"", ""company_id"": """", ""source_url"": ""https://interfood.az/az/exhibitors-list/year/2026""}, {""exhibition"": ""caspianoilgas"", ""exhibition_label"": ""Caspian Oil & Gas"", ""year"": ""2019"", ""category"": ""MEDİA"", ""stand"": ""-"", ""company_id"": """", ""source_url"": ""https://caspianoilgas.az/az/exhibitors-list/year/2019""}, {""exhibition"": ""caspianoilgas"", ""exhibition_label"": ""Caspian Oil & Gas"", ""year"": ""2023"", ""category"": ""MEDİA"", ""stand"": ""-"", ""company_id"": ""4303"", ""source_url"": ""https://caspianoilgas.az/az/exhibitors-list/year/2023""}, {""exhibition"": ""caspianoilgas"", ""exhibition_label"": ""Caspian Oil & Gas"", ""year"": ""2024"", ""category"": ""MEDİA"", ""stand"": ""-"", ""company_id"": """", ""source_url"": ""https://caspianoilgas.az/az/exhibitors-list/year/2024""}, {""exhibition"": ""caspianoilgas"", ""exhibition_label"": ""Caspian Oil & Gas"", ""year"": ""2025"", ""category"": ""MEDİA"", ""stand"": ""-"", ""company_id"": """", ""source_url"": ""https://caspianoilgas.az/az/exhibitors-list/year/2025""}, {""exhibition"": ""caspianoilgas"", ""exhibition_label"": ""Caspian Oil & Gas"", ""year"": ""2026"", ""category"": ""MEDİA"", ""stand"": ""-"", ""company_id"": """", ""source_url"": ""https://caspianoilgas.az/az/exhibitors-list/year/2026""}, {""exhibition"": ""securexcaspian"", ""exhibition_label"": ""Securex Caspian"", ""year"": ""2019"", ""category"": ""MEDİA"", ""stand"": ""-"", ""company_id"": """", ""source_url"": ""https://securexcaspian.az/az/exhibitors-list/year/2019""}, {""exhibition"": ""translogistica"", ""exhibition_label"": ""TransLogistica Caspian"", ""year"": ""2019"", ""category"": ""MEDİA"", ""stand"": ""-"", ""company_id"": """", ""source_url"": ""https://translogistica.az/az/exhibitors-list/year/2019""}, {""exhibition"": ""translogistica"", ""exhibition_label"": ""TransLogistica Caspian"", ""year"": ""2026"", ""category"": ""MEDİA"", ""stand"": ""-"", ""company_id"": """", ""source_url"": ""https://translogistica.az/az/exhibitors-list/year/2026""}, {""exhibition"": ""caspianagroweek"", ""exhibition_label"": ""Caspian Agro Week"", ""year"": ""2022"", ""category"": ""MEDİA"", ""stand"": ""P112"", ""company_id"": """", ""source_url"": ""https://caspianagroweek.az/az/exhibitors-list/year/2022""}, {""exhibition"": ""caspianagroweek"", ""exhibition_label"": ""Caspian Agro Week"", ""year"": ""2025"", ""category"": ""MEDİA"", ""stand"": ""-"", ""company_id"": """", ""source_url"": ""https://caspianagroweek.az/az/exhibitors-list/year/2025""}, {""exhibition"": ""caspianagroweek"", ""exhibition_label"": ""Caspian Agro Week"", ""year"": ""2026"", ""category"": ""MEDİA"", ""stand"": ""-"", ""company_id"": """", ""source_url"": ""https://caspianagroweek.az/az/exhibitors-list/year/2026""}]}"
expo-00326,BAKI 2023 – 24-CÜ ÜMUMDÜNYA NEFT KONQRESİNİN KEÇİRİLMƏSİ ÜÇÜN NAMİZƏD,Azərbaycan,MEDİA,2041,Caspian Oil & Gas,2019,1,"{""appearances"": [{""exhibition"": ""caspianoilgas"", ""exhibition_label"": ""Caspian Oil & Gas"", ""year"": ""2019"", ""category"": ""MEDİA"", ""stand"": ""2041"", ""company_id"": ""5342"", ""source_url"": ""https://caspianoilgas.az/az/exhibitors-list/year/2019""}]}"
expo-00327,BAKI AGRO PARK,Azərbaycan,MEDİA,1A360-7,Caspian Agro Week,2023 | 2024,2,"{""appearances"": [{""exhibition"": ""caspianagroweek"", ""exhibition_label"": ""Caspian Agro Week"", ""year"": ""2023"", ""category"": ""MEDİA"", ""stand"": ""1A360-7"", ""company_id"": """", ""source_url"": ""https://caspianagroweek.az/az/exhibitors-list/year/2023""}, {""exhibition"": ""caspianagroweek"", ""exhibition_label"": ""Caspian Agro Week"", ""year"": ""2024"", ""category"": ""MEDİA"", ""stand"": ""1A360-7"", ""company_id"": """", ""source_url"": ""https://caspianagroweek.az/az/exhibitors-list/year/2024""}]}"
expo-00328,BAKI AQRO PARK,Azərbaycan,MEDİA,1A360-7,Caspian Agro Week,2025,1,"{""appearances"": [{""exhibition"": ""caspianagroweek"", ""exhibition_label"": ""Caspian Agro Week"", ""year"": ""2025"", ""category"": ""MEDİA"", ""stand"": ""1A360-7"", ""company_id"": """", ""source_url"": ""https://caspianagroweek.az/az/exhibitors-list/year/2025""}]}"
expo-00329,BAKI AYAQQABI FABRİKİ ASC,Azərbaycan,MEDİA,4A015,Securex Caspian,2024,1,"{""appearances"": [{""exhibition"": ""securexcaspian"", ""exhibition_label"": ""Securex Caspian"", ""year"": ""2024"", ""category"": ""MEDİA"", ""stand"": ""4A015"", ""company_id"": ""325253"", ""source_url"": ""https://securexcaspian.az/az/exhibitors-list/year/2024""}]}"
expo-00330,BAKI BEYNƏLXALQ AVTOVAĞZALI,Azərbaycan,MEDİA,1206,TransLogistica Caspian,2019,1,"{""appearances"": [{""exhibition"": ""translogistica"", ""exhibition_label"": ""TransLogistica Caspian"", ""year"": ""2019"", ""category"": ""MEDİA"", ""stand"": ""1206"", ""company_id"": ""4349"", ""source_url"": ""https://translogistica.az/az/exhibitors-list/year/2019""}]}"
expo-00331,BAKI BEYNƏLXALQ DƏNİZ TİCARƏT LİMANI QSC,Azərbaycan,MEDİA,1102 | 2T320/1 | 2T452 | 2T454 | T2313,TransLogistica Caspian,2019 | 2022 | 2023 | 2024 | 2025,5,"{""appearances"": [{""exhibition"": ""translogistica"", ""exhibition_label"": ""TransLogistica Caspian"", ""year"": ""2019"", ""category"": ""MEDİA"", ""stand"": ""1102"", ""company_id"": ""5064"", ""source_url"": ""https://translogistica.az/az/exhibitors-list/year/2019""}, {""exhibition"": ""translogistica"", ""exhibition_label"": ""TransLogistica Caspian"", ""year"": ""2022"", ""category"": ""MEDİA"", ""stand"": ""T2313"", ""company_id"": ""5064"", ""source_url"": ""https://translogistica.az/az/exhibitors-list/year/2022""}, {""exhibition"": ""translogistica"", ""exhibition_label"": ""TransLogistica Caspian"", ""year"": ""2023"", ""category"": ""MEDİA"", ""stand"": ""2T454"", ""company_id"": ""5064"", ""source_url"": ""https://translogistica.az/az/exhibitors-list/year/2023""}, {""exhibition"": ""translogistica"", ""exhibition_label"": ""TransLogistica Caspian"", ""year"": ""2024"", ""category"": ""MEDİA"", ""stand"": ""2T452"", ""company_id"": ""5064"", ""source_url"": ""https://translogistica.az/az/exhibitors-list/year/2024""}, {""exhibition"": ""translogistica"", ""exhibition_label"": ""TransLogistica Caspian"", ""year"": ""2025"", ""category"": ""MEDİA"", ""stand"": ""2T320/1"", ""company_id"": ""5064"", ""source_url"": ""https://translogistica.az/az/exhibitors-list/year/2025""}]}"
expo-00332,BAKI GƏMİQAYIRMA ZAVODU MMC,Azərbaycan,MEDİA,1212,Caspian Oil & Gas,2019,1,"{""appearances"": [{""exhibition"": ""caspianoilgas"", ""exhibition_label"": ""Caspian Oil & Gas"", ""year"": ""2019"", ""category"": ""MEDİA"", ""stand"": ""1212"", ""company_id"": ""4752"", ""source_url"": ""https://caspianoilgas.az/az/exhibitors-list/year/2019""}]}"
expo-00333,BAKI İNŞAAT İSGƏLƏ MMC,Azərbaycan,TƏRƏFDAŞLAR,B1109,BakuBuild | Securex Caspian,2019,2,"{""appearances"": [{""exhibition"": ""bakubuild"", ""exhibition_label"": ""BakuBuild"", ""year"": ""2019"", ""category"": ""TƏRƏFDAŞLAR"", ""stand"": ""B1109"", ""company_id"": ""5695"", ""source_url"": ""https://bakubuild.az/az/exhibitors-list/year/2019""}, {""exhibition"": ""securexcaspian"", ""exhibition_label"": ""Securex Caspian"", ""year"": ""2019"", ""category"": ""TƏRƏFDAŞLAR"", ""stand"": ""B1109"", ""company_id"": ""5695"", ""source_url"": ""https://securexcaspian.az/az/exhibitors-list/year/2019""}]}"
expo-00334,BAKI İNŞAAT SƏNAYE ASC,Azərbaycan,TƏRƏFDAŞLAR,B1015,BakuBuild | Securex Caspian,2019,2,"{""appearances"": [{""exhibition"": ""bakubuild"", ""exhibition_label"": ""BakuBuild"", ""year"": ""2019"", ""category"": ""TƏRƏFDAŞLAR"", ""stand"": ""B1015"", ""company_id"": ""5876"", ""source_url"": ""https://bakubuild.az/az/exhibitors-list/year/2019""}, {""exhibition"": ""securexcaspian"", ""exhibition_label"": ""Securex Caspian"", ""year"": ""2019"", ""category"": ""TƏRƏFDAŞLAR"", ""stand"": ""B1015"", ""company_id"": ""5876"", ""source_url"": ""https://securexcaspian.az/az/exhibitors-list/year/2019""}]}"
expo-00335,BAKI POLİMER İSTEHSALAT MMC,Azərbaycan,NAXÇIVAN MUXTAR RESPUBLİKASININ MİLLİ STENDİ,2F236,InterFood Azerbaijan,2025,1,"{""appearances"": [{""exhibition"": ""interfood"", ""exhibition_label"": ""InterFood Azerbaijan"", ""year"": ""2025"", ""category"": ""NAXÇIVAN MUXTAR RESPUBLİKASININ MİLLİ STENDİ"", ""stand"": ""2F236"", ""company_id"": ""334326"", ""source_url"": ""https://interfood.az/az/exhibitors-list/year/2025""}]}"
expo-00336,BAKI TEKSTIL FABRIKI MMC,Azərbaycan,MURMANSK VİLAYETİ | TƏRƏFDAŞ,2F072,Caspian Agro Week | InterFood Azerbaijan,2023 | 2026,2,"{""appearances"": [{""exhibition"": ""interfood"", ""exhibition_label"": ""InterFood Azerbaijan"", ""year"": ""2023"", ""category"": ""MURMANSK VİLAYETİ"", ""stand"": ""2F072"", ""company_id"": ""273187"", ""source_url"": ""https://interfood.az/az/exhibitors-list/year/2023""}, {""exhibition"": ""caspianagroweek"", ""exhibition_label"": ""Caspian Agro Week"", ""year"": ""2026"", ""category"": ""TƏRƏFDAŞ"", ""stand"": ""-"", ""company_id"": """", ""source_url"": ""https://caspianagroweek.az/az/exhibitors-list/year/2026""}]}"
expo-00337,BAKI YEM MMC,Azərbaycan,MEDİA | TƏRƏFDAŞ,1A140 | 2A310,Caspian Agro Week,2024 | 2025 | 2026 | 2027,4,"{""appearances"": [{""exhibition"": ""caspianagroweek"", ""exhibition_label"": ""Caspian Agro Week"", ""year"": ""2024"", ""category"": ""MEDİA"", ""stand"": ""2A310"", ""company_id"": ""300773"", ""source_url"": ""https://caspianagroweek.az/az/exhibitors-list/year/2024""}, {""exhibition"": ""caspianagroweek"", ""exhibition_label"": ""Caspian Agro Week"", ""year"": ""2025"", ""category"": ""MEDİA"", ""stand"": ""1A140"", ""company_id"": ""300773"", ""source_url"": ""https://caspianagroweek.az/az/exhibitors-list/year/2025""}, {""exhibition"": ""caspianagroweek"", ""exhibition_label"": ""Caspian Agro Week"", ""year"": ""2026"", ""category"": ""TƏRƏFDAŞ"", ""stand"": ""1A140"", ""company_id"": ""300773"", ""source_url"": ""https://caspianagroweek.az/az/exhibitors-list/year/2026""}, {""exhibition"": ""caspianagroweek"", ""exhibition_label"": ""Caspian Agro Week"", ""year"": ""2027"", ""category"": """", ""stand"": ""-"", ""company_id"": """", ""source_url"": ""https://caspianagroweek.az/az/exhibitors-list/year/2027""}]}"
expo-00338,BAKU EXPO CENTER,Azərbaycan,MEDİA,,Aquatherm Baku | BakuBuild | Caspian Agro Week | Caspian Oil & Gas | InterFood Azerbaijan | Securex Caspian | TransLogistica Caspian,2024,7,"{""appearances"": [{""exhibition"": ""bakubuild"", ""exhibition_label"": ""BakuBuild"", ""year"": ""2024"", ""category"": ""MEDİA"", ""stand"": ""-"", ""company_id"": """", ""source_url"": ""https://bakubuild.az/az/exhibitors-list/year/2024""}, {""exhibition"": ""aquatherm"", ""exhibition_label"": ""Aquatherm Baku"", ""year"": ""2024"", ""category"": ""MEDİA"", ""stand"": ""-"", ""company_id"": """", ""source_url"": ""https://aquatherm.az/az/exhibitors-list/year/2024""}, {""exhibition"": ""interfood"", ""exhibition_label"": ""InterFood Azerbaijan"", ""year"": ""2024"", ""category"": ""MEDİA"", ""stand"": ""-"", ""company_id"": """", ""source_url"": ""https://interfood.az/az/exhibitors-list/year/2024""}, {""exhibition"": ""caspianoilgas"", ""exhibition_label"": ""Caspian Oil & Gas"", ""year"": ""2024"", ""category"": ""MEDİA"", ""stand"": ""-"", ""company_id"": """", ""source_url"": ""https://caspianoilgas.az/az/exhibitors-list/year/2024""}, {""exhibition"": ""securexcaspian"", ""exhibition_label"": ""Securex Caspian"", ""year"": ""2024"", ""category"": ""MEDİA"", ""stand"": ""-"", ""company_id"": """", ""source_url"": ""https://securexcaspian.az/az/exhibitors-list/year/2024""}, {""exhibition"": ""translogistica"", ""exhibition_label"": ""TransLogistica Caspian"", ""year"": ""2024"", ""category"": ""MEDİA"", ""stand"": ""-"", ""company_id"": """", ""source_url"": ""https://translogistica.az/az/exhibitors-list/year/2024""}, {""exhibition"": ""caspianagroweek"", ""exhibition_label"": ""Caspian Agro Week"", ""year"": ""2024"", ""category"": ""MEDİA"", ""stand"": ""-"", ""company_id"": """", ""source_url"": ""https://caspianagroweek.az/az/exhibitors-list/year/2024""}]}"
expo-00339,BAKU GUİDE© SİNCE 1996,Azərbaycan,MEDİA,,Caspian Agro Week | InterFood Azerbaijan,2023 | 2024,3,"{""appearances"": [{""exhibition"": ""interfood"", ""exhibition_label"": ""InterFood Azerbaijan"", ""year"": ""2023"", ""category"": ""MEDİA"", ""stand"": ""-"", ""company_id"": ""5272"", ""source_url"": ""https://interfood.az/az/exhibitors-list/year/2023""}, {""exhibition"": ""interfood"", ""exhibition_label"": ""InterFood Azerbaijan"", ""year"": ""2024"", ""category"": ""MEDİA"", ""stand"": ""-"", ""company_id"": """", ""source_url"": ""https://interfood.az/az/exhibitors-list/year/2024""}, {""exhibition"": ""caspianagroweek"", ""exhibition_label"": ""Caspian Agro Week"", ""year"": ""2024"", ""category"": ""MEDİA"", ""stand"": ""-"", ""company_id"": """", ""source_url"": ""https://caspianagroweek.az/az/exhibitors-list/year/2024""}]}"
expo-00340,BAKU HOTEL COMPANY CJSC,Azərbaycan,TƏRƏFDAŞLAR,,BakuBuild,2025,1,"{""appearances"": [{""exhibition"": ""bakubuild"", ""exhibition_label"": ""BakuBuild"", ""year"": ""2025"", ""category"": ""TƏRƏFDAŞLAR"", ""stand"": ""-"", ""company_id"": """", ""source_url"": ""https://bakubuild.az/az/exhibitors-list/year/2025""}]}"
expo-00341,BAKU MEDICAL PLAZA,Azərbaycan,DƏSTƏK | MEDİA,,Caspian Agro Week | Caspian Oil & Gas,2026,2,"{""appearances"": [{""exhibition"": ""caspianoilgas"", ""exhibition_label"": ""Caspian Oil & Gas"", ""year"": ""2026"", ""category"": ""MEDİA"", ""stand"": ""-"", ""company_id"": ""353857"", ""source_url"": ""https://caspianoilgas.az/az/exhibitors-list/year/2026""}, {""exhibition"": ""caspianagroweek"", ""exhibition_label"": ""Caspian Agro Week"", ""year"": ""2026"", ""category"": ""DƏSTƏK"", ""stand"": ""-"", ""company_id"": ""353857"", ""source_url"": ""https://caspianagroweek.az/az/exhibitors-list/year/2026""}]}"
expo-00342,BAKU.NEWS,Azərbaycan,MEDİA,,Aquatherm Baku | BakuBuild | Caspian Agro Week | Caspian Oil & Gas | InterFood Azerbaijan | Plastex Caspian | TransLogistica Caspian,2024 | 2025 | 2026,10,"{""appearances"": [{""exhibition"": ""bakubuild"", ""exhibition_label"": ""BakuBuild"", ""year"": ""2025"", ""category"": ""MEDİA"", ""stand"": ""-"", ""company_id"": ""313534"", ""source_url"": ""https://bakubuild.az/az/exhibitors-list/year/2025""}, {""exhibition"": ""aquatherm"", ""exhibition_label"": ""Aquatherm Baku"", ""year"": ""2025"", ""category"": ""MEDİA"", ""stand"": ""-"", ""company_id"": ""313534"", ""source_url"": ""https://aquatherm.az/az/exhibitors-list/year/2025""}, {""exhibition"": ""interfood"", ""exhibition_label"": ""InterFood Azerbaijan"", ""year"": ""2024"", ""category"": ""MEDİA"", ""stand"": ""-"", ""company_id"": ""313534"", ""source_url"": ""https://interfood.az/az/exhibitors-list/year/2024""}, {""exhibition"": ""interfood"", ""exhibition_label"": ""InterFood Azerbaijan"", ""year"": ""2026"", ""category"": ""MEDİA"", ""stand"": ""-"", ""company_id"": ""313534"", ""source_url"": ""https://interfood.az/az/exhibitors-list/year/2026""}, {""exhibition"": ""caspianoilgas"", ""exhibition_label"": ""Caspian Oil & Gas"", ""year"": ""2024"", ""category"": ""MEDİA"", ""stand"": ""-"", ""company_id"": ""313534"", ""source_url"": ""https://caspianoilgas.az/az/exhibitors-list/year/2024""}, {""exhibition"": ""caspianoilgas"", ""exhibition_label"": ""Caspian Oil & Gas"", ""year"": ""2026"", ""category"": ""MEDİA"", ""stand"": ""-"", ""company_id"": ""313534"", ""source_url"": ""https://caspianoilgas.az/az/exhibitors-list/year/2026""}, {""exhibition"": ""translogistica"", ""exhibition_label"": ""TransLogistica Caspian"", ""year"": ""2026"", ""category"": ""MEDİA"", ""stand"": ""-"", ""company_id"": ""313534"", ""source_url"": ""https://translogistica.az/az/exhibitors-list/year/2026""}, {""exhibition"": ""caspianagroweek"", ""exhibition_label"": ""Caspian Agro Week"", ""year"": ""2024"", ""category"": ""MEDİA"", ""stand"": ""-"", ""company_id"": ""313534"", ""source_url"": ""https://caspianagroweek.az/az/exhibitors-list/year/2024""}, {""exhibition"": ""caspianagroweek"", ""exhibition_label"": ""Caspian Agro Week"", ""year"": ""2026"", ""category"": ""MEDİA"", ""stand"": ""-"", ""company_id"": ""313534"", ""source_url"": ""https://caspianagroweek.az/az/exhibitors-list/year/2026""}, {""exhibition"": ""plastex"", ""exhibition_label"": ""Plastex Caspian"", ""year"": ""2025"", ""category"": ""MEDİA"", ""stand"": ""-"", ""company_id"": ""313534"", ""source_url"": ""https://plastex.az/az/exhibitors-list/year/2025""}]}"
expo-00343,BAKUCİTY.AZ,Azərbaycan,MEDİA,P108 | P110 | P114,Aquatherm Baku | BakuBuild | Beauty Expo Baku | Caspian Agro Week | Caspian Oil & Gas | InterFood Azerbaijan | Securex Caspian | TransLogistica Caspian,2019,9,"{""appearances"": [{""exhibition"": ""bakubuild"", ""exhibition_label"": ""BakuBuild"", ""year"": ""2019"", ""category"": ""MEDİA"", ""stand"": ""P114"", ""company_id"": ""4829"", ""source_url"": ""https://bakubuild.az/az/exhibitors-list/year/2019""}, {""exhibition"": ""aquatherm"", ""exhibition_label"": ""Aquatherm Baku"", ""year"": ""2019"", ""category"": ""MEDİA"", ""stand"": ""-"", ""company_id"": ""4829"", ""source_url"": ""https://aquatherm.az/az/exhibitors-list/year/2019""}, {""exhibition"": ""beautyexpo"", ""exhibition_label"": ""Beauty Expo Baku"", ""year"": ""2019"", ""category"": ""MEDİA"", ""stand"": ""-"", ""company_id"": ""4829"", ""source_url"": ""https://beautyexpo.az/az/exhibitors-list/year/2019""}, {""exhibition"": ""interfood"", ""exhibition_label"": ""InterFood Azerbaijan"", ""year"": ""2019"", ""category"": ""MEDİA"", ""stand"": ""P108"", ""company_id"": ""4829"", ""source_url"": ""https://interfood.az/az/exhibitors-list/year/2019""}, {""exhibition"": ""caspianoilgas"", ""exhibition_label"": ""Caspian Oil & Gas"", ""year"": ""2019"", ""category"": ""MEDİA"", ""stand"": ""P114"", ""company_id"": ""4829"", ""source_url"": ""https://caspianoilgas.az/az/exhibitors-list/year/2019""}, {""exhibition"": ""securexcaspian"", ""exhibition_label"": ""Securex Caspian"", ""year"": ""2019"", ""category"": ""MEDİA"", ""stand"": ""P114"", ""company_id"": ""4829"", ""source_url"": ""https://securexcaspian.az/az/exhibitors-list/year/2019""}, {""exhibition"": ""securexcaspian"", ""exhibition_label"": ""Securex Caspian"", ""year"": ""2019"", ""category"": ""MEDİA"", ""stand"": ""-"", ""company_id"": ""4829"", ""source_url"": ""https://securexcaspian.az/az/exhibitors-list/year/2019""}, {""exhibition"": ""translogistica"", ""exhibition_label"": ""TransLogistica Caspian"", ""year"": ""2019"", ""category"": ""MEDİA"", ""stand"": ""P110"", ""company_id"": ""4829"", ""source_url"": ""https://translogistica.az/az/exhibitors-list/year/2019""}, {""exhibition"": ""caspianagroweek"", ""exhibition_label"": ""Caspian Agro Week"", ""year"": ""2019"", ""category"": ""MEDİA"", ""stand"": ""-"", ""company_id"": ""4829"", ""source_url"": ""https://caspianagroweek.az/az/exhibitors-list/year/2019""}]}"
expo-00344,BAKUİNFORM.AZ İNFO PORTAL,Azərbaycan,MEDİA,,Aquatherm Baku | BakuBuild | Beauty Expo Baku | Caspian Agro Week | Caspian Oil & Gas | InterFood Azerbaijan | Securex Caspian | TransLogistica Caspian,2019,9,"{""appearances"": [{""exhibition"": ""bakubuild"", ""exhibition_label"": ""BakuBuild"", ""year"": ""2019"", ""category"": ""MEDİA"", ""stand"": ""-"", ""company_id"": ""4260"", ""source_url"": ""https://bakubuild.az/az/exhibitors-list/year/2019""}, {""exhibition"": ""aquatherm"", ""exhibition_label"": ""Aquatherm Baku"", ""year"": ""2019"", ""category"": ""MEDİA"", ""stand"": ""-"", ""company_id"": ""4260"", ""source_url"": ""https://aquatherm.az/az/exhibitors-list/year/2019""}, {""exhibition"": ""beautyexpo"", ""exhibition_label"": ""Beauty Expo Baku"", ""year"": ""2019"", ""category"": ""MEDİA"", ""stand"": ""-"", ""company_id"": ""4260"", ""source_url"": ""https://beautyexpo.az/az/exhibitors-list/year/2019""}, {""exhibition"": ""interfood"", ""exhibition_label"": ""InterFood Azerbaijan"", ""year"": ""2019"", ""category"": ""MEDİA"", ""stand"": ""-"", ""company_id"": ""4260"", ""source_url"": ""https://interfood.az/az/exhibitors-list/year/2019""}, {""exhibition"": ""caspianoilgas"", ""exhibition_label"": ""Caspian Oil & Gas"", ""year"": ""2019"", ""category"": ""MEDİA"", ""stand"": ""-"", ""company_id"": ""4260"", ""source_url"": ""https://caspianoilgas.az/az/exhibitors-list/year/2019""}, {""exhibition"": ""securexcaspian"", ""exhibition_label"": ""Securex Caspian"", ""year"": ""2019"", ""category"": ""MEDİA"", ""stand"": ""-"", ""company_id"": ""4260"", ""source_url"": ""https://securexcaspian.az/az/exhibitors-list/year/2019""}, {""exhibition"": ""securexcaspian"", ""exhibition_label"": ""Securex Caspian"", ""year"": ""2019"", ""category"": ""MEDİA"", ""stand"": ""-"", ""company_id"": ""4260"", ""source_url"": ""https://securexcaspian.az/az/exhibitors-list/year/2019""}, {""exhibition"": ""translogistica"", ""exhibition_label"": ""TransLogistica Caspian"", ""year"": ""2019"", ""category"": ""MEDİA"", ""stand"": ""-"", ""company_id"": ""4260"", ""source_url"": ""https://translogistica.az/az/exhibitors-list/year/2019""}, {""exhibition"": ""caspianagroweek"", ""exhibition_label"": ""Caspian Agro Week"", ""year"": ""2019"", ""category"": ""MEDİA"", ""stand"": ""-"", ""company_id"": ""4260"", ""source_url"": ""https://caspianagroweek.az/az/exhibitors-list/year/2019""}]}"
expo-00345,BAL VƏ ARIÇIQ MƏHSULLARI,Azərbaycan,MEDİA,4A027-2,Caspian Agro Week,2024,1,"{""appearances"": [{""exhibition"": ""caspianagroweek"", ""exhibition_label"": ""Caspian Agro Week"", ""year"": ""2024"", ""category"": ""MEDİA"", ""stand"": ""4A027-2"", ""company_id"": """", ""source_url"": ""https://caspianagroweek.az/az/exhibitors-list/year/2024""}]}"
expo-00346,BALAKƏN TOXUM,Azərbaycan,MEDİA,2A300-1 | 3A310-1,Caspian Agro Week,2023 | 2024,2,"{""appearances"": [{""exhibition"": ""caspianagroweek"", ""exhibition_label"": ""Caspian Agro Week"", ""year"": ""2023"", ""category"": ""MEDİA"", ""stand"": ""3A310-1"", ""company_id"": """", ""source_url"": ""https://caspianagroweek.az/az/exhibitors-list/year/2023""}, {""exhibition"": ""caspianagroweek"", ""exhibition_label"": ""Caspian Agro Week"", ""year"": ""2024"", ""category"": ""MEDİA"", ""stand"": ""2A300-1"", ""company_id"": """", ""source_url"": ""https://caspianagroweek.az/az/exhibitors-list/year/2024""}]}"
expo-00347,BALXURMA LLC,Azərbaycan,TƏRƏFDAŞ,2A517,Caspian Agro Week,2026,1,"{""appearances"": [{""exhibition"": ""caspianagroweek"", ""exhibition_label"": ""Caspian Agro Week"", ""year"": ""2026"", ""category"": ""TƏRƏFDAŞ"", ""stand"": ""2A517"", ""company_id"": """", ""source_url"": ""https://caspianagroweek.az/az/exhibitors-list/year/2026""}]}"
expo-00348,BAYRAMLI GROUP MMC,Azərbaycan,MEDİA | NAXÇIVAN MUXTAR RESPUBLİKASININ MİLLİ STENDİ,3F321 | 4F100-12,InterFood Azerbaijan,2024 | 2025,2,"{""appearances"": [{""exhibition"": ""interfood"", ""exhibition_label"": ""InterFood Azerbaijan"", ""year"": ""2024"", ""category"": ""MEDİA"", ""stand"": ""3F321"", ""company_id"": """", ""source_url"": ""https://interfood.az/az/exhibitors-list/year/2024""}, {""exhibition"": ""interfood"", ""exhibition_label"": ""InterFood Azerbaijan"", ""year"": ""2025"", ""category"": ""NAXÇIVAN MUXTAR RESPUBLİKASININ MİLLİ STENDİ"", ""stand"": ""4F100-12"", ""company_id"": """", ""source_url"": ""https://interfood.az/az/exhibitors-list/year/2025""}]}"
expo-00349,BAĞDAD MMC,Azərbaycan,AZERA HOLDING,2A110-8,Caspian Agro Week,2026,1,"{""appearances"": [{""exhibition"": ""caspianagroweek"", ""exhibition_label"": ""Caspian Agro Week"", ""year"": ""2026"", ""category"": ""AZERA HOLDING"", ""stand"": ""2A110-8"", ""company_id"": """", ""source_url"": ""https://caspianagroweek.az/az/exhibitors-list/year/2026""}]}"
expo-00350,BAŞAK,Azərbaycan,MEDİA,A5010-1/A5010-2-1,Caspian Agro Week,2022,1,"{""appearances"": [{""exhibition"": ""caspianagroweek"", ""exhibition_label"": ""Caspian Agro Week"", ""year"": ""2022"", ""category"": ""MEDİA"", ""stand"": ""A5010-1/A5010-2-1"", ""company_id"": """", ""source_url"": ""https://caspianagroweek.az/az/exhibitors-list/year/2022""}]}"
expo-00351,BCC GROUP,Azərbaycan,MEDİA,2134,Caspian Oil & Gas,2019,1,"{""appearances"": [{""exhibition"": ""caspianoilgas"", ""exhibition_label"": ""Caspian Oil & Gas"", ""year"": ""2019"", ""category"": ""MEDİA"", ""stand"": ""2134"", ""company_id"": ""4811"", ""source_url"": ""https://caspianoilgas.az/az/exhibitors-list/year/2019""}]}"
expo-00352,BEETALKER GMBH,Azərbaycan,MEDİA,S1044,Securex Caspian,2022,1,"{""appearances"": [{""exhibition"": ""securexcaspian"", ""exhibition_label"": ""Securex Caspian"", ""year"": ""2022"", ""category"": ""MEDİA"", ""stand"": ""S1044"", ""company_id"": ""7531"", ""source_url"": ""https://securexcaspian.az/az/exhibitors-list/year/2022""}]}"
expo-00353,BELAGRO EXHIBITION,Azərbaycan,MEDİA,,Caspian Agro Week,2023,1,"{""appearances"": [{""exhibition"": ""caspianagroweek"", ""exhibition_label"": ""Caspian Agro Week"", ""year"": ""2023"", ""category"": ""MEDİA"", ""stand"": ""-"", ""company_id"": """", ""source_url"": ""https://caspianagroweek.az/az/exhibitors-list/year/2023""}]}"
expo-00354,BELLEZZA GROUP MMC,Azərbaycan,NAXÇIVAN MUXTAR RESPUBLİKASININ MİLLİ STENDİ,1F040-2,InterFood Azerbaijan,2025,1,"{""appearances"": [{""exhibition"": ""interfood"", ""exhibition_label"": ""InterFood Azerbaijan"", ""year"": ""2025"", ""category"": ""NAXÇIVAN MUXTAR RESPUBLİKASININ MİLLİ STENDİ"", ""stand"": ""1F040-2"", ""company_id"": """", ""source_url"": ""https://interfood.az/az/exhibitors-list/year/2025""}]}"
expo-00355,BELSHINA,Azərbaycan,MEDİA,A4011 | A5002-13,Caspian Agro Week,2019 | 2022,2,"{""appearances"": [{""exhibition"": ""caspianagroweek"", ""exhibition_label"": ""Caspian Agro Week"", ""year"": ""2019"", ""category"": ""MEDİA"", ""stand"": ""A4011"", ""company_id"": """", ""source_url"": ""https://caspianagroweek.az/az/exhibitors-list/year/2019""}, {""exhibition"": ""caspianagroweek"", ""exhibition_label"": ""Caspian Agro Week"", ""year"": ""2022"", ""category"": ""MEDİA"", ""stand"": ""A5002-13"", ""company_id"": """", ""source_url"": ""https://caspianagroweek.az/az/exhibitors-list/year/2022""}]}"
expo-00356,BEST DOORS COMPANY,Azərbaycan,ÇELYABİNSK VİLAYƏTİ,2B041,BakuBuild,2023,1,"{""appearances"": [{""exhibition"": ""bakubuild"", ""exhibition_label"": ""BakuBuild"", ""year"": ""2023"", ""category"": ""ÇELYABİNSK VİLAYƏTİ"", ""stand"": ""2B041"", ""company_id"": ""301036"", ""source_url"": ""https://bakubuild.az/az/exhibitors-list/year/2023""}]}"
expo-00357,BEST TEXNİK MMC,Azərbaycan,MEDİA,C2066,Caspian Oil & Gas,2022,1,"{""appearances"": [{""exhibition"": ""caspianoilgas"", ""exhibition_label"": ""Caspian Oil & Gas"", ""year"": ""2022"", ""category"": ""MEDİA"", ""stand"": ""C2066"", ""company_id"": """", ""source_url"": ""https://caspianoilgas.az/az/exhibitors-list/year/2022""}]}"
expo-00358,BESTEL TEKNOLOJIK URUNLER SAN. VE TIC. A.S,Azərbaycan,ÇELYABİNSK VİLAYƏTİ,3B220,BakuBuild,2023,1,"{""appearances"": [{""exhibition"": ""bakubuild"", ""exhibition_label"": ""BakuBuild"", ""year"": ""2023"", ""category"": ""ÇELYABİNSK VİLAYƏTİ"", ""stand"": ""3B220"", ""company_id"": """", ""source_url"": ""https://bakubuild.az/az/exhibitors-list/year/2023""}]}"
expo-00359,BESTERM YAPI MALZEMELERI,Azərbaycan,MEDİA,,Aquatherm Baku,2025,1,"{""appearances"": [{""exhibition"": ""aquatherm"", ""exhibition_label"": ""Aquatherm Baku"", ""year"": ""2025"", ""category"": ""MEDİA"", ""stand"": ""-"", ""company_id"": """", ""source_url"": ""https://aquatherm.az/az/exhibitors-list/year/2025""}]}"
expo-00360,BESTİNG MMC,Azərbaycan,MEDİA,2F131,InterFood Azerbaijan,2024,1,"{""appearances"": [{""exhibition"": ""interfood"", ""exhibition_label"": ""InterFood Azerbaijan"", ""year"": ""2024"", ""category"": ""MEDİA"", ""stand"": ""2F131"", ""company_id"": ""310492"", ""source_url"": ""https://interfood.az/az/exhibitors-list/year/2024""}]}"
expo-00361,BESTTECHNIK,Azərbaycan,MEDİA,2A066-1 | 2A080-1,Caspian Agro Week,2023 | 2024,2,"{""appearances"": [{""exhibition"": ""caspianagroweek"", ""exhibition_label"": ""Caspian Agro Week"", ""year"": ""2023"", ""category"": ""MEDİA"", ""stand"": ""2A080-1"", ""company_id"": """", ""source_url"": ""https://caspianagroweek.az/az/exhibitors-list/year/2023""}, {""exhibition"": ""caspianagroweek"", ""exhibition_label"": ""Caspian Agro Week"", ""year"": ""2024"", ""category"": ""MEDİA"", ""stand"": ""2A066-1"", ""company_id"": """", ""source_url"": ""https://caspianagroweek.az/az/exhibitors-list/year/2024""}]}"
expo-00362,BETA GIDA SANAYI VE TICARET A.Ş.,Azərbaycan,MEDİA,F1110,InterFood Azerbaijan,2021,1,"{""appearances"": [{""exhibition"": ""interfood"", ""exhibition_label"": ""InterFood Azerbaijan"", ""year"": ""2021"", ""category"": ""MEDİA"", ""stand"": ""F1110"", ""company_id"": ""5717"", ""source_url"": ""https://interfood.az/az/exhibitors-list/year/2021""}]}"
expo-00363,BETA TEA AZERBAİJAN,Azərbaycan,MEDİA,F1110,InterFood Azerbaijan,2019,1,"{""appearances"": [{""exhibition"": ""interfood"", ""exhibition_label"": ""InterFood Azerbaijan"", ""year"": ""2019"", ""category"": ""MEDİA"", ""stand"": ""F1110"", ""company_id"": ""4861"", ""source_url"": ""https://interfood.az/az/exhibitors-list/year/2019""}]}"
expo-00364,BEYOND GLOBAL,Azərbaycan,ŞİRVAN AQRO MMC,4F230-3,InterFood Azerbaijan,2026,1,"{""appearances"": [{""exhibition"": ""interfood"", ""exhibition_label"": ""InterFood Azerbaijan"", ""year"": ""2026"", ""category"": ""ŞİRVAN AQRO MMC"", ""stand"": ""4F230-3"", ""company_id"": ""352779"", ""source_url"": ""https://interfood.az/az/exhibitors-list/year/2026""}]}"
expo-00365,BHB STRATEGIC MEDIA AGENCY,Azərbaycan,MEDİA,,Caspian Agro Week | Caspian Oil & Gas | TransLogistica Caspian,2026,3,"{""appearances"": [{""exhibition"": ""caspianoilgas"", ""exhibition_label"": ""Caspian Oil & Gas"", ""year"": ""2026"", ""category"": ""MEDİA"", ""stand"": ""-"", ""company_id"": """", ""source_url"": ""https://caspianoilgas.az/az/exhibitors-list/year/2026""}, {""exhibition"": ""translogistica"", ""exhibition_label"": ""TransLogistica Caspian"", ""year"": ""2026"", ""category"": ""MEDİA"", ""stand"": ""-"", ""company_id"": """", ""source_url"": ""https://translogistica.az/az/exhibitors-list/year/2026""}, {""exhibition"": ""caspianagroweek"", ""exhibition_label"": ""Caspian Agro Week"", ""year"": ""2026"", ""category"": ""MEDİA"", ""stand"": ""-"", ""company_id"": """", ""source_url"": ""https://caspianagroweek.az/az/exhibitors-list/year/2026""}]}"
expo-00366,BILBORD.AL,Azərbaycan,MEDİA | SPONSOR | TƏRƏFDAŞLAR,,Aquatherm Baku | BakuBuild | Caspian Agro Week | Caspian Oil & Gas | InterFood Azerbaijan | Plastex Caspian | Securex Caspian | TransLogistica Caspian,2025 | 2026,12,"{""appearances"": [{""exhibition"": ""bakubuild"", ""exhibition_label"": ""BakuBuild"", ""year"": ""2025"", ""category"": ""TƏRƏFDAŞLAR"", ""stand"": ""-"", ""company_id"": ""345787"", ""source_url"": ""https://bakubuild.az/az/exhibitors-list/year/2025""}, {""exhibition"": ""bakubuild"", ""exhibition_label"": ""BakuBuild"", ""year"": ""2026"", ""category"": ""TƏRƏFDAŞLAR"", ""stand"": ""-"", ""company_id"": ""345787"", ""source_url"": ""https://bakubuild.az/az/exhibitors-list/year/2026""}, {""exhibition"": ""aquatherm"", ""exhibition_label"": ""Aquatherm Baku"", ""year"": ""2025"", ""category"": ""MEDİA"", ""stand"": ""-"", ""company_id"": ""345787"", ""source_url"": ""https://aquatherm.az/az/exhibitors-list/year/2025""}, {""exhibition"": ""aquatherm"", ""exhibition_label"": ""Aquatherm Baku"", ""year"": ""2026"", ""category"": """", ""stand"": ""-"", ""company_id"": ""345787"", ""source_url"": ""https://aquatherm.az/az/exhibitors-list/year/2026""}, {""exhibition"": ""interfood"", ""exhibition_label"": ""InterFood Azerbaijan"", ""year"": ""2026"", ""category"": ""SPONSOR"", ""stand"": ""-"", ""company_id"": ""345787"", ""source_url"": ""https://interfood.az/az/exhibitors-list/year/2026""}, {""exhibition"": ""caspianoilgas"", ""exhibition_label"": ""Caspian Oil & Gas"", ""year"": ""2026"", ""category"": ""MEDİA"", ""stand"": ""-"", ""company_id"": ""345787"", ""source_url"": ""https://caspianoilgas.az/az/exhibitors-list/year/2026""}, {""exhibition"": ""securexcaspian"", ""exhibition_label"": ""Securex Caspian"", ""year"": ""2026"", ""category"": """", ""stand"": ""-"", ""company_id"": ""345787"", ""source_url"": ""https://securexcaspian.az/az/exhibitors-list/year/2026""}, {""exhibition"": ""securexcaspian"", ""exhibition_label"": ""Securex Caspian"", ""year"": ""2026"", ""category"": """", ""stand"": ""-"", ""company_id"": ""345787"", ""source_url"": ""https://securexcaspian.az/az/exhibitors-list/year/2026""}, {""exhibition"": ""translogistica"", ""exhibition_label"": ""TransLogistica Caspian"", ""year"": ""2026"", ""category"": ""MEDİA"", ""stand"": ""-"", ""company_id"": ""345787"", ""source_url"": ""https://translogistica.az/az/exhibitors-list/year/2026""}, {""exhibition"": ""caspianagroweek"", ""exhibition_label"": ""Caspian Agro Week"", ""year"": ""2026"", ""category"": ""SPONSOR"", ""stand"": ""-"", ""company_id"": ""345787"", ""source_url"": ""https://caspianagroweek.az/az/exhibitors-list/year/2026""}, {""exhibition"": ""plastex"", ""exhibition_label"": ""Plastex Caspian"", ""year"": ""2025"", ""category"": ""MEDİA"", ""stand"": ""-"", ""company_id"": ""345787"", ""source_url"": ""https://plastex.az/az/exhibitors-list/year/2025""}, {""exhibition"": ""plastex"", ""exhibition_label"": ""Plastex Caspian"", ""year"": ""2026"", ""category"": """", ""stand"": ""-"", ""company_id"": ""345787"", ""source_url"": ""https://plastex.az/az/exhibitors-list/year/2026""}]}"
expo-00367,BIMEXTECH,Azərbaycan,MEDİA,2A041,Securex Caspian,2024 | 2026,2,"{""appearances"": [{""exhibition"": ""securexcaspian"", ""exhibition_label"": ""Securex Caspian"", ""year"": ""2024"", ""category"": ""MEDİA"", ""stand"": ""2A041"", ""company_id"": ""324721"", ""source_url"": ""https://securexcaspian.az/az/exhibitors-list/year/2024""}, {""exhibition"": ""securexcaspian"", ""exhibition_label"": ""Securex Caspian"", ""year"": ""2026"", ""category"": """", ""stand"": ""-"", ""company_id"": ""352317"", ""source_url"": ""https://securexcaspian.az/az/exhibitors-list/year/2026""}]}"
expo-00368,BINA AGRO,Azərbaycan,TƏRƏFDAŞ,A2104,Caspian Agro Week,2021,1,"{""appearances"": [{""exhibition"": ""caspianagroweek"", ""exhibition_label"": ""Caspian Agro Week"", ""year"": ""2021"", ""category"": ""TƏRƏFDAŞ"", ""stand"": ""A2104"", ""company_id"": ""6216"", ""source_url"": ""https://caspianagroweek.az/az/exhibitors-list/year/2021""}]}"
expo-00369,BINƏ AGRO,Azərbaycan,AZERA HOLDING | MEDİA,2A110-1,Caspian Agro Week,2024 | 2025 | 2026,3,"{""appearances"": [{""exhibition"": ""caspianagroweek"", ""exhibition_label"": ""Caspian Agro Week"", ""year"": ""2024"", ""category"": ""MEDİA"", ""stand"": ""2A110-1"", ""company_id"": """", ""source_url"": ""https://caspianagroweek.az/az/exhibitors-list/year/2024""}, {""exhibition"": ""caspianagroweek"", ""exhibition_label"": ""Caspian Agro Week"", ""year"": ""2025"", ""category"": ""MEDİA"", ""stand"": ""2A110-1"", ""company_id"": """", ""source_url"": ""https://caspianagroweek.az/az/exhibitors-list/year/2025""}, {""exhibition"": ""caspianagroweek"", ""exhibition_label"": ""Caspian Agro Week"", ""year"": ""2026"", ""category"": ""AZERA HOLDING"", ""stand"": ""2A110-1"", ""company_id"": """", ""source_url"": ""https://caspianagroweek.az/az/exhibitors-list/year/2026""}]}"
expo-00370,BIOGYA,Azərbaycan,MEDİA,F2414,InterFood Azerbaijan,2019,1,"{""appearances"": [{""exhibition"": ""interfood"", ""exhibition_label"": ""InterFood Azerbaijan"", ""year"": ""2019"", ""category"": ""MEDİA"", ""stand"": ""F2414"", ""company_id"": """", ""source_url"": ""https://interfood.az/az/exhibitors-list/year/2019""}]}"
expo-00371,BIOLCHIM,Azərbaycan,MEDİA,A2020-2 | A2086,Caspian Agro Week,2019 | 2022,2,"{""appearances"": [{""exhibition"": ""caspianagroweek"", ""exhibition_label"": ""Caspian Agro Week"", ""year"": ""2019"", ""category"": ""MEDİA"", ""stand"": ""A2086"", ""company_id"": ""5008"", ""source_url"": ""https://caspianagroweek.az/az/exhibitors-list/year/2019""}, {""exhibition"": ""caspianagroweek"", ""exhibition_label"": ""Caspian Agro Week"", ""year"": ""2022"", ""category"": ""MEDİA"", ""stand"": ""A2020-2"", ""company_id"": ""5008"", ""source_url"": ""https://caspianagroweek.az/az/exhibitors-list/year/2022""}]}"
expo-00372,BIZNESINFO.AZ,Azərbaycan,MEDİA,,Aquatherm Baku | Caspian Agro Week | Caspian Oil & Gas | InterFood Azerbaijan | Securex Caspian | TransLogistica Caspian,2019,6,"{""appearances"": [{""exhibition"": ""aquatherm"", ""exhibition_label"": ""Aquatherm Baku"", ""year"": ""2019"", ""category"": ""MEDİA"", ""stand"": ""-"", ""company_id"": ""4256"", ""source_url"": ""https://aquatherm.az/az/exhibitors-list/year/2019""}, {""exhibition"": ""interfood"", ""exhibition_label"": ""InterFood Azerbaijan"", ""year"": ""2019"", ""category"": ""MEDİA"", ""stand"": ""-"", ""company_id"": ""4256"", ""source_url"": ""https://interfood.az/az/exhibitors-list/year/2019""}, {""exhibition"": ""caspianoilgas"", ""exhibition_label"": ""Caspian Oil & Gas"", ""year"": ""2019"", ""category"": ""MEDİA"", ""stand"": ""-"", ""company_id"": ""4256"", ""source_url"": ""https://caspianoilgas.az/az/exhibitors-list/year/2019""}, {""exhibition"": ""securexcaspian"", ""exhibition_label"": ""Securex Caspian"", ""year"": ""2019"", ""category"": ""MEDİA"", ""stand"": ""-"", ""company_id"": ""4256"", ""source_url"": ""https://securexcaspian.az/az/exhibitors-list/year/2019""}, {""exhibition"": ""translogistica"", ""exhibition_label"": ""TransLogistica Caspian"", ""year"": ""2019"", ""category"": ""MEDİA"", ""stand"": ""-"", ""company_id"": ""4256"", ""source_url"": ""https://translogistica.az/az/exhibitors-list/year/2019""}, {""exhibition"": ""caspianagroweek"", ""exhibition_label"": ""Caspian Agro Week"", ""year"": ""2019"", ""category"": ""MEDİA"", ""stand"": ""-"", ""company_id"": ""4256"", ""source_url"": ""https://caspianagroweek.az/az/exhibitors-list/year/2019""}]}"
expo-00373,BİNƏ AQRO MMC,Azərbaycan,MEDİA,2A112-1 | A2316 | A2410,Caspian Agro Week,2019 | 2022 | 2023,3,"{""appearances"": [{""exhibition"": ""caspianagroweek"", ""exhibition_label"": ""Caspian Agro Week"", ""year"": ""2019"", ""category"": ""MEDİA"", ""stand"": ""A2410"", ""company_id"": ""4852"", ""source_url"": ""https://caspianagroweek.az/az/exhibitors-list/year/2019""}, {""exhibition"": ""caspianagroweek"", ""exhibition_label"": ""Caspian Agro Week"", ""year"": ""2022"", ""category"": ""MEDİA"", ""stand"": ""A2316"", ""company_id"": ""6899"", ""source_url"": ""https://caspianagroweek.az/az/exhibitors-list/year/2022""}, {""exhibition"": ""caspianagroweek"", ""exhibition_label"": ""Caspian Agro Week"", ""year"": ""2023"", ""category"": ""MEDİA"", ""stand"": ""2A112-1"", ""company_id"": ""4852"", ""source_url"": ""https://caspianagroweek.az/az/exhibitors-list/year/2023""}]}"
expo-00374,BİO TEXNOLOGİYA,Azərbaycan,MEDİA,2A004 | 2A042,Caspian Agro Week,2023 | 2025,2,"{""appearances"": [{""exhibition"": ""caspianagroweek"", ""exhibition_label"": ""Caspian Agro Week"", ""year"": ""2023"", ""category"": ""MEDİA"", ""stand"": ""2A042"", ""company_id"": ""6488"", ""source_url"": ""https://caspianagroweek.az/az/exhibitors-list/year/2023""}, {""exhibition"": ""caspianagroweek"", ""exhibition_label"": ""Caspian Agro Week"", ""year"": ""2025"", ""category"": ""MEDİA"", ""stand"": ""2A004"", ""company_id"": ""6488"", ""source_url"": ""https://caspianagroweek.az/az/exhibitors-list/year/2025""}]}"
expo-00375,BİO TEXNOLOGİYA AZƏRBAYCAN,Azərbaycan,MEDİA,2A042,Caspian Agro Week,2024,1,"{""appearances"": [{""exhibition"": ""caspianagroweek"", ""exhibition_label"": ""Caspian Agro Week"", ""year"": ""2024"", ""category"": ""MEDİA"", ""stand"": ""2A042"", ""company_id"": ""6488"", ""source_url"": ""https://caspianagroweek.az/az/exhibitors-list/year/2024""}]}"
expo-00376,BİOFERT LLC,Azərbaycan,MEDİA,A3018,Caspian Agro Week,2022,1,"{""appearances"": [{""exhibition"": ""caspianagroweek"", ""exhibition_label"": ""Caspian Agro Week"", ""year"": ""2022"", ""category"": ""MEDİA"", ""stand"": ""A3018"", ""company_id"": ""7024"", ""source_url"": ""https://caspianagroweek.az/az/exhibitors-list/year/2022""}]}"
expo-00377,BİOGÜBRƏ MMC,Azərbaycan,MEDİA,2A040,Caspian Agro Week,2023,1,"{""appearances"": [{""exhibition"": ""caspianagroweek"", ""exhibition_label"": ""Caspian Agro Week"", ""year"": ""2023"", ""category"": ""MEDİA"", ""stand"": ""2A040"", ""company_id"": ""7905"", ""source_url"": ""https://caspianagroweek.az/az/exhibitors-list/year/2023""}]}"
expo-00378,BİRLƏŞMİŞ MİLLƏTLƏR TƏŞKİLATININ AZƏRBAYCANDAKI NÜMAYƏNDƏLİYİ,Azərbaycan,TƏRƏFDAŞLAR,B1066,BakuBuild,2021,1,"{""appearances"": [{""exhibition"": ""bakubuild"", ""exhibition_label"": ""BakuBuild"", ""year"": ""2021"", ""category"": ""TƏRƏFDAŞLAR"", ""stand"": ""B1066"", ""company_id"": ""6685"", ""source_url"": ""https://bakubuild.az/az/exhibitors-list/year/2021""}]}"
expo-00379,BİZİM MƏTBƏX,Azərbaycan,MEDİA,P118,InterFood Azerbaijan,2019,1,"{""appearances"": [{""exhibition"": ""interfood"", ""exhibition_label"": ""InterFood Azerbaijan"", ""year"": ""2019"", ""category"": ""MEDİA"", ""stand"": ""P118"", ""company_id"": ""5267"", ""source_url"": ""https://interfood.az/az/exhibitors-list/year/2019""}]}"
expo-00380,BİZNES DÜNYASI JURNALI,Azərbaycan,MEDİA,P104,BakuBuild,2022,1,"{""appearances"": [{""exhibition"": ""bakubuild"", ""exhibition_label"": ""BakuBuild"", ""year"": ""2022"", ""category"": ""MEDİA"", ""stand"": ""P104"", ""company_id"": """", ""source_url"": ""https://bakubuild.az/az/exhibitors-list/year/2022""}]}"
expo-00381,BİZNES TV,Azərbaycan,MEDİA,2M068 | 2M540 | M132,BakuBuild | Caspian Agro Week | Caspian Oil & Gas | InterFood Azerbaijan | TransLogistica Caspian,2025 | 2026,5,"{""appearances"": [{""exhibition"": ""bakubuild"", ""exhibition_label"": ""BakuBuild"", ""year"": ""2025"", ""category"": ""MEDİA"", ""stand"": ""2M540"", ""company_id"": ""347163"", ""source_url"": ""https://bakubuild.az/az/exhibitors-list/year/2025""}, {""exhibition"": ""interfood"", ""exhibition_label"": ""InterFood Azerbaijan"", ""year"": ""2026"", ""category"": ""MEDİA"", ""stand"": ""-"", ""company_id"": ""347163"", ""source_url"": ""https://interfood.az/az/exhibitors-list/year/2026""}, {""exhibition"": ""caspianoilgas"", ""exhibition_label"": ""Caspian Oil & Gas"", ""year"": ""2026"", ""category"": ""MEDİA"", ""stand"": ""2M068"", ""company_id"": ""347163"", ""source_url"": ""https://caspianoilgas.az/az/exhibitors-list/year/2026""}, {""exhibition"": ""translogistica"", ""exhibition_label"": ""TransLogistica Caspian"", ""year"": ""2026"", ""category"": ""MEDİA"", ""stand"": ""-"", ""company_id"": ""347163"", ""source_url"": ""https://translogistica.az/az/exhibitors-list/year/2026""}, {""exhibition"": ""caspianagroweek"", ""exhibition_label"": ""Caspian Agro Week"", ""year"": ""2026"", ""category"": ""MEDİA"", ""stand"": ""M132"", ""company_id"": ""347163"", ""source_url"": ""https://caspianagroweek.az/az/exhibitors-list/year/2026""}]}"
expo-00382,BLACKROCK ENERGY AND İNFRASTRUCTURE MMC,Azərbaycan,MEDİA,1C134,Caspian Oil & Gas,2026,1,"{""appearances"": [{""exhibition"": ""caspianoilgas"", ""exhibition_label"": ""Caspian Oil & Gas"", ""year"": ""2026"", ""category"": ""MEDİA"", ""stand"": ""1C134"", ""company_id"": """", ""source_url"": ""https://caspianoilgas.az/az/exhibitors-list/year/2026""}]}"
expo-00383,BLACKWELL LLC,Azərbaycan,MEDİA,2C203,Caspian Oil & Gas,2024,1,"{""appearances"": [{""exhibition"": ""caspianoilgas"", ""exhibition_label"": ""Caspian Oil & Gas"", ""year"": ""2024"", ""category"": ""MEDİA"", ""stand"": ""2C203"", ""company_id"": ""314010"", ""source_url"": ""https://caspianoilgas.az/az/exhibitors-list/year/2024""}]}"
expo-00384,BM SUPPLY COMPANY,Azərbaycan,TƏRƏFDAŞLAR,2B006,BakuBuild,2025,1,"{""appearances"": [{""exhibition"": ""bakubuild"", ""exhibition_label"": ""BakuBuild"", ""year"": ""2025"", ""category"": ""TƏRƏFDAŞLAR"", ""stand"": ""2B006"", ""company_id"": ""333821"", ""source_url"": ""https://bakubuild.az/az/exhibitors-list/year/2025""}]}"
expo-00385,BMT-NİN ƏRZAQ VƏ KƏND TƏSƏRRÜFATI TƏŞKILATI (FAO),Azərbaycan,MEDİA | NAXÇIVAN MUXTAR RESPUBLİKASININ MİLLİ STENDİ,,Caspian Agro Week | InterFood Azerbaijan,2024 | 2025,4,"{""appearances"": [{""exhibition"": ""interfood"", ""exhibition_label"": ""InterFood Azerbaijan"", ""year"": ""2024"", ""category"": ""MEDİA"", ""stand"": ""-"", ""company_id"": ""5490"", ""source_url"": ""https://interfood.az/az/exhibitors-list/year/2024""}, {""exhibition"": ""interfood"", ""exhibition_label"": ""InterFood Azerbaijan"", ""year"": ""2025"", ""category"": ""NAXÇIVAN MUXTAR RESPUBLİKASININ MİLLİ STENDİ"", ""stand"": ""-"", ""company_id"": ""5490"", ""source_url"": ""https://interfood.az/az/exhibitors-list/year/2025""}, {""exhibition"": ""caspianagroweek"", ""exhibition_label"": ""Caspian Agro Week"", ""year"": ""2024"", ""category"": ""MEDİA"", ""stand"": ""-"", ""company_id"": ""5490"", ""source_url"": ""https://caspianagroweek.az/az/exhibitors-list/year/2024""}, {""exhibition"": ""caspianagroweek"", ""exhibition_label"": ""Caspian Agro Week"", ""year"": ""2025"", ""category"": ""MEDİA"", ""stand"": ""-"", ""company_id"": ""5490"", ""source_url"": ""https://caspianagroweek.az/az/exhibitors-list/year/2025""}]}"
expo-00386,BOGAERTS,Azərbaycan,MEDİA,1A110-14,Caspian Agro Week,2023,1,"{""appearances"": [{""exhibition"": ""caspianagroweek"", ""exhibition_label"": ""Caspian Agro Week"", ""year"": ""2023"", ""category"": ""MEDİA"", ""stand"": ""1A110-14"", ""company_id"": """", ""source_url"": ""https://caspianagroweek.az/az/exhibitors-list/year/2023""}]}"
expo-00387,BOHNENKAMP MMC,Azərbaycan,TƏRƏFDAŞ,2A230,Caspian Agro Week,2026,1,"{""appearances"": [{""exhibition"": ""caspianagroweek"", ""exhibition_label"": ""Caspian Agro Week"", ""year"": ""2026"", ""category"": ""TƏRƏFDAŞ"", ""stand"": ""2A230"", ""company_id"": ""333886"", ""source_url"": ""https://caspianagroweek.az/az/exhibitors-list/year/2026""}]}"
expo-00388,BOL AGRO,Azərbaycan,AZERA HOLDING,2A110-3,Caspian Agro Week,2026,1,"{""appearances"": [{""exhibition"": ""caspianagroweek"", ""exhibition_label"": ""Caspian Agro Week"", ""year"": ""2026"", ""category"": ""AZERA HOLDING"", ""stand"": ""2A110-3"", ""company_id"": """", ""source_url"": ""https://caspianagroweek.az/az/exhibitors-list/year/2026""}]}"
expo-00389,BOOKS BY BAHRAM,Azərbaycan,MEDİA,2M035 | 2M546 | 4M019 | M108,BakuBuild | Caspian Agro Week | Caspian Oil & Gas | InterFood Azerbaijan,2023 | 2024 | 2025 | 2026,7,"{""appearances"": [{""exhibition"": ""bakubuild"", ""exhibition_label"": ""BakuBuild"", ""year"": ""2023"", ""category"": ""MEDİA"", ""stand"": ""-"", ""company_id"": ""7840"", ""source_url"": ""https://bakubuild.az/az/exhibitors-list/year/2023""}, {""exhibition"": ""bakubuild"", ""exhibition_label"": ""BakuBuild"", ""year"": ""2025"", ""category"": ""MEDİA"", ""stand"": ""2M546"", ""company_id"": """", ""source_url"": ""https://bakubuild.az/az/exhibitors-list/year/2025""}, {""exhibition"": ""interfood"", ""exhibition_label"": ""InterFood Azerbaijan"", ""year"": ""2024"", ""category"": ""MEDİA"", ""stand"": ""4M019"", ""company_id"": """", ""source_url"": ""https://interfood.az/az/exhibitors-list/year/2024""}, {""exhibition"": ""interfood"", ""exhibition_label"": ""InterFood Azerbaijan"", ""year"": ""2026"", ""category"": ""MEDİA"", ""stand"": ""-"", ""company_id"": """", ""source_url"": ""https://interfood.az/az/exhibitors-list/year/2026""}, {""exhibition"": ""caspianoilgas"", ""exhibition_label"": ""Caspian Oil & Gas"", ""year"": ""2024"", ""category"": ""MEDİA"", ""stand"": ""2M035"", ""company_id"": """", ""source_url"": ""https://caspianoilgas.az/az/exhibitors-list/year/2024""}, {""exhibition"": ""caspianagroweek"", ""exhibition_label"": ""Caspian Agro Week"", ""year"": ""2023"", ""category"": ""MEDİA"", ""stand"": ""-"", ""company_id"": ""7840"", ""source_url"": ""https://caspianagroweek.az/az/exhibitors-list/year/2023""}, {""exhibition"": ""caspianagroweek"", ""exhibition_label"": ""Caspian Agro Week"", ""year"": ""2026"", ""category"": ""MEDİA"", ""stand"": ""M108"", ""company_id"": """", ""source_url"": ""https://caspianagroweek.az/az/exhibitors-list/year/2026""}]}"
expo-00390,BOOMERANG AGENCY,Azərbaycan,MEDİA | NAXÇIVAN MUXTAR RESPUBLİKASININ MİLLİ STENDİ | TƏRƏFDAŞLAR,M118,BakuBuild | Caspian Agro Week | Caspian Oil & Gas | InterFood Azerbaijan | TransLogistica Caspian,2025,5,"{""appearances"": [{""exhibition"": ""bakubuild"", ""exhibition_label"": ""BakuBuild"", ""year"": ""2025"", ""category"": ""TƏRƏFDAŞLAR"", ""stand"": ""-"", ""company_id"": ""335320"", ""source_url"": ""https://bakubuild.az/az/exhibitors-list/year/2025""}, {""exhibition"": ""interfood"", ""exhibition_label"": ""InterFood Azerbaijan"", ""year"": ""2025"", ""category"": ""NAXÇIVAN MUXTAR RESPUBLİKASININ MİLLİ STENDİ"", ""stand"": ""-"", ""company_id"": """", ""source_url"": ""https://interfood.az/az/exhibitors-list/year/2025""}, {""exhibition"": ""caspianoilgas"", ""exhibition_label"": ""Caspian Oil & Gas"", ""year"": ""2025"", ""category"": ""MEDİA"", ""stand"": ""-"", ""company_id"": ""335320"", ""source_url"": ""https://caspianoilgas.az/az/exhibitors-list/year/2025""}, {""exhibition"": ""translogistica"", ""exhibition_label"": ""TransLogistica Caspian"", ""year"": ""2025"", ""category"": ""MEDİA"", ""stand"": ""-"", ""company_id"": ""335320"", ""source_url"": ""https://translogistica.az/az/exhibitors-list/year/2025""}, {""exhibition"": ""caspianagroweek"", ""exhibition_label"": ""Caspian Agro Week"", ""year"": ""2025"", ""category"": ""MEDİA"", ""stand"": ""M118"", ""company_id"": ""335320"", ""source_url"": ""https://caspianagroweek.az/az/exhibitors-list/year/2025""}]}"
expo-00391,BORTOLOTTI SALUMI,Azərbaycan,MEDİA,2A330-7..,InterFood Azerbaijan,2024,1,"{""appearances"": [{""exhibition"": ""interfood"", ""exhibition_label"": ""InterFood Azerbaijan"", ""year"": ""2024"", ""category"": ""MEDİA"", ""stand"": ""2A330-7.."", ""company_id"": """", ""source_url"": ""https://interfood.az/az/exhibitors-list/year/2024""}]}"
expo-00392,BOS SHELF MMC,Azərbaycan,MEDİA,1116 | C1116,Caspian Oil & Gas,2019 | 2022,2,"{""appearances"": [{""exhibition"": ""caspianoilgas"", ""exhibition_label"": ""Caspian Oil & Gas"", ""year"": ""2019"", ""category"": ""MEDİA"", ""stand"": ""1116"", ""company_id"": ""4586"", ""source_url"": ""https://caspianoilgas.az/az/exhibitors-list/year/2019""}, {""exhibition"": ""caspianoilgas"", ""exhibition_label"": ""Caspian Oil & Gas"", ""year"": ""2022"", ""category"": ""MEDİA"", ""stand"": ""C1116"", ""company_id"": ""4586"", ""source_url"": ""https://caspianoilgas.az/az/exhibitors-list/year/2022""}]}"
expo-00393,"BOULEVARD HOTEL BAKU, AUTOGRAPH COLLECTION",Azərbaycan,MEDİA | TƏRƏFDAŞLAR,,Aquatherm Baku | BakuBuild | Beauty Expo Baku | Caspian Agro Week | Caspian Oil & Gas | InterFood Azerbaijan | Securex Caspian | TransLogistica Caspian,2019,9,"{""appearances"": [{""exhibition"": ""bakubuild"", ""exhibition_label"": ""BakuBuild"", ""year"": ""2019"", ""category"": ""TƏRƏFDAŞLAR"", ""stand"": ""-"", ""company_id"": ""4863"", ""source_url"": ""https://bakubuild.az/az/exhibitors-list/year/2019""}, {""exhibition"": ""aquatherm"", ""exhibition_label"": ""Aquatherm Baku"", ""year"": ""2019"", ""category"": ""TƏRƏFDAŞLAR"", ""stand"": ""-"", ""company_id"": ""4863"", ""source_url"": ""https://aquatherm.az/az/exhibitors-list/year/2019""}, {""exhibition"": ""beautyexpo"", ""exhibition_label"": ""Beauty Expo Baku"", ""year"": ""2019"", ""category"": ""TƏRƏFDAŞLAR"", ""stand"": ""-"", ""company_id"": ""4863"", ""source_url"": ""https://beautyexpo.az/az/exhibitors-list/year/2019""}, {""exhibition"": ""interfood"", ""exhibition_label"": ""InterFood Azerbaijan"", ""year"": ""2019"", ""category"": ""MEDİA"", ""stand"": ""-"", ""company_id"": ""4863"", ""source_url"": ""https://interfood.az/az/exhibitors-list/year/2019""}, {""exhibition"": ""caspianoilgas"", ""exhibition_label"": ""Caspian Oil & Gas"", ""year"": ""2019"", ""category"": ""MEDİA"", ""stand"": ""-"", ""company_id"": ""4863"", ""source_url"": ""https://caspianoilgas.az/az/exhibitors-list/year/2019""}, {""exhibition"": ""securexcaspian"", ""exhibition_label"": ""Securex Caspian"", ""year"": ""2019"", ""category"": ""TƏRƏFDAŞLAR"", ""stand"": ""-"", ""company_id"": ""4863"", ""source_url"": ""https://securexcaspian.az/az/exhibitors-list/year/2019""}, {""exhibition"": ""securexcaspian"", ""exhibition_label"": ""Securex Caspian"", ""year"": ""2019"", ""category"": ""TƏRƏFDAŞLAR"", ""stand"": ""-"", ""company_id"": ""4863"", ""source_url"": ""https://securexcaspian.az/az/exhibitors-list/year/2019""}, {""exhibition"": ""translogistica"", ""exhibition_label"": ""TransLogistica Caspian"", ""year"": ""2019"", ""category"": ""MEDİA"", ""stand"": ""-"", ""company_id"": ""4863"", ""source_url"": ""https://translogistica.az/az/exhibitors-list/year/2019""}, {""exhibition"": ""caspianagroweek"", ""exhibition_label"": ""Caspian Agro Week"", ""year"": ""2019"", ""category"": ""MEDİA"", ""stand"": ""-"", ""company_id"": ""4863"", ""source_url"": ""https://caspianagroweek.az/az/exhibitors-list/year/2019""}]}"
expo-00394,BOUTİQUE BAKU JURNALI,Azərbaycan,MEDİA,P120,Beauty Expo Baku | TransLogistica Caspian,2019,2,"{""appearances"": [{""exhibition"": ""beautyexpo"", ""exhibition_label"": ""Beauty Expo Baku"", ""year"": ""2019"", ""category"": ""MEDİA"", ""stand"": ""P120"", ""company_id"": ""4294"", ""source_url"": ""https://beautyexpo.az/az/exhibitors-list/year/2019""}, {""exhibition"": ""translogistica"", ""exhibition_label"": ""TransLogistica Caspian"", ""year"": ""2019"", ""category"": ""MEDİA"", ""stand"": ""P120"", ""company_id"": ""4294"", ""source_url"": ""https://translogistica.az/az/exhibitors-list/year/2019""}]}"
expo-00395,BP AZƏRBAYCAN,Azərbaycan,MEDİA,1210 | 1C230 | C1210,Caspian Oil & Gas,2019 | 2022 | 2023 | 2024,4,"{""appearances"": [{""exhibition"": ""caspianoilgas"", ""exhibition_label"": ""Caspian Oil & Gas"", ""year"": ""2019"", ""category"": ""MEDİA"", ""stand"": ""1210"", ""company_id"": ""4583"", ""source_url"": ""https://caspianoilgas.az/az/exhibitors-list/year/2019""}, {""exhibition"": ""caspianoilgas"", ""exhibition_label"": ""Caspian Oil & Gas"", ""year"": ""2022"", ""category"": ""MEDİA"", ""stand"": ""C1210"", ""company_id"": ""4583"", ""source_url"": ""https://caspianoilgas.az/az/exhibitors-list/year/2022""}, {""exhibition"": ""caspianoilgas"", ""exhibition_label"": ""Caspian Oil & Gas"", ""year"": ""2023"", ""category"": ""MEDİA"", ""stand"": ""1C230"", ""company_id"": ""4583"", ""source_url"": ""https://caspianoilgas.az/az/exhibitors-list/year/2023""}, {""exhibition"": ""caspianoilgas"", ""exhibition_label"": ""Caspian Oil & Gas"", ""year"": ""2024"", ""category"": ""MEDİA"", ""stand"": ""1C230"", ""company_id"": ""4583"", ""source_url"": ""https://caspianoilgas.az/az/exhibitors-list/year/2024""}]}"
expo-00396,BRIDGESTONE,Azərbaycan,MEDİA,2T360,TransLogistica Caspian,2025,1,"{""appearances"": [{""exhibition"": ""translogistica"", ""exhibition_label"": ""TransLogistica Caspian"", ""year"": ""2025"", ""category"": ""MEDİA"", ""stand"": ""2T360"", ""company_id"": ""333656"", ""source_url"": ""https://translogistica.az/az/exhibitors-list/year/2025""}]}"
expo-00397,BRIGHTMAN BMC MMC,Azərbaycan,AZPROMO,4F204-6,InterFood Azerbaijan,2026,1,"{""appearances"": [{""exhibition"": ""interfood"", ""exhibition_label"": ""InterFood Azerbaijan"", ""year"": ""2026"", ""category"": ""AZPROMO"", ""stand"": ""4F204-6"", ""company_id"": """", ""source_url"": ""https://interfood.az/az/exhibitors-list/year/2026""}]}"
expo-00398,BRIGHTMAN BUSINESS MANAGEMENT CONSULTANTS MMC,Azərbaycan,NAXÇIVAN MUXTAR RESPUBLİKASININ MİLLİ STENDİ,4F102-2,InterFood Azerbaijan,2025,1,"{""appearances"": [{""exhibition"": ""interfood"", ""exhibition_label"": ""InterFood Azerbaijan"", ""year"": ""2025"", ""category"": ""NAXÇIVAN MUXTAR RESPUBLİKASININ MİLLİ STENDİ"", ""stand"": ""4F102-2"", ""company_id"": """", ""source_url"": ""https://interfood.az/az/exhibitors-list/year/2025""}]}"
expo-00399,BRPG MMC,Azərbaycan,TƏRƏFDAŞ,A2064,Caspian Agro Week,2021,1,"{""appearances"": [{""exhibition"": ""caspianagroweek"", ""exhibition_label"": ""Caspian Agro Week"", ""year"": ""2021"", ""category"": ""TƏRƏFDAŞ"", ""stand"": ""A2064"", ""company_id"": ""6261"", ""source_url"": ""https://caspianagroweek.az/az/exhibitors-list/year/2021""}]}"
expo-00400,BUKETERIA,Azərbaycan,TƏRƏFDAŞ | TƏRƏFDAŞLAR,,BakuBuild | Caspian Agro Week,2025 | 2026,2,"{""appearances"": [{""exhibition"": ""bakubuild"", ""exhibition_label"": ""BakuBuild"", ""year"": ""2025"", ""category"": ""TƏRƏFDAŞLAR"", ""stand"": ""-"", ""company_id"": ""345290"", ""source_url"": ""https://bakubuild.az/az/exhibitors-list/year/2025""}, {""exhibition"": ""caspianagroweek"", ""exhibition_label"": ""Caspian Agro Week"", ""year"": ""2026"", ""category"": ""TƏRƏFDAŞ"", ""stand"": ""-"", ""company_id"": ""345290"", ""source_url"": ""https://caspianagroweek.az/az/exhibitors-list/year/2026""}]}"
expo-00401,BUSİNESS CATALOGUE,Azərbaycan,MEDİA,P130,InterFood Azerbaijan,2019,1,"{""appearances"": [{""exhibition"": ""interfood"", ""exhibition_label"": ""InterFood Azerbaijan"", ""year"": ""2019"", ""category"": ""MEDİA"", ""stand"": ""P130"", ""company_id"": """", ""source_url"": ""https://interfood.az/az/exhibitors-list/year/2019""}]}"
expo-00402,BUSİNESS TİME,Azərbaycan,MEDİA,,Caspian Agro Week | Caspian Oil & Gas | InterFood Azerbaijan | TransLogistica Caspian,2026,4,"{""appearances"": [{""exhibition"": ""interfood"", ""exhibition_label"": ""InterFood Azerbaijan"", ""year"": ""2026"", ""category"": ""MEDİA"", ""stand"": ""-"", ""company_id"": """", ""source_url"": ""https://interfood.az/az/exhibitors-list/year/2026""}, {""exhibition"": ""caspianoilgas"", ""exhibition_label"": ""Caspian Oil & Gas"", ""year"": ""2026"", ""category"": ""MEDİA"", ""stand"": ""-"", ""company_id"": """", ""source_url"": ""https://caspianoilgas.az/az/exhibitors-list/year/2026""}, {""exhibition"": ""translogistica"", ""exhibition_label"": ""TransLogistica Caspian"", ""year"": ""2026"", ""category"": ""MEDİA"", ""stand"": ""-"", ""company_id"": """", ""source_url"": ""https://translogistica.az/az/exhibitors-list/year/2026""}, {""exhibition"": ""caspianagroweek"", ""exhibition_label"": ""Caspian Agro Week"", ""year"": ""2026"", ""category"": ""MEDİA"", ""stand"": ""-"", ""company_id"": """", ""source_url"": ""https://caspianagroweek.az/az/exhibitors-list/year/2026""}]}"
expo-00403,BUSİNESS TİME AZERBAIJAN JURNALI,Azərbaycan,MEDİA,M106,Caspian Agro Week,2026,1,"{""appearances"": [{""exhibition"": ""caspianagroweek"", ""exhibition_label"": ""Caspian Agro Week"", ""year"": ""2026"", ""category"": ""MEDİA"", ""stand"": ""M106"", ""company_id"": ""273808"", ""source_url"": ""https://caspianagroweek.az/az/exhibitors-list/year/2026""}]}"
expo-00404,BUSİNESS TİME JURNALI,Azərbaycan,MEDİA,2M062 | 3M016 | 3P016 | M106 | P106,Aquatherm Baku | BakuBuild | Caspian Agro Week | Caspian Oil & Gas | InterFood Azerbaijan | Securex Caspian | TransLogistica Caspian,2023 | 2024 | 2025 | 2026,12,"{""appearances"": [{""exhibition"": ""bakubuild"", ""exhibition_label"": ""BakuBuild"", ""year"": ""2023"", ""category"": ""MEDİA"", ""stand"": ""3P016"", ""company_id"": ""273808"", ""source_url"": ""https://bakubuild.az/az/exhibitors-list/year/2023""}, {""exhibition"": ""bakubuild"", ""exhibition_label"": ""BakuBuild"", ""year"": ""2024"", ""category"": ""MEDİA"", ""stand"": ""-"", ""company_id"": ""273808"", ""source_url"": ""https://bakubuild.az/az/exhibitors-list/year/2024""}, {""exhibition"": ""bakubuild"", ""exhibition_label"": ""BakuBuild"", ""year"": ""2025"", ""category"": ""MEDİA"", ""stand"": ""2M062"", ""company_id"": ""273808"", ""source_url"": ""https://bakubuild.az/az/exhibitors-list/year/2025""}, {""exhibition"": ""aquatherm"", ""exhibition_label"": ""Aquatherm Baku"", ""year"": ""2024"", ""category"": ""MEDİA"", ""stand"": ""-"", ""company_id"": ""273808"", ""source_url"": ""https://aquatherm.az/az/exhibitors-list/year/2024""}, {""exhibition"": ""interfood"", ""exhibition_label"": ""InterFood Azerbaijan"", ""year"": ""2024"", ""category"": ""MEDİA"", ""stand"": ""-"", ""company_id"": ""273808"", ""source_url"": ""https://interfood.az/az/exhibitors-list/year/2024""}, {""exhibition"": ""interfood"", ""exhibition_label"": ""InterFood Azerbaijan"", ""year"": ""2026"", ""category"": ""MEDİA"", ""stand"": ""-"", ""company_id"": ""273808"", ""source_url"": ""https://interfood.az/az/exhibitors-list/year/2026""}, {""exhibition"": ""caspianoilgas"", ""exhibition_label"": ""Caspian Oil & Gas"", ""year"": ""2024"", ""category"": ""MEDİA"", ""stand"": ""-"", ""company_id"": ""273808"", ""source_url"": ""https://caspianoilgas.az/az/exhibitors-list/year/2024""}, {""exhibition"": ""securexcaspian"", ""exhibition_label"": ""Securex Caspian"", ""year"": ""2024"", ""category"": ""MEDİA"", ""stand"": ""-"", ""company_id"": ""273808"", ""source_url"": ""https://securexcaspian.az/az/exhibitors-list/year/2024""}, {""exhibition"": ""translogistica"", ""exhibition_label"": ""TransLogistica Caspian"", ""year"": ""2024"", ""category"": ""MEDİA"", ""stand"": ""-"", ""company_id"": ""273808"", ""source_url"": ""https://translogistica.az/az/exhibitors-list/year/2024""}, {""exhibition"": ""caspianagroweek"", ""exhibition_label"": ""Caspian Agro Week"", ""year"": ""2023"", ""category"": ""MEDİA"", ""stand"": ""P106"", ""company_id"": ""273808"", ""source_url"": ""https://caspianagroweek.az/az/exhibitors-list/year/2023""}, {""exhibition"": ""caspianagroweek"", ""exhibition_label"": ""Caspian Agro Week"", ""year"": ""2024"", ""category"": ""MEDİA"", ""stand"": ""3M016"", ""company_id"": ""273808"", ""source_url"": ""https://caspianagroweek.az/az/exhibitors-list/year/2024""}, {""exhibition"": ""caspianagroweek"", ""exhibition_label"": ""Caspian Agro Week"", ""year"": ""2025"", ""category"": ""MEDİA"", ""stand"": ""M106"", ""company_id"": ""273808"", ""source_url"": ""https://caspianagroweek.az/az/exhibitors-list/year/2025""}]}"
expo-00405,BUTA GROUP,Azərbaycan,MEDİA,2A410 | F1215,Caspian Agro Week | InterFood Azerbaijan,2021 | 2023,2,"{""appearances"": [{""exhibition"": ""interfood"", ""exhibition_label"": ""InterFood Azerbaijan"", ""year"": ""2021"", ""category"": ""MEDİA"", ""stand"": ""F1215"", ""company_id"": ""6206"", ""source_url"": ""https://interfood.az/az/exhibitors-list/year/2021""}, {""exhibition"": ""caspianagroweek"", ""exhibition_label"": ""Caspian Agro Week"", ""year"": ""2023"", ""category"": ""MEDİA"", ""stand"": ""2A410"", ""company_id"": ""6206"", ""source_url"": ""https://caspianagroweek.az/az/exhibitors-list/year/2023""}]}"
expo-00406,BUTA SUPPLY MMC,Azərbaycan,MEDİA,1C122 | 2C085,Caspian Oil & Gas,2024 | 2025 | 2026,3,"{""appearances"": [{""exhibition"": ""caspianoilgas"", ""exhibition_label"": ""Caspian Oil & Gas"", ""year"": ""2024"", ""category"": ""MEDİA"", ""stand"": ""2C085"", ""company_id"": """", ""source_url"": ""https://caspianoilgas.az/az/exhibitors-list/year/2024""}, {""exhibition"": ""caspianoilgas"", ""exhibition_label"": ""Caspian Oil & Gas"", ""year"": ""2025"", ""category"": ""MEDİA"", ""stand"": ""1C122"", ""company_id"": ""334552"", ""source_url"": ""https://caspianoilgas.az/az/exhibitors-list/year/2025""}, {""exhibition"": ""caspianoilgas"", ""exhibition_label"": ""Caspian Oil & Gas"", ""year"": ""2026"", ""category"": ""MEDİA"", ""stand"": ""1C122"", ""company_id"": ""314208"", ""source_url"": ""https://caspianoilgas.az/az/exhibitors-list/year/2026""}]}"
expo-00407,BƏHRAM BAĞIRZADƏ,Azərbaycan,MEDİA,,Caspian Agro Week | Caspian Oil & Gas,2022 | 2025,3,"{""appearances"": [{""exhibition"": ""caspianoilgas"", ""exhibition_label"": ""Caspian Oil & Gas"", ""year"": ""2022"", ""category"": ""MEDİA"", ""stand"": ""-"", ""company_id"": ""7332"", ""source_url"": ""https://caspianoilgas.az/az/exhibitors-list/year/2022""}, {""exhibition"": ""caspianoilgas"", ""exhibition_label"": ""Caspian Oil & Gas"", ""year"": ""2025"", ""category"": ""MEDİA"", ""stand"": ""-"", ""company_id"": ""7332"", ""source_url"": ""https://caspianoilgas.az/az/exhibitors-list/year/2025""}, {""exhibition"": ""caspianagroweek"", ""exhibition_label"": ""Caspian Agro Week"", ""year"": ""2025"", ""category"": ""MEDİA"", ""stand"": ""-"", ""company_id"": ""7332"", ""source_url"": ""https://caspianagroweek.az/az/exhibitors-list/year/2025""}]}"
expo-00408,BƏRƏKƏT-İ MMC,Azərbaycan,MEDİA,2A077,Aquatherm Baku,2023,1,"{""appearances"": [{""exhibition"": ""aquatherm"", ""exhibition_label"": ""Aquatherm Baku"", ""year"": ""2023"", ""category"": ""MEDİA"", ""stand"": ""2A077"", ""company_id"": ""301784"", ""source_url"": ""https://aquatherm.az/az/exhibitors-list/year/2023""}]}"
expo-00409,CAHAN SƏNAYE KOMPLEKSI MMC,Azərbaycan,TƏRƏFDAŞLAR,A2210,Aquatherm Baku | BakuBuild | Securex Caspian,2019 | 2026,3,"{""appearances"": [{""exhibition"": ""bakubuild"", ""exhibition_label"": ""BakuBuild"", ""year"": ""2026"", ""category"": ""TƏRƏFDAŞLAR"", ""stand"": ""-"", ""company_id"": """", ""source_url"": ""https://bakubuild.az/az/exhibitors-list/year/2026""}, {""exhibition"": ""aquatherm"", ""exhibition_label"": ""Aquatherm Baku"", ""year"": ""2019"", ""category"": ""TƏRƏFDAŞLAR"", ""stand"": ""A2210"", ""company_id"": ""5547"", ""source_url"": ""https://aquatherm.az/az/exhibitors-list/year/2019""}, {""exhibition"": ""securexcaspian"", ""exhibition_label"": ""Securex Caspian"", ""year"": ""2019"", ""category"": ""TƏRƏFDAŞLAR"", ""stand"": ""A2210"", ""company_id"": ""5547"", ""source_url"": ""https://securexcaspian.az/az/exhibitors-list/year/2019""}]}"
expo-00410,CAHAN TABAK BEYNƏLXALQ MMC,Azərbaycan,MEDİA | MURMANSK VİLAYETİ,2F002,InterFood Azerbaijan,2019 | 2022 | 2023,3,"{""appearances"": [{""exhibition"": ""interfood"", ""exhibition_label"": ""InterFood Azerbaijan"", ""year"": ""2019"", ""category"": ""MEDİA"", ""stand"": ""2F002"", ""company_id"": ""4656"", ""source_url"": ""https://interfood.az/az/exhibitors-list/year/2019""}, {""exhibition"": ""interfood"", ""exhibition_label"": ""InterFood Azerbaijan"", ""year"": ""2022"", ""category"": ""MEDİA"", ""stand"": ""2F002"", ""company_id"": ""4656"", ""source_url"": ""https://interfood.az/az/exhibitors-list/year/2022""}, {""exhibition"": ""interfood"", ""exhibition_label"": ""InterFood Azerbaijan"", ""year"": ""2023"", ""category"": ""MURMANSK VİLAYETİ"", ""stand"": ""2F002"", ""company_id"": ""4656"", ""source_url"": ""https://interfood.az/az/exhibitors-list/year/2023""}]}"
expo-00411,CAHAN TOBACCO INTERNATIONAL MMC,Azərbaycan,NAXÇIVAN MUXTAR RESPUBLİKASININ MİLLİ STENDİ,4F100-10,InterFood Azerbaijan,2025,1,"{""appearances"": [{""exhibition"": ""interfood"", ""exhibition_label"": ""InterFood Azerbaijan"", ""year"": ""2025"", ""category"": ""NAXÇIVAN MUXTAR RESPUBLİKASININ MİLLİ STENDİ"", ""stand"": ""4F100-10"", ""company_id"": """", ""source_url"": ""https://interfood.az/az/exhibitors-list/year/2025""}]}"
expo-00412,CAHE IH,Azərbaycan,MEDİA,A1102/4012,Caspian Agro Week,2019,1,"{""appearances"": [{""exhibition"": ""caspianagroweek"", ""exhibition_label"": ""Caspian Agro Week"", ""year"": ""2019"", ""category"": ""MEDİA"", ""stand"": ""A1102/4012"", ""company_id"": """", ""source_url"": ""https://caspianagroweek.az/az/exhibitors-list/year/2019""}]}"
expo-00413,CAN - PA LLC,Azərbaycan,ATS FOOD | MEDİA | MURMANSK VİLAYETİ | NAXÇIVAN MUXTAR RESPUBLİKASININ MİLLİ STENDİ | ŞİRVAN AQRO MMC,1F254 | 1F256 | 4F202,InterFood Azerbaijan,2019 | 2021 | 2022 | 2023 | 2024 | 2025 | 2026 | 2027,8,"{""appearances"": [{""exhibition"": ""interfood"", ""exhibition_label"": ""InterFood Azerbaijan"", ""year"": ""2019"", ""category"": ""MEDİA"", ""stand"": ""1F254"", ""company_id"": ""4647"", ""source_url"": ""https://interfood.az/az/exhibitors-list/year/2019""}, {""exhibition"": ""interfood"", ""exhibition_label"": ""InterFood Azerbaijan"", ""year"": ""2021"", ""category"": ""MEDİA"", ""stand"": ""1F254"", ""company_id"": ""4647"", ""source_url"": ""https://interfood.az/az/exhibitors-list/year/2021""}, {""exhibition"": ""interfood"", ""exhibition_label"": ""InterFood Azerbaijan"", ""year"": ""2022"", ""category"": ""MEDİA"", ""stand"": ""1F254"", ""company_id"": ""4647"", ""source_url"": ""https://interfood.az/az/exhibitors-list/year/2022""}, {""exhibition"": ""interfood"", ""exhibition_label"": ""InterFood Azerbaijan"", ""year"": ""2023"", ""category"": ""MURMANSK VİLAYETİ"", ""stand"": ""1F254"", ""company_id"": ""4647"", ""source_url"": ""https://interfood.az/az/exhibitors-list/year/2023""}, {""exhibition"": ""interfood"", ""exhibition_label"": ""InterFood Azerbaijan"", ""year"": ""2024"", ""category"": ""MEDİA"", ""stand"": ""1F256"", ""company_id"": ""4647"", ""source_url"": ""https://interfood.az/az/exhibitors-list/year/2024""}, {""exhibition"": ""interfood"", ""exhibition_label"": ""InterFood Azerbaijan"", ""year"": ""2025"", ""category"": ""NAXÇIVAN MUXTAR RESPUBLİKASININ MİLLİ STENDİ"", ""stand"": ""1F254"", ""company_id"": ""4647"", ""source_url"": ""https://interfood.az/az/exhibitors-list/year/2025""}, {""exhibition"": ""interfood"", ""exhibition_label"": ""InterFood Azerbaijan"", ""year"": ""2026"", ""category"": ""ŞİRVAN AQRO MMC"", ""stand"": ""4F202"", ""company_id"": ""4647"", ""source_url"": ""https://interfood.az/az/exhibitors-list/year/2026""}, {""exhibition"": ""interfood"", ""exhibition_label"": ""InterFood Azerbaijan"", ""year"": ""2027"", ""category"": ""ATS FOOD"", ""stand"": ""-"", ""company_id"": """", ""source_url"": ""https://interfood.az/az/exhibitors-list/year/2027""}]}"
expo-00414,CARGONYX LLC,Azərbaycan,MEDİA,2T064,TransLogistica Caspian,2024,1,"{""appearances"": [{""exhibition"": ""translogistica"", ""exhibition_label"": ""TransLogistica Caspian"", ""year"": ""2024"", ""category"": ""MEDİA"", ""stand"": ""2T064"", ""company_id"": ""305623"", ""source_url"": ""https://translogistica.az/az/exhibitors-list/year/2024""}]}"
expo-00415,CARLSBERG AZƏRBAYCAN,Azərbaycan,MEDİA,A2428/A5122-3,Caspian Agro Week,2022,1,"{""appearances"": [{""exhibition"": ""caspianagroweek"", ""exhibition_label"": ""Caspian Agro Week"", ""year"": ""2022"", ""category"": ""MEDİA"", ""stand"": ""A2428/A5122-3"", ""company_id"": ""5634"", ""source_url"": ""https://caspianagroweek.az/az/exhibitors-list/year/2022""}]}"
expo-00416,CARSAN LLC,Azərbaycan,MEDİA,A2328,Aquatherm Baku,2022,1,"{""appearances"": [{""exhibition"": ""aquatherm"", ""exhibition_label"": ""Aquatherm Baku"", ""year"": ""2022"", ""category"": ""MEDİA"", ""stand"": ""A2328"", ""company_id"": ""7844"", ""source_url"": ""https://aquatherm.az/az/exhibitors-list/year/2022""}]}"
expo-00417,CASPIAN DRILLING COMPANY,Azərbaycan,MEDİA,1304 | 1C304 | C1304,Caspian Oil & Gas,2019 | 2022 | 2023 | 2024,4,"{""appearances"": [{""exhibition"": ""caspianoilgas"", ""exhibition_label"": ""Caspian Oil & Gas"", ""year"": ""2019"", ""category"": ""MEDİA"", ""stand"": ""1304"", ""company_id"": ""4587"", ""source_url"": ""https://caspianoilgas.az/az/exhibitors-list/year/2019""}, {""exhibition"": ""caspianoilgas"", ""exhibition_label"": ""Caspian Oil & Gas"", ""year"": ""2022"", ""category"": ""MEDİA"", ""stand"": ""C1304"", ""company_id"": ""4587"", ""source_url"": ""https://caspianoilgas.az/az/exhibitors-list/year/2022""}, {""exhibition"": ""caspianoilgas"", ""exhibition_label"": ""Caspian Oil & Gas"", ""year"": ""2023"", ""category"": ""MEDİA"", ""stand"": ""1C304"", ""company_id"": ""4587"", ""source_url"": ""https://caspianoilgas.az/az/exhibitors-list/year/2023""}, {""exhibition"": ""caspianoilgas"", ""exhibition_label"": ""Caspian Oil & Gas"", ""year"": ""2024"", ""category"": ""MEDİA"", ""stand"": ""-"", ""company_id"": ""4587"", ""source_url"": ""https://caspianoilgas.az/az/exhibitors-list/year/2024""}]}"
expo-00418,CASPIAN ENERGY CLUB,Azərbaycan,MEDİA,2M041 | 2M049 | 3M018 | 4M017 | M102 | M112 | P102 | P108 | P110,BakuBuild | Caspian Agro Week | Caspian Oil & Gas | InterFood Azerbaijan | Securex Caspian | TransLogistica Caspian,2019 | 2022 | 2023 | 2024 | 2025 | 2026,21,"{""appearances"": [{""exhibition"": ""bakubuild"", ""exhibition_label"": ""BakuBuild"", ""year"": ""2019"", ""category"": ""MEDİA"", ""stand"": ""-"", ""company_id"": ""4932"", ""source_url"": ""https://bakubuild.az/az/exhibitors-list/year/2019""}, {""exhibition"": ""interfood"", ""exhibition_label"": ""InterFood Azerbaijan"", ""year"": ""2019"", ""category"": ""MEDİA"", ""stand"": ""-"", ""company_id"": ""4932"", ""source_url"": ""https://interfood.az/az/exhibitors-list/year/2019""}, {""exhibition"": ""interfood"", ""exhibition_label"": ""InterFood Azerbaijan"", ""year"": ""2022"", ""category"": ""MEDİA"", ""stand"": ""P110"", ""company_id"": ""4932"", ""source_url"": ""https://interfood.az/az/exhibitors-list/year/2022""}, {""exhibition"": ""interfood"", ""exhibition_label"": ""InterFood Azerbaijan"", ""year"": ""2023"", ""category"": ""MEDİA"", ""stand"": ""-"", ""company_id"": ""4932"", ""source_url"": ""https://interfood.az/az/exhibitors-list/year/2023""}, {""exhibition"": ""interfood"", ""exhibition_label"": ""InterFood Azerbaijan"", ""year"": ""2024"", ""category"": ""MEDİA"", ""stand"": ""-"", ""company_id"": """", ""source_url"": ""https://interfood.az/az/exhibitors-list/year/2024""}, {""exhibition"": ""caspianoilgas"", ""exhibition_label"": ""Caspian Oil & Gas"", ""year"": ""2019"", ""category"": ""MEDİA"", ""stand"": ""-"", ""company_id"": ""4932"", ""source_url"": ""https://caspianoilgas.az/az/exhibitors-list/year/2019""}, {""exhibition"": ""caspianoilgas"", ""exhibition_label"": ""Caspian Oil & Gas"", ""year"": ""2022"", ""category"": ""MEDİA"", ""stand"": ""P102"", ""company_id"": ""4932"", ""source_url"": ""https://caspianoilgas.az/az/exhibitors-list/year/2022""}, {""exhibition"": ""caspianoilgas"", ""exhibition_label"": ""Caspian Oil & Gas"", ""year"": ""2023"", ""category"": ""MEDİA"", ""stand"": ""3M018"", ""company_id"": ""4932"", ""source_url"": ""https://caspianoilgas.az/az/exhibitors-list/year/2023""}, {""exhibition"": ""caspianoilgas"", ""exhibition_label"": ""Caspian Oil & Gas"", ""year"": ""2024"", ""category"": ""MEDİA"", ""stand"": ""2M041"", ""company_id"": ""4932"", ""source_url"": ""https://caspianoilgas.az/az/exhibitors-list/year/2024""}, {""exhibition"": ""caspianoilgas"", ""exhibition_label"": ""Caspian Oil & Gas"", ""year"": ""2025"", ""category"": ""MEDİA"", ""stand"": ""-"", ""company_id"": ""4932"", ""source_url"": ""https://caspianoilgas.az/az/exhibitors-list/year/2025""}, {""exhibition"": ""caspianoilgas"", ""exhibition_label"": ""Caspian Oil & Gas"", ""year"": ""2026"", ""category"": ""MEDİA"", ""stand"": ""2M049"", ""company_id"": ""4932"", ""source_url"": ""https://caspianoilgas.az/az/exhibitors-list/year/2026""}, {""exhibition"": ""securexcaspian"", ""exhibition_label"": ""Securex Caspian"", ""year"": ""2019"", ""category"": ""MEDİA"", ""stand"": ""-"", ""company_id"": ""4932"", ""source_url"": ""https://securexcaspian.az/az/exhibitors-list/year/2019""}, {""exhibition"": ""securexcaspian"", ""exhibition_label"": ""Securex Caspian"", ""year"": ""2024"", ""category"": ""MEDİA"", ""stand"": ""-"", ""company_id"": ""4932"", ""source_url"": ""https://securexcaspian.az/az/exhibitors-list/year/2024""}, {""exhibition"": ""translogistica"", ""exhibition_label"": ""TransLogistica Caspian"", ""year"": ""2019"", ""category"": ""MEDİA"", ""stand"": ""-"", ""company_id"": ""4932"", ""source_url"": ""https://translogistica.az/az/exhibitors-list/year/2019""}, {""exhibition"": ""translogistica"", ""exhibition_label"": ""TransLogistica Caspian"", ""year"": ""2023"", ""category"": ""MEDİA"", ""stand"": ""-"", ""company_id"": ""4932"", ""source_url"": ""https://translogistica.az/az/exhibitors-list/year/2023""}, {""exhibition"": ""translogistica"", ""exhibition_label"": ""TransLogistica Caspian"", ""year"": ""2024"", ""category"": ""MEDİA"", ""stand"": ""-"", ""company_id"": ""4932"", ""source_url"": ""https://translogistica.az/az/exhibitors-list/year/2024""}, {""exhibition"": ""translogistica"", ""exhibition_label"": ""TransLogistica Caspian"", ""year"": ""2026"", ""category"": ""MEDİA"", ""stand"": ""-"", ""company_id"": ""4932"", ""source_url"": ""https://translogistica.az/az/exhibitors-list/year/2026""}, {""exhibition"": ""caspianagroweek"", ""exhibition_label"": ""Caspian Agro Week"", ""year"": ""2023"", ""category"": ""MEDİA"", ""stand"": ""P108"", ""company_id"": ""4932"", ""source_url"": ""https://caspianagroweek.az/az/exhibitors-list/year/2023""}, {""exhibition"": ""caspianagroweek"", ""exhibition_label"": ""Caspian Agro Week"", ""year"": ""2024"", ""category"": ""MEDİA"", ""stand"": ""4M017"", ""company_id"": """", ""source_url"": ""https://caspianagroweek.az/az/exhibitors-list/year/2024""}, {""exhibition"": ""caspianagroweek"", ""exhibition_label"": ""Caspian Agro Week"", ""year"": ""2025"", ""category"": ""MEDİA"", ""stand"": ""M112"", ""company_id"": ""4932"", ""source_url"": ""https://caspianagroweek.az/az/exhibitors-list/year/2025""}, {""exhibition"": ""caspianagroweek"", ""exhibition_label"": ""Caspian Agro Week"", ""year"": ""2026"", ""category"": ""MEDİA"", ""stand"": ""M102"", ""company_id"": ""4932"", ""source_url"": ""https://caspianagroweek.az/az/exhibitors-list/year/2026""}]}"
expo-00419,CASPIAN ENERGY GROUP MMC,Azərbaycan,MEDİA | TƏRƏFDAŞLAR | ÇELYABİNSK VİLAYƏTİ,1B334 | B1206 | B1208,BakuBuild | TransLogistica Caspian,2021 | 2022 | 2023 | 2024 | 2025 | 2026,7,"{""appearances"": [{""exhibition"": ""bakubuild"", ""exhibition_label"": ""BakuBuild"", ""year"": ""2021"", ""category"": ""TƏRƏFDAŞLAR"", ""stand"": ""B1208"", ""company_id"": ""6725"", ""source_url"": ""https://bakubuild.az/az/exhibitors-list/year/2021""}, {""exhibition"": ""bakubuild"", ""exhibition_label"": ""BakuBuild"", ""year"": ""2022"", ""category"": ""MEDİA"", ""stand"": ""B1206"", ""company_id"": ""6725"", ""source_url"": ""https://bakubuild.az/az/exhibitors-list/year/2022""}, {""exhibition"": ""bakubuild"", ""exhibition_label"": ""BakuBuild"", ""year"": ""2023"", ""category"": ""ÇELYABİNSK VİLAYƏTİ"", ""stand"": ""1B334"", ""company_id"": ""6725"", ""source_url"": ""https://bakubuild.az/az/exhibitors-list/year/2023""}, {""exhibition"": ""bakubuild"", ""exhibition_label"": ""BakuBuild"", ""year"": ""2024"", ""category"": ""MEDİA"", ""stand"": ""1B334"", ""company_id"": ""6725"", ""source_url"": ""https://bakubuild.az/az/exhibitors-list/year/2024""}, {""exhibition"": ""bakubuild"", ""exhibition_label"": ""BakuBuild"", ""year"": ""2025"", ""category"": ""TƏRƏFDAŞLAR"", ""stand"": ""1B334"", ""company_id"": ""6725"", ""source_url"": ""https://bakubuild.az/az/exhibitors-list/year/2025""}, {""exhibition"": ""bakubuild"", ""exhibition_label"": ""BakuBuild"", ""year"": ""2026"", ""category"": ""TƏRƏFDAŞLAR"", ""stand"": ""-"", ""company_id"": """", ""source_url"": ""https://bakubuild.az/az/exhibitors-list/year/2026""}, {""exhibition"": ""translogistica"", ""exhibition_label"": ""TransLogistica Caspian"", ""year"": ""2026"", ""category"": ""MEDİA"", ""stand"": ""-"", ""company_id"": ""6725"", ""source_url"": ""https://translogistica.az/az/exhibitors-list/year/2026""}]}"
expo-00420,CASPIAN ENERGY INTERNATIONAL MEDIA GROUP,Azərbaycan,MEDİA,P116 | P118 | P122 | P138,BakuBuild | Caspian Agro Week | Caspian Oil & Gas | InterFood Azerbaijan | Securex Caspian | TransLogistica Caspian,2019 | 2022 | 2025,8,"{""appearances"": [{""exhibition"": ""bakubuild"", ""exhibition_label"": ""BakuBuild"", ""year"": ""2019"", ""category"": ""MEDİA"", ""stand"": ""P138"", ""company_id"": ""4364"", ""source_url"": ""https://bakubuild.az/az/exhibitors-list/year/2019""}, {""exhibition"": ""interfood"", ""exhibition_label"": ""InterFood Azerbaijan"", ""year"": ""2019"", ""category"": ""MEDİA"", ""stand"": ""P116"", ""company_id"": ""4364"", ""source_url"": ""https://interfood.az/az/exhibitors-list/year/2019""}, {""exhibition"": ""interfood"", ""exhibition_label"": ""InterFood Azerbaijan"", ""year"": ""2025"", ""category"": ""MEDİA"", ""stand"": ""-"", ""company_id"": ""4364"", ""source_url"": ""https://interfood.az/az/exhibitors-list/year/2025""}, {""exhibition"": ""caspianoilgas"", ""exhibition_label"": ""Caspian Oil & Gas"", ""year"": ""2019"", ""category"": ""MEDİA"", ""stand"": ""P122"", ""company_id"": ""4364"", ""source_url"": ""https://caspianoilgas.az/az/exhibitors-list/year/2019""}, {""exhibition"": ""securexcaspian"", ""exhibition_label"": ""Securex Caspian"", ""year"": ""2019"", ""category"": ""MEDİA"", ""stand"": ""P138"", ""company_id"": ""4364"", ""source_url"": ""https://securexcaspian.az/az/exhibitors-list/year/2019""}, {""exhibition"": ""translogistica"", ""exhibition_label"": ""TransLogistica Caspian"", ""year"": ""2019"", ""category"": ""MEDİA"", ""stand"": ""P118"", ""company_id"": ""4364"", ""source_url"": ""https://translogistica.az/az/exhibitors-list/year/2019""}, {""exhibition"": ""translogistica"", ""exhibition_label"": ""TransLogistica Caspian"", ""year"": ""2022"", ""category"": ""MEDİA"", ""stand"": ""-"", ""company_id"": ""4364"", ""source_url"": ""https://translogistica.az/az/exhibitors-list/year/2022""}, {""exhibition"": ""caspianagroweek"", ""exhibition_label"": ""Caspian Agro Week"", ""year"": ""2025"", ""category"": ""MEDİA"", ""stand"": ""-"", ""company_id"": ""334781"", ""source_url"": ""https://caspianagroweek.az/az/exhibitors-list/year/2025""}]}"
expo-00421,CASPIAN EVENT ORGANISERS MMC,Azərbaycan,MEDİA,A212,Securex Caspian | TransLogistica Caspian,2025 | 2026,2,"{""appearances"": [{""exhibition"": ""securexcaspian"", ""exhibition_label"": ""Securex Caspian"", ""year"": ""2026"", ""category"": """", ""stand"": ""A212"", ""company_id"": ""352861"", ""source_url"": ""https://securexcaspian.az/az/exhibitors-list/year/2026""}, {""exhibition"": ""translogistica"", ""exhibition_label"": ""TransLogistica Caspian"", ""year"": ""2025"", ""category"": ""MEDİA"", ""stand"": ""-"", ""company_id"": ""4274"", ""source_url"": ""https://translogistica.az/az/exhibitors-list/year/2025""}]}"
expo-00422,CASPIAN GEO MMC,Azərbaycan,MEDİA,1012 | 2C084 | C1012,Caspian Oil & Gas,2019 | 2022 | 2024,3,"{""appearances"": [{""exhibition"": ""caspianoilgas"", ""exhibition_label"": ""Caspian Oil & Gas"", ""year"": ""2019"", ""category"": ""MEDİA"", ""stand"": ""1012"", ""company_id"": ""4638"", ""source_url"": ""https://caspianoilgas.az/az/exhibitors-list/year/2019""}, {""exhibition"": ""caspianoilgas"", ""exhibition_label"": ""Caspian Oil & Gas"", ""year"": ""2022"", ""category"": ""MEDİA"", ""stand"": ""C1012"", ""company_id"": ""4638"", ""source_url"": ""https://caspianoilgas.az/az/exhibitors-list/year/2022""}, {""exhibition"": ""caspianoilgas"", ""exhibition_label"": ""Caspian Oil & Gas"", ""year"": ""2024"", ""category"": ""MEDİA"", ""stand"": ""2C084"", ""company_id"": """", ""source_url"": ""https://caspianoilgas.az/az/exhibitors-list/year/2024""}]}"
expo-00423,CASPIAN ROCK SOLUTIONS,Azərbaycan,MEDİA,1C102-1,Caspian Oil & Gas,2026,1,"{""appearances"": [{""exhibition"": ""caspianoilgas"", ""exhibition_label"": ""Caspian Oil & Gas"", ""year"": ""2026"", ""category"": ""MEDİA"", ""stand"": ""1C102-1"", ""company_id"": ""352616"", ""source_url"": ""https://caspianoilgas.az/az/exhibitors-list/year/2026""}]}"
expo-00424,CASPİAN BARREL NEFT ARAŞDIRMALARI MƏRKƏZİ,Azərbaycan,MEDİA,,Caspian Oil & Gas,2019 | 2023 | 2024,3,"{""appearances"": [{""exhibition"": ""caspianoilgas"", ""exhibition_label"": ""Caspian Oil & Gas"", ""year"": ""2019"", ""category"": ""MEDİA"", ""stand"": ""-"", ""company_id"": ""5332"", ""source_url"": ""https://caspianoilgas.az/az/exhibitors-list/year/2019""}, {""exhibition"": ""caspianoilgas"", ""exhibition_label"": ""Caspian Oil & Gas"", ""year"": ""2023"", ""category"": ""MEDİA"", ""stand"": ""-"", ""company_id"": ""5332"", ""source_url"": ""https://caspianoilgas.az/az/exhibitors-list/year/2023""}, {""exhibition"": ""caspianoilgas"", ""exhibition_label"": ""Caspian Oil & Gas"", ""year"": ""2024"", ""category"": ""MEDİA"", ""stand"": ""-"", ""company_id"": """", ""source_url"": ""https://caspianoilgas.az/az/exhibitors-list/year/2024""}]}"
expo-00425,CASPİAN CABLE SYSTEMS MMC,Azərbaycan,MEDİA | TƏRƏFDAŞLAR | ÇELYABİNSK VİLAYƏTİ,1B142 | 1B226 | 1B242 | B1106,BakuBuild,2022 | 2023 | 2024 | 2025 | 2026,5,"{""appearances"": [{""exhibition"": ""bakubuild"", ""exhibition_label"": ""BakuBuild"", ""year"": ""2022"", ""category"": ""MEDİA"", ""stand"": ""B1106"", ""company_id"": ""7146"", ""source_url"": ""https://bakubuild.az/az/exhibitors-list/year/2022""}, {""exhibition"": ""bakubuild"", ""exhibition_label"": ""BakuBuild"", ""year"": ""2023"", ""category"": ""ÇELYABİNSK VİLAYƏTİ"", ""stand"": ""1B226"", ""company_id"": ""7146"", ""source_url"": ""https://bakubuild.az/az/exhibitors-list/year/2023""}, {""exhibition"": ""bakubuild"", ""exhibition_label"": ""BakuBuild"", ""year"": ""2024"", ""category"": ""MEDİA"", ""stand"": ""1B242"", ""company_id"": ""7146"", ""source_url"": ""https://bakubuild.az/az/exhibitors-list/year/2024""}, {""exhibition"": ""bakubuild"", ""exhibition_label"": ""BakuBuild"", ""year"": ""2025"", ""category"": ""TƏRƏFDAŞLAR"", ""stand"": ""1B142"", ""company_id"": ""7146"", ""source_url"": ""https://bakubuild.az/az/exhibitors-list/year/2025""}, {""exhibition"": ""bakubuild"", ""exhibition_label"": ""BakuBuild"", ""year"": ""2026"", ""category"": ""TƏRƏFDAŞLAR"", ""stand"": ""-"", ""company_id"": """", ""source_url"": ""https://bakubuild.az/az/exhibitors-list/year/2026""}]}"
expo-00426,CASPİAN ELEKTRİK,Azərbaycan,TƏRƏFDAŞLAR,B1306,BakuBuild | Securex Caspian,2019,2,"{""appearances"": [{""exhibition"": ""bakubuild"", ""exhibition_label"": ""BakuBuild"", ""year"": ""2019"", ""category"": ""TƏRƏFDAŞLAR"", ""stand"": ""B1306"", ""company_id"": ""5520"", ""source_url"": ""https://bakubuild.az/az/exhibitors-list/year/2019""}, {""exhibition"": ""securexcaspian"", ""exhibition_label"": ""Securex Caspian"", ""year"": ""2019"", ""category"": ""TƏRƏFDAŞLAR"", ""stand"": ""B1306"", ""company_id"": ""5520"", ""source_url"": ""https://securexcaspian.az/az/exhibitors-list/year/2019""}]}"
expo-00427,CASPİAN MARİNE SERVİCES B.V. AZERBAİJAN BRANCH,Azərbaycan,MEDİA,1C204,Caspian Oil & Gas,2023 | 2024,2,"{""appearances"": [{""exhibition"": ""caspianoilgas"", ""exhibition_label"": ""Caspian Oil & Gas"", ""year"": ""2023"", ""category"": ""MEDİA"", ""stand"": ""1C204"", ""company_id"": ""4588"", ""source_url"": ""https://caspianoilgas.az/az/exhibitors-list/year/2023""}, {""exhibition"": ""caspianoilgas"", ""exhibition_label"": ""Caspian Oil & Gas"", ""year"": ""2024"", ""category"": ""MEDİA"", ""stand"": ""1C204"", ""company_id"": ""4588"", ""source_url"": ""https://caspianoilgas.az/az/exhibitors-list/year/2024""}]}"
expo-00428,CASPİAN MARİNE SERVİCES B.V. AZERBAİJAN BRUNCH,Azərbaycan,MEDİA,1204 | C1204,Caspian Oil & Gas,2019 | 2022,2,"{""appearances"": [{""exhibition"": ""caspianoilgas"", ""exhibition_label"": ""Caspian Oil & Gas"", ""year"": ""2019"", ""category"": ""MEDİA"", ""stand"": ""1204"", ""company_id"": ""4588"", ""source_url"": ""https://caspianoilgas.az/az/exhibitors-list/year/2019""}, {""exhibition"": ""caspianoilgas"", ""exhibition_label"": ""Caspian Oil & Gas"", ""year"": ""2022"", ""category"": ""MEDİA"", ""stand"": ""C1204"", ""company_id"": ""4588"", ""source_url"": ""https://caspianoilgas.az/az/exhibitors-list/year/2022""}]}"
expo-00429,CASPİANSAT,Azərbaycan,MEDİA,1C132 | C1316,Caspian Oil & Gas,2022 | 2023,2,"{""appearances"": [{""exhibition"": ""caspianoilgas"", ""exhibition_label"": ""Caspian Oil & Gas"", ""year"": ""2022"", ""category"": ""MEDİA"", ""stand"": ""C1316"", ""company_id"": ""6203"", ""source_url"": ""https://caspianoilgas.az/az/exhibitors-list/year/2022""}, {""exhibition"": ""caspianoilgas"", ""exhibition_label"": ""Caspian Oil & Gas"", ""year"": ""2023"", ""category"": ""MEDİA"", ""stand"": ""1C132"", ""company_id"": ""273334"", ""source_url"": ""https://caspianoilgas.az/az/exhibitors-list/year/2023""}]}"
expo-00430,CASPİNOX MMC - STAİNLESS STEEL,Azərbaycan,TƏRƏFDAŞLAR,B1210 | B2206,BakuBuild | Securex Caspian,2019 | 2021,3,"{""appearances"": [{""exhibition"": ""bakubuild"", ""exhibition_label"": ""BakuBuild"", ""year"": ""2019"", ""category"": ""TƏRƏFDAŞLAR"", ""stand"": ""B2206"", ""company_id"": ""5893"", ""source_url"": ""https://bakubuild.az/az/exhibitors-list/year/2019""}, {""exhibition"": ""bakubuild"", ""exhibition_label"": ""BakuBuild"", ""year"": ""2021"", ""category"": ""TƏRƏFDAŞLAR"", ""stand"": ""B1210"", ""company_id"": ""5893"", ""source_url"": ""https://bakubuild.az/az/exhibitors-list/year/2021""}, {""exhibition"": ""securexcaspian"", ""exhibition_label"": ""Securex Caspian"", ""year"": ""2019"", ""category"": ""TƏRƏFDAŞLAR"", ""stand"": ""B2206"", ""company_id"": ""5893"", ""source_url"": ""https://securexcaspian.az/az/exhibitors-list/year/2019""}]}"
expo-00431,CAUCASUS CONSULTING GROUP OF COMPANIES MMC,Azərbaycan,MEDİA,,Caspian Agro Week,2025,1,"{""appearances"": [{""exhibition"": ""caspianagroweek"", ""exhibition_label"": ""Caspian Agro Week"", ""year"": ""2025"", ""category"": ""MEDİA"", ""stand"": ""-"", ""company_id"": """", ""source_url"": ""https://caspianagroweek.az/az/exhibitors-list/year/2025""}]}"
expo-00432,CAUCASUS INDUSTRİAL AND TRADE GROUP LTD LLC,Azərbaycan,MEDİA | TƏRƏFDAŞ,A2218 | A2224 | A4017,Caspian Agro Week,2019 | 2021 | 2022,3,"{""appearances"": [{""exhibition"": ""caspianagroweek"", ""exhibition_label"": ""Caspian Agro Week"", ""year"": ""2019"", ""category"": ""MEDİA"", ""stand"": ""A4017"", ""company_id"": ""5484"", ""source_url"": ""https://caspianagroweek.az/az/exhibitors-list/year/2019""}, {""exhibition"": ""caspianagroweek"", ""exhibition_label"": ""Caspian Agro Week"", ""year"": ""2021"", ""category"": ""TƏRƏFDAŞ"", ""stand"": ""A2218"", ""company_id"": ""5484"", ""source_url"": ""https://caspianagroweek.az/az/exhibitors-list/year/2021""}, {""exhibition"": ""caspianagroweek"", ""exhibition_label"": ""Caspian Agro Week"", ""year"": ""2022"", ""category"": ""MEDİA"", ""stand"": ""A2224"", ""company_id"": ""5484"", ""source_url"": ""https://caspianagroweek.az/az/exhibitors-list/year/2022""}]}"
expo-00433,CBC AZƏRBAYCАN,Azərbaycan,MEDİA,P118,Securex Caspian,2022,1,"{""appearances"": [{""exhibition"": ""securexcaspian"", ""exhibition_label"": ""Securex Caspian"", ""year"": ""2022"", ""category"": ""MEDİA"", ""stand"": ""P118"", ""company_id"": ""7622"", ""source_url"": ""https://securexcaspian.az/az/exhibitors-list/year/2022""}]}"
expo-00434,CELİKEL TARİM MAKİNALARİ,Azərbaycan,MEDİA,A5002-7,Caspian Agro Week,2022,1,"{""appearances"": [{""exhibition"": ""caspianagroweek"", ""exhibition_label"": ""Caspian Agro Week"", ""year"": ""2022"", ""category"": ""MEDİA"", ""stand"": ""A5002-7"", ""company_id"": """", ""source_url"": ""https://caspianagroweek.az/az/exhibitors-list/year/2022""}]}"
expo-00435,CENGİZ İNŞAAT SANAYİ VE TİCARET ANONİM ŞİRKETİNİN AZƏRBAYCAN RESPULİKASINDAKI FİLİALI,Azərbaycan,TƏRƏFDAŞLAR,B2072,BakuBuild,2021,1,"{""appearances"": [{""exhibition"": ""bakubuild"", ""exhibition_label"": ""BakuBuild"", ""year"": ""2021"", ""category"": ""TƏRƏFDAŞLAR"", ""stand"": ""B2072"", ""company_id"": ""6842"", ""source_url"": ""https://bakubuild.az/az/exhibitors-list/year/2021""}]}"
expo-00436,CERTS PMC SERVICES LIMITED,Azərbaycan,MEDİA,2C054,Caspian Oil & Gas,2026,1,"{""appearances"": [{""exhibition"": ""caspianoilgas"", ""exhibition_label"": ""Caspian Oil & Gas"", ""year"": ""2026"", ""category"": ""MEDİA"", ""stand"": ""2C054"", ""company_id"": ""352543"", ""source_url"": ""https://caspianoilgas.az/az/exhibitors-list/year/2026""}]}"
expo-00437,CEYLON FRESH TEAS PVT LTD,Azərbaycan,MEDİA | MURMANSK VİLAYETİ,1F032 | F1054,InterFood Azerbaijan,2019 | 2023,2,"{""appearances"": [{""exhibition"": ""interfood"", ""exhibition_label"": ""InterFood Azerbaijan"", ""year"": ""2019"", ""category"": ""MEDİA"", ""stand"": ""F1054"", ""company_id"": ""4730"", ""source_url"": ""https://interfood.az/az/exhibitors-list/year/2019""}, {""exhibition"": ""interfood"", ""exhibition_label"": ""InterFood Azerbaijan"", ""year"": ""2023"", ""category"": ""MURMANSK VİLAYETİ"", ""stand"": ""1F032"", ""company_id"": ""4730"", ""source_url"": ""https://interfood.az/az/exhibitors-list/year/2023""}]}"
expo-00438,CEYLON TEA LAND (PVT) LTD,Azərbaycan,MEDİA,F2336,InterFood Azerbaijan,2022,1,"{""appearances"": [{""exhibition"": ""interfood"", ""exhibition_label"": ""InterFood Azerbaijan"", ""year"": ""2022"", ""category"": ""MEDİA"", ""stand"": ""F2336"", ""company_id"": ""6996"", ""source_url"": ""https://interfood.az/az/exhibitors-list/year/2022""}]}"
expo-00439,CHINA AGRO,Azərbaycan,MEDİA,,Caspian Agro Week,2026,1,"{""appearances"": [{""exhibition"": ""caspianagroweek"", ""exhibition_label"": ""Caspian Agro Week"", ""year"": ""2026"", ""category"": ""MEDİA"", ""stand"": ""-"", ""company_id"": """", ""source_url"": ""https://caspianagroweek.az/az/exhibitors-list/year/2026""}]}"
expo-00440,CİHAZ ISTEHSALAT BİRLİYİ,Azərbaycan,MEDİA,A3202-3,Securex Caspian,2022,1,"{""appearances"": [{""exhibition"": ""securexcaspian"", ""exhibition_label"": ""Securex Caspian"", ""year"": ""2022"", ""category"": ""MEDİA"", ""stand"": ""A3202-3"", ""company_id"": ""6421"", ""source_url"": ""https://securexcaspian.az/az/exhibitors-list/year/2022""}]}"
expo-00441,CİMUKA KULUCKA MAKİNESİ,Azərbaycan,MEDİA,A5002-8,Caspian Agro Week,2022,1,"{""appearances"": [{""exhibition"": ""caspianagroweek"", ""exhibition_label"": ""Caspian Agro Week"", ""year"": ""2022"", ""category"": ""MEDİA"", ""stand"": ""A5002-8"", ""company_id"": """", ""source_url"": ""https://caspianagroweek.az/az/exhibitors-list/year/2022""}]}"
expo-00442,CİTY MANSİON,Azərbaycan,TƏRƏFDAŞLAR,,BakuBuild,2021,1,"{""appearances"": [{""exhibition"": ""bakubuild"", ""exhibition_label"": ""BakuBuild"", ""year"": ""2021"", ""category"": ""TƏRƏFDAŞLAR"", ""stand"": ""-"", ""company_id"": ""6837"", ""source_url"": ""https://bakubuild.az/az/exhibitors-list/year/2021""}]}"
expo-00443,CİTYLİFE.AZ,Azərbaycan,MEDİA,,Aquatherm Baku | BakuBuild | Securex Caspian,2019 | 2021,4,"{""appearances"": [{""exhibition"": ""bakubuild"", ""exhibition_label"": ""BakuBuild"", ""year"": ""2019"", ""category"": ""MEDİA"", ""stand"": ""-"", ""company_id"": """", ""source_url"": ""https://bakubuild.az/az/exhibitors-list/year/2019""}, {""exhibition"": ""bakubuild"", ""exhibition_label"": ""BakuBuild"", ""year"": ""2021"", ""category"": ""MEDİA"", ""stand"": ""-"", ""company_id"": """", ""source_url"": ""https://bakubuild.az/az/exhibitors-list/year/2021""}, {""exhibition"": ""aquatherm"", ""exhibition_label"": ""Aquatherm Baku"", ""year"": ""2021"", ""category"": ""MEDİA"", ""stand"": ""-"", ""company_id"": """", ""source_url"": ""https://aquatherm.az/az/exhibitors-list/year/2021""}, {""exhibition"": ""securexcaspian"", ""exhibition_label"": ""Securex Caspian"", ""year"": ""2019"", ""category"": ""MEDİA"", ""stand"": ""-"", ""company_id"": """", ""source_url"": ""https://securexcaspian.az/az/exhibitors-list/year/2019""}]}"
expo-00444,CİTYMAG.AZ,Azərbaycan,MEDİA,,Aquatherm Baku | BakuBuild | Securex Caspian,2019 | 2021,4,"{""appearances"": [{""exhibition"": ""bakubuild"", ""exhibition_label"": ""BakuBuild"", ""year"": ""2019"", ""category"": ""MEDİA"", ""stand"": ""-"", ""company_id"": """", ""source_url"": ""https://bakubuild.az/az/exhibitors-list/year/2019""}, {""exhibition"": ""bakubuild"", ""exhibition_label"": ""BakuBuild"", ""year"": ""2021"", ""category"": ""MEDİA"", ""stand"": ""-"", ""company_id"": """", ""source_url"": ""https://bakubuild.az/az/exhibitors-list/year/2021""}, {""exhibition"": ""aquatherm"", ""exhibition_label"": ""Aquatherm Baku"", ""year"": ""2021"", ""category"": ""MEDİA"", ""stand"": ""-"", ""company_id"": """", ""source_url"": ""https://aquatherm.az/az/exhibitors-list/year/2021""}, {""exhibition"": ""securexcaspian"", ""exhibition_label"": ""Securex Caspian"", ""year"": ""2019"", ""category"": ""MEDİA"", ""stand"": ""-"", ""company_id"": """", ""source_url"": ""https://securexcaspian.az/az/exhibitors-list/year/2019""}]}"
expo-00445,CJ ICM LOGISTICS,Azərbaycan,MEDİA,2T340 | 2T440,TransLogistica Caspian,2023 | 2024 | 2025,3,"{""appearances"": [{""exhibition"": ""translogistica"", ""exhibition_label"": ""TransLogistica Caspian"", ""year"": ""2023"", ""category"": ""MEDİA"", ""stand"": ""2T440"", ""company_id"": ""8042"", ""source_url"": ""https://translogistica.az/az/exhibitors-list/year/2023""}, {""exhibition"": ""translogistica"", ""exhibition_label"": ""TransLogistica Caspian"", ""year"": ""2024"", ""category"": ""MEDİA"", ""stand"": ""2T440"", ""company_id"": ""8042"", ""source_url"": ""https://translogistica.az/az/exhibitors-list/year/2024""}, {""exhibition"": ""translogistica"", ""exhibition_label"": ""TransLogistica Caspian"", ""year"": ""2025"", ""category"": ""MEDİA"", ""stand"": ""2T340"", ""company_id"": ""8042"", ""source_url"": ""https://translogistica.az/az/exhibitors-list/year/2025""}]}"
expo-00446,CK TRADING MMC,Azərbaycan,MEDİA,4A310,Aquatherm Baku,2025 | 2026,2,"{""appearances"": [{""exhibition"": ""aquatherm"", ""exhibition_label"": ""Aquatherm Baku"", ""year"": ""2025"", ""category"": ""MEDİA"", ""stand"": ""4A310"", ""company_id"": ""345216"", ""source_url"": ""https://aquatherm.az/az/exhibitors-list/year/2025""}, {""exhibition"": ""aquatherm"", ""exhibition_label"": ""Aquatherm Baku"", ""year"": ""2026"", ""category"": """", ""stand"": ""-"", ""company_id"": """", ""source_url"": ""https://aquatherm.az/az/exhibitors-list/year/2026""}]}"
expo-00447,CLASS 5A120,Azərbaycan,MEDİA,5A120,Caspian Agro Week,2023,1,"{""appearances"": [{""exhibition"": ""caspianagroweek"", ""exhibition_label"": ""Caspian Agro Week"", ""year"": ""2023"", ""category"": ""MEDİA"", ""stand"": ""5A120"", ""company_id"": """", ""source_url"": ""https://caspianagroweek.az/az/exhibitors-list/year/2023""}]}"
expo-00448,CMT GROUP MMC,Azərbaycan,MEDİA,C1042,Caspian Oil & Gas,2022,1,"{""appearances"": [{""exhibition"": ""caspianoilgas"", ""exhibition_label"": ""Caspian Oil & Gas"", ""year"": ""2022"", ""category"": ""MEDİA"", ""stand"": ""C1042"", ""company_id"": ""6198"", ""source_url"": ""https://caspianoilgas.az/az/exhibitors-list/year/2022""}]}"
expo-00449,CORN PROCESSİNG COMPANY,Azərbaycan,AZƏRSHƏKƏR MMC | MEDİA,2A330-3 | A1218,Caspian Agro Week,2019 | 2025 | 2026,3,"{""appearances"": [{""exhibition"": ""caspianagroweek"", ""exhibition_label"": ""Caspian Agro Week"", ""year"": ""2019"", ""category"": ""MEDİA"", ""stand"": ""A1218"", ""company_id"": ""4709"", ""source_url"": ""https://caspianagroweek.az/az/exhibitors-list/year/2019""}, {""exhibition"": ""caspianagroweek"", ""exhibition_label"": ""Caspian Agro Week"", ""year"": ""2025"", ""category"": ""MEDİA"", ""stand"": ""2A330-3"", ""company_id"": """", ""source_url"": ""https://caspianagroweek.az/az/exhibitors-list/year/2025""}, {""exhibition"": ""caspianagroweek"", ""exhibition_label"": ""Caspian Agro Week"", ""year"": ""2026"", ""category"": ""AZƏRSHƏKƏR MMC"", ""stand"": ""2A330-3"", ""company_id"": """", ""source_url"": ""https://caspianagroweek.az/az/exhibitors-list/year/2026""}]}"
expo-00450,COSTA COFFEE,Azərbaycan,MEDİA | TƏRƏFDAŞ | TƏRƏFDAŞLAR | ŞİRVAN AQRO MMC,2M050 | M118,BakuBuild | Caspian Agro Week | Caspian Oil & Gas | InterFood Azerbaijan | TransLogistica Caspian,2025 | 2026,7,"{""appearances"": [{""exhibition"": ""bakubuild"", ""exhibition_label"": ""BakuBuild"", ""year"": ""2025"", ""category"": ""TƏRƏFDAŞLAR"", ""stand"": ""-"", ""company_id"": """", ""source_url"": ""https://bakubuild.az/az/exhibitors-list/year/2025""}, {""exhibition"": ""interfood"", ""exhibition_label"": ""InterFood Azerbaijan"", ""year"": ""2026"", ""category"": ""ŞİRVAN AQRO MMC"", ""stand"": ""-"", ""company_id"": """", ""source_url"": ""https://interfood.az/az/exhibitors-list/year/2026""}, {""exhibition"": ""caspianoilgas"", ""exhibition_label"": ""Caspian Oil & Gas"", ""year"": ""2025"", ""category"": ""MEDİA"", ""stand"": ""-"", ""company_id"": """", ""source_url"": ""https://caspianoilgas.az/az/exhibitors-list/year/2025""}, {""exhibition"": ""caspianoilgas"", ""exhibition_label"": ""Caspian Oil & Gas"", ""year"": ""2026"", ""category"": ""MEDİA"", ""stand"": ""2M050"", ""company_id"": """", ""source_url"": ""https://caspianoilgas.az/az/exhibitors-list/year/2026""}, {""exhibition"": ""translogistica"", ""exhibition_label"": ""TransLogistica Caspian"", ""year"": ""2026"", ""category"": ""MEDİA"", ""stand"": ""-"", ""company_id"": """", ""source_url"": ""https://translogistica.az/az/exhibitors-list/year/2026""}, {""exhibition"": ""caspianagroweek"", ""exhibition_label"": ""Caspian Agro Week"", ""year"": ""2025"", ""category"": ""MEDİA"", ""stand"": ""-"", ""company_id"": """", ""source_url"": ""https://caspianagroweek.az/az/exhibitors-list/year/2025""}, {""exhibition"": ""caspianagroweek"", ""exhibition_label"": ""Caspian Agro Week"", ""year"": ""2026"", ""category"": ""TƏRƏFDAŞ"", ""stand"": ""M118"", ""company_id"": """", ""source_url"": ""https://caspianagroweek.az/az/exhibitors-list/year/2026""}]}"
expo-00451,CRISPA SNACKS MMC,Azərbaycan,MEDİA | NAXÇIVAN MUXTAR RESPUBLİKASININ MİLLİ STENDİ,4F102-1 | F1010-6,InterFood Azerbaijan,2022 | 2025,2,"{""appearances"": [{""exhibition"": ""interfood"", ""exhibition_label"": ""InterFood Azerbaijan"", ""year"": ""2022"", ""category"": ""MEDİA"", ""stand"": ""F1010-6"", ""company_id"": """", ""source_url"": ""https://interfood.az/az/exhibitors-list/year/2022""}, {""exhibition"": ""interfood"", ""exhibition_label"": ""InterFood Azerbaijan"", ""year"": ""2025"", ""category"": ""NAXÇIVAN MUXTAR RESPUBLİKASININ MİLLİ STENDİ"", ""stand"": ""4F102-1"", ""company_id"": """", ""source_url"": ""https://interfood.az/az/exhibitors-list/year/2025""}]}"
expo-00452,CVH MÜHƏNDİSLİK MMC,Azərbaycan,MEDİA,4A008,Aquatherm Baku,2025,1,"{""appearances"": [{""exhibition"": ""aquatherm"", ""exhibition_label"": ""Aquatherm Baku"", ""year"": ""2025"", ""category"": ""MEDİA"", ""stand"": ""4A008"", ""company_id"": ""346983"", ""source_url"": ""https://aquatherm.az/az/exhibitors-list/year/2025""}]}"
expo-00453,CYBERSPACE,Azərbaycan,TƏRƏFDAŞLAR,B1316,BakuBuild,2021,1,"{""appearances"": [{""exhibition"": ""bakubuild"", ""exhibition_label"": ""BakuBuild"", ""year"": ""2021"", ""category"": ""TƏRƏFDAŞLAR"", ""stand"": ""B1316"", ""company_id"": ""6734"", ""source_url"": ""https://bakubuild.az/az/exhibitors-list/year/2021""}]}"
expo-00454,CƏLILABAD DÖVLƏT PEŞƏ TƏHSIL MƏRKƏZI PHŞ,Azərbaycan,TƏRƏFDAŞ,2A510,Caspian Agro Week,2026,1,"{""appearances"": [{""exhibition"": ""caspianagroweek"", ""exhibition_label"": ""Caspian Agro Week"", ""year"": ""2026"", ""category"": ""TƏRƏFDAŞ"", ""stand"": ""2A510"", ""company_id"": """", ""source_url"": ""https://caspianagroweek.az/az/exhibitors-list/year/2026""}]}"
expo-00455,DADIM,Azərbaycan,TƏRƏFDAŞ,,Caspian Agro Week,2026,1,"{""appearances"": [{""exhibition"": ""caspianagroweek"", ""exhibition_label"": ""Caspian Agro Week"", ""year"": ""2026"", ""category"": ""TƏRƏFDAŞ"", ""stand"": ""-"", ""company_id"": """", ""source_url"": ""https://caspianagroweek.az/az/exhibitors-list/year/2026""}]}"
expo-00456,DAHUA TECHNOLOGY AZERBAIJAN,Azərbaycan,MEDİA,1A004,Securex Caspian,2024,1,"{""appearances"": [{""exhibition"": ""securexcaspian"", ""exhibition_label"": ""Securex Caspian"", ""year"": ""2024"", ""category"": ""MEDİA"", ""stand"": ""1A004"", ""company_id"": ""310844"", ""source_url"": ""https://securexcaspian.az/az/exhibitors-list/year/2024""}]}"
expo-00457,DAMLA AZTƏMİNATLI AİLƏLƏRƏ QAYĞI İCTİMAİ BİRLİYİ,Azərbaycan,MEDİA | ÇELYABİNSK VİLAYƏTİ,4M022,BakuBuild,2023 | 2024,2,"{""appearances"": [{""exhibition"": ""bakubuild"", ""exhibition_label"": ""BakuBuild"", ""year"": ""2023"", ""category"": ""ÇELYABİNSK VİLAYƏTİ"", ""stand"": ""-"", ""company_id"": ""4310"", ""source_url"": ""https://bakubuild.az/az/exhibitors-list/year/2023""}, {""exhibition"": ""bakubuild"", ""exhibition_label"": ""BakuBuild"", ""year"": ""2024"", ""category"": ""MEDİA"", ""stand"": ""4M022"", ""company_id"": """", ""source_url"": ""https://bakubuild.az/az/exhibitors-list/year/2024""}]}"
expo-00458,DAMLA İB,Azərbaycan,MEDİA | TƏRƏFDAŞLAR,2M060 | 2M411,BakuBuild | Caspian Agro Week | Caspian Oil & Gas,2024 | 2025,3,"{""appearances"": [{""exhibition"": ""bakubuild"", ""exhibition_label"": ""BakuBuild"", ""year"": ""2025"", ""category"": ""TƏRƏFDAŞLAR"", ""stand"": ""2M060"", ""company_id"": ""320955"", ""source_url"": ""https://bakubuild.az/az/exhibitors-list/year/2025""}, {""exhibition"": ""caspianoilgas"", ""exhibition_label"": ""Caspian Oil & Gas"", ""year"": ""2024"", ""category"": ""MEDİA"", ""stand"": ""2M411"", ""company_id"": ""320955"", ""source_url"": ""https://caspianoilgas.az/az/exhibitors-list/year/2024""}, {""exhibition"": ""caspianagroweek"", ""exhibition_label"": ""Caspian Agro Week"", ""year"": ""2025"", ""category"": ""MEDİA"", ""stand"": ""-"", ""company_id"": ""320955"", ""source_url"": ""https://caspianagroweek.az/az/exhibitors-list/year/2025""}]}"
expo-00459,DASHİNMAZEMLAK.AZ,Azərbaycan,MEDİA,,BakuBuild | Securex Caspian,2019,2,"{""appearances"": [{""exhibition"": ""bakubuild"", ""exhibition_label"": ""BakuBuild"", ""year"": ""2019"", ""category"": ""MEDİA"", ""stand"": ""-"", ""company_id"": ""5862"", ""source_url"": ""https://bakubuild.az/az/exhibitors-list/year/2019""}, {""exhibition"": ""securexcaspian"", ""exhibition_label"": ""Securex Caspian"", ""year"": ""2019"", ""category"": ""MEDİA"", ""stand"": ""-"", ""company_id"": ""5862"", ""source_url"": ""https://securexcaspian.az/az/exhibitors-list/year/2019""}]}"
expo-00460,DASTAN AGRO MMC,Azərbaycan,MEDİA,A2428/A5122-1,Caspian Agro Week,2022,1,"{""appearances"": [{""exhibition"": ""caspianagroweek"", ""exhibition_label"": ""Caspian Agro Week"", ""year"": ""2022"", ""category"": ""MEDİA"", ""stand"": ""A2428/A5122-1"", ""company_id"": """", ""source_url"": ""https://caspianagroweek.az/az/exhibitors-list/year/2022""}]}"
expo-00461,DECOFLORA,Azərbaycan,MEDİA,,Caspian Agro Week,2025,1,"{""appearances"": [{""exhibition"": ""caspianagroweek"", ""exhibition_label"": ""Caspian Agro Week"", ""year"": ""2025"", ""category"": ""MEDİA"", ""stand"": ""-"", ""company_id"": """", ""source_url"": ""https://caspianagroweek.az/az/exhibitors-list/year/2025""}]}"
expo-00462,DECOFORM MMC,Azərbaycan,TƏRƏFDAŞLAR,,BakuBuild,2026,1,"{""appearances"": [{""exhibition"": ""bakubuild"", ""exhibition_label"": ""BakuBuild"", ""year"": ""2026"", ""category"": ""TƏRƏFDAŞLAR"", ""stand"": ""-"", ""company_id"": ""363186"", ""source_url"": ""https://bakubuild.az/az/exhibitors-list/year/2026""}]}"
expo-00463,DECOR LAB MMC,Azərbaycan,TƏRƏFDAŞLAR,,BakuBuild,2026,1,"{""appearances"": [{""exhibition"": ""bakubuild"", ""exhibition_label"": ""BakuBuild"", ""year"": ""2026"", ""category"": ""TƏRƏFDAŞLAR"", ""stand"": ""-"", ""company_id"": """", ""source_url"": ""https://bakubuild.az/az/exhibitors-list/year/2026""}]}"
expo-00464,DEEPSEA TECHNOLOGIES,Azərbaycan,MEDİA,1C014,Caspian Oil & Gas,2026,1,"{""appearances"": [{""exhibition"": ""caspianoilgas"", ""exhibition_label"": ""Caspian Oil & Gas"", ""year"": ""2026"", ""category"": ""MEDİA"", ""stand"": ""1C014"", ""company_id"": ""359729"", ""source_url"": ""https://caspianoilgas.az/az/exhibitors-list/year/2026""}]}"
expo-00465,DEFENCE STAR,Azərbaycan,MEDİA,,Securex Caspian,2024,1,"{""appearances"": [{""exhibition"": ""securexcaspian"", ""exhibition_label"": ""Securex Caspian"", ""year"": ""2024"", ""category"": ""MEDİA"", ""stand"": ""-"", ""company_id"": """", ""source_url"": ""https://securexcaspian.az/az/exhibitors-list/year/2024""}]}"
expo-00466,DENİZXEBER.AZ,Azərbaycan,MEDİA,,TransLogistica Caspian,2019,1,"{""appearances"": [{""exhibition"": ""translogistica"", ""exhibition_label"": ""TransLogistica Caspian"", ""year"": ""2019"", ""category"": ""MEDİA"", ""stand"": ""-"", ""company_id"": ""5451"", ""source_url"": ""https://translogistica.az/az/exhibitors-list/year/2019""}]}"
expo-00467,DIALOQ TREYD MMC,Azərbaycan,MEDİA,2A034,Caspian Agro Week,2023,1,"{""appearances"": [{""exhibition"": ""caspianagroweek"", ""exhibition_label"": ""Caspian Agro Week"", ""year"": ""2023"", ""category"": ""MEDİA"", ""stand"": ""2A034"", ""company_id"": ""8008"", ""source_url"": ""https://caspianagroweek.az/az/exhibitors-list/year/2023""}]}"
expo-00468,DIGITAL UMBRELLA MMC,Azərbaycan,MEDİA,2A140 | 2A424 | 3A132,Caspian Agro Week,2023 | 2024 | 2025,3,"{""appearances"": [{""exhibition"": ""caspianagroweek"", ""exhibition_label"": ""Caspian Agro Week"", ""year"": ""2023"", ""category"": ""MEDİA"", ""stand"": ""3A132"", ""company_id"": ""275734"", ""source_url"": ""https://caspianagroweek.az/az/exhibitors-list/year/2023""}, {""exhibition"": ""caspianagroweek"", ""exhibition_label"": ""Caspian Agro Week"", ""year"": ""2024"", ""category"": ""MEDİA"", ""stand"": ""2A424"", ""company_id"": ""275734"", ""source_url"": ""https://caspianagroweek.az/az/exhibitors-list/year/2024""}, {""exhibition"": ""caspianagroweek"", ""exhibition_label"": ""Caspian Agro Week"", ""year"": ""2025"", ""category"": ""MEDİA"", ""stand"": ""2A140"", ""company_id"": ""275734"", ""source_url"": ""https://caspianagroweek.az/az/exhibitors-list/year/2025""}]}"
expo-00469,DIGITALE ADVERTISING AGENCY,Azərbaycan,MEDİA,,Caspian Agro Week | Caspian Oil & Gas | TransLogistica Caspian,2025,3,"{""appearances"": [{""exhibition"": ""caspianoilgas"", ""exhibition_label"": ""Caspian Oil & Gas"", ""year"": ""2025"", ""category"": ""MEDİA"", ""stand"": ""-"", ""company_id"": """", ""source_url"": ""https://caspianoilgas.az/az/exhibitors-list/year/2025""}, {""exhibition"": ""translogistica"", ""exhibition_label"": ""TransLogistica Caspian"", ""year"": ""2025"", ""category"": ""MEDİA"", ""stand"": ""-"", ""company_id"": """", ""source_url"": ""https://translogistica.az/az/exhibitors-list/year/2025""}, {""exhibition"": ""caspianagroweek"", ""exhibition_label"": ""Caspian Agro Week"", ""year"": ""2025"", ""category"": ""MEDİA"", ""stand"": ""-"", ""company_id"": """", ""source_url"": ""https://caspianagroweek.az/az/exhibitors-list/year/2025""}]}"
expo-00470,DIRECT AG MMC,Azərbaycan,MEDİA,3A210,Caspian Agro Week,2023,1,"{""appearances"": [{""exhibition"": ""caspianagroweek"", ""exhibition_label"": ""Caspian Agro Week"", ""year"": ""2023"", ""category"": ""MEDİA"", ""stand"": ""3A210"", ""company_id"": ""273817"", ""source_url"": ""https://caspianagroweek.az/az/exhibitors-list/year/2023""}]}"
expo-00471,DISTECHSOL MMC,Azərbaycan,MEDİA,2S034 | S2030,Securex Caspian,2022 | 2024,2,"{""appearances"": [{""exhibition"": ""securexcaspian"", ""exhibition_label"": ""Securex Caspian"", ""year"": ""2022"", ""category"": ""MEDİA"", ""stand"": ""S2030"", ""company_id"": ""7354"", ""source_url"": ""https://securexcaspian.az/az/exhibitors-list/year/2022""}, {""exhibition"": ""securexcaspian"", ""exhibition_label"": ""Securex Caspian"", ""year"": ""2024"", ""category"": ""MEDİA"", ""stand"": ""2S034"", ""company_id"": ""310148"", ""source_url"": ""https://securexcaspian.az/az/exhibitors-list/year/2024""}]}"
expo-00472,DİZEL.AZ,Azərbaycan,MEDİA,,BakuBuild | Caspian Agro Week | Caspian Oil & Gas | Securex Caspian | TransLogistica Caspian,2019 | 2022,8,"{""appearances"": [{""exhibition"": ""bakubuild"", ""exhibition_label"": ""BakuBuild"", ""year"": ""2019"", ""category"": ""MEDİA"", ""stand"": ""-"", ""company_id"": ""5280"", ""source_url"": ""https://bakubuild.az/az/exhibitors-list/year/2019""}, {""exhibition"": ""caspianoilgas"", ""exhibition_label"": ""Caspian Oil & Gas"", ""year"": ""2019"", ""category"": ""MEDİA"", ""stand"": ""-"", ""company_id"": ""5280"", ""source_url"": ""https://caspianoilgas.az/az/exhibitors-list/year/2019""}, {""exhibition"": ""caspianoilgas"", ""exhibition_label"": ""Caspian Oil & Gas"", ""year"": ""2022"", ""category"": ""MEDİA"", ""stand"": ""-"", ""company_id"": ""5280"", ""source_url"": ""https://caspianoilgas.az/az/exhibitors-list/year/2022""}, {""exhibition"": ""securexcaspian"", ""exhibition_label"": ""Securex Caspian"", ""year"": ""2019"", ""category"": ""MEDİA"", ""stand"": ""-"", ""company_id"": ""5280"", ""source_url"": ""https://securexcaspian.az/az/exhibitors-list/year/2019""}, {""exhibition"": ""translogistica"", ""exhibition_label"": ""TransLogistica Caspian"", ""year"": ""2019"", ""category"": ""MEDİA"", ""stand"": ""-"", ""company_id"": ""5280"", ""source_url"": ""https://translogistica.az/az/exhibitors-list/year/2019""}, {""exhibition"": ""translogistica"", ""exhibition_label"": ""TransLogistica Caspian"", ""year"": ""2022"", ""category"": ""MEDİA"", ""stand"": ""-"", ""company_id"": ""5280"", ""source_url"": ""https://translogistica.az/az/exhibitors-list/year/2022""}, {""exhibition"": ""caspianagroweek"", ""exhibition_label"": ""Caspian Agro Week"", ""year"": ""2019"", ""category"": ""MEDİA"", ""stand"": ""-"", ""company_id"": ""5280"", ""source_url"": ""https://caspianagroweek.az/az/exhibitors-list/year/2019""}, {""exhibition"": ""caspianagroweek"", ""exhibition_label"": ""Caspian Agro Week"", ""year"": ""2022"", ""category"": ""MEDİA"", ""stand"": ""-"", ""company_id"": ""5280"", ""source_url"": ""https://caspianagroweek.az/az/exhibitors-list/year/2022""}]}"
expo-00473,DOLCHA FOODS,Azərbaycan,NAXÇIVAN MUXTAR RESPUBLİKASININ MİLLİ STENDİ,4F102-3,InterFood Azerbaijan,2025,1,"{""appearances"": [{""exhibition"": ""interfood"", ""exhibition_label"": ""InterFood Azerbaijan"", ""year"": ""2025"", ""category"": ""NAXÇIVAN MUXTAR RESPUBLİKASININ MİLLİ STENDİ"", ""stand"": ""4F102-3"", ""company_id"": """", ""source_url"": ""https://interfood.az/az/exhibitors-list/year/2025""}]}"
expo-00474,DR. CAM,Azərbaycan,TƏRƏFDAŞ,2A011,Caspian Agro Week,2026,1,"{""appearances"": [{""exhibition"": ""caspianagroweek"", ""exhibition_label"": ""Caspian Agro Week"", ""year"": ""2026"", ""category"": ""TƏRƏFDAŞ"", ""stand"": ""2A011"", ""company_id"": """", ""source_url"": ""https://caspianagroweek.az/az/exhibitors-list/year/2026""}]}"
expo-00475,DR.BIO,Azərbaycan,MEDİA,1A220,Caspian Agro Week,2025,1,"{""appearances"": [{""exhibition"": ""caspianagroweek"", ""exhibition_label"": ""Caspian Agro Week"", ""year"": ""2025"", ""category"": ""MEDİA"", ""stand"": ""1A220"", ""company_id"": ""7949"", ""source_url"": ""https://caspianagroweek.az/az/exhibitors-list/year/2025""}]}"
expo-00476,DTK DERGISI,Azərbaycan,MEDİA,,TransLogistica Caspian,2026,1,"{""appearances"": [{""exhibition"": ""translogistica"", ""exhibition_label"": ""TransLogistica Caspian"", ""year"": ""2026"", ""category"": ""MEDİA"", ""stand"": ""-"", ""company_id"": """", ""source_url"": ""https://translogistica.az/az/exhibitors-list/year/2026""}]}"
expo-00477,DÖNMƏZLƏR,Azərbaycan,MEDİA,A5010-1/A5010-2-3,Caspian Agro Week,2022,1,"{""appearances"": [{""exhibition"": ""caspianagroweek"", ""exhibition_label"": ""Caspian Agro Week"", ""year"": ""2022"", ""category"": ""MEDİA"", ""stand"": ""A5010-1/A5010-2-3"", ""company_id"": """", ""source_url"": ""https://caspianagroweek.az/az/exhibitors-list/year/2022""}]}"
expo-00478,DÖVLƏT AVTOMOBİL NƏQLİYYATI XİDMƏTİ (DANX),Azərbaycan,MEDİA,1206,TransLogistica Caspian,2019,1,"{""appearances"": [{""exhibition"": ""translogistica"", ""exhibition_label"": ""TransLogistica Caspian"", ""year"": ""2019"", ""category"": ""MEDİA"", ""stand"": ""1206"", ""company_id"": ""4319"", ""source_url"": ""https://translogistica.az/az/exhibitors-list/year/2019""}]}"
expo-00479,DƏNİZ GƏMİÇİLİYİ REGİSTRİ MMC,Azərbaycan,MEDİA,1124 | 2T046 | 2T070,TransLogistica Caspian,2022 | 2023 | 2024,3,"{""appearances"": [{""exhibition"": ""translogistica"", ""exhibition_label"": ""TransLogistica Caspian"", ""year"": ""2022"", ""category"": ""MEDİA"", ""stand"": ""1124"", ""company_id"": ""4766"", ""source_url"": ""https://translogistica.az/az/exhibitors-list/year/2022""}, {""exhibition"": ""translogistica"", ""exhibition_label"": ""TransLogistica Caspian"", ""year"": ""2023"", ""category"": ""MEDİA"", ""stand"": ""2T046"", ""company_id"": ""4766"", ""source_url"": ""https://translogistica.az/az/exhibitors-list/year/2023""}, {""exhibition"": ""translogistica"", ""exhibition_label"": ""TransLogistica Caspian"", ""year"": ""2024"", ""category"": ""MEDİA"", ""stand"": ""2T070"", ""company_id"": ""310660"", ""source_url"": ""https://translogistica.az/az/exhibitors-list/year/2024""}]}"
expo-00480,E-FARM CIS,Azərbaycan,MEDİA,A2034,Caspian Agro Week,2019,1,"{""appearances"": [{""exhibition"": ""caspianagroweek"", ""exhibition_label"": ""Caspian Agro Week"", ""year"": ""2019"", ""category"": ""MEDİA"", ""stand"": ""A2034"", ""company_id"": ""4827"", ""source_url"": ""https://caspianagroweek.az/az/exhibitors-list/year/2019""}]}"
expo-00481,ECO LOGISTICS,Azərbaycan,MEDİA,2t350-5,TransLogistica Caspian,2026,1,"{""appearances"": [{""exhibition"": ""translogistica"", ""exhibition_label"": ""TransLogistica Caspian"", ""year"": ""2026"", ""category"": ""MEDİA"", ""stand"": ""2t350-5"", ""company_id"": ""352520"", ""source_url"": ""https://translogistica.az/az/exhibitors-list/year/2026""}]}"
expo-00482,ECONOTES/MİNİ BOSS,Azərbaycan,MEDİA,,Caspian Oil & Gas,2024,1,"{""appearances"": [{""exhibition"": ""caspianoilgas"", ""exhibition_label"": ""Caspian Oil & Gas"", ""year"": ""2024"", ""category"": ""MEDİA"", ""stand"": ""-"", ""company_id"": """", ""source_url"": ""https://caspianoilgas.az/az/exhibitors-list/year/2024""}]}"
expo-00483,EKİN ENDÜSTRİYEL ISITMA SOĞUTMA SANAYİ VE TİCARET A.Ş.,Azərbaycan,MEDİA,2A122,Aquatherm Baku,2024,1,"{""appearances"": [{""exhibition"": ""aquatherm"", ""exhibition_label"": ""Aquatherm Baku"", ""year"": ""2024"", ""category"": ""MEDİA"", ""stand"": ""2A122"", ""company_id"": ""320662"", ""source_url"": ""https://aquatherm.az/az/exhibitors-list/year/2024""}]}"
expo-00484,EKOL MÜHƏNDİSLİK XİDMƏTLƏRİ QSC,Azərbaycan,MEDİA,2014 | 2C012 | C2014,Caspian Oil & Gas,2019 | 2022 | 2023,3,"{""appearances"": [{""exhibition"": ""caspianoilgas"", ""exhibition_label"": ""Caspian Oil & Gas"", ""year"": ""2019"", ""category"": ""MEDİA"", ""stand"": ""2014"", ""company_id"": ""4759"", ""source_url"": ""https://caspianoilgas.az/az/exhibitors-list/year/2019""}, {""exhibition"": ""caspianoilgas"", ""exhibition_label"": ""Caspian Oil & Gas"", ""year"": ""2022"", ""category"": ""MEDİA"", ""stand"": ""C2014"", ""company_id"": ""4759"", ""source_url"": ""https://caspianoilgas.az/az/exhibitors-list/year/2022""}, {""exhibition"": ""caspianoilgas"", ""exhibition_label"": ""Caspian Oil & Gas"", ""year"": ""2023"", ""category"": ""MEDİA"", ""stand"": ""2C012"", ""company_id"": ""4759"", ""source_url"": ""https://caspianoilgas.az/az/exhibitors-list/year/2023""}]}"
expo-00485,EL LOGİSTİCS GROUP QSC,Azərbaycan,MEDİA,2T352 | T2318,TransLogistica Caspian,2022 | 2023 | 2024,3,"{""appearances"": [{""exhibition"": ""translogistica"", ""exhibition_label"": ""TransLogistica Caspian"", ""year"": ""2022"", ""category"": ""MEDİA"", ""stand"": ""T2318"", ""company_id"": ""7305"", ""source_url"": ""https://translogistica.az/az/exhibitors-list/year/2022""}, {""exhibition"": ""translogistica"", ""exhibition_label"": ""TransLogistica Caspian"", ""year"": ""2023"", ""category"": ""MEDİA"", ""stand"": ""2T352"", ""company_id"": ""7305"", ""source_url"": ""https://translogistica.az/az/exhibitors-list/year/2023""}, {""exhibition"": ""translogistica"", ""exhibition_label"": ""TransLogistica Caspian"", ""year"": ""2024"", ""category"": ""MEDİA"", ""stand"": ""2T352"", ""company_id"": ""7305"", ""source_url"": ""https://translogistica.az/az/exhibitors-list/year/2024""}]}"
expo-00486,ELBERG,Azərbaycan,MEDİA,1B230,BakuBuild,2024,1,"{""appearances"": [{""exhibition"": ""bakubuild"", ""exhibition_label"": ""BakuBuild"", ""year"": ""2024"", ""category"": ""MEDİA"", ""stand"": ""1B230"", ""company_id"": ""310021"", ""source_url"": ""https://bakubuild.az/az/exhibitors-list/year/2024""}]}"
expo-00487,EMA QSC,Azərbaycan,MEDİA | TƏRƏFDAŞ,2A220 | A2108 | A3202,Caspian Agro Week,2019 | 2022 | 2026,3,"{""appearances"": [{""exhibition"": ""caspianagroweek"", ""exhibition_label"": ""Caspian Agro Week"", ""year"": ""2019"", ""category"": ""MEDİA"", ""stand"": ""A3202"", ""company_id"": ""5425"", ""source_url"": ""https://caspianagroweek.az/az/exhibitors-list/year/2019""}, {""exhibition"": ""caspianagroweek"", ""exhibition_label"": ""Caspian Agro Week"", ""year"": ""2022"", ""category"": ""MEDİA"", ""stand"": ""A2108"", ""company_id"": ""5425"", ""source_url"": ""https://caspianagroweek.az/az/exhibitors-list/year/2022""}, {""exhibition"": ""caspianagroweek"", ""exhibition_label"": ""Caspian Agro Week"", ""year"": ""2026"", ""category"": ""TƏRƏFDAŞ"", ""stand"": ""2A220"", ""company_id"": ""5425"", ""source_url"": ""https://caspianagroweek.az/az/exhibitors-list/year/2026""}]}"
expo-00488,EMBAWOOD MMC,Azərbaycan,TƏRƏFDAŞLAR,B1106,BakuBuild,2021,1,"{""appearances"": [{""exhibition"": ""bakubuild"", ""exhibition_label"": ""BakuBuild"", ""year"": ""2021"", ""category"": ""TƏRƏFDAŞLAR"", ""stand"": ""B1106"", ""company_id"": ""6671"", ""source_url"": ""https://bakubuild.az/az/exhibitors-list/year/2021""}]}"
expo-00489,EMINLER GROUP,Azərbaycan,ŞİRVAN AQRO MMC,4F056,InterFood Azerbaijan,2026,1,"{""appearances"": [{""exhibition"": ""interfood"", ""exhibition_label"": ""InterFood Azerbaijan"", ""year"": ""2026"", ""category"": ""ŞİRVAN AQRO MMC"", ""stand"": ""4F056"", ""company_id"": ""352162"", ""source_url"": ""https://interfood.az/az/exhibitors-list/year/2026""}]}"
expo-00490,EMLAK.AZ,Azərbaycan,MEDİA,P132,BakuBuild | Securex Caspian,2019,2,"{""appearances"": [{""exhibition"": ""bakubuild"", ""exhibition_label"": ""BakuBuild"", ""year"": ""2019"", ""category"": ""MEDİA"", ""stand"": ""P132"", ""company_id"": ""5860"", ""source_url"": ""https://bakubuild.az/az/exhibitors-list/year/2019""}, {""exhibition"": ""securexcaspian"", ""exhibition_label"": ""Securex Caspian"", ""year"": ""2019"", ""category"": ""MEDİA"", ""stand"": ""P132"", ""company_id"": ""5860"", ""source_url"": ""https://securexcaspian.az/az/exhibitors-list/year/2019""}]}"
expo-00491,ENERGETIKA BELARUSI,Azərbaycan,MEDİA,,Caspian Oil & Gas,2024,1,"{""appearances"": [{""exhibition"": ""caspianoilgas"", ""exhibition_label"": ""Caspian Oil & Gas"", ""year"": ""2024"", ""category"": ""MEDİA"", ""stand"": ""-"", ""company_id"": """", ""source_url"": ""https://caspianoilgas.az/az/exhibitors-list/year/2024""}]}"
expo-00492,ENERJI N MMC,Azərbaycan,TƏRƏFDAŞLAR,,BakuBuild,2025,1,"{""appearances"": [{""exhibition"": ""bakubuild"", ""exhibition_label"": ""BakuBuild"", ""year"": ""2025"", ""category"": ""TƏRƏFDAŞLAR"", ""stand"": ""-"", ""company_id"": """", ""source_url"": ""https://bakubuild.az/az/exhibitors-list/year/2025""}]}"
expo-00493,ENERMUS QSC,Azərbaycan,MEDİA,1C060 | 2C088/1,Caspian Oil & Gas,2025 | 2026,2,"{""appearances"": [{""exhibition"": ""caspianoilgas"", ""exhibition_label"": ""Caspian Oil & Gas"", ""year"": ""2025"", ""category"": ""MEDİA"", ""stand"": ""2C088/1"", ""company_id"": ""334139"", ""source_url"": ""https://caspianoilgas.az/az/exhibitors-list/year/2025""}, {""exhibition"": ""caspianoilgas"", ""exhibition_label"": ""Caspian Oil & Gas"", ""year"": ""2026"", ""category"": ""MEDİA"", ""stand"": ""1C060"", ""company_id"": ""352460"", ""source_url"": ""https://caspianoilgas.az/az/exhibitors-list/year/2026""}]}"
expo-00494,ENSOL MMC,Azərbaycan,MEDİA,2A026,Caspian Agro Week,2025,1,"{""appearances"": [{""exhibition"": ""caspianagroweek"", ""exhibition_label"": ""Caspian Agro Week"", ""year"": ""2025"", ""category"": ""MEDİA"", ""stand"": ""2A026"", ""company_id"": ""333914"", ""source_url"": ""https://caspianagroweek.az/az/exhibitors-list/year/2025""}]}"
expo-00495,EQUİNOR,Azərbaycan,MEDİA,,Caspian Oil & Gas,2023,1,"{""appearances"": [{""exhibition"": ""caspianoilgas"", ""exhibition_label"": ""Caspian Oil & Gas"", ""year"": ""2023"", ""category"": ""MEDİA"", ""stand"": ""-"", ""company_id"": ""4812"", ""source_url"": ""https://caspianoilgas.az/az/exhibitors-list/year/2023""}]}"
expo-00496,ERTANLAR,Azərbaycan,MEDİA,A5010-1/A5010-2-8,Caspian Agro Week,2022,1,"{""appearances"": [{""exhibition"": ""caspianagroweek"", ""exhibition_label"": ""Caspian Agro Week"", ""year"": ""2022"", ""category"": ""MEDİA"", ""stand"": ""A5010-1/A5010-2-8"", ""company_id"": """", ""source_url"": ""https://caspianagroweek.az/az/exhibitors-list/year/2022""}]}"
expo-00497,ESASEM SPA,Azərbaycan,MEDİA,2A042,Caspian Agro Week,2025,1,"{""appearances"": [{""exhibition"": ""caspianagroweek"", ""exhibition_label"": ""Caspian Agro Week"", ""year"": ""2025"", ""category"": ""MEDİA"", ""stand"": ""2A042"", ""company_id"": ""333779"", ""source_url"": ""https://caspianagroweek.az/az/exhibitors-list/year/2025""}]}"
expo-00498,ESEN TEKSTIL,Azərbaycan,MEDİA,2C130,Caspian Oil & Gas,2024,1,"{""appearances"": [{""exhibition"": ""caspianoilgas"", ""exhibition_label"": ""Caspian Oil & Gas"", ""year"": ""2024"", ""category"": ""MEDİA"", ""stand"": ""2C130"", ""company_id"": """", ""source_url"": ""https://caspianoilgas.az/az/exhibitors-list/year/2024""}]}"
expo-00499,ESPRESSO MOBİL AZE,Azərbaycan,TƏRƏFDAŞ,AAAA,Caspian Agro Week,2021,1,"{""appearances"": [{""exhibition"": ""caspianagroweek"", ""exhibition_label"": ""Caspian Agro Week"", ""year"": ""2021"", ""category"": ""TƏRƏFDAŞ"", ""stand"": ""AAAA"", ""company_id"": ""6071"", ""source_url"": ""https://caspianagroweek.az/az/exhibitors-list/year/2021""}]}"
expo-00500,ESTET ENGİNEERİNG,Azərbaycan,MEDİA | TƏRƏFDAŞLAR,1B132 | 1B244,BakuBuild,2024 | 2025,2,"{""appearances"": [{""exhibition"": ""bakubuild"", ""exhibition_label"": ""BakuBuild"", ""year"": ""2024"", ""category"": ""MEDİA"", ""stand"": ""1B244"", ""company_id"": ""7377"", ""source_url"": ""https://bakubuild.az/az/exhibitors-list/year/2024""}, {""exhibition"": ""bakubuild"", ""exhibition_label"": ""BakuBuild"", ""year"": ""2025"", ""category"": ""TƏRƏFDAŞLAR"", ""stand"": ""1B132"", ""company_id"": ""7377"", ""source_url"": ""https://bakubuild.az/az/exhibitors-list/year/2025""}]}"
expo-00501,"EU LAYİHƏSİ ""YURDUMUN LƏZZƏTİ"" BRENDİ HÜSEYNOV VÜSAL",Azərbaycan,MEDİA,F1010-3,InterFood Azerbaijan,2022,1,"{""appearances"": [{""exhibition"": ""interfood"", ""exhibition_label"": ""InterFood Azerbaijan"", ""year"": ""2022"", ""category"": ""MEDİA"", ""stand"": ""F1010-3"", ""company_id"": """", ""source_url"": ""https://interfood.az/az/exhibitors-list/year/2022""}]}"
expo-00502,EUROCLİMA MMC,Azərbaycan,MEDİA | TƏRƏFDAŞLAR,2A124 | 2A126 | A2114,Aquatherm Baku | Securex Caspian,2019 | 2023 | 2024,4,"{""appearances"": [{""exhibition"": ""aquatherm"", ""exhibition_label"": ""Aquatherm Baku"", ""year"": ""2019"", ""category"": ""TƏRƏFDAŞLAR"", ""stand"": ""A2114"", ""company_id"": ""5675"", ""source_url"": ""https://aquatherm.az/az/exhibitors-list/year/2019""}, {""exhibition"": ""aquatherm"", ""exhibition_label"": ""Aquatherm Baku"", ""year"": ""2023"", ""category"": ""MEDİA"", ""stand"": ""2A124"", ""company_id"": ""5675"", ""source_url"": ""https://aquatherm.az/az/exhibitors-list/year/2023""}, {""exhibition"": ""aquatherm"", ""exhibition_label"": ""Aquatherm Baku"", ""year"": ""2024"", ""category"": ""MEDİA"", ""stand"": ""2A126"", ""company_id"": ""5675"", ""source_url"": ""https://aquatherm.az/az/exhibitors-list/year/2024""}, {""exhibition"": ""securexcaspian"", ""exhibition_label"": ""Securex Caspian"", ""year"": ""2019"", ""category"": ""TƏRƏFDAŞLAR"", ""stand"": ""A2114"", ""company_id"": ""5675"", ""source_url"": ""https://securexcaspian.az/az/exhibitors-list/year/2019""}]}"
expo-00503,EUROFLOOR,Azərbaycan,MEDİA,1B018,BakuBuild,2024,1,"{""appearances"": [{""exhibition"": ""bakubuild"", ""exhibition_label"": ""BakuBuild"", ""year"": ""2024"", ""category"": ""MEDİA"", ""stand"": ""1B018"", ""company_id"": ""313810"", ""source_url"": ""https://bakubuild.az/az/exhibitors-list/year/2024""}]}"
expo-00504,EURONEWS,Azərbaycan,MEDİA,1M016,Caspian Oil & Gas,2026,1,"{""appearances"": [{""exhibition"": ""caspianoilgas"", ""exhibition_label"": ""Caspian Oil & Gas"", ""year"": ""2026"", ""category"": ""MEDİA"", ""stand"": ""1M016"", ""company_id"": """", ""source_url"": ""https://caspianoilgas.az/az/exhibitors-list/year/2026""}]}"
expo-00505,EV VE İNTERYER JURNALI,Azərbaycan,MEDİA,,BakuBuild | Securex Caspian,2019,2,"{""appearances"": [{""exhibition"": ""bakubuild"", ""exhibition_label"": ""BakuBuild"", ""year"": ""2019"", ""category"": ""MEDİA"", ""stand"": ""-"", ""company_id"": ""5854"", ""source_url"": ""https://bakubuild.az/az/exhibitors-list/year/2019""}, {""exhibition"": ""securexcaspian"", ""exhibition_label"": ""Securex Caspian"", ""year"": ""2019"", ""category"": ""MEDİA"", ""stand"": ""-"", ""company_id"": ""5854"", ""source_url"": ""https://securexcaspian.az/az/exhibitors-list/year/2019""}]}"
expo-00506,EVAKUATOR.AZ ММC,Azərbaycan,MEDİA,2T320,TransLogistica Caspian,2024,1,"{""appearances"": [{""exhibition"": ""translogistica"", ""exhibition_label"": ""TransLogistica Caspian"", ""year"": ""2024"", ""category"": ""MEDİA"", ""stand"": ""2T320"", ""company_id"": ""8006"", ""source_url"": ""https://translogistica.az/az/exhibitors-list/year/2024""}]}"
expo-00507,EVEREST KİŞ ŞİRKƏTİ,Azərbaycan,TƏRƏFDAŞLAR,B2122,BakuBuild,2021,1,"{""appearances"": [{""exhibition"": ""bakubuild"", ""exhibition_label"": ""BakuBuild"", ""year"": ""2021"", ""category"": ""TƏRƏFDAŞLAR"", ""stand"": ""B2122"", ""company_id"": ""6763"", ""source_url"": ""https://bakubuild.az/az/exhibitors-list/year/2021""}]}"
expo-00508,EVİM CONSRTUCTİON MMC,Azərbaycan,MEDİA | TƏRƏFDAŞLAR,B1006 | B1076,BakuBuild,2021 | 2022,2,"{""appearances"": [{""exhibition"": ""bakubuild"", ""exhibition_label"": ""BakuBuild"", ""year"": ""2021"", ""category"": ""TƏRƏFDAŞLAR"", ""stand"": ""B1076"", ""company_id"": ""6537"", ""source_url"": ""https://bakubuild.az/az/exhibitors-list/year/2021""}, {""exhibition"": ""bakubuild"", ""exhibition_label"": ""BakuBuild"", ""year"": ""2022"", ""category"": ""MEDİA"", ""stand"": ""B1006"", ""company_id"": ""6537"", ""source_url"": ""https://bakubuild.az/az/exhibitors-list/year/2022""}]}"
expo-00509,EXPERT AGRO SERVICES MMC,Azərbaycan,MEDİA,2A310,Caspian Agro Week,2023,1,"{""appearances"": [{""exhibition"": ""caspianagroweek"", ""exhibition_label"": ""Caspian Agro Week"", ""year"": ""2023"", ""category"": ""MEDİA"", ""stand"": ""2A310"", ""company_id"": ""7611"", ""source_url"": ""https://caspianagroweek.az/az/exhibitors-list/year/2023""}]}"
expo-00510,FA VALLEY,Azərbaycan,MEDİA | NAXÇIVAN MUXTAR RESPUBLİKASININ MİLLİ STENDİ,4A027-1 | 4F102-5,Caspian Agro Week | InterFood Azerbaijan,2024 | 2025,2,"{""appearances"": [{""exhibition"": ""interfood"", ""exhibition_label"": ""InterFood Azerbaijan"", ""year"": ""2025"", ""category"": ""NAXÇIVAN MUXTAR RESPUBLİKASININ MİLLİ STENDİ"", ""stand"": ""4F102-5"", ""company_id"": """", ""source_url"": ""https://interfood.az/az/exhibitors-list/year/2025""}, {""exhibition"": ""caspianagroweek"", ""exhibition_label"": ""Caspian Agro Week"", ""year"": ""2024"", ""category"": ""MEDİA"", ""stand"": ""4A027-1"", ""company_id"": """", ""source_url"": ""https://caspianagroweek.az/az/exhibitors-list/year/2024""}]}"
expo-00511,FACEMARK.AZ,Azərbaycan,MEDİA,,Aquatherm Baku | BakuBuild | Beauty Expo Baku | Caspian Agro Week | Caspian Oil & Gas | InterFood Azerbaijan | Securex Caspian | TransLogistica Caspian,2019,9,"{""appearances"": [{""exhibition"": ""bakubuild"", ""exhibition_label"": ""BakuBuild"", ""year"": ""2019"", ""category"": ""MEDİA"", ""stand"": ""-"", ""company_id"": ""4261"", ""source_url"": ""https://bakubuild.az/az/exhibitors-list/year/2019""}, {""exhibition"": ""aquatherm"", ""exhibition_label"": ""Aquatherm Baku"", ""year"": ""2019"", ""category"": ""MEDİA"", ""stand"": ""-"", ""company_id"": ""4261"", ""source_url"": ""https://aquatherm.az/az/exhibitors-list/year/2019""}, {""exhibition"": ""beautyexpo"", ""exhibition_label"": ""Beauty Expo Baku"", ""year"": ""2019"", ""category"": ""MEDİA"", ""stand"": ""-"", ""company_id"": ""4261"", ""source_url"": ""https://beautyexpo.az/az/exhibitors-list/year/2019""}, {""exhibition"": ""interfood"", ""exhibition_label"": ""InterFood Azerbaijan"", ""year"": ""2019"", ""category"": ""MEDİA"", ""stand"": ""-"", ""company_id"": ""4261"", ""source_url"": ""https://interfood.az/az/exhibitors-list/year/2019""}, {""exhibition"": ""caspianoilgas"", ""exhibition_label"": ""Caspian Oil & Gas"", ""year"": ""2019"", ""category"": ""MEDİA"", ""stand"": ""-"", ""company_id"": ""4261"", ""source_url"": ""https://caspianoilgas.az/az/exhibitors-list/year/2019""}, {""exhibition"": ""securexcaspian"", ""exhibition_label"": ""Securex Caspian"", ""year"": ""2019"", ""category"": ""MEDİA"", ""stand"": ""-"", ""company_id"": ""4261"", ""source_url"": ""https://securexcaspian.az/az/exhibitors-list/year/2019""}, {""exhibition"": ""securexcaspian"", ""exhibition_label"": ""Securex Caspian"", ""year"": ""2019"", ""category"": ""MEDİA"", ""stand"": ""-"", ""company_id"": ""4261"", ""source_url"": ""https://securexcaspian.az/az/exhibitors-list/year/2019""}, {""exhibition"": ""translogistica"", ""exhibition_label"": ""TransLogistica Caspian"", ""year"": ""2019"", ""category"": ""MEDİA"", ""stand"": ""-"", ""company_id"": ""4261"", ""source_url"": ""https://translogistica.az/az/exhibitors-list/year/2019""}, {""exhibition"": ""caspianagroweek"", ""exhibition_label"": ""Caspian Agro Week"", ""year"": ""2019"", ""category"": ""MEDİA"", ""stand"": ""-"", ""company_id"": ""4261"", ""source_url"": ""https://caspianagroweek.az/az/exhibitors-list/year/2019""}]}"
expo-00512,FAKTOR.AZ,Azərbaycan,MEDİA,,Caspian Agro Week | Caspian Oil & Gas | TransLogistica Caspian,2026,3,"{""appearances"": [{""exhibition"": ""caspianoilgas"", ""exhibition_label"": ""Caspian Oil & Gas"", ""year"": ""2026"", ""category"": ""MEDİA"", ""stand"": ""-"", ""company_id"": ""353427"", ""source_url"": ""https://caspianoilgas.az/az/exhibitors-list/year/2026""}, {""exhibition"": ""translogistica"", ""exhibition_label"": ""TransLogistica Caspian"", ""year"": ""2026"", ""category"": ""MEDİA"", ""stand"": ""-"", ""company_id"": ""353427"", ""source_url"": ""https://translogistica.az/az/exhibitors-list/year/2026""}, {""exhibition"": ""caspianagroweek"", ""exhibition_label"": ""Caspian Agro Week"", ""year"": ""2026"", ""category"": ""MEDİA"", ""stand"": ""-"", ""company_id"": ""353427"", ""source_url"": ""https://caspianagroweek.az/az/exhibitors-list/year/2026""}]}"
expo-00513,FARMTECH CİFTLİK MAKİNE,Azərbaycan,MEDİA,A5002-5,Caspian Agro Week,2022,1,"{""appearances"": [{""exhibition"": ""caspianagroweek"", ""exhibition_label"": ""Caspian Agro Week"", ""year"": ""2022"", ""category"": ""MEDİA"", ""stand"": ""A5002-5"", ""company_id"": """", ""source_url"": ""https://caspianagroweek.az/az/exhibitors-list/year/2022""}]}"
expo-00514,FAYTON LTD,Azərbaycan,TƏRƏFDAŞLAR,B2201,BakuBuild | Securex Caspian,2019,2,"{""appearances"": [{""exhibition"": ""bakubuild"", ""exhibition_label"": ""BakuBuild"", ""year"": ""2019"", ""category"": ""TƏRƏFDAŞLAR"", ""stand"": ""B2201"", ""company_id"": ""6010"", ""source_url"": ""https://bakubuild.az/az/exhibitors-list/year/2019""}, {""exhibition"": ""securexcaspian"", ""exhibition_label"": ""Securex Caspian"", ""year"": ""2019"", ""category"": ""TƏRƏFDAŞLAR"", ""stand"": ""B2201"", ""company_id"": ""6010"", ""source_url"": ""https://securexcaspian.az/az/exhibitors-list/year/2019""}]}"
expo-00515,FENİX CONSTRUCTİON,Azərbaycan,TƏRƏFDAŞLAR,B1328,BakuBuild | Securex Caspian,2019,2,"{""appearances"": [{""exhibition"": ""bakubuild"", ""exhibition_label"": ""BakuBuild"", ""year"": ""2019"", ""category"": ""TƏRƏFDAŞLAR"", ""stand"": ""B1328"", ""company_id"": ""5610"", ""source_url"": ""https://bakubuild.az/az/exhibitors-list/year/2019""}, {""exhibition"": ""securexcaspian"", ""exhibition_label"": ""Securex Caspian"", ""year"": ""2019"", ""category"": ""TƏRƏFDAŞLAR"", ""stand"": ""B1328"", ""company_id"": ""5610"", ""source_url"": ""https://securexcaspian.az/az/exhibitors-list/year/2019""}]}"
expo-00516,FERROGYM,Azərbaycan,MEDİA | ÇELYABİNSK VİLAYƏTİ,2B434,BakuBuild,2023 | 2024,2,"{""appearances"": [{""exhibition"": ""bakubuild"", ""exhibition_label"": ""BakuBuild"", ""year"": ""2023"", ""category"": ""ÇELYABİNSK VİLAYƏTİ"", ""stand"": ""2B434"", ""company_id"": ""7986"", ""source_url"": ""https://bakubuild.az/az/exhibitors-list/year/2023""}, {""exhibition"": ""bakubuild"", ""exhibition_label"": ""BakuBuild"", ""year"": ""2024"", ""category"": ""MEDİA"", ""stand"": ""2B434"", ""company_id"": ""7986"", ""source_url"": ""https://bakubuild.az/az/exhibitors-list/year/2024""}]}"
expo-00517,FIRE SAFETY CASPIAN AZERBAIJAN MMC,Azərbaycan,MEDİA,2060,BakuBuild | Caspian Oil & Gas,2019 | 2022,2,"{""appearances"": [{""exhibition"": ""bakubuild"", ""exhibition_label"": ""BakuBuild"", ""year"": ""2022"", ""category"": ""MEDİA"", ""stand"": ""-"", ""company_id"": ""5476"", ""source_url"": ""https://bakubuild.az/az/exhibitors-list/year/2022""}, {""exhibition"": ""caspianoilgas"", ""exhibition_label"": ""Caspian Oil & Gas"", ""year"": ""2019"", ""category"": ""MEDİA"", ""stand"": ""2060"", ""company_id"": ""5476"", ""source_url"": ""https://caspianoilgas.az/az/exhibitors-list/year/2019""}]}"
expo-00518,FIZIKI ŞƏXS ƏHMƏDOV İLQAR YAŞAR OĞLU,Azərbaycan,AZPROMO,4F204-7,InterFood Azerbaijan,2026,1,"{""appearances"": [{""exhibition"": ""interfood"", ""exhibition_label"": ""InterFood Azerbaijan"", ""year"": ""2026"", ""category"": ""AZPROMO"", ""stand"": ""4F204-7"", ""company_id"": """", ""source_url"": ""https://interfood.az/az/exhibitors-list/year/2026""}]}"
expo-00519,FİNEKO AİA,Azərbaycan,MEDİA,,Aquatherm Baku | BakuBuild | Beauty Expo Baku | Caspian Agro Week | Caspian Oil & Gas | InterFood Azerbaijan | Plastex Caspian | Securex Caspian | TransLogistica Caspian,2019 | 2021 | 2022 | 2023 | 2024 | 2025 | 2026,39,"{""appearances"": [{""exhibition"": ""bakubuild"", ""exhibition_label"": ""BakuBuild"", ""year"": ""2019"", ""category"": ""MEDİA"", ""stand"": ""-"", ""company_id"": ""4266"", ""source_url"": ""https://bakubuild.az/az/exhibitors-list/year/2019""}, {""exhibition"": ""bakubuild"", ""exhibition_label"": ""BakuBuild"", ""year"": ""2021"", ""category"": ""MEDİA"", ""stand"": ""-"", ""company_id"": ""4266"", ""source_url"": ""https://bakubuild.az/az/exhibitors-list/year/2021""}, {""exhibition"": ""bakubuild"", ""exhibition_label"": ""BakuBuild"", ""year"": ""2022"", ""category"": ""MEDİA"", ""stand"": ""-"", ""company_id"": ""4266"", ""source_url"": ""https://bakubuild.az/az/exhibitors-list/year/2022""}, {""exhibition"": ""bakubuild"", ""exhibition_label"": ""BakuBuild"", ""year"": ""2023"", ""category"": ""MEDİA"", ""stand"": ""-"", ""company_id"": ""4266"", ""source_url"": ""https://bakubuild.az/az/exhibitors-list/year/2023""}, {""exhibition"": ""bakubuild"", ""exhibition_label"": ""BakuBuild"", ""year"": ""2024"", ""category"": ""MEDİA"", ""stand"": ""-"", ""company_id"": ""4266"", ""source_url"": ""https://bakubuild.az/az/exhibitors-list/year/2024""}, {""exhibition"": ""bakubuild"", ""exhibition_label"": ""BakuBuild"", ""year"": ""2025"", ""category"": ""MEDİA"", ""stand"": ""-"", ""company_id"": ""4266"", ""source_url"": ""https://bakubuild.az/az/exhibitors-list/year/2025""}, {""exhibition"": ""aquatherm"", ""exhibition_label"": ""Aquatherm Baku"", ""year"": ""2019"", ""category"": ""MEDİA"", ""stand"": ""-"", ""company_id"": ""4266"", ""source_url"": ""https://aquatherm.az/az/exhibitors-list/year/2019""}, {""exhibition"": ""aquatherm"", ""exhibition_label"": ""Aquatherm Baku"", ""year"": ""2021"", ""category"": ""MEDİA"", ""stand"": ""-"", ""company_id"": ""4266"", ""source_url"": ""https://aquatherm.az/az/exhibitors-list/year/2021""}, {""exhibition"": ""aquatherm"", ""exhibition_label"": ""Aquatherm Baku"", ""year"": ""2022"", ""category"": ""MEDİA"", ""stand"": ""-"", ""company_id"": ""4266"", ""source_url"": ""https://aquatherm.az/az/exhibitors-list/year/2022""}, {""exhibition"": ""aquatherm"", ""exhibition_label"": ""Aquatherm Baku"", ""year"": ""2023"", ""category"": ""MEDİA"", ""stand"": ""-"", ""company_id"": ""4266"", ""source_url"": ""https://aquatherm.az/az/exhibitors-list/year/2023""}, {""exhibition"": ""aquatherm"", ""exhibition_label"": ""Aquatherm Baku"", ""year"": ""2024"", ""category"": ""MEDİA"", ""stand"": ""-"", ""company_id"": ""4266"", ""source_url"": ""https://aquatherm.az/az/exhibitors-list/year/2024""}, {""exhibition"": ""aquatherm"", ""exhibition_label"": ""Aquatherm Baku"", ""year"": ""2025"", ""category"": ""MEDİA"", ""stand"": ""-"", ""company_id"": ""4266"", ""source_url"": ""https://aquatherm.az/az/exhibitors-list/year/2025""}, {""exhibition"": ""beautyexpo"", ""exhibition_label"": ""Beauty Expo Baku"", ""year"": ""2019"", ""category"": ""MEDİA"", ""stand"": ""-"", ""company_id"": ""4266"", ""source_url"": ""https://beautyexpo.az/az/exhibitors-list/year/2019""}, {""exhibition"": ""beautyexpo"", ""exhibition_label"": ""Beauty Expo Baku"", ""year"": ""2022"", ""category"": ""MEDİA"", ""stand"": ""-"", ""company_id"": ""4266"", ""source_url"": ""https://beautyexpo.az/az/exhibitors-list/year/2022""}, {""exhibition"": ""beautyexpo"", ""exhibition_label"": ""Beauty Expo Baku"", ""year"": ""2023"", ""category"": ""MEDİA"", ""stand"": ""-"", ""company_id"": ""4266"", ""source_url"": ""https://beautyexpo.az/az/exhibitors-list/year/2023""}, {""exhibition"": ""interfood"", ""exhibition_label"": ""InterFood Azerbaijan"", ""year"": ""2019"", ""category"": ""MEDİA"", ""stand"": ""-"", ""company_id"": ""4266"", ""source_url"": ""https://interfood.az/az/exhibitors-list/year/2019""}, {""exhibition"": ""interfood"", ""exhibition_label"": ""InterFood Azerbaijan"", ""year"": ""2023"", ""category"": ""MEDİA"", ""stand"": ""-"", ""company_id"": ""4266"", ""source_url"": ""https://interfood.az/az/exhibitors-list/year/2023""}, {""exhibition"": ""interfood"", ""exhibition_label"": ""InterFood Azerbaijan"", ""year"": ""2024"", ""category"": ""MEDİA"", ""stand"": ""-"", ""company_id"": """", ""source_url"": ""https://interfood.az/az/exhibitors-list/year/2024""}, {""exhibition"": ""interfood"", ""exhibition_label"": ""InterFood Azerbaijan"", ""year"": ""2025"", ""category"": ""MEDİA"", ""stand"": ""-"", ""company_id"": ""4266"", ""source_url"": ""https://interfood.az/az/exhibitors-list/year/2025""}, {""exhibition"": ""interfood"", ""exhibition_label"": ""InterFood Azerbaijan"", ""year"": ""2026"", ""category"": ""MEDİA"", ""stand"": ""-"", ""company_id"": ""4266"", ""source_url"": ""https://interfood.az/az/exhibitors-list/year/2026""}, {""exhibition"": ""caspianoilgas"", ""exhibition_label"": ""Caspian Oil & Gas"", ""year"": ""2019"", ""category"": ""MEDİA"", ""stand"": ""-"", ""company_id"": ""4266"", ""source_url"": ""https://caspianoilgas.az/az/exhibitors-list/year/2019""}, {""exhibition"": ""caspianoilgas"", ""exhibition_label"": ""Caspian Oil & Gas"", ""year"": ""2022"", ""category"": ""MEDİA"", ""stand"": ""-"", ""company_id"": ""4266"", ""source_url"": ""https://caspianoilgas.az/az/exhibitors-list/year/2022""}, {""exhibition"": ""caspianoilgas"", ""exhibition_label"": ""Caspian Oil & Gas"", ""year"": ""2023"", ""category"": ""MEDİA"", ""stand"": ""-"", ""company_id"": ""4266"", ""source_url"": ""https://caspianoilgas.az/az/exhibitors-list/year/2023""}, {""exhibition"": ""caspianoilgas"", ""exhibition_label"": ""Caspian Oil & Gas"", ""year"": ""2024"", ""category"": ""MEDİA"", ""stand"": ""-"", ""company_id"": ""4266"", ""source_url"": ""https://caspianoilgas.az/az/exhibitors-list/year/2024""}, {""exhibition"": ""caspianoilgas"", ""exhibition_label"": ""Caspian Oil & Gas"", ""year"": ""2026"", ""category"": ""MEDİA"", ""stand"": ""-"", ""company_id"": ""4266"", ""source_url"": ""https://caspianoilgas.az/az/exhibitors-list/year/2026""}, {""exhibition"": ""securexcaspian"", ""exhibition_label"": ""Securex Caspian"", ""year"": ""2019"", ""category"": ""MEDİA"", ""stand"": ""-"", ""company_id"": ""4266"", ""source_url"": ""https://securexcaspian.az/az/exhibitors-list/year/2019""}, {""exhibition"": ""securexcaspian"", ""exhibition_label"": ""Securex Caspian"", ""year"": ""2019"", ""category"": ""MEDİA"", ""stand"": ""-"", ""company_id"": ""4266"", ""source_url"": ""https://securexcaspian.az/az/exhibitors-list/year/2019""}, {""exhibition"": ""securexcaspian"", ""exhibition_label"": ""Securex Caspian"", ""year"": ""2022"", ""category"": ""MEDİA"", ""stand"": ""-"", ""company_id"": ""4266"", ""source_url"": ""https://securexcaspian.az/az/exhibitors-list/year/2022""}, {""exhibition"": ""securexcaspian"", ""exhibition_label"": ""Securex Caspian"", ""year"": ""2024"", ""category"": ""MEDİA"", ""stand"": ""-"", ""company_id"": ""4266"", ""source_url"": ""https://securexcaspian.az/az/exhibitors-list/year/2024""}, {""exhibition"": ""translogistica"", ""exhibition_label"": ""TransLogistica Caspian"", ""year"": ""2019"", ""category"": ""MEDİA"", ""stand"": ""-"", ""company_id"": ""4266"", ""source_url"": ""https://translogistica.az/az/exhibitors-list/year/2019""}, {""exhibition"": ""translogistica"", ""exhibition_label"": ""TransLogistica Caspian"", ""year"": ""2023"", ""category"": ""MEDİA"", ""stand"": ""-"", ""company_id"": ""4266"", ""source_url"": ""https://translogistica.az/az/exhibitors-list/year/2023""}, {""exhibition"": ""translogistica"", ""exhibition_label"": ""TransLogistica Caspian"", ""year"": ""2024"", ""category"": ""MEDİA"", ""stand"": ""-"", ""company_id"": ""4266"", ""source_url"": ""https://translogistica.az/az/exhibitors-list/year/2024""}, {""exhibition"": ""translogistica"", ""exhibition_label"": ""TransLogistica Caspian"", ""year"": ""2026"", ""category"": ""MEDİA"", ""stand"": ""-"", ""company_id"": ""4266"", ""source_url"": ""https://translogistica.az/az/exhibitors-list/year/2026""}, {""exhibition"": ""caspianagroweek"", ""exhibition_label"": ""Caspian Agro Week"", ""year"": ""2019"", ""category"": ""MEDİA"", ""stand"": ""-"", ""company_id"": ""4266"", ""source_url"": ""https://caspianagroweek.az/az/exhibitors-list/year/2019""}, {""exhibition"": ""caspianagroweek"", ""exhibition_label"": ""Caspian Agro Week"", ""year"": ""2023"", ""category"": ""MEDİA"", ""stand"": ""-"", ""company_id"": ""4266"", ""source_url"": ""https://caspianagroweek.az/az/exhibitors-list/year/2023""}, {""exhibition"": ""caspianagroweek"", ""exhibition_label"": ""Caspian Agro Week"", ""year"": ""2024"", ""category"": ""MEDİA"", ""stand"": ""-"", ""company_id"": """", ""source_url"": ""https://caspianagroweek.az/az/exhibitors-list/year/2024""}, {""exhibition"": ""caspianagroweek"", ""exhibition_label"": ""Caspian Agro Week"", ""year"": ""2025"", ""category"": ""MEDİA"", ""stand"": ""-"", ""company_id"": ""4266"", ""source_url"": ""https://caspianagroweek.az/az/exhibitors-list/year/2025""}, {""exhibition"": ""caspianagroweek"", ""exhibition_label"": ""Caspian Agro Week"", ""year"": ""2026"", ""category"": ""MEDİA"", ""stand"": ""-"", ""company_id"": ""4266"", ""source_url"": ""https://caspianagroweek.az/az/exhibitors-list/year/2026""}, {""exhibition"": ""plastex"", ""exhibition_label"": ""Plastex Caspian"", ""year"": ""2025"", ""category"": ""MEDİA"", ""stand"": ""-"", ""company_id"": ""4266"", ""source_url"": ""https://plastex.az/az/exhibitors-list/year/2025""}]}"
expo-00520,FİRST NEWS İNFORMASİYA AGENTLİYİ MMC,Azərbaycan,MEDİA,,BakuBuild | Caspian Agro Week | InterFood Azerbaijan | Securex Caspian,2024 | 2025,4,"{""appearances"": [{""exhibition"": ""bakubuild"", ""exhibition_label"": ""BakuBuild"", ""year"": ""2024"", ""category"": ""MEDİA"", ""stand"": ""-"", ""company_id"": ""4265"", ""source_url"": ""https://bakubuild.az/az/exhibitors-list/year/2024""}, {""exhibition"": ""interfood"", ""exhibition_label"": ""InterFood Azerbaijan"", ""year"": ""2025"", ""category"": ""MEDİA"", ""stand"": ""-"", ""company_id"": ""4265"", ""source_url"": ""https://interfood.az/az/exhibitors-list/year/2025""}, {""exhibition"": ""securexcaspian"", ""exhibition_label"": ""Securex Caspian"", ""year"": ""2024"", ""category"": ""MEDİA"", ""stand"": ""-"", ""company_id"": ""4265"", ""source_url"": ""https://securexcaspian.az/az/exhibitors-list/year/2024""}, {""exhibition"": ""caspianagroweek"", ""exhibition_label"": ""Caspian Agro Week"", ""year"": ""2025"", ""category"": ""MEDİA"", ""stand"": ""-"", ""company_id"": ""4265"", ""source_url"": ""https://caspianagroweek.az/az/exhibitors-list/year/2025""}]}"
expo-00521,FİRST NYUS MEDİA MMC,Azərbaycan,MEDİA,,Aquatherm Baku | BakuBuild | Beauty Expo Baku | Caspian Agro Week | Caspian Oil & Gas | InterFood Azerbaijan | Plastex Caspian | TransLogistica Caspian,2023 | 2025,8,"{""appearances"": [{""exhibition"": ""bakubuild"", ""exhibition_label"": ""BakuBuild"", ""year"": ""2025"", ""category"": ""MEDİA"", ""stand"": ""-"", ""company_id"": ""4265"", ""source_url"": ""https://bakubuild.az/az/exhibitors-list/year/2025""}, {""exhibition"": ""aquatherm"", ""exhibition_label"": ""Aquatherm Baku"", ""year"": ""2025"", ""category"": ""MEDİA"", ""stand"": ""-"", ""company_id"": ""4265"", ""source_url"": ""https://aquatherm.az/az/exhibitors-list/year/2025""}, {""exhibition"": ""beautyexpo"", ""exhibition_label"": ""Beauty Expo Baku"", ""year"": ""2023"", ""category"": ""MEDİA"", ""stand"": ""-"", ""company_id"": ""4265"", ""source_url"": ""https://beautyexpo.az/az/exhibitors-list/year/2023""}, {""exhibition"": ""interfood"", ""exhibition_label"": ""InterFood Azerbaijan"", ""year"": ""2023"", ""category"": ""MEDİA"", ""stand"": ""-"", ""company_id"": ""4265"", ""source_url"": ""https://interfood.az/az/exhibitors-list/year/2023""}, {""exhibition"": ""caspianoilgas"", ""exhibition_label"": ""Caspian Oil & Gas"", ""year"": ""2023"", ""category"": ""MEDİA"", ""stand"": ""-"", ""company_id"": ""4265"", ""source_url"": ""https://caspianoilgas.az/az/exhibitors-list/year/2023""}, {""exhibition"": ""translogistica"", ""exhibition_label"": ""TransLogistica Caspian"", ""year"": ""2023"", ""category"": ""MEDİA"", ""stand"": ""-"", ""company_id"": ""4265"", ""source_url"": ""https://translogistica.az/az/exhibitors-list/year/2023""}, {""exhibition"": ""caspianagroweek"", ""exhibition_label"": ""Caspian Agro Week"", ""year"": ""2023"", ""category"": ""MEDİA"", ""stand"": ""-"", ""company_id"": ""4265"", ""source_url"": ""https://caspianagroweek.az/az/exhibitors-list/year/2023""}, {""exhibition"": ""plastex"", ""exhibition_label"": ""Plastex Caspian"", ""year"": ""2025"", ""category"": ""MEDİA"", ""stand"": ""-"", ""company_id"": ""4265"", ""source_url"": ""https://plastex.az/az/exhibitors-list/year/2025""}]}"
expo-00522,FİTO-MAN MMC,Azərbaycan,MEDİA,1A354,Caspian Agro Week,2024 | 2025,2,"{""appearances"": [{""exhibition"": ""caspianagroweek"", ""exhibition_label"": ""Caspian Agro Week"", ""year"": ""2024"", ""category"": ""MEDİA"", ""stand"": ""1A354"", ""company_id"": ""300667"", ""source_url"": ""https://caspianagroweek.az/az/exhibitors-list/year/2024""}, {""exhibition"": ""caspianagroweek"", ""exhibition_label"": ""Caspian Agro Week"", ""year"": ""2025"", ""category"": ""MEDİA"", ""stand"": ""1A354"", ""company_id"": ""300667"", ""source_url"": ""https://caspianagroweek.az/az/exhibitors-list/year/2025""}]}"
expo-00523,FLAWLESS SOLUTIONS MMC,Azərbaycan,T-L IRRIGATION CO.,2A232,Caspian Agro Week,2026,1,"{""appearances"": [{""exhibition"": ""caspianagroweek"", ""exhibition_label"": ""Caspian Agro Week"", ""year"": ""2026"", ""category"": ""T-L IRRIGATION CO."", ""stand"": ""2A232"", ""company_id"": ""352538"", ""source_url"": ""https://caspianagroweek.az/az/exhibitors-list/year/2026""}]}"
expo-00524,FLAZER MMC,Azərbaycan,NAXÇIVAN MUXTAR RESPUBLİKASININ MİLLİ STENDİ,1F027,InterFood Azerbaijan,2025,1,"{""appearances"": [{""exhibition"": ""interfood"", ""exhibition_label"": ""InterFood Azerbaijan"", ""year"": ""2025"", ""category"": ""NAXÇIVAN MUXTAR RESPUBLİKASININ MİLLİ STENDİ"", ""stand"": ""1F027"", ""company_id"": ""334506"", ""source_url"": ""https://interfood.az/az/exhibitors-list/year/2025""}]}"
expo-00525,FOAM SOLUTİONS MMC,Azərbaycan,MEDİA,2F012,InterFood Azerbaijan,2024,1,"{""appearances"": [{""exhibition"": ""interfood"", ""exhibition_label"": ""InterFood Azerbaijan"", ""year"": ""2024"", ""category"": ""MEDİA"", ""stand"": ""2F012"", ""company_id"": ""308487"", ""source_url"": ""https://interfood.az/az/exhibitors-list/year/2024""}]}"
expo-00526,FOOD CITY AGROPARK MMC,Azərbaycan,MEDİA,2T344,TransLogistica Caspian,2024,1,"{""appearances"": [{""exhibition"": ""translogistica"", ""exhibition_label"": ""TransLogistica Caspian"", ""year"": ""2024"", ""category"": ""MEDİA"", ""stand"": ""2T344"", ""company_id"": ""302316"", ""source_url"": ""https://translogistica.az/az/exhibitors-list/year/2024""}]}"
expo-00527,FOOD PACKİNG MMC,Azərbaycan,MEDİA,2F075,InterFood Azerbaijan,2024,1,"{""appearances"": [{""exhibition"": ""interfood"", ""exhibition_label"": ""InterFood Azerbaijan"", ""year"": ""2024"", ""category"": ""MEDİA"", ""stand"": ""2F075"", ""company_id"": ""303180"", ""source_url"": ""https://interfood.az/az/exhibitors-list/year/2024""}]}"
expo-00528,FOOD PRO,Azərbaycan,NAXÇIVAN MUXTAR RESPUBLİKASININ MİLLİ STENDİ,2F236-1,InterFood Azerbaijan,2025,1,"{""appearances"": [{""exhibition"": ""interfood"", ""exhibition_label"": ""InterFood Azerbaijan"", ""year"": ""2025"", ""category"": ""NAXÇIVAN MUXTAR RESPUBLİKASININ MİLLİ STENDİ"", ""stand"": ""2F236-1"", ""company_id"": """", ""source_url"": ""https://interfood.az/az/exhibitors-list/year/2025""}]}"
expo-00529,FOODİNFO.AZ,Azərbaycan,MEDİA,,InterFood Azerbaijan,2019 | 2023,2,"{""appearances"": [{""exhibition"": ""interfood"", ""exhibition_label"": ""InterFood Azerbaijan"", ""year"": ""2019"", ""category"": ""MEDİA"", ""stand"": ""-"", ""company_id"": ""5254"", ""source_url"": ""https://interfood.az/az/exhibitors-list/year/2019""}, {""exhibition"": ""interfood"", ""exhibition_label"": ""InterFood Azerbaijan"", ""year"": ""2023"", ""category"": ""MEDİA"", ""stand"": ""-"", ""company_id"": ""5254"", ""source_url"": ""https://interfood.az/az/exhibitors-list/year/2023""}]}"
expo-00530,FORMAG-BAKU MMC,Azərbaycan,MEDİA,2T041,TransLogistica Caspian,2023,1,"{""appearances"": [{""exhibition"": ""translogistica"", ""exhibition_label"": ""TransLogistica Caspian"", ""year"": ""2023"", ""category"": ""MEDİA"", ""stand"": ""2T041"", ""company_id"": ""273454"", ""source_url"": ""https://translogistica.az/az/exhibitors-list/year/2023""}]}"
expo-00531,FOSTANPAK MMC,Azərbaycan,ATS FOOD | MEDİA | MURMANSK VİLAYETİ | NAXÇIVAN MUXTAR RESPUBLİKASININ MİLLİ STENDİ | ŞİRVAN AQRO MMC,1F014 | 1F242 | 1F352 | 4F312,InterFood Azerbaijan,2019 | 2021 | 2022 | 2023 | 2024 | 2025 | 2026 | 2027,8,"{""appearances"": [{""exhibition"": ""interfood"", ""exhibition_label"": ""InterFood Azerbaijan"", ""year"": ""2019"", ""category"": ""MEDİA"", ""stand"": ""1F014"", ""company_id"": ""4657"", ""source_url"": ""https://interfood.az/az/exhibitors-list/year/2019""}, {""exhibition"": ""interfood"", ""exhibition_label"": ""InterFood Azerbaijan"", ""year"": ""2021"", ""category"": ""MEDİA"", ""stand"": ""1F014"", ""company_id"": ""4657"", ""source_url"": ""https://interfood.az/az/exhibitors-list/year/2021""}, {""exhibition"": ""interfood"", ""exhibition_label"": ""InterFood Azerbaijan"", ""year"": ""2022"", ""category"": ""MEDİA"", ""stand"": ""1F014"", ""company_id"": ""4657"", ""source_url"": ""https://interfood.az/az/exhibitors-list/year/2022""}, {""exhibition"": ""interfood"", ""exhibition_label"": ""InterFood Azerbaijan"", ""year"": ""2023"", ""category"": ""MURMANSK VİLAYETİ"", ""stand"": ""1F014"", ""company_id"": ""4657"", ""source_url"": ""https://interfood.az/az/exhibitors-list/year/2023""}, {""exhibition"": ""interfood"", ""exhibition_label"": ""InterFood Azerbaijan"", ""year"": ""2024"", ""category"": ""MEDİA"", ""stand"": ""1F352"", ""company_id"": ""4657"", ""source_url"": ""https://interfood.az/az/exhibitors-list/year/2024""}, {""exhibition"": ""interfood"", ""exhibition_label"": ""InterFood Azerbaijan"", ""year"": ""2025"", ""category"": ""NAXÇIVAN MUXTAR RESPUBLİKASININ MİLLİ STENDİ"", ""stand"": ""1F242"", ""company_id"": ""4657"", ""source_url"": ""https://interfood.az/az/exhibitors-list/year/2025""}, {""exhibition"": ""interfood"", ""exhibition_label"": ""InterFood Azerbaijan"", ""year"": ""2026"", ""category"": ""ŞİRVAN AQRO MMC"", ""stand"": ""4F312"", ""company_id"": ""4657"", ""source_url"": ""https://interfood.az/az/exhibitors-list/year/2026""}, {""exhibition"": ""interfood"", ""exhibition_label"": ""InterFood Azerbaijan"", ""year"": ""2027"", ""category"": ""ATS FOOD"", ""stand"": ""-"", ""company_id"": """", ""source_url"": ""https://interfood.az/az/exhibitors-list/year/2027""}]}"
expo-00532,FRATELLI MMC,Azərbaycan,TƏRƏFDAŞ,1A020,Caspian Agro Week,2026,1,"{""appearances"": [{""exhibition"": ""caspianagroweek"", ""exhibition_label"": ""Caspian Agro Week"", ""year"": ""2026"", ""category"": ""TƏRƏFDAŞ"", ""stand"": ""1A020"", ""company_id"": ""351998"", ""source_url"": ""https://caspianagroweek.az/az/exhibitors-list/year/2026""}]}"
expo-00533,FREQAT MARİNE MMC,Azərbaycan,MEDİA,1C100 | C1008,Caspian Oil & Gas,2022 | 2026,2,"{""appearances"": [{""exhibition"": ""caspianoilgas"", ""exhibition_label"": ""Caspian Oil & Gas"", ""year"": ""2022"", ""category"": ""MEDİA"", ""stand"": ""C1008"", ""company_id"": ""7129"", ""source_url"": ""https://caspianoilgas.az/az/exhibitors-list/year/2022""}, {""exhibition"": ""caspianoilgas"", ""exhibition_label"": ""Caspian Oil & Gas"", ""year"": ""2026"", ""category"": ""MEDİA"", ""stand"": ""1C100"", ""company_id"": ""7129"", ""source_url"": ""https://caspianoilgas.az/az/exhibitors-list/year/2026""}]}"
expo-00534,FRESH GROUP MMC,Azərbaycan,AZPROMO,4F204-5,InterFood Azerbaijan,2026,1,"{""appearances"": [{""exhibition"": ""interfood"", ""exhibition_label"": ""InterFood Azerbaijan"", ""year"": ""2026"", ""category"": ""AZPROMO"", ""stand"": ""4F204-5"", ""company_id"": """", ""source_url"": ""https://interfood.az/az/exhibitors-list/year/2026""}]}"
expo-00535,FRİGO MEKANİK INSAAT TESİSAT VE TAAHHUT SAN. VE TİC. A.S.,Azərbaycan,MEDİA,F1040,InterFood Azerbaijan,2019,1,"{""appearances"": [{""exhibition"": ""interfood"", ""exhibition_label"": ""InterFood Azerbaijan"", ""year"": ""2019"", ""category"": ""MEDİA"", ""stand"": ""F1040"", ""company_id"": ""4862"", ""source_url"": ""https://interfood.az/az/exhibitors-list/year/2019""}]}"
expo-00536,FRUCTUS MMC,Azərbaycan,TƏRƏFDAŞ,A5034,Caspian Agro Week,2021,1,"{""appearances"": [{""exhibition"": ""caspianagroweek"", ""exhibition_label"": ""Caspian Agro Week"", ""year"": ""2021"", ""category"": ""TƏRƏFDAŞ"", ""stand"": ""A5034"", ""company_id"": ""6307"", ""source_url"": ""https://caspianagroweek.az/az/exhibitors-list/year/2021""}]}"
expo-00537,FRUİTLAND,Azərbaycan,AZERA HOLDING | MEDİA,2A110-3 | 2A110-7,Caspian Agro Week,2024 | 2025 | 2026,3,"{""appearances"": [{""exhibition"": ""caspianagroweek"", ""exhibition_label"": ""Caspian Agro Week"", ""year"": ""2024"", ""category"": ""MEDİA"", ""stand"": ""2A110-3"", ""company_id"": """", ""source_url"": ""https://caspianagroweek.az/az/exhibitors-list/year/2024""}, {""exhibition"": ""caspianagroweek"", ""exhibition_label"": ""Caspian Agro Week"", ""year"": ""2025"", ""category"": ""MEDİA"", ""stand"": ""2A110-3"", ""company_id"": """", ""source_url"": ""https://caspianagroweek.az/az/exhibitors-list/year/2025""}, {""exhibition"": ""caspianagroweek"", ""exhibition_label"": ""Caspian Agro Week"", ""year"": ""2026"", ""category"": ""AZERA HOLDING"", ""stand"": ""2A110-7"", ""company_id"": """", ""source_url"": ""https://caspianagroweek.az/az/exhibitors-list/year/2026""}]}"
expo-00538,FÖVQƏLADƏ HALLAR NAZİRLİYİ. TİKİNTİDƏ TƏHLÜKƏSİZLİYƏ NƏZARƏT DÖVLƏT AGENTLİYİ S.Ə.DADAŞOV ADINA ETLKİMİ,Azərbaycan,MEDİA | TƏRƏFDAŞLAR,A2084 | B1080,Aquatherm Baku | BakuBuild | Securex Caspian,2019 | 2021,3,"{""appearances"": [{""exhibition"": ""bakubuild"", ""exhibition_label"": ""BakuBuild"", ""year"": ""2019"", ""category"": ""TƏRƏFDAŞLAR"", ""stand"": ""B1080"", ""company_id"": ""5697"", ""source_url"": ""https://bakubuild.az/az/exhibitors-list/year/2019""}, {""exhibition"": ""aquatherm"", ""exhibition_label"": ""Aquatherm Baku"", ""year"": ""2021"", ""category"": ""MEDİA"", ""stand"": ""A2084"", ""company_id"": ""5697"", ""source_url"": ""https://aquatherm.az/az/exhibitors-list/year/2021""}, {""exhibition"": ""securexcaspian"", ""exhibition_label"": ""Securex Caspian"", ""year"": ""2019"", ""category"": ""TƏRƏFDAŞLAR"", ""stand"": ""B1080"", ""company_id"": ""5697"", ""source_url"": ""https://securexcaspian.az/az/exhibitors-list/year/2019""}]}"
expo-00539,FƏRDI SAHIBKAR MƏHƏMMƏD ƏHMƏDOV,Azərbaycan,AZPROMO,4F204-2,InterFood Azerbaijan,2026,1,"{""appearances"": [{""exhibition"": ""interfood"", ""exhibition_label"": ""InterFood Azerbaijan"", ""year"": ""2026"", ""category"": ""AZPROMO"", ""stand"": ""4F204-2"", ""company_id"": """", ""source_url"": ""https://interfood.az/az/exhibitors-list/year/2026""}]}"
expo-00540,FƏXRƏDDİN - K MMC,Azərbaycan,TƏRƏFDAŞLAR,B1324,BakuBuild | Securex Caspian,2019,3,"{""appearances"": [{""exhibition"": ""bakubuild"", ""exhibition_label"": ""BakuBuild"", ""year"": ""2019"", ""category"": ""TƏRƏFDAŞLAR"", ""stand"": ""B1324"", ""company_id"": ""5523"", ""source_url"": ""https://bakubuild.az/az/exhibitors-list/year/2019""}, {""exhibition"": ""securexcaspian"", ""exhibition_label"": ""Securex Caspian"", ""year"": ""2019"", ""category"": ""TƏRƏFDAŞLAR"", ""stand"": ""B1324"", ""company_id"": ""5523"", ""source_url"": ""https://securexcaspian.az/az/exhibitors-list/year/2019""}, {""exhibition"": ""securexcaspian"", ""exhibition_label"": ""Securex Caspian"", ""year"": ""2019"", ""category"": ""TƏRƏFDAŞLAR"", ""stand"": ""B1324"", ""company_id"": ""5523"", ""source_url"": ""https://securexcaspian.az/az/exhibitors-list/year/2019""}]}"
expo-00541,G-KOMPANİ,Azərbaycan,TƏRƏFDAŞLAR,B2100,BakuBuild | Securex Caspian,2019,2,"{""appearances"": [{""exhibition"": ""bakubuild"", ""exhibition_label"": ""BakuBuild"", ""year"": ""2019"", ""category"": ""TƏRƏFDAŞLAR"", ""stand"": ""B2100"", ""company_id"": ""5912"", ""source_url"": ""https://bakubuild.az/az/exhibitors-list/year/2019""}, {""exhibition"": ""securexcaspian"", ""exhibition_label"": ""Securex Caspian"", ""year"": ""2019"", ""category"": ""TƏRƏFDAŞLAR"", ""stand"": ""B2100"", ""company_id"": ""5912"", ""source_url"": ""https://securexcaspian.az/az/exhibitors-list/year/2019""}]}"
expo-00542,G-STONE MMC,Azərbaycan,MEDİA,1B240,BakuBuild,2024,1,"{""appearances"": [{""exhibition"": ""bakubuild"", ""exhibition_label"": ""BakuBuild"", ""year"": ""2024"", ""category"": ""MEDİA"", ""stand"": ""1B240"", ""company_id"": ""301209"", ""source_url"": ""https://bakubuild.az/az/exhibitors-list/year/2024""}]}"
expo-00543,GAZELLİ GROUP MMC,Azərbaycan,MEDİA,B012,Beauty Expo Baku,2022,1,"{""appearances"": [{""exhibition"": ""beautyexpo"", ""exhibition_label"": ""Beauty Expo Baku"", ""year"": ""2022"", ""category"": ""MEDİA"", ""stand"": ""B012"", ""company_id"": ""7671"", ""source_url"": ""https://beautyexpo.az/az/exhibitors-list/year/2022""}]}"
expo-00544,GBR TRADE,Azərbaycan,MEDİA,A2020 | A2086,Caspian Agro Week,2019 | 2022,2,"{""appearances"": [{""exhibition"": ""caspianagroweek"", ""exhibition_label"": ""Caspian Agro Week"", ""year"": ""2019"", ""category"": ""MEDİA"", ""stand"": ""A2086"", ""company_id"": ""4693"", ""source_url"": ""https://caspianagroweek.az/az/exhibitors-list/year/2019""}, {""exhibition"": ""caspianagroweek"", ""exhibition_label"": ""Caspian Agro Week"", ""year"": ""2022"", ""category"": ""MEDİA"", ""stand"": ""A2020"", ""company_id"": ""4693"", ""source_url"": ""https://caspianagroweek.az/az/exhibitors-list/year/2022""}]}"
expo-00545,GENERAL SUPPLY MMC,Azərbaycan,MEDİA,2008,Caspian Oil & Gas,2019,1,"{""appearances"": [{""exhibition"": ""caspianoilgas"", ""exhibition_label"": ""Caspian Oil & Gas"", ""year"": ""2019"", ""category"": ""MEDİA"", ""stand"": ""2008"", ""company_id"": ""5323"", ""source_url"": ""https://caspianoilgas.az/az/exhibitors-list/year/2019""}]}"
expo-00546,GENPOWER - AZƏRBAYCAN,Azərbaycan,TƏRƏFDAŞLAR,B2302,BakuBuild | Securex Caspian,2019,2,"{""appearances"": [{""exhibition"": ""bakubuild"", ""exhibition_label"": ""BakuBuild"", ""year"": ""2019"", ""category"": ""TƏRƏFDAŞLAR"", ""stand"": ""B2302"", ""company_id"": ""5941"", ""source_url"": ""https://bakubuild.az/az/exhibitors-list/year/2019""}, {""exhibition"": ""securexcaspian"", ""exhibition_label"": ""Securex Caspian"", ""year"": ""2019"", ""category"": ""TƏRƏFDAŞLAR"", ""stand"": ""B2302"", ""company_id"": ""5941"", ""source_url"": ""https://securexcaspian.az/az/exhibitors-list/year/2019""}]}"
expo-00547,GEORGIA TODAY,Azərbaycan,MEDİA,,Caspian Agro Week | Caspian Oil & Gas,2026,2,"{""appearances"": [{""exhibition"": ""caspianoilgas"", ""exhibition_label"": ""Caspian Oil & Gas"", ""year"": ""2026"", ""category"": ""MEDİA"", ""stand"": ""-"", ""company_id"": """", ""source_url"": ""https://caspianoilgas.az/az/exhibitors-list/year/2026""}, {""exhibition"": ""caspianagroweek"", ""exhibition_label"": ""Caspian Agro Week"", ""year"": ""2026"", ""category"": ""MEDİA"", ""stand"": ""-"", ""company_id"": """", ""source_url"": ""https://caspianagroweek.az/az/exhibitors-list/year/2026""}]}"
expo-00548,GILAN HOSPITALITY GROUP (QAFQAZ HOTELS & RESORTS),Azərbaycan,MEDİA | TƏRƏFDAŞLAR,,Aquatherm Baku | BakuBuild | Beauty Expo Baku | Caspian Oil & Gas | Securex Caspian | TransLogistica Caspian,2019,7,"{""appearances"": [{""exhibition"": ""bakubuild"", ""exhibition_label"": ""BakuBuild"", ""year"": ""2019"", ""category"": ""TƏRƏFDAŞLAR"", ""stand"": ""-"", ""company_id"": ""4290"", ""source_url"": ""https://bakubuild.az/az/exhibitors-list/year/2019""}, {""exhibition"": ""aquatherm"", ""exhibition_label"": ""Aquatherm Baku"", ""year"": ""2019"", ""category"": ""TƏRƏFDAŞLAR"", ""stand"": ""-"", ""company_id"": ""4290"", ""source_url"": ""https://aquatherm.az/az/exhibitors-list/year/2019""}, {""exhibition"": ""beautyexpo"", ""exhibition_label"": ""Beauty Expo Baku"", ""year"": ""2019"", ""category"": ""TƏRƏFDAŞLAR"", ""stand"": ""-"", ""company_id"": ""4290"", ""source_url"": ""https://beautyexpo.az/az/exhibitors-list/year/2019""}, {""exhibition"": ""caspianoilgas"", ""exhibition_label"": ""Caspian Oil & Gas"", ""year"": ""2019"", ""category"": ""MEDİA"", ""stand"": ""-"", ""company_id"": ""4290"", ""source_url"": ""https://caspianoilgas.az/az/exhibitors-list/year/2019""}, {""exhibition"": ""securexcaspian"", ""exhibition_label"": ""Securex Caspian"", ""year"": ""2019"", ""category"": ""TƏRƏFDAŞLAR"", ""stand"": ""-"", ""company_id"": ""4290"", ""source_url"": ""https://securexcaspian.az/az/exhibitors-list/year/2019""}, {""exhibition"": ""securexcaspian"", ""exhibition_label"": ""Securex Caspian"", ""year"": ""2019"", ""category"": ""TƏRƏFDAŞLAR"", ""stand"": ""-"", ""company_id"": ""4290"", ""source_url"": ""https://securexcaspian.az/az/exhibitors-list/year/2019""}, {""exhibition"": ""translogistica"", ""exhibition_label"": ""TransLogistica Caspian"", ""year"": ""2019"", ""category"": ""MEDİA"", ""stand"": ""-"", ""company_id"": ""4290"", ""source_url"": ""https://translogistica.az/az/exhibitors-list/year/2019""}]}"
expo-00549,GILAN PIVOT MMC,Azərbaycan,MEDİA | TƏRƏFDAŞ,A1216 | A2210 | A5122-1,Caspian Agro Week,2021 | 2022 | 2027,4,"{""appearances"": [{""exhibition"": ""caspianagroweek"", ""exhibition_label"": ""Caspian Agro Week"", ""year"": ""2021"", ""category"": ""TƏRƏFDAŞ"", ""stand"": ""A1216"", ""company_id"": ""6224"", ""source_url"": ""https://caspianagroweek.az/az/exhibitors-list/year/2021""}, {""exhibition"": ""caspianagroweek"", ""exhibition_label"": ""Caspian Agro Week"", ""year"": ""2022"", ""category"": ""MEDİA"", ""stand"": ""A5122-1"", ""company_id"": ""6224"", ""source_url"": ""https://caspianagroweek.az/az/exhibitors-list/year/2022""}, {""exhibition"": ""caspianagroweek"", ""exhibition_label"": ""Caspian Agro Week"", ""year"": ""2022"", ""category"": ""MEDİA"", ""stand"": ""A2210"", ""company_id"": ""6719"", ""source_url"": ""https://caspianagroweek.az/az/exhibitors-list/year/2022""}, {""exhibition"": ""caspianagroweek"", ""exhibition_label"": ""Caspian Agro Week"", ""year"": ""2027"", ""category"": """", ""stand"": ""-"", ""company_id"": """", ""source_url"": ""https://caspianagroweek.az/az/exhibitors-list/year/2027""}]}"
expo-00550,GILAN PIVOT MMC - VALLEY,Azərbaycan,MEDİA | TƏRƏFDAŞ,2A210,Caspian Agro Week,2023 | 2024 | 2025 | 2026,4,"{""appearances"": [{""exhibition"": ""caspianagroweek"", ""exhibition_label"": ""Caspian Agro Week"", ""year"": ""2023"", ""category"": ""MEDİA"", ""stand"": ""2A210"", ""company_id"": ""6224"", ""source_url"": ""https://caspianagroweek.az/az/exhibitors-list/year/2023""}, {""exhibition"": ""caspianagroweek"", ""exhibition_label"": ""Caspian Agro Week"", ""year"": ""2024"", ""category"": ""MEDİA"", ""stand"": ""2A210"", ""company_id"": """", ""source_url"": ""https://caspianagroweek.az/az/exhibitors-list/year/2024""}, {""exhibition"": ""caspianagroweek"", ""exhibition_label"": ""Caspian Agro Week"", ""year"": ""2025"", ""category"": ""MEDİA"", ""stand"": ""2A210"", ""company_id"": ""6224"", ""source_url"": ""https://caspianagroweek.az/az/exhibitors-list/year/2025""}, {""exhibition"": ""caspianagroweek"", ""exhibition_label"": ""Caspian Agro Week"", ""year"": ""2026"", ""category"": ""TƏRƏFDAŞ"", ""stand"": ""2A210"", ""company_id"": ""6224"", ""source_url"": ""https://caspianagroweek.az/az/exhibitors-list/year/2026""}]}"
expo-00551,GİLAN HOLDİNG,Azərbaycan,MEDİA | TƏRƏFDAŞLAR,A4002 | B1108 | F1216,BakuBuild | Caspian Agro Week | InterFood Azerbaijan | Securex Caspian,2019,4,"{""appearances"": [{""exhibition"": ""bakubuild"", ""exhibition_label"": ""BakuBuild"", ""year"": ""2019"", ""category"": ""TƏRƏFDAŞLAR"", ""stand"": ""B1108"", ""company_id"": ""5189"", ""source_url"": ""https://bakubuild.az/az/exhibitors-list/year/2019""}, {""exhibition"": ""interfood"", ""exhibition_label"": ""InterFood Azerbaijan"", ""year"": ""2019"", ""category"": ""MEDİA"", ""stand"": ""F1216"", ""company_id"": ""5189"", ""source_url"": ""https://interfood.az/az/exhibitors-list/year/2019""}, {""exhibition"": ""securexcaspian"", ""exhibition_label"": ""Securex Caspian"", ""year"": ""2019"", ""category"": ""TƏRƏFDAŞLAR"", ""stand"": ""B1108"", ""company_id"": ""5189"", ""source_url"": ""https://securexcaspian.az/az/exhibitors-list/year/2019""}, {""exhibition"": ""caspianagroweek"", ""exhibition_label"": ""Caspian Agro Week"", ""year"": ""2019"", ""category"": ""MEDİA"", ""stand"": ""A4002"", ""company_id"": ""5189"", ""source_url"": ""https://caspianagroweek.az/az/exhibitors-list/year/2019""}]}"
expo-00552,GİLAN PİVOT MMC - RİVULİS,Azərbaycan,MEDİA,2A202,Caspian Agro Week,2023 | 2024,2,"{""appearances"": [{""exhibition"": ""caspianagroweek"", ""exhibition_label"": ""Caspian Agro Week"", ""year"": ""2023"", ""category"": ""MEDİA"", ""stand"": ""2A202"", ""company_id"": ""6719"", ""source_url"": ""https://caspianagroweek.az/az/exhibitors-list/year/2023""}, {""exhibition"": ""caspianagroweek"", ""exhibition_label"": ""Caspian Agro Week"", ""year"": ""2024"", ""category"": ""MEDİA"", ""stand"": ""2A202"", ""company_id"": """", ""source_url"": ""https://caspianagroweek.az/az/exhibitors-list/year/2024""}]}"
expo-00553,GİLTEX MMC,Azərbaycan,MEDİA,4A022,Securex Caspian,2024,1,"{""appearances"": [{""exhibition"": ""securexcaspian"", ""exhibition_label"": ""Securex Caspian"", ""year"": ""2024"", ""category"": ""MEDİA"", ""stand"": ""4A022"", ""company_id"": ""325287"", ""source_url"": ""https://securexcaspian.az/az/exhibitors-list/year/2024""}]}"
expo-00554,GLOBAL ACTIVITY CONSTRUCTION MMC,Azərbaycan,TƏRƏFDAŞLAR,,BakuBuild,2026,1,"{""appearances"": [{""exhibition"": ""bakubuild"", ""exhibition_label"": ""BakuBuild"", ""year"": ""2026"", ""category"": ""TƏRƏFDAŞLAR"", ""stand"": ""-"", ""company_id"": """", ""source_url"": ""https://bakubuild.az/az/exhibitors-list/year/2026""}]}"
expo-00555,GLOBAL ACTİVİTY MƏHDUD MƏSULİYYƏTLİ CƏMİYYƏTİ,Azərbaycan,TƏRƏFDAŞLAR,2B430,BakuBuild,2025,1,"{""appearances"": [{""exhibition"": ""bakubuild"", ""exhibition_label"": ""BakuBuild"", ""year"": ""2025"", ""category"": ""TƏRƏFDAŞLAR"", ""stand"": ""2B430"", ""company_id"": ""325194"", ""source_url"": ""https://bakubuild.az/az/exhibitors-list/year/2025""}]}"
expo-00556,GLOBAL ENERGY AZERBAİJAN,Azərbaycan,MEDİA,1C300 | C1302,Caspian Oil & Gas,2022 | 2023,2,"{""appearances"": [{""exhibition"": ""caspianoilgas"", ""exhibition_label"": ""Caspian Oil & Gas"", ""year"": ""2022"", ""category"": ""MEDİA"", ""stand"": ""C1302"", ""company_id"": ""4589"", ""source_url"": ""https://caspianoilgas.az/az/exhibitors-list/year/2022""}, {""exhibition"": ""caspianoilgas"", ""exhibition_label"": ""Caspian Oil & Gas"", ""year"": ""2023"", ""category"": ""MEDİA"", ""stand"": ""1C300"", ""company_id"": ""4589"", ""source_url"": ""https://caspianoilgas.az/az/exhibitors-list/year/2023""}]}"
expo-00557,GLOBAL ENERGY SOLUTİONS LLC,Azərbaycan,MEDİA,2C120/1,Caspian Oil & Gas,2023,1,"{""appearances"": [{""exhibition"": ""caspianoilgas"", ""exhibition_label"": ""Caspian Oil & Gas"", ""year"": ""2023"", ""category"": ""MEDİA"", ""stand"": ""2C120/1"", ""company_id"": ""8059"", ""source_url"": ""https://caspianoilgas.az/az/exhibitors-list/year/2023""}]}"
expo-00558,GLOBAL INTERIORS GROUP MMC,Azərbaycan,TƏRƏFDAŞLAR,B1080,BakuBuild,2021,1,"{""appearances"": [{""exhibition"": ""bakubuild"", ""exhibition_label"": ""BakuBuild"", ""year"": ""2021"", ""category"": ""TƏRƏFDAŞLAR"", ""stand"": ""B1080"", ""company_id"": ""6673"", ""source_url"": ""https://bakubuild.az/az/exhibitors-list/year/2021""}]}"
expo-00559,GLOBAL SECURİTY SYSTEMS,Azərbaycan,TƏRƏFDAŞLAR,B1025,BakuBuild | Securex Caspian,2019,2,"{""appearances"": [{""exhibition"": ""bakubuild"", ""exhibition_label"": ""BakuBuild"", ""year"": ""2019"", ""category"": ""TƏRƏFDAŞLAR"", ""stand"": ""B1025"", ""company_id"": ""5872"", ""source_url"": ""https://bakubuild.az/az/exhibitors-list/year/2019""}, {""exhibition"": ""securexcaspian"", ""exhibition_label"": ""Securex Caspian"", ""year"": ""2019"", ""category"": ""TƏRƏFDAŞLAR"", ""stand"": ""B1025"", ""company_id"": ""5872"", ""source_url"": ""https://securexcaspian.az/az/exhibitors-list/year/2019""}]}"
expo-00560,GLORIA GARDEN,Azərbaycan,MEDİA | NAXÇIVAN MUXTAR RESPUBLİKASININ MİLLİ STENDİ | TƏRƏFDAŞLAR,,Aquatherm Baku | BakuBuild | Caspian Agro Week | InterFood Azerbaijan | TransLogistica Caspian,2024 | 2025,5,"{""appearances"": [{""exhibition"": ""bakubuild"", ""exhibition_label"": ""BakuBuild"", ""year"": ""2025"", ""category"": ""TƏRƏFDAŞLAR"", ""stand"": ""-"", ""company_id"": """", ""source_url"": ""https://bakubuild.az/az/exhibitors-list/year/2025""}, {""exhibition"": ""aquatherm"", ""exhibition_label"": ""Aquatherm Baku"", ""year"": ""2024"", ""category"": ""MEDİA"", ""stand"": ""-"", ""company_id"": """", ""source_url"": ""https://aquatherm.az/az/exhibitors-list/year/2024""}, {""exhibition"": ""interfood"", ""exhibition_label"": ""InterFood Azerbaijan"", ""year"": ""2025"", ""category"": ""NAXÇIVAN MUXTAR RESPUBLİKASININ MİLLİ STENDİ"", ""stand"": ""-"", ""company_id"": ""330485"", ""source_url"": ""https://interfood.az/az/exhibitors-list/year/2025""}, {""exhibition"": ""translogistica"", ""exhibition_label"": ""TransLogistica Caspian"", ""year"": ""2025"", ""category"": ""MEDİA"", ""stand"": ""-"", ""company_id"": """", ""source_url"": ""https://translogistica.az/az/exhibitors-list/year/2025""}, {""exhibition"": ""caspianagroweek"", ""exhibition_label"": ""Caspian Agro Week"", ""year"": ""2025"", ""category"": ""MEDİA"", ""stand"": ""-"", ""company_id"": ""330485"", ""source_url"": ""https://caspianagroweek.az/az/exhibitors-list/year/2025""}]}"
expo-00561,GLT TRANSPORT,Azərbaycan,MEDİA,2T350-4,TransLogistica Caspian,2026,1,"{""appearances"": [{""exhibition"": ""translogistica"", ""exhibition_label"": ""TransLogistica Caspian"", ""year"": ""2026"", ""category"": ""MEDİA"", ""stand"": ""2T350-4"", ""company_id"": ""352509"", ""source_url"": ""https://translogistica.az/az/exhibitors-list/year/2026""}]}"
expo-00562,GM MİMARLIK LTD. ŞTİ,Azərbaycan,MEDİA,2B007,BakuBuild,2024,1,"{""appearances"": [{""exhibition"": ""bakubuild"", ""exhibition_label"": ""BakuBuild"", ""year"": ""2024"", ""category"": ""MEDİA"", ""stand"": ""2B007"", ""company_id"": ""324768"", ""source_url"": ""https://bakubuild.az/az/exhibitors-list/year/2024""}]}"
expo-00563,GOLD AGRO LEASING MMC,Azərbaycan,AZER N AGRO MMC | MEDİA,5A075-1 | 5A130-1,Caspian Agro Week,2025 | 2026,2,"{""appearances"": [{""exhibition"": ""caspianagroweek"", ""exhibition_label"": ""Caspian Agro Week"", ""year"": ""2025"", ""category"": ""MEDİA"", ""stand"": ""5A130-1"", ""company_id"": """", ""source_url"": ""https://caspianagroweek.az/az/exhibitors-list/year/2025""}, {""exhibition"": ""caspianagroweek"", ""exhibition_label"": ""Caspian Agro Week"", ""year"": ""2026"", ""category"": ""AZER N AGRO MMC"", ""stand"": ""5A075-1"", ""company_id"": """", ""source_url"": ""https://caspianagroweek.az/az/exhibitors-list/year/2026""}]}"
expo-00564,GORAN AQRO AVADANLIQLAR ZAVODU MMC,Azərbaycan,MEDİA,5A155,Caspian Agro Week,2025,1,"{""appearances"": [{""exhibition"": ""caspianagroweek"", ""exhibition_label"": ""Caspian Agro Week"", ""year"": ""2025"", ""category"": ""MEDİA"", ""stand"": ""5A155"", ""company_id"": """", ""source_url"": ""https://caspianagroweek.az/az/exhibitors-list/year/2025""}]}"
expo-00565,GORAN AQRO LLC,Azərbaycan,MEDİA | TƏRƏFDAŞ,5A030 | 5A055 | 5A145 | A2410,Caspian Agro Week,2021 | 2024 | 2025 | 2026,4,"{""appearances"": [{""exhibition"": ""caspianagroweek"", ""exhibition_label"": ""Caspian Agro Week"", ""year"": ""2021"", ""category"": ""TƏRƏFDAŞ"", ""stand"": ""A2410"", ""company_id"": ""6020"", ""source_url"": ""https://caspianagroweek.az/az/exhibitors-list/year/2021""}, {""exhibition"": ""caspianagroweek"", ""exhibition_label"": ""Caspian Agro Week"", ""year"": ""2024"", ""category"": ""MEDİA"", ""stand"": ""5A145"", ""company_id"": ""6020"", ""source_url"": ""https://caspianagroweek.az/az/exhibitors-list/year/2024""}, {""exhibition"": ""caspianagroweek"", ""exhibition_label"": ""Caspian Agro Week"", ""year"": ""2025"", ""category"": ""MEDİA"", ""stand"": ""5A055"", ""company_id"": ""6020"", ""source_url"": ""https://caspianagroweek.az/az/exhibitors-list/year/2025""}, {""exhibition"": ""caspianagroweek"", ""exhibition_label"": ""Caspian Agro Week"", ""year"": ""2026"", ""category"": ""TƏRƏFDAŞ"", ""stand"": ""5A030"", ""company_id"": ""6020"", ""source_url"": ""https://caspianagroweek.az/az/exhibitors-list/year/2026""}]}"
expo-00566,GRAND AGRO,Azərbaycan,AGRO FOOD INVESTMENTS MMC | MEDİA,1A360-4,Caspian Agro Week,2023 | 2024 | 2025 | 2026,4,"{""appearances"": [{""exhibition"": ""caspianagroweek"", ""exhibition_label"": ""Caspian Agro Week"", ""year"": ""2023"", ""category"": ""MEDİA"", ""stand"": ""1A360-4"", ""company_id"": """", ""source_url"": ""https://caspianagroweek.az/az/exhibitors-list/year/2023""}, {""exhibition"": ""caspianagroweek"", ""exhibition_label"": ""Caspian Agro Week"", ""year"": ""2024"", ""category"": ""MEDİA"", ""stand"": ""1A360-4"", ""company_id"": """", ""source_url"": ""https://caspianagroweek.az/az/exhibitors-list/year/2024""}, {""exhibition"": ""caspianagroweek"", ""exhibition_label"": ""Caspian Agro Week"", ""year"": ""2025"", ""category"": ""MEDİA"", ""stand"": ""1A360-4"", ""company_id"": """", ""source_url"": ""https://caspianagroweek.az/az/exhibitors-list/year/2025""}, {""exhibition"": ""caspianagroweek"", ""exhibition_label"": ""Caspian Agro Week"", ""year"": ""2026"", ""category"": ""AGRO FOOD INVESTMENTS MMC"", ""stand"": ""1A360-4"", ""company_id"": """", ""source_url"": ""https://caspianagroweek.az/az/exhibitors-list/year/2026""}]}"
expo-00567,GRAND MOTORS,Azərbaycan,MEDİA | TƏRƏFDAŞ,1A012-1 | 1A220-1,Caspian Agro Week,2025 | 2026,2,"{""appearances"": [{""exhibition"": ""caspianagroweek"", ""exhibition_label"": ""Caspian Agro Week"", ""year"": ""2025"", ""category"": ""MEDİA"", ""stand"": ""1A012-1"", ""company_id"": """", ""source_url"": ""https://caspianagroweek.az/az/exhibitors-list/year/2025""}, {""exhibition"": ""caspianagroweek"", ""exhibition_label"": ""Caspian Agro Week"", ""year"": ""2026"", ""category"": ""TƏRƏFDAŞ"", ""stand"": ""1A220-1"", ""company_id"": """", ""source_url"": ""https://caspianagroweek.az/az/exhibitors-list/year/2026""}]}"
expo-00568,GRAND MOTORS COMPANY,Azərbaycan,MEDİA | TƏRƏFDAŞ,5A215 | A1002 | A1102 | A1102/4012,Caspian Agro Week,2019 | 2021 | 2022 | 2024,4,"{""appearances"": [{""exhibition"": ""caspianagroweek"", ""exhibition_label"": ""Caspian Agro Week"", ""year"": ""2019"", ""category"": ""MEDİA"", ""stand"": ""A1102/4012"", ""company_id"": ""4684"", ""source_url"": ""https://caspianagroweek.az/az/exhibitors-list/year/2019""}, {""exhibition"": ""caspianagroweek"", ""exhibition_label"": ""Caspian Agro Week"", ""year"": ""2021"", ""category"": ""TƏRƏFDAŞ"", ""stand"": ""A1002"", ""company_id"": ""4684"", ""source_url"": ""https://caspianagroweek.az/az/exhibitors-list/year/2021""}, {""exhibition"": ""caspianagroweek"", ""exhibition_label"": ""Caspian Agro Week"", ""year"": ""2022"", ""category"": ""MEDİA"", ""stand"": ""A1102"", ""company_id"": ""4684"", ""source_url"": ""https://caspianagroweek.az/az/exhibitors-list/year/2022""}, {""exhibition"": ""caspianagroweek"", ""exhibition_label"": ""Caspian Agro Week"", ""year"": ""2024"", ""category"": ""MEDİA"", ""stand"": ""5A215"", ""company_id"": ""4684"", ""source_url"": ""https://caspianagroweek.az/az/exhibitors-list/year/2024""}]}"
expo-00569,GRAND-AGRO INVİTRO MMC,Azərbaycan,AGRO FOOD INVESTMENTS MMC | MEDİA | TƏRƏFDAŞ,1A360-3 | A1026 | A1032 | A1217,Caspian Agro Week,2019 | 2021 | 2022 | 2024 | 2025 | 2026,6,"{""appearances"": [{""exhibition"": ""caspianagroweek"", ""exhibition_label"": ""Caspian Agro Week"", ""year"": ""2019"", ""category"": ""MEDİA"", ""stand"": ""A1217"", ""company_id"": ""4708"", ""source_url"": ""https://caspianagroweek.az/az/exhibitors-list/year/2019""}, {""exhibition"": ""caspianagroweek"", ""exhibition_label"": ""Caspian Agro Week"", ""year"": ""2021"", ""category"": ""TƏRƏFDAŞ"", ""stand"": ""A1032"", ""company_id"": ""4708"", ""source_url"": ""https://caspianagroweek.az/az/exhibitors-list/year/2021""}, {""exhibition"": ""caspianagroweek"", ""exhibition_label"": ""Caspian Agro Week"", ""year"": ""2022"", ""category"": ""MEDİA"", ""stand"": ""A1026"", ""company_id"": ""4708"", ""source_url"": ""https://caspianagroweek.az/az/exhibitors-list/year/2022""}, {""exhibition"": ""caspianagroweek"", ""exhibition_label"": ""Caspian Agro Week"", ""year"": ""2024"", ""category"": ""MEDİA"", ""stand"": ""1A360-3"", ""company_id"": """", ""source_url"": ""https://caspianagroweek.az/az/exhibitors-list/year/2024""}, {""exhibition"": ""caspianagroweek"", ""exhibition_label"": ""Caspian Agro Week"", ""year"": ""2025"", ""category"": ""MEDİA"", ""stand"": ""1A360-3"", ""company_id"": """", ""source_url"": ""https://caspianagroweek.az/az/exhibitors-list/year/2025""}, {""exhibition"": ""caspianagroweek"", ""exhibition_label"": ""Caspian Agro Week"", ""year"": ""2026"", ""category"": ""AGRO FOOD INVESTMENTS MMC"", ""stand"": ""1A360-3"", ""company_id"": """", ""source_url"": ""https://caspianagroweek.az/az/exhibitors-list/year/2026""}]}"
expo-00570,GRANDTEK MMC,Azərbaycan,MEDİA,1B054,BakuBuild,2024,1,"{""appearances"": [{""exhibition"": ""bakubuild"", ""exhibition_label"": ""BakuBuild"", ""year"": ""2024"", ""category"": ""MEDİA"", ""stand"": ""1B054"", ""company_id"": ""7336"", ""source_url"": ""https://bakubuild.az/az/exhibitors-list/year/2024""}]}"
expo-00571,GRANT AQRO SERVİS MMC,Azərbaycan,MEDİA,5A116,Caspian Agro Week,2024,1,"{""appearances"": [{""exhibition"": ""caspianagroweek"", ""exhibition_label"": ""Caspian Agro Week"", ""year"": ""2024"", ""category"": ""MEDİA"", ""stand"": ""5A116"", ""company_id"": """", ""source_url"": ""https://caspianagroweek.az/az/exhibitors-list/year/2024""}]}"
expo-00572,GREEN CON LLC,Azərbaycan,MEDİA | TƏRƏFDAŞ,A2104/1 | A2410,Caspian Agro Week,2019 | 2021,2,"{""appearances"": [{""exhibition"": ""caspianagroweek"", ""exhibition_label"": ""Caspian Agro Week"", ""year"": ""2019"", ""category"": ""MEDİA"", ""stand"": ""A2410"", ""company_id"": """", ""source_url"": ""https://caspianagroweek.az/az/exhibitors-list/year/2019""}, {""exhibition"": ""caspianagroweek"", ""exhibition_label"": ""Caspian Agro Week"", ""year"": ""2021"", ""category"": ""TƏRƏFDAŞ"", ""stand"": ""A2104/1"", ""company_id"": """", ""source_url"": ""https://caspianagroweek.az/az/exhibitors-list/year/2021""}]}"
expo-00573,GREEN LIFE ENGINEERING MMC,Azərbaycan,MEDİA,A2114,Aquatherm Baku,2022,1,"{""appearances"": [{""exhibition"": ""aquatherm"", ""exhibition_label"": ""Aquatherm Baku"", ""year"": ""2022"", ""category"": ""MEDİA"", ""stand"": ""A2114"", ""company_id"": ""7681"", ""source_url"": ""https://aquatherm.az/az/exhibitors-list/year/2022""}]}"
expo-00574,GREEN PLANT,Azərbaycan,AGRO FOOD INVESTMENTS MMC,1A360-7,Caspian Agro Week,2026,1,"{""appearances"": [{""exhibition"": ""caspianagroweek"", ""exhibition_label"": ""Caspian Agro Week"", ""year"": ""2026"", ""category"": ""AGRO FOOD INVESTMENTS MMC"", ""stand"": ""1A360-7"", ""company_id"": """", ""source_url"": ""https://caspianagroweek.az/az/exhibitors-list/year/2026""}]}"
expo-00575,GREEN PLAST,Azərbaycan,MEDİA,A2056,Caspian Agro Week,2019,1,"{""appearances"": [{""exhibition"": ""caspianagroweek"", ""exhibition_label"": ""Caspian Agro Week"", ""year"": ""2019"", ""category"": ""MEDİA"", ""stand"": ""A2056"", ""company_id"": ""4929"", ""source_url"": ""https://caspianagroweek.az/az/exhibitors-list/year/2019""}]}"
expo-00576,GREEN STREAM INTERNATIONAL MMC,Azərbaycan,MEDİA,B2092,BakuBuild,2022,1,"{""appearances"": [{""exhibition"": ""bakubuild"", ""exhibition_label"": ""BakuBuild"", ""year"": ""2022"", ""category"": ""MEDİA"", ""stand"": ""B2092"", ""company_id"": ""5958"", ""source_url"": ""https://bakubuild.az/az/exhibitors-list/year/2022""}]}"
expo-00577,GREENS AZ MMC,Azərbaycan,MEDİA,1A232 | 1A232-1 | A1214,Caspian Agro Week,2022 | 2023 | 2024,3,"{""appearances"": [{""exhibition"": ""caspianagroweek"", ""exhibition_label"": ""Caspian Agro Week"", ""year"": ""2022"", ""category"": ""MEDİA"", ""stand"": ""A1214"", ""company_id"": ""7005"", ""source_url"": ""https://caspianagroweek.az/az/exhibitors-list/year/2022""}, {""exhibition"": ""caspianagroweek"", ""exhibition_label"": ""Caspian Agro Week"", ""year"": ""2023"", ""category"": ""MEDİA"", ""stand"": ""1A232"", ""company_id"": ""7005"", ""source_url"": ""https://caspianagroweek.az/az/exhibitors-list/year/2023""}, {""exhibition"": ""caspianagroweek"", ""exhibition_label"": ""Caspian Agro Week"", ""year"": ""2024"", ""category"": ""MEDİA"", ""stand"": ""1A232-1"", ""company_id"": ""7005"", ""source_url"": ""https://caspianagroweek.az/az/exhibitors-list/year/2024""}]}"
expo-00578,GREENWICH TRAVEL CLUB,Azərbaycan,MEDİA | MURMANSK VİLAYETİ | NAXÇIVAN MUXTAR RESPUBLİKASININ MİLLİ STENDİ | TƏRƏFDAŞ | TƏRƏFDAŞLAR | YAROSLAVL VILAYƏTİNİN ŞİRKƏTLƏRİ | ÇELYABİNSK VİLAYƏTİ,,Aquatherm Baku | BakuBuild | Beauty Expo Baku | Caspian Agro Week | Caspian Oil & Gas | InterFood Azerbaijan | Securex Caspian | TransLogistica Caspian,2019 | 2021 | 2022 | 2023 | 2024 | 2025 | 2026,42,"{""appearances"": [{""exhibition"": ""bakubuild"", ""exhibition_label"": ""BakuBuild"", ""year"": ""2019"", ""category"": ""TƏRƏFDAŞLAR"", ""stand"": ""-"", ""company_id"": ""4816"", ""source_url"": ""https://bakubuild.az/az/exhibitors-list/year/2019""}, {""exhibition"": ""bakubuild"", ""exhibition_label"": ""BakuBuild"", ""year"": ""2021"", ""category"": ""TƏRƏFDAŞLAR"", ""stand"": ""-"", ""company_id"": ""4816"", ""source_url"": ""https://bakubuild.az/az/exhibitors-list/year/2021""}, {""exhibition"": ""bakubuild"", ""exhibition_label"": ""BakuBuild"", ""year"": ""2022"", ""category"": ""MEDİA"", ""stand"": ""-"", ""company_id"": ""4816"", ""source_url"": ""https://bakubuild.az/az/exhibitors-list/year/2022""}, {""exhibition"": ""bakubuild"", ""exhibition_label"": ""BakuBuild"", ""year"": ""2023"", ""category"": ""ÇELYABİNSK VİLAYƏTİ"", ""stand"": ""-"", ""company_id"": ""4816"", ""source_url"": ""https://bakubuild.az/az/exhibitors-list/year/2023""}, {""exhibition"": ""bakubuild"", ""exhibition_label"": ""BakuBuild"", ""year"": ""2024"", ""category"": ""MEDİA"", ""stand"": ""-"", ""company_id"": ""4816"", ""source_url"": ""https://bakubuild.az/az/exhibitors-list/year/2024""}, {""exhibition"": ""bakubuild"", ""exhibition_label"": ""BakuBuild"", ""year"": ""2025"", ""category"": ""TƏRƏFDAŞLAR"", ""stand"": ""-"", ""company_id"": ""4816"", ""source_url"": ""https://bakubuild.az/az/exhibitors-list/year/2025""}, {""exhibition"": ""aquatherm"", ""exhibition_label"": ""Aquatherm Baku"", ""year"": ""2019"", ""category"": ""TƏRƏFDAŞLAR"", ""stand"": ""-"", ""company_id"": ""4816"", ""source_url"": ""https://aquatherm.az/az/exhibitors-list/year/2019""}, {""exhibition"": ""aquatherm"", ""exhibition_label"": ""Aquatherm Baku"", ""year"": ""2021"", ""category"": ""MEDİA"", ""stand"": ""-"", ""company_id"": ""4816"", ""source_url"": ""https://aquatherm.az/az/exhibitors-list/year/2021""}, {""exhibition"": ""aquatherm"", ""exhibition_label"": ""Aquatherm Baku"", ""year"": ""2022"", ""category"": ""MEDİA"", ""stand"": ""-"", ""company_id"": ""4816"", ""source_url"": ""https://aquatherm.az/az/exhibitors-list/year/2022""}, {""exhibition"": ""aquatherm"", ""exhibition_label"": ""Aquatherm Baku"", ""year"": ""2023"", ""category"": ""MEDİA"", ""stand"": ""-"", ""company_id"": ""4816"", ""source_url"": ""https://aquatherm.az/az/exhibitors-list/year/2023""}, {""exhibition"": ""aquatherm"", ""exhibition_label"": ""Aquatherm Baku"", ""year"": ""2023"", ""category"": ""MEDİA"", ""stand"": ""-"", ""company_id"": ""4816"", ""source_url"": ""https://aquatherm.az/az/exhibitors-list/year/2023""}, {""exhibition"": ""aquatherm"", ""exhibition_label"": ""Aquatherm Baku"", ""year"": ""2024"", ""category"": ""MEDİA"", ""stand"": ""-"", ""company_id"": ""4816"", ""source_url"": ""https://aquatherm.az/az/exhibitors-list/year/2024""}, {""exhibition"": ""beautyexpo"", ""exhibition_label"": ""Beauty Expo Baku"", ""year"": ""2019"", ""category"": ""TƏRƏFDAŞLAR"", ""stand"": ""-"", ""company_id"": ""4816"", ""source_url"": ""https://beautyexpo.az/az/exhibitors-list/year/2019""}, {""exhibition"": ""beautyexpo"", ""exhibition_label"": ""Beauty Expo Baku"", ""year"": ""2022"", ""category"": ""MEDİA"", ""stand"": ""-"", ""company_id"": ""4816"", ""source_url"": ""https://beautyexpo.az/az/exhibitors-list/year/2022""}, {""exhibition"": ""beautyexpo"", ""exhibition_label"": ""Beauty Expo Baku"", ""year"": ""2023"", ""category"": ""YAROSLAVL VILAYƏTİNİN ŞİRKƏTLƏRİ"", ""stand"": ""-"", ""company_id"": ""4816"", ""source_url"": ""https://beautyexpo.az/az/exhibitors-list/year/2023""}, {""exhibition"": ""beautyexpo"", ""exhibition_label"": ""Beauty Expo Baku"", ""year"": ""2023"", ""category"": ""YAROSLAVL VILAYƏTİNİN ŞİRKƏTLƏRİ"", ""stand"": ""-"", ""company_id"": ""4816"", ""source_url"": ""https://beautyexpo.az/az/exhibitors-list/year/2023""}, {""exhibition"": ""interfood"", ""exhibition_label"": ""InterFood Azerbaijan"", ""year"": ""2019"", ""category"": ""MEDİA"", ""stand"": ""-"", ""company_id"": ""4816"", ""source_url"": ""https://interfood.az/az/exhibitors-list/year/2019""}, {""exhibition"": ""interfood"", ""exhibition_label"": ""InterFood Azerbaijan"", ""year"": ""2022"", ""category"": ""MEDİA"", ""stand"": ""-"", ""company_id"": ""4816"", ""source_url"": ""https://interfood.az/az/exhibitors-list/year/2022""}, {""exhibition"": ""interfood"", ""exhibition_label"": ""InterFood Azerbaijan"", ""year"": ""2023"", ""category"": ""MURMANSK VİLAYETİ"", ""stand"": ""-"", ""company_id"": ""4816"", ""source_url"": ""https://interfood.az/az/exhibitors-list/year/2023""}, {""exhibition"": ""interfood"", ""exhibition_label"": ""InterFood Azerbaijan"", ""year"": ""2024"", ""category"": ""MEDİA"", ""stand"": ""-"", ""company_id"": ""4816"", ""source_url"": ""https://interfood.az/az/exhibitors-list/year/2024""}, {""exhibition"": ""interfood"", ""exhibition_label"": ""InterFood Azerbaijan"", ""year"": ""2025"", ""category"": ""NAXÇIVAN MUXTAR RESPUBLİKASININ MİLLİ STENDİ"", ""stand"": ""-"", ""company_id"": ""4816"", ""source_url"": ""https://interfood.az/az/exhibitors-list/year/2025""}, {""exhibition"": ""caspianoilgas"", ""exhibition_label"": ""Caspian Oil & Gas"", ""year"": ""2019"", ""category"": ""MEDİA"", ""stand"": ""-"", ""company_id"": ""4816"", ""source_url"": ""https://caspianoilgas.az/az/exhibitors-list/year/2019""}, {""exhibition"": ""caspianoilgas"", ""exhibition_label"": ""Caspian Oil & Gas"", ""year"": ""2022"", ""category"": ""MEDİA"", ""stand"": ""-"", ""company_id"": ""4816"", ""source_url"": ""https://caspianoilgas.az/az/exhibitors-list/year/2022""}, {""exhibition"": ""caspianoilgas"", ""exhibition_label"": ""Caspian Oil & Gas"", ""year"": ""2023"", ""category"": ""MEDİA"", ""stand"": ""-"", ""company_id"": ""4816"", ""source_url"": ""https://caspianoilgas.az/az/exhibitors-list/year/2023""}, {""exhibition"": ""caspianoilgas"", ""exhibition_label"": ""Caspian Oil & Gas"", ""year"": ""2024"", ""category"": ""MEDİA"", ""stand"": ""-"", ""company_id"": ""4816"", ""source_url"": ""https://caspianoilgas.az/az/exhibitors-list/year/2024""}, {""exhibition"": ""caspianoilgas"", ""exhibition_label"": ""Caspian Oil & Gas"", ""year"": ""2026"", ""category"": ""MEDİA"", ""stand"": ""-"", ""company_id"": ""4816"", ""source_url"": ""https://caspianoilgas.az/az/exhibitors-list/year/2026""}, {""exhibition"": ""securexcaspian"", ""exhibition_label"": ""Securex Caspian"", ""year"": ""2019"", ""category"": ""TƏRƏFDAŞLAR"", ""stand"": ""-"", ""company_id"": ""4816"", ""source_url"": ""https://securexcaspian.az/az/exhibitors-list/year/2019""}, {""exhibition"": ""securexcaspian"", ""exhibition_label"": ""Securex Caspian"", ""year"": ""2019"", ""category"": ""TƏRƏFDAŞLAR"", ""stand"": ""-"", ""company_id"": ""4816"", ""source_url"": ""https://securexcaspian.az/az/exhibitors-list/year/2019""}, {""exhibition"": ""securexcaspian"", ""exhibition_label"": ""Securex Caspian"", ""year"": ""2022"", ""category"": ""MEDİA"", ""stand"": ""-"", ""company_id"": ""4816"", ""source_url"": ""https://securexcaspian.az/az/exhibitors-list/year/2022""}, {""exhibition"": ""securexcaspian"", ""exhibition_label"": ""Securex Caspian"", ""year"": ""2022"", ""category"": ""MEDİA"", ""stand"": ""-"", ""company_id"": ""4816"", ""source_url"": ""https://securexcaspian.az/az/exhibitors-list/year/2022""}, {""exhibition"": ""securexcaspian"", ""exhibition_label"": ""Securex Caspian"", ""year"": ""2024"", ""category"": ""MEDİA"", ""stand"": ""-"", ""company_id"": ""4816"", ""source_url"": ""https://securexcaspian.az/az/exhibitors-list/year/2024""}, {""exhibition"": ""translogistica"", ""exhibition_label"": ""TransLogistica Caspian"", ""year"": ""2019"", ""category"": ""MEDİA"", ""stand"": ""-"", ""company_id"": ""4816"", ""source_url"": ""https://translogistica.az/az/exhibitors-list/year/2019""}, {""exhibition"": ""translogistica"", ""exhibition_label"": ""TransLogistica Caspian"", ""year"": ""2022"", ""category"": ""MEDİA"", ""stand"": ""-"", ""company_id"": ""4816"", ""source_url"": ""https://translogistica.az/az/exhibitors-list/year/2022""}, {""exhibition"": ""translogistica"", ""exhibition_label"": ""TransLogistica Caspian"", ""year"": ""2023"", ""category"": ""MEDİA"", ""stand"": ""-"", ""company_id"": ""4816"", ""source_url"": ""https://translogistica.az/az/exhibitors-list/year/2023""}, {""exhibition"": ""translogistica"", ""exhibition_label"": ""TransLogistica Caspian"", ""year"": ""2024"", ""category"": ""MEDİA"", ""stand"": ""-"", ""company_id"": ""4816"", ""source_url"": ""https://translogistica.az/az/exhibitors-list/year/2024""}, {""exhibition"": ""translogistica"", ""exhibition_label"": ""TransLogistica Caspian"", ""year"": ""2025"", ""category"": ""MEDİA"", ""stand"": ""-"", ""company_id"": ""4816"", ""source_url"": ""https://translogistica.az/az/exhibitors-list/year/2025""}, {""exhibition"": ""caspianagroweek"", ""exhibition_label"": ""Caspian Agro Week"", ""year"": ""2019"", ""category"": ""MEDİA"", ""stand"": ""-"", ""company_id"": ""4816"", ""source_url"": ""https://caspianagroweek.az/az/exhibitors-list/year/2019""}, {""exhibition"": ""caspianagroweek"", ""exhibition_label"": ""Caspian Agro Week"", ""year"": ""2022"", ""category"": ""MEDİA"", ""stand"": ""-"", ""company_id"": ""4816"", ""source_url"": ""https://caspianagroweek.az/az/exhibitors-list/year/2022""}, {""exhibition"": ""caspianagroweek"", ""exhibition_label"": ""Caspian Agro Week"", ""year"": ""2023"", ""category"": ""MEDİA"", ""stand"": ""-"", ""company_id"": ""4816"", ""source_url"": ""https://caspianagroweek.az/az/exhibitors-list/year/2023""}, {""exhibition"": ""caspianagroweek"", ""exhibition_label"": ""Caspian Agro Week"", ""year"": ""2024"", ""category"": ""MEDİA"", ""stand"": ""-"", ""company_id"": ""4816"", ""source_url"": ""https://caspianagroweek.az/az/exhibitors-list/year/2024""}, {""exhibition"": ""caspianagroweek"", ""exhibition_label"": ""Caspian Agro Week"", ""year"": ""2025"", ""category"": ""MEDİA"", ""stand"": ""-"", ""company_id"": ""4816"", ""source_url"": ""https://caspianagroweek.az/az/exhibitors-list/year/2025""}, {""exhibition"": ""caspianagroweek"", ""exhibition_label"": ""Caspian Agro Week"", ""year"": ""2026"", ""category"": ""TƏRƏFDAŞ"", ""stand"": ""-"", ""company_id"": ""4816"", ""source_url"": ""https://caspianagroweek.az/az/exhibitors-list/year/2026""}]}"
expo-00579,GRİMME,Azərbaycan,MEDİA,A1202,Caspian Agro Week,2019,1,"{""appearances"": [{""exhibition"": ""caspianagroweek"", ""exhibition_label"": ""Caspian Agro Week"", ""year"": ""2019"", ""category"": ""MEDİA"", ""stand"": ""A1202"", ""company_id"": """", ""source_url"": ""https://caspianagroweek.az/az/exhibitors-list/year/2019""}]}"
expo-00580,GROUND TECHNICAL SUPPORT,Azərbaycan,MEDİA,1А003-1,Securex Caspian,2024,1,"{""appearances"": [{""exhibition"": ""securexcaspian"", ""exhibition_label"": ""Securex Caspian"", ""year"": ""2024"", ""category"": ""MEDİA"", ""stand"": ""1А003-1"", ""company_id"": ""324911"", ""source_url"": ""https://securexcaspian.az/az/exhibitors-list/year/2024""}]}"
expo-00581,GROVV GROUP AZERBAIJAN MMC,Azərbaycan,GROVV GROUP AZERBAIJAN MMC | MEDİA | TƏRƏFDAŞ,1A110 | A1104,Caspian Agro Week,2019 | 2021 | 2022 | 2023 | 2024 | 2026,6,"{""appearances"": [{""exhibition"": ""caspianagroweek"", ""exhibition_label"": ""Caspian Agro Week"", ""year"": ""2019"", ""category"": ""MEDİA"", ""stand"": ""A1104"", ""company_id"": ""4660"", ""source_url"": ""https://caspianagroweek.az/az/exhibitors-list/year/2019""}, {""exhibition"": ""caspianagroweek"", ""exhibition_label"": ""Caspian Agro Week"", ""year"": ""2021"", ""category"": ""TƏRƏFDAŞ"", ""stand"": ""A1104"", ""company_id"": ""4660"", ""source_url"": ""https://caspianagroweek.az/az/exhibitors-list/year/2021""}, {""exhibition"": ""caspianagroweek"", ""exhibition_label"": ""Caspian Agro Week"", ""year"": ""2022"", ""category"": ""MEDİA"", ""stand"": ""A1104"", ""company_id"": ""4660"", ""source_url"": ""https://caspianagroweek.az/az/exhibitors-list/year/2022""}, {""exhibition"": ""caspianagroweek"", ""exhibition_label"": ""Caspian Agro Week"", ""year"": ""2023"", ""category"": ""MEDİA"", ""stand"": ""1A110"", ""company_id"": ""4660"", ""source_url"": ""https://caspianagroweek.az/az/exhibitors-list/year/2023""}, {""exhibition"": ""caspianagroweek"", ""exhibition_label"": ""Caspian Agro Week"", ""year"": ""2024"", ""category"": ""MEDİA"", ""stand"": ""1A110"", ""company_id"": ""4660"", ""source_url"": ""https://caspianagroweek.az/az/exhibitors-list/year/2024""}, {""exhibition"": ""caspianagroweek"", ""exhibition_label"": ""Caspian Agro Week"", ""year"": ""2026"", ""category"": ""GROVV GROUP AZERBAIJAN MMC"", ""stand"": ""1A110"", ""company_id"": ""4660"", ""source_url"": ""https://caspianagroweek.az/az/exhibitors-list/year/2026""}]}"
expo-00582,GROW GROUP AZERBAİJAN MMC,Azərbaycan,MEDİA,1A110,Caspian Agro Week,2025 | 2027,2,"{""appearances"": [{""exhibition"": ""caspianagroweek"", ""exhibition_label"": ""Caspian Agro Week"", ""year"": ""2025"", ""category"": ""MEDİA"", ""stand"": ""1A110"", ""company_id"": ""4660"", ""source_url"": ""https://caspianagroweek.az/az/exhibitors-list/year/2025""}, {""exhibition"": ""caspianagroweek"", ""exhibition_label"": ""Caspian Agro Week"", ""year"": ""2027"", ""category"": """", ""stand"": ""-"", ""company_id"": """", ""source_url"": ""https://caspianagroweek.az/az/exhibitors-list/year/2027""}]}"
expo-00583,GUBRE.AZ,Azərbaycan,MEDİA | TƏRƏFDAŞ,2A340 | A2314 | A2322,Caspian Agro Week,2021 | 2022 | 2023 | 2024 | 2025 | 2026,6,"{""appearances"": [{""exhibition"": ""caspianagroweek"", ""exhibition_label"": ""Caspian Agro Week"", ""year"": ""2021"", ""category"": ""TƏRƏFDAŞ"", ""stand"": ""A2314"", ""company_id"": ""6351"", ""source_url"": ""https://caspianagroweek.az/az/exhibitors-list/year/2021""}, {""exhibition"": ""caspianagroweek"", ""exhibition_label"": ""Caspian Agro Week"", ""year"": ""2022"", ""category"": ""MEDİA"", ""stand"": ""A2322"", ""company_id"": ""6351"", ""source_url"": ""https://caspianagroweek.az/az/exhibitors-list/year/2022""}, {""exhibition"": ""caspianagroweek"", ""exhibition_label"": ""Caspian Agro Week"", ""year"": ""2023"", ""category"": ""MEDİA"", ""stand"": ""2A340"", ""company_id"": ""6351"", ""source_url"": ""https://caspianagroweek.az/az/exhibitors-list/year/2023""}, {""exhibition"": ""caspianagroweek"", ""exhibition_label"": ""Caspian Agro Week"", ""year"": ""2024"", ""category"": ""MEDİA"", ""stand"": ""2A340"", ""company_id"": ""6351"", ""source_url"": ""https://caspianagroweek.az/az/exhibitors-list/year/2024""}, {""exhibition"": ""caspianagroweek"", ""exhibition_label"": ""Caspian Agro Week"", ""year"": ""2025"", ""category"": ""MEDİA"", ""stand"": ""2A340"", ""company_id"": ""6351"", ""source_url"": ""https://caspianagroweek.az/az/exhibitors-list/year/2025""}, {""exhibition"": ""caspianagroweek"", ""exhibition_label"": ""Caspian Agro Week"", ""year"": ""2026"", ""category"": ""TƏRƏFDAŞ"", ""stand"": ""2A340"", ""company_id"": ""6351"", ""source_url"": ""https://caspianagroweek.az/az/exhibitors-list/year/2026""}]}"
expo-00584,GÖYÇAY SÜD,Azərbaycan,NAXÇIVAN MUXTAR RESPUBLİKASININ MİLLİ STENDİ,4F102-8,InterFood Azerbaijan,2025,1,"{""appearances"": [{""exhibition"": ""interfood"", ""exhibition_label"": ""InterFood Azerbaijan"", ""year"": ""2025"", ""category"": ""NAXÇIVAN MUXTAR RESPUBLİKASININ MİLLİ STENDİ"", ""stand"": ""4F102-8"", ""company_id"": """", ""source_url"": ""https://interfood.az/az/exhibitors-list/year/2025""}]}"
expo-00585,GƏDƏBƏY MİNERAL SULARI MMC,Azərbaycan,ŞİRVAN AQRO MMC,4F012,InterFood Azerbaijan,2026,1,"{""appearances"": [{""exhibition"": ""interfood"", ""exhibition_label"": ""InterFood Azerbaijan"", ""year"": ""2026"", ""category"": ""ŞİRVAN AQRO MMC"", ""stand"": ""4F012"", ""company_id"": ""345154"", ""source_url"": ""https://interfood.az/az/exhibitors-list/year/2026""}]}"
expo-00586,GƏMİQAYA HOLDİNQ,Azərbaycan,MEDİA | TƏRƏFDAŞLAR,B1110 | B1216,BakuBuild,2021 | 2022,2,"{""appearances"": [{""exhibition"": ""bakubuild"", ""exhibition_label"": ""BakuBuild"", ""year"": ""2021"", ""category"": ""TƏRƏFDAŞLAR"", ""stand"": ""B1216"", ""company_id"": ""6735"", ""source_url"": ""https://bakubuild.az/az/exhibitors-list/year/2021""}, {""exhibition"": ""bakubuild"", ""exhibition_label"": ""BakuBuild"", ""year"": ""2022"", ""category"": ""MEDİA"", ""stand"": ""B1110"", ""company_id"": ""6735"", ""source_url"": ""https://bakubuild.az/az/exhibitors-list/year/2022""}]}"
expo-00587,GƏNCƏ AQROBİZNES ASSOSİASİYASI,Azərbaycan,MEDİA,P124,Caspian Agro Week,2019,1,"{""appearances"": [{""exhibition"": ""caspianagroweek"", ""exhibition_label"": ""Caspian Agro Week"", ""year"": ""2019"", ""category"": ""MEDİA"", ""stand"": ""P124"", ""company_id"": ""5278"", ""source_url"": ""https://caspianagroweek.az/az/exhibitors-list/year/2019""}]}"
expo-00588,GƏNCƏ AVTOMOBİL ZAVODU İB,Azərbaycan,MEDİA | TƏRƏFDAŞ,5A085 | 5A145 | 5A260 | 5A270 | A4014/A1326 | A5018 | A5020,Caspian Agro Week,2019 | 2021 | 2022 | 2023 | 2024 | 2025 | 2026,7,"{""appearances"": [{""exhibition"": ""caspianagroweek"", ""exhibition_label"": ""Caspian Agro Week"", ""year"": ""2019"", ""category"": ""MEDİA"", ""stand"": ""A4014/A1326"", ""company_id"": ""4990"", ""source_url"": ""https://caspianagroweek.az/az/exhibitors-list/year/2019""}, {""exhibition"": ""caspianagroweek"", ""exhibition_label"": ""Caspian Agro Week"", ""year"": ""2021"", ""category"": ""TƏRƏFDAŞ"", ""stand"": ""A5020"", ""company_id"": ""4990"", ""source_url"": ""https://caspianagroweek.az/az/exhibitors-list/year/2021""}, {""exhibition"": ""caspianagroweek"", ""exhibition_label"": ""Caspian Agro Week"", ""year"": ""2022"", ""category"": ""MEDİA"", ""stand"": ""A5018"", ""company_id"": ""4990"", ""source_url"": ""https://caspianagroweek.az/az/exhibitors-list/year/2022""}, {""exhibition"": ""caspianagroweek"", ""exhibition_label"": ""Caspian Agro Week"", ""year"": ""2023"", ""category"": ""MEDİA"", ""stand"": ""5A270"", ""company_id"": ""4990"", ""source_url"": ""https://caspianagroweek.az/az/exhibitors-list/year/2023""}, {""exhibition"": ""caspianagroweek"", ""exhibition_label"": ""Caspian Agro Week"", ""year"": ""2024"", ""category"": ""MEDİA"", ""stand"": ""5A260"", ""company_id"": ""4990"", ""source_url"": ""https://caspianagroweek.az/az/exhibitors-list/year/2024""}, {""exhibition"": ""caspianagroweek"", ""exhibition_label"": ""Caspian Agro Week"", ""year"": ""2025"", ""category"": ""MEDİA"", ""stand"": ""5A145"", ""company_id"": ""4990"", ""source_url"": ""https://caspianagroweek.az/az/exhibitors-list/year/2025""}, {""exhibition"": ""caspianagroweek"", ""exhibition_label"": ""Caspian Agro Week"", ""year"": ""2026"", ""category"": ""TƏRƏFDAŞ"", ""stand"": ""5A085"", ""company_id"": ""4990"", ""source_url"": ""https://caspianagroweek.az/az/exhibitors-list/year/2026""}]}"
expo-00589,HALAL FOOD MMC,Azərbaycan,ŞİRVAN AQRO MMC,4F002,InterFood Azerbaijan,2026,1,"{""appearances"": [{""exhibition"": ""interfood"", ""exhibition_label"": ""InterFood Azerbaijan"", ""year"": ""2026"", ""category"": ""ŞİRVAN AQRO MMC"", ""stand"": ""4F002"", ""company_id"": """", ""source_url"": ""https://interfood.az/az/exhibitors-list/year/2026""}]}"
expo-00590,HATKO KAUCUK,Azərbaycan,MEDİA,A5002-6,Caspian Agro Week,2022,1,"{""appearances"": [{""exhibition"": ""caspianagroweek"", ""exhibition_label"": ""Caspian Agro Week"", ""year"": ""2022"", ""category"": ""MEDİA"", ""stand"": ""A5002-6"", ""company_id"": """", ""source_url"": ""https://caspianagroweek.az/az/exhibitors-list/year/2022""}]}"
expo-00591,HATUNSARAYLİ TARİM MAKİNALARİ,Azərbaycan,MEDİA,A5002-2,Caspian Agro Week,2022,1,"{""appearances"": [{""exhibition"": ""caspianagroweek"", ""exhibition_label"": ""Caspian Agro Week"", ""year"": ""2022"", ""category"": ""MEDİA"", ""stand"": ""A5002-2"", ""company_id"": """", ""source_url"": ""https://caspianagroweek.az/az/exhibitors-list/year/2022""}]}"
expo-00592,HAVA HÜCUMUNDAN MÜDAFİƏ SİLAHLARININ VƏ HƏRBİ TEXNİKALARININ SERVİS XİDMƏTİ MMC,Azərbaycan,MEDİA,A4014,Securex Caspian,2022,1,"{""appearances"": [{""exhibition"": ""securexcaspian"", ""exhibition_label"": ""Securex Caspian"", ""year"": ""2022"", ""category"": ""MEDİA"", ""stand"": ""A4014"", ""company_id"": ""6025"", ""source_url"": ""https://securexcaspian.az/az/exhibitors-list/year/2022""}]}"
expo-00593,HELLMANN WORLDWİDE LOGİSTİCS MMC,Azərbaycan,MEDİA,T2215,TransLogistica Caspian,2022,1,"{""appearances"": [{""exhibition"": ""translogistica"", ""exhibition_label"": ""TransLogistica Caspian"", ""year"": ""2022"", ""category"": ""MEDİA"", ""stand"": ""T2215"", ""company_id"": ""7327"", ""source_url"": ""https://translogistica.az/az/exhibitors-list/year/2022""}]}"
expo-00594,HERITUS LOGISTICS,Azərbaycan,MEDİA,2T350-2,TransLogistica Caspian,2026,1,"{""appearances"": [{""exhibition"": ""translogistica"", ""exhibition_label"": ""TransLogistica Caspian"", ""year"": ""2026"", ""category"": ""MEDİA"", ""stand"": ""2T350-2"", ""company_id"": ""352510"", ""source_url"": ""https://translogistica.az/az/exhibitors-list/year/2026""}]}"
expo-00595,HIKVISION AZERBAIJAN MMC,Azərbaycan,MEDİA,1A152 | S1006,Securex Caspian,2022 | 2024,2,"{""appearances"": [{""exhibition"": ""securexcaspian"", ""exhibition_label"": ""Securex Caspian"", ""year"": ""2022"", ""category"": ""MEDİA"", ""stand"": ""S1006"", ""company_id"": ""6966"", ""source_url"": ""https://securexcaspian.az/az/exhibitors-list/year/2022""}, {""exhibition"": ""securexcaspian"", ""exhibition_label"": ""Securex Caspian"", ""year"": ""2024"", ""category"": ""MEDİA"", ""stand"": ""1A152"", ""company_id"": ""6966"", ""source_url"": ""https://securexcaspian.az/az/exhibitors-list/year/2024""}]}"
expo-00596,HILTON BAKU,Azərbaycan,MEDİA | TƏRƏFDAŞLAR,,Aquatherm Baku | BakuBuild | Beauty Expo Baku | Caspian Agro Week | Caspian Oil & Gas | InterFood Azerbaijan | Securex Caspian | TransLogistica Caspian,2022 | 2025,11,"{""appearances"": [{""exhibition"": ""bakubuild"", ""exhibition_label"": ""BakuBuild"", ""year"": ""2022"", ""category"": ""MEDİA"", ""stand"": ""-"", ""company_id"": ""7045"", ""source_url"": ""https://bakubuild.az/az/exhibitors-list/year/2022""}, {""exhibition"": ""bakubuild"", ""exhibition_label"": ""BakuBuild"", ""year"": ""2025"", ""category"": ""TƏRƏFDAŞLAR"", ""stand"": ""-"", ""company_id"": ""7045"", ""source_url"": ""https://bakubuild.az/az/exhibitors-list/year/2025""}, {""exhibition"": ""aquatherm"", ""exhibition_label"": ""Aquatherm Baku"", ""year"": ""2022"", ""category"": ""MEDİA"", ""stand"": ""-"", ""company_id"": ""7045"", ""source_url"": ""https://aquatherm.az/az/exhibitors-list/year/2022""}, {""exhibition"": ""beautyexpo"", ""exhibition_label"": ""Beauty Expo Baku"", ""year"": ""2022"", ""category"": ""MEDİA"", ""stand"": ""-"", ""company_id"": ""7045"", ""source_url"": ""https://beautyexpo.az/az/exhibitors-list/year/2022""}, {""exhibition"": ""interfood"", ""exhibition_label"": ""InterFood Azerbaijan"", ""year"": ""2022"", ""category"": ""MEDİA"", ""stand"": ""-"", ""company_id"": ""7045"", ""source_url"": ""https://interfood.az/az/exhibitors-list/year/2022""}, {""exhibition"": ""caspianoilgas"", ""exhibition_label"": ""Caspian Oil & Gas"", ""year"": ""2022"", ""category"": ""MEDİA"", ""stand"": ""-"", ""company_id"": ""7045"", ""source_url"": ""https://caspianoilgas.az/az/exhibitors-list/year/2022""}, {""exhibition"": ""securexcaspian"", ""exhibition_label"": ""Securex Caspian"", ""year"": ""2022"", ""category"": ""MEDİA"", ""stand"": ""-"", ""company_id"": ""7045"", ""source_url"": ""https://securexcaspian.az/az/exhibitors-list/year/2022""}, {""exhibition"": ""securexcaspian"", ""exhibition_label"": ""Securex Caspian"", ""year"": ""2022"", ""category"": ""MEDİA"", ""stand"": ""-"", ""company_id"": ""7045"", ""source_url"": ""https://securexcaspian.az/az/exhibitors-list/year/2022""}, {""exhibition"": ""translogistica"", ""exhibition_label"": ""TransLogistica Caspian"", ""year"": ""2022"", ""category"": ""MEDİA"", ""stand"": ""-"", ""company_id"": ""7045"", ""source_url"": ""https://translogistica.az/az/exhibitors-list/year/2022""}, {""exhibition"": ""translogistica"", ""exhibition_label"": ""TransLogistica Caspian"", ""year"": ""2025"", ""category"": ""MEDİA"", ""stand"": ""-"", ""company_id"": ""7045"", ""source_url"": ""https://translogistica.az/az/exhibitors-list/year/2025""}, {""exhibition"": ""caspianagroweek"", ""exhibition_label"": ""Caspian Agro Week"", ""year"": ""2022"", ""category"": ""MEDİA"", ""stand"": ""-"", ""company_id"": ""7045"", ""source_url"": ""https://caspianagroweek.az/az/exhibitors-list/year/2022""}]}"
expo-00597,HILTON GARDEN INN BAKU,Azərbaycan,MEDİA | NAXÇIVAN MUXTAR RESPUBLİKASININ MİLLİ STENDİ | TƏRƏFDAŞ | TƏRƏFDAŞLAR,,BakuBuild | Caspian Agro Week | Caspian Oil & Gas | InterFood Azerbaijan | Securex Caspian | TransLogistica Caspian,2025 | 2026,8,"{""appearances"": [{""exhibition"": ""bakubuild"", ""exhibition_label"": ""BakuBuild"", ""year"": ""2025"", ""category"": ""TƏRƏFDAŞLAR"", ""stand"": ""-"", ""company_id"": ""336561"", ""source_url"": ""https://bakubuild.az/az/exhibitors-list/year/2025""}, {""exhibition"": ""bakubuild"", ""exhibition_label"": ""BakuBuild"", ""year"": ""2026"", ""category"": ""TƏRƏFDAŞLAR"", ""stand"": ""-"", ""company_id"": ""336561"", ""source_url"": ""https://bakubuild.az/az/exhibitors-list/year/2026""}, {""exhibition"": ""interfood"", ""exhibition_label"": ""InterFood Azerbaijan"", ""year"": ""2025"", ""category"": ""NAXÇIVAN MUXTAR RESPUBLİKASININ MİLLİ STENDİ"", ""stand"": ""-"", ""company_id"": """", ""source_url"": ""https://interfood.az/az/exhibitors-list/year/2025""}, {""exhibition"": ""caspianoilgas"", ""exhibition_label"": ""Caspian Oil & Gas"", ""year"": ""2026"", ""category"": ""MEDİA"", ""stand"": ""-"", ""company_id"": ""336561"", ""source_url"": ""https://caspianoilgas.az/az/exhibitors-list/year/2026""}, {""exhibition"": ""securexcaspian"", ""exhibition_label"": ""Securex Caspian"", ""year"": ""2026"", ""category"": """", ""stand"": ""-"", ""company_id"": ""336561"", ""source_url"": ""https://securexcaspian.az/az/exhibitors-list/year/2026""}, {""exhibition"": ""translogistica"", ""exhibition_label"": ""TransLogistica Caspian"", ""year"": ""2025"", ""category"": ""MEDİA"", ""stand"": ""-"", ""company_id"": ""336561"", ""source_url"": ""https://translogistica.az/az/exhibitors-list/year/2025""}, {""exhibition"": ""caspianagroweek"", ""exhibition_label"": ""Caspian Agro Week"", ""year"": ""2025"", ""category"": ""MEDİA"", ""stand"": ""-"", ""company_id"": """", ""source_url"": ""https://caspianagroweek.az/az/exhibitors-list/year/2025""}, {""exhibition"": ""caspianagroweek"", ""exhibition_label"": ""Caspian Agro Week"", ""year"": ""2026"", ""category"": ""TƏRƏFDAŞ"", ""stand"": ""-"", ""company_id"": ""336561"", ""source_url"": ""https://caspianagroweek.az/az/exhibitors-list/year/2026""}]}"
expo-00598,HİDROART MMC,Azərbaycan,MEDİA,4A006,Caspian Agro Week,2025,1,"{""appearances"": [{""exhibition"": ""caspianagroweek"", ""exhibition_label"": ""Caspian Agro Week"", ""year"": ""2025"", ""category"": ""MEDİA"", ""stand"": ""4A006"", ""company_id"": ""326372"", ""source_url"": ""https://caspianagroweek.az/az/exhibitors-list/year/2025""}]}"
expo-00599,HLKT ENGİNEERİNG AND CONSTRUCTİON MMC  ANDRITZ AG,Azərbaycan,MEDİA,4A210,Aquatherm Baku,2025,1,"{""appearances"": [{""exhibition"": ""aquatherm"", ""exhibition_label"": ""Aquatherm Baku"", ""year"": ""2025"", ""category"": ""MEDİA"", ""stand"": ""4A210"", ""company_id"": ""334325"", ""source_url"": ""https://aquatherm.az/az/exhibitors-list/year/2025""}]}"
expo-00600,HMS (TATUN SARAYLI),Azərbaycan,MEDİA,A4011,Caspian Agro Week,2019,1,"{""appearances"": [{""exhibition"": ""caspianagroweek"", ""exhibition_label"": ""Caspian Agro Week"", ""year"": ""2019"", ""category"": ""MEDİA"", ""stand"": ""A4011"", ""company_id"": """", ""source_url"": ""https://caspianagroweek.az/az/exhibitors-list/year/2019""}]}"
expo-00601,HOLCİM AZERBAİJAN,Azərbaycan,TƏRƏFDAŞLAR,1B220,BakuBuild,2025 | 2026,2,"{""appearances"": [{""exhibition"": ""bakubuild"", ""exhibition_label"": ""BakuBuild"", ""year"": ""2025"", ""category"": ""TƏRƏFDAŞLAR"", ""stand"": ""1B220"", ""company_id"": ""310768"", ""source_url"": ""https://bakubuild.az/az/exhibitors-list/year/2025""}, {""exhibition"": ""bakubuild"", ""exhibition_label"": ""BakuBuild"", ""year"": ""2026"", ""category"": ""TƏRƏFDAŞLAR"", ""stand"": ""-"", ""company_id"": """", ""source_url"": ""https://bakubuild.az/az/exhibitors-list/year/2026""}]}"
expo-00602,HOLMER,Azərbaycan,SPONSOR,1A012,Caspian Agro Week,2026,1,"{""appearances"": [{""exhibition"": ""caspianagroweek"", ""exhibition_label"": ""Caspian Agro Week"", ""year"": ""2026"", ""category"": ""SPONSOR"", ""stand"": ""1A012"", ""company_id"": """", ""source_url"": ""https://caspianagroweek.az/az/exhibitors-list/year/2026""}]}"
expo-00603,HUMIX MMC,Azərbaycan,MEDİA | TƏRƏFDAŞ,2A130 | F1010-1,Caspian Agro Week | InterFood Azerbaijan,2022 | 2026,2,"{""appearances"": [{""exhibition"": ""interfood"", ""exhibition_label"": ""InterFood Azerbaijan"", ""year"": ""2022"", ""category"": ""MEDİA"", ""stand"": ""F1010-1"", ""company_id"": """", ""source_url"": ""https://interfood.az/az/exhibitors-list/year/2022""}, {""exhibition"": ""caspianagroweek"", ""exhibition_label"": ""Caspian Agro Week"", ""year"": ""2026"", ""category"": ""TƏRƏFDAŞ"", ""stand"": ""2A130"", ""company_id"": ""7309"", ""source_url"": ""https://caspianagroweek.az/az/exhibitors-list/year/2026""}]}"
expo-00604,HYATT REGENCY BAKU,Azərbaycan,MEDİA,,Aquatherm Baku | BakuBuild | Caspian Agro Week | InterFood Azerbaijan,2022 | 2024,6,"{""appearances"": [{""exhibition"": ""bakubuild"", ""exhibition_label"": ""BakuBuild"", ""year"": ""2022"", ""category"": ""MEDİA"", ""stand"": ""-"", ""company_id"": ""4291"", ""source_url"": ""https://bakubuild.az/az/exhibitors-list/year/2022""}, {""exhibition"": ""bakubuild"", ""exhibition_label"": ""BakuBuild"", ""year"": ""2024"", ""category"": ""MEDİA"", ""stand"": ""-"", ""company_id"": ""4291"", ""source_url"": ""https://bakubuild.az/az/exhibitors-list/year/2024""}, {""exhibition"": ""aquatherm"", ""exhibition_label"": ""Aquatherm Baku"", ""year"": ""2022"", ""category"": ""MEDİA"", ""stand"": ""-"", ""company_id"": ""4291"", ""source_url"": ""https://aquatherm.az/az/exhibitors-list/year/2022""}, {""exhibition"": ""aquatherm"", ""exhibition_label"": ""Aquatherm Baku"", ""year"": ""2024"", ""category"": ""MEDİA"", ""stand"": ""-"", ""company_id"": ""4291"", ""source_url"": ""https://aquatherm.az/az/exhibitors-list/year/2024""}, {""exhibition"": ""interfood"", ""exhibition_label"": ""InterFood Azerbaijan"", ""year"": ""2024"", ""category"": ""MEDİA"", ""stand"": ""-"", ""company_id"": """", ""source_url"": ""https://interfood.az/az/exhibitors-list/year/2024""}, {""exhibition"": ""caspianagroweek"", ""exhibition_label"": ""Caspian Agro Week"", ""year"": ""2024"", ""category"": ""MEDİA"", ""stand"": ""-"", ""company_id"": """", ""source_url"": ""https://caspianagroweek.az/az/exhibitors-list/year/2024""}]}"
expo-00605,I AM HONEY MMC,Azərbaycan,AZPROMO,4F204-3,InterFood Azerbaijan,2026,1,"{""appearances"": [{""exhibition"": ""interfood"", ""exhibition_label"": ""InterFood Azerbaijan"", ""year"": ""2026"", ""category"": ""AZPROMO"", ""stand"": ""4F204-3"", ""company_id"": """", ""source_url"": ""https://interfood.az/az/exhibitors-list/year/2026""}]}"
expo-00606,I LOVE BAKU,Azərbaycan,MEDİA,,Securex Caspian,2024,1,"{""appearances"": [{""exhibition"": ""securexcaspian"", ""exhibition_label"": ""Securex Caspian"", ""year"": ""2024"", ""category"": ""MEDİA"", ""stand"": ""-"", ""company_id"": """", ""source_url"": ""https://securexcaspian.az/az/exhibitors-list/year/2024""}]}"
expo-00607,IBC AZGROUP MMC,Azərbaycan,MEDİA,2A450,Caspian Agro Week,2023,1,"{""appearances"": [{""exhibition"": ""caspianagroweek"", ""exhibition_label"": ""Caspian Agro Week"", ""year"": ""2023"", ""category"": ""MEDİA"", ""stand"": ""2A450"", ""company_id"": ""7997"", ""source_url"": ""https://caspianagroweek.az/az/exhibitors-list/year/2023""}]}"
expo-00608,IBIS BAKU CITY,Azərbaycan,MEDİA | NAXÇIVAN MUXTAR RESPUBLİKASININ MİLLİ STENDİ | TƏRƏFDAŞ | TƏRƏFDAŞLAR | YAROSLAVL VILAYƏTİNİN ŞİRKƏTLƏRİ | ÇELYABİNSK VİLAYƏTİ,,Aquatherm Baku | BakuBuild | Beauty Expo Baku | Caspian Agro Week | Caspian Oil & Gas | InterFood Azerbaijan | Securex Caspian | TransLogistica Caspian,2023 | 2024 | 2025 | 2026,20,"{""appearances"": [{""exhibition"": ""bakubuild"", ""exhibition_label"": ""BakuBuild"", ""year"": ""2023"", ""category"": ""ÇELYABİNSK VİLAYƏTİ"", ""stand"": ""-"", ""company_id"": ""301276"", ""source_url"": ""https://bakubuild.az/az/exhibitors-list/year/2023""}, {""exhibition"": ""bakubuild"", ""exhibition_label"": ""BakuBuild"", ""year"": ""2023"", ""category"": ""ÇELYABİNSK VİLAYƏTİ"", ""stand"": ""-"", ""company_id"": ""301276"", ""source_url"": ""https://bakubuild.az/az/exhibitors-list/year/2023""}, {""exhibition"": ""bakubuild"", ""exhibition_label"": ""BakuBuild"", ""year"": ""2024"", ""category"": ""MEDİA"", ""stand"": ""-"", ""company_id"": ""301276"", ""source_url"": ""https://bakubuild.az/az/exhibitors-list/year/2024""}, {""exhibition"": ""bakubuild"", ""exhibition_label"": ""BakuBuild"", ""year"": ""2025"", ""category"": ""TƏRƏFDAŞLAR"", ""stand"": ""-"", ""company_id"": ""301276"", ""source_url"": ""https://bakubuild.az/az/exhibitors-list/year/2025""}, {""exhibition"": ""bakubuild"", ""exhibition_label"": ""BakuBuild"", ""year"": ""2026"", ""category"": ""TƏRƏFDAŞLAR"", ""stand"": ""-"", ""company_id"": ""301276"", ""source_url"": ""https://bakubuild.az/az/exhibitors-list/year/2026""}, {""exhibition"": ""aquatherm"", ""exhibition_label"": ""Aquatherm Baku"", ""year"": ""2023"", ""category"": ""MEDİA"", ""stand"": ""-"", ""company_id"": ""301276"", ""source_url"": ""https://aquatherm.az/az/exhibitors-list/year/2023""}, {""exhibition"": ""aquatherm"", ""exhibition_label"": ""Aquatherm Baku"", ""year"": ""2023"", ""category"": ""MEDİA"", ""stand"": ""-"", ""company_id"": ""301276"", ""source_url"": ""https://aquatherm.az/az/exhibitors-list/year/2023""}, {""exhibition"": ""aquatherm"", ""exhibition_label"": ""Aquatherm Baku"", ""year"": ""2024"", ""category"": ""MEDİA"", ""stand"": ""-"", ""company_id"": ""301276"", ""source_url"": ""https://aquatherm.az/az/exhibitors-list/year/2024""}, {""exhibition"": ""beautyexpo"", ""exhibition_label"": ""Beauty Expo Baku"", ""year"": ""2023"", ""category"": ""YAROSLAVL VILAYƏTİNİN ŞİRKƏTLƏRİ"", ""stand"": ""-"", ""company_id"": ""301276"", ""source_url"": ""https://beautyexpo.az/az/exhibitors-list/year/2023""}, {""exhibition"": ""interfood"", ""exhibition_label"": ""InterFood Azerbaijan"", ""year"": ""2024"", ""category"": ""MEDİA"", ""stand"": ""-"", ""company_id"": ""301276"", ""source_url"": ""https://interfood.az/az/exhibitors-list/year/2024""}, {""exhibition"": ""interfood"", ""exhibition_label"": ""InterFood Azerbaijan"", ""year"": ""2025"", ""category"": ""NAXÇIVAN MUXTAR RESPUBLİKASININ MİLLİ STENDİ"", ""stand"": ""-"", ""company_id"": ""301276"", ""source_url"": ""https://interfood.az/az/exhibitors-list/year/2025""}, {""exhibition"": ""caspianoilgas"", ""exhibition_label"": ""Caspian Oil & Gas"", ""year"": ""2024"", ""category"": ""MEDİA"", ""stand"": ""-"", ""company_id"": ""301276"", ""source_url"": ""https://caspianoilgas.az/az/exhibitors-list/year/2024""}, {""exhibition"": ""caspianoilgas"", ""exhibition_label"": ""Caspian Oil & Gas"", ""year"": ""2026"", ""category"": ""MEDİA"", ""stand"": ""-"", ""company_id"": ""301276"", ""source_url"": ""https://caspianoilgas.az/az/exhibitors-list/year/2026""}, {""exhibition"": ""securexcaspian"", ""exhibition_label"": ""Securex Caspian"", ""year"": ""2024"", ""category"": ""MEDİA"", ""stand"": ""-"", ""company_id"": ""301276"", ""source_url"": ""https://securexcaspian.az/az/exhibitors-list/year/2024""}, {""exhibition"": ""securexcaspian"", ""exhibition_label"": ""Securex Caspian"", ""year"": ""2026"", ""category"": """", ""stand"": ""-"", ""company_id"": ""301276"", ""source_url"": ""https://securexcaspian.az/az/exhibitors-list/year/2026""}, {""exhibition"": ""translogistica"", ""exhibition_label"": ""TransLogistica Caspian"", ""year"": ""2024"", ""category"": ""MEDİA"", ""stand"": ""-"", ""company_id"": ""301276"", ""source_url"": ""https://translogistica.az/az/exhibitors-list/year/2024""}, {""exhibition"": ""translogistica"", ""exhibition_label"": ""TransLogistica Caspian"", ""year"": ""2025"", ""category"": ""MEDİA"", ""stand"": ""-"", ""company_id"": ""301276"", ""source_url"": ""https://translogistica.az/az/exhibitors-list/year/2025""}, {""exhibition"": ""caspianagroweek"", ""exhibition_label"": ""Caspian Agro Week"", ""year"": ""2024"", ""category"": ""MEDİA"", ""stand"": ""-"", ""company_id"": ""301276"", ""source_url"": ""https://caspianagroweek.az/az/exhibitors-list/year/2024""}, {""exhibition"": ""caspianagroweek"", ""exhibition_label"": ""Caspian Agro Week"", ""year"": ""2025"", ""category"": ""MEDİA"", ""stand"": ""-"", ""company_id"": ""301276"", ""source_url"": ""https://caspianagroweek.az/az/exhibitors-list/year/2025""}, {""exhibition"": ""caspianagroweek"", ""exhibition_label"": ""Caspian Agro Week"", ""year"": ""2026"", ""category"": ""TƏRƏFDAŞ"", ""stand"": ""-"", ""company_id"": ""301276"", ""source_url"": ""https://caspianagroweek.az/az/exhibitors-list/year/2026""}]}"
expo-00609,ICA EVENTS GROUP,Azərbaycan,ŞİRVAN AQRO MMC,,InterFood Azerbaijan,2026,1,"{""appearances"": [{""exhibition"": ""interfood"", ""exhibition_label"": ""InterFood Azerbaijan"", ""year"": ""2026"", ""category"": ""ŞİRVAN AQRO MMC"", ""stand"": ""-"", ""company_id"": """", ""source_url"": ""https://interfood.az/az/exhibitors-list/year/2026""}]}"
expo-00610,ICE - ITALIAN TRADE AGENCY,Azərbaycan,TƏRƏFDAŞLAR,,BakuBuild,2026,1,"{""appearances"": [{""exhibition"": ""bakubuild"", ""exhibition_label"": ""BakuBuild"", ""year"": ""2026"", ""category"": ""TƏRƏFDAŞLAR"", ""stand"": ""-"", ""company_id"": """", ""source_url"": ""https://bakubuild.az/az/exhibitors-list/year/2026""}]}"
expo-00611,ICSS MMC,Azərbaycan,MEDİA,1C008 | 1C100,Caspian Oil & Gas,2025 | 2026,2,"{""appearances"": [{""exhibition"": ""caspianoilgas"", ""exhibition_label"": ""Caspian Oil & Gas"", ""year"": ""2025"", ""category"": ""MEDİA"", ""stand"": ""1C100"", ""company_id"": ""333772"", ""source_url"": ""https://caspianoilgas.az/az/exhibitors-list/year/2025""}, {""exhibition"": ""caspianoilgas"", ""exhibition_label"": ""Caspian Oil & Gas"", ""year"": ""2026"", ""category"": ""MEDİA"", ""stand"": ""1C008"", ""company_id"": ""333772"", ""source_url"": ""https://caspianoilgas.az/az/exhibitors-list/year/2026""}]}"
expo-00612,ID AGROPARK MMC,Azərbaycan,MEDİA,2A352,Caspian Agro Week,2023,1,"{""appearances"": [{""exhibition"": ""caspianagroweek"", ""exhibition_label"": ""Caspian Agro Week"", ""year"": ""2023"", ""category"": ""MEDİA"", ""stand"": ""2A352"", ""company_id"": ""8009"", ""source_url"": ""https://caspianagroweek.az/az/exhibitors-list/year/2023""}]}"
expo-00613,IHG-DECAAR,Azərbaycan,MEDİA,B110,Beauty Expo Baku,2022,1,"{""appearances"": [{""exhibition"": ""beautyexpo"", ""exhibition_label"": ""Beauty Expo Baku"", ""year"": ""2022"", ""category"": ""MEDİA"", ""stand"": ""B110"", ""company_id"": """", ""source_url"": ""https://beautyexpo.az/az/exhibitors-list/year/2022""}]}"
expo-00614,IMAGRO,Azərbaycan,MEDİA | TƏRƏFDAŞ,2A330/5A150 | 4A210 | A5028/A5030 | A5124-1,Caspian Agro Week,2021 | 2022 | 2023 | 2024,4,"{""appearances"": [{""exhibition"": ""caspianagroweek"", ""exhibition_label"": ""Caspian Agro Week"", ""year"": ""2021"", ""category"": ""TƏRƏFDAŞ"", ""stand"": ""A5028/A5030"", ""company_id"": ""6358"", ""source_url"": ""https://caspianagroweek.az/az/exhibitors-list/year/2021""}, {""exhibition"": ""caspianagroweek"", ""exhibition_label"": ""Caspian Agro Week"", ""year"": ""2022"", ""category"": ""MEDİA"", ""stand"": ""A5124-1"", ""company_id"": ""6358"", ""source_url"": ""https://caspianagroweek.az/az/exhibitors-list/year/2022""}, {""exhibition"": ""caspianagroweek"", ""exhibition_label"": ""Caspian Agro Week"", ""year"": ""2023"", ""category"": ""MEDİA"", ""stand"": ""2A330/5A150"", ""company_id"": ""6358"", ""source_url"": ""https://caspianagroweek.az/az/exhibitors-list/year/2023""}, {""exhibition"": ""caspianagroweek"", ""exhibition_label"": ""Caspian Agro Week"", ""year"": ""2024"", ""category"": ""MEDİA"", ""stand"": ""4A210"", ""company_id"": ""6358"", ""source_url"": ""https://caspianagroweek.az/az/exhibitors-list/year/2024""}]}"
expo-00615,IMEC MMC,Azərbaycan,MEDİA,2C220,Caspian Oil & Gas,2026,1,"{""appearances"": [{""exhibition"": ""caspianoilgas"", ""exhibition_label"": ""Caspian Oil & Gas"", ""year"": ""2026"", ""category"": ""MEDİA"", ""stand"": ""2C220"", ""company_id"": ""345841"", ""source_url"": ""https://caspianoilgas.az/az/exhibitors-list/year/2026""}]}"
expo-00616,IMOTORS MMC,Azərbaycan,MEDİA | SPONSOR,,Caspian Agro Week | Caspian Oil & Gas,2025 | 2026,3,"{""appearances"": [{""exhibition"": ""caspianoilgas"", ""exhibition_label"": ""Caspian Oil & Gas"", ""year"": ""2025"", ""category"": ""MEDİA"", ""stand"": ""-"", ""company_id"": ""315102"", ""source_url"": ""https://caspianoilgas.az/az/exhibitors-list/year/2025""}, {""exhibition"": ""caspianoilgas"", ""exhibition_label"": ""Caspian Oil & Gas"", ""year"": ""2026"", ""category"": ""MEDİA"", ""stand"": ""-"", ""company_id"": ""315102"", ""source_url"": ""https://caspianoilgas.az/az/exhibitors-list/year/2026""}, {""exhibition"": ""caspianagroweek"", ""exhibition_label"": ""Caspian Agro Week"", ""year"": ""2026"", ""category"": ""SPONSOR"", ""stand"": ""-"", ""company_id"": ""315102"", ""source_url"": ""https://caspianagroweek.az/az/exhibitors-list/year/2026""}]}"
expo-00617,IMPERİAL CERAMİC CENTER,Azərbaycan,MEDİA,B1060,BakuBuild,2022,1,"{""appearances"": [{""exhibition"": ""bakubuild"", ""exhibition_label"": ""BakuBuild"", ""year"": ""2022"", ""category"": ""MEDİA"", ""stand"": ""B1060"", ""company_id"": ""7526"", ""source_url"": ""https://bakubuild.az/az/exhibitors-list/year/2022""}]}"
expo-00618,IMPROTEX INDUSTRIES MMC,Azərbaycan,MEDİA | TƏRƏFDAŞ,2A450 | A2306/A5028/A5024/A5030 | A2410 | A4016 | A5124,Caspian Agro Week | Securex Caspian,2019 | 2021 | 2022 | 2024,5,"{""appearances"": [{""exhibition"": ""securexcaspian"", ""exhibition_label"": ""Securex Caspian"", ""year"": ""2022"", ""category"": ""MEDİA"", ""stand"": ""A2410"", ""company_id"": ""4710"", ""source_url"": ""https://securexcaspian.az/az/exhibitors-list/year/2022""}, {""exhibition"": ""securexcaspian"", ""exhibition_label"": ""Securex Caspian"", ""year"": ""2024"", ""category"": ""MEDİA"", ""stand"": ""2A450"", ""company_id"": ""4710"", ""source_url"": ""https://securexcaspian.az/az/exhibitors-list/year/2024""}, {""exhibition"": ""caspianagroweek"", ""exhibition_label"": ""Caspian Agro Week"", ""year"": ""2019"", ""category"": ""MEDİA"", ""stand"": ""A4016"", ""company_id"": ""4710"", ""source_url"": ""https://caspianagroweek.az/az/exhibitors-list/year/2019""}, {""exhibition"": ""caspianagroweek"", ""exhibition_label"": ""Caspian Agro Week"", ""year"": ""2021"", ""category"": ""TƏRƏFDAŞ"", ""stand"": ""A2306/A5028/A5024/A5030"", ""company_id"": ""4710"", ""source_url"": ""https://caspianagroweek.az/az/exhibitors-list/year/2021""}, {""exhibition"": ""caspianagroweek"", ""exhibition_label"": ""Caspian Agro Week"", ""year"": ""2022"", ""category"": ""MEDİA"", ""stand"": ""A5124"", ""company_id"": ""4710"", ""source_url"": ""https://caspianagroweek.az/az/exhibitors-list/year/2022""}]}"
expo-00619,INES PRECAST MMC,Azərbaycan,TƏRƏFDAŞLAR,,BakuBuild,2025,1,"{""appearances"": [{""exhibition"": ""bakubuild"", ""exhibition_label"": ""BakuBuild"", ""year"": ""2025"", ""category"": ""TƏRƏFDAŞLAR"", ""stand"": ""-"", ""company_id"": """", ""source_url"": ""https://bakubuild.az/az/exhibitors-list/year/2025""}]}"
expo-00620,"INTOURIST HOTEL BAKU, AUTOGRAPH COLLECTION",Azərbaycan,MEDİA | TƏRƏFDAŞLAR,,Aquatherm Baku | BakuBuild | Beauty Expo Baku | Caspian Agro Week | Caspian Oil & Gas | InterFood Azerbaijan | Securex Caspian | TransLogistica Caspian,2019,9,"{""appearances"": [{""exhibition"": ""bakubuild"", ""exhibition_label"": ""BakuBuild"", ""year"": ""2019"", ""category"": ""TƏRƏFDAŞLAR"", ""stand"": ""-"", ""company_id"": ""4874"", ""source_url"": ""https://bakubuild.az/az/exhibitors-list/year/2019""}, {""exhibition"": ""aquatherm"", ""exhibition_label"": ""Aquatherm Baku"", ""year"": ""2019"", ""category"": ""TƏRƏFDAŞLAR"", ""stand"": ""-"", ""company_id"": ""4874"", ""source_url"": ""https://aquatherm.az/az/exhibitors-list/year/2019""}, {""exhibition"": ""beautyexpo"", ""exhibition_label"": ""Beauty Expo Baku"", ""year"": ""2019"", ""category"": ""TƏRƏFDAŞLAR"", ""stand"": ""-"", ""company_id"": ""4874"", ""source_url"": ""https://beautyexpo.az/az/exhibitors-list/year/2019""}, {""exhibition"": ""interfood"", ""exhibition_label"": ""InterFood Azerbaijan"", ""year"": ""2019"", ""category"": ""MEDİA"", ""stand"": ""-"", ""company_id"": ""4874"", ""source_url"": ""https://interfood.az/az/exhibitors-list/year/2019""}, {""exhibition"": ""caspianoilgas"", ""exhibition_label"": ""Caspian Oil & Gas"", ""year"": ""2019"", ""category"": ""MEDİA"", ""stand"": ""-"", ""company_id"": ""4874"", ""source_url"": ""https://caspianoilgas.az/az/exhibitors-list/year/2019""}, {""exhibition"": ""securexcaspian"", ""exhibition_label"": ""Securex Caspian"", ""year"": ""2019"", ""category"": ""TƏRƏFDAŞLAR"", ""stand"": ""-"", ""company_id"": ""4874"", ""source_url"": ""https://securexcaspian.az/az/exhibitors-list/year/2019""}, {""exhibition"": ""securexcaspian"", ""exhibition_label"": ""Securex Caspian"", ""year"": ""2019"", ""category"": ""TƏRƏFDAŞLAR"", ""stand"": ""-"", ""company_id"": ""4874"", ""source_url"": ""https://securexcaspian.az/az/exhibitors-list/year/2019""}, {""exhibition"": ""translogistica"", ""exhibition_label"": ""TransLogistica Caspian"", ""year"": ""2019"", ""category"": ""MEDİA"", ""stand"": ""-"", ""company_id"": ""4874"", ""source_url"": ""https://translogistica.az/az/exhibitors-list/year/2019""}, {""exhibition"": ""caspianagroweek"", ""exhibition_label"": ""Caspian Agro Week"", ""year"": ""2019"", ""category"": ""MEDİA"", ""stand"": ""-"", ""company_id"": ""4874"", ""source_url"": ""https://caspianagroweek.az/az/exhibitors-list/year/2019""}]}"
expo-00621,INVERNIZZI INTERNATIONAL SALES SA,Azərbaycan,TƏRƏFDAŞLAR,2 350,BakuBuild,2025,1,"{""appearances"": [{""exhibition"": ""bakubuild"", ""exhibition_label"": ""BakuBuild"", ""year"": ""2025"", ""category"": ""TƏRƏFDAŞLAR"", ""stand"": ""2 350"", ""company_id"": """", ""source_url"": ""https://bakubuild.az/az/exhibitors-list/year/2025""}]}"
expo-00622,IPƏKSU,Azərbaycan,ŞİRVAN AQRO MMC,4F058,InterFood Azerbaijan,2026,1,"{""appearances"": [{""exhibition"": ""interfood"", ""exhibition_label"": ""InterFood Azerbaijan"", ""year"": ""2026"", ""category"": ""ŞİRVAN AQRO MMC"", ""stand"": ""4F058"", ""company_id"": """", ""source_url"": ""https://interfood.az/az/exhibitors-list/year/2026""}]}"
expo-00623,IRRIGATION.AZ MMC,Azərbaycan,T-L IRRIGATION CO.,2A232-2,Caspian Agro Week,2026,1,"{""appearances"": [{""exhibition"": ""caspianagroweek"", ""exhibition_label"": ""Caspian Agro Week"", ""year"": ""2026"", ""category"": ""T-L IRRIGATION CO."", ""stand"": ""2A232-2"", ""company_id"": """", ""source_url"": ""https://caspianagroweek.az/az/exhibitors-list/year/2026""}]}"
expo-00624,ISR PLAZA,Azərbaycan,MEDİA,,Caspian Agro Week | Caspian Oil & Gas | TransLogistica Caspian,2026,3,"{""appearances"": [{""exhibition"": ""caspianoilgas"", ""exhibition_label"": ""Caspian Oil & Gas"", ""year"": ""2026"", ""category"": ""MEDİA"", ""stand"": ""-"", ""company_id"": """", ""source_url"": ""https://caspianoilgas.az/az/exhibitors-list/year/2026""}, {""exhibition"": ""translogistica"", ""exhibition_label"": ""TransLogistica Caspian"", ""year"": ""2026"", ""category"": ""MEDİA"", ""stand"": ""-"", ""company_id"": """", ""source_url"": ""https://translogistica.az/az/exhibitors-list/year/2026""}, {""exhibition"": ""caspianagroweek"", ""exhibition_label"": ""Caspian Agro Week"", ""year"": ""2026"", ""category"": ""MEDİA"", ""stand"": ""-"", ""company_id"": """", ""source_url"": ""https://caspianagroweek.az/az/exhibitors-list/year/2026""}]}"
expo-00625,ITALİAN TRADE AGENCY(ICE),Azərbaycan,MEDİA,3C109,Caspian Oil & Gas,2023,1,"{""appearances"": [{""exhibition"": ""caspianoilgas"", ""exhibition_label"": ""Caspian Oil & Gas"", ""year"": ""2023"", ""category"": ""MEDİA"", ""stand"": ""3C109"", ""company_id"": ""282914"", ""source_url"": ""https://caspianoilgas.az/az/exhibitors-list/year/2023""}]}"
expo-00626,ITECA CASPIAN,Azərbaycan,MEDİA,,Caspian Oil & Gas,2026,1,"{""appearances"": [{""exhibition"": ""caspianoilgas"", ""exhibition_label"": ""Caspian Oil & Gas"", ""year"": ""2026"", ""category"": ""MEDİA"", ""stand"": ""-"", ""company_id"": """", ""source_url"": ""https://caspianoilgas.az/az/exhibitors-list/year/2026""}]}"
expo-00627,ITX MOTORS,Azərbaycan,,,Securex Caspian,2026,1,"{""appearances"": [{""exhibition"": ""securexcaspian"", ""exhibition_label"": ""Securex Caspian"", ""year"": ""2026"", ""category"": """", ""stand"": ""-"", ""company_id"": ""352401"", ""source_url"": ""https://securexcaspian.az/az/exhibitors-list/year/2026""}]}"
expo-00628,IVT GROUP,Azərbaycan,MEDİA,2T056,TransLogistica Caspian,2025,1,"{""appearances"": [{""exhibition"": ""translogistica"", ""exhibition_label"": ""TransLogistica Caspian"", ""year"": ""2025"", ""category"": ""MEDİA"", ""stand"": ""2T056"", ""company_id"": ""334421"", ""source_url"": ""https://translogistica.az/az/exhibitors-list/year/2025""}]}"
expo-00629,İCECOLD MMC,Azərbaycan,TƏRƏFDAŞ,1A252,Caspian Agro Week,2026,1,"{""appearances"": [{""exhibition"": ""caspianagroweek"", ""exhibition_label"": ""Caspian Agro Week"", ""year"": ""2026"", ""category"": ""TƏRƏFDAŞ"", ""stand"": ""1A252"", ""company_id"": ""351997"", ""source_url"": ""https://caspianagroweek.az/az/exhibitors-list/year/2026""}]}"
expo-00630,İKMA SERVİCES MMC,Azərbaycan,MEDİA | ÇELYABİNSK VİLAYƏTİ,1B244 | B2209,BakuBuild,2022 | 2023,2,"{""appearances"": [{""exhibition"": ""bakubuild"", ""exhibition_label"": ""BakuBuild"", ""year"": ""2022"", ""category"": ""MEDİA"", ""stand"": ""B2209"", ""company_id"": ""7595"", ""source_url"": ""https://bakubuild.az/az/exhibitors-list/year/2022""}, {""exhibition"": ""bakubuild"", ""exhibition_label"": ""BakuBuild"", ""year"": ""2023"", ""category"": ""ÇELYABİNSK VİLAYƏTİ"", ""stand"": ""1B244"", ""company_id"": ""7595"", ""source_url"": ""https://bakubuild.az/az/exhibitors-list/year/2023""}]}"
expo-00631,İKRA LOGİSTİKA MMC,Azərbaycan,MEDİA,1104 | 2T362 | 2T363 | T2321,TransLogistica Caspian,2019 | 2022 | 2023 | 2024 | 2025,5,"{""appearances"": [{""exhibition"": ""translogistica"", ""exhibition_label"": ""TransLogistica Caspian"", ""year"": ""2019"", ""category"": ""MEDİA"", ""stand"": ""1104"", ""company_id"": ""5291"", ""source_url"": ""https://translogistica.az/az/exhibitors-list/year/2019""}, {""exhibition"": ""translogistica"", ""exhibition_label"": ""TransLogistica Caspian"", ""year"": ""2022"", ""category"": ""MEDİA"", ""stand"": ""T2321"", ""company_id"": ""5291"", ""source_url"": ""https://translogistica.az/az/exhibitors-list/year/2022""}, {""exhibition"": ""translogistica"", ""exhibition_label"": ""TransLogistica Caspian"", ""year"": ""2023"", ""category"": ""MEDİA"", ""stand"": ""2T362"", ""company_id"": ""5291"", ""source_url"": ""https://translogistica.az/az/exhibitors-list/year/2023""}, {""exhibition"": ""translogistica"", ""exhibition_label"": ""TransLogistica Caspian"", ""year"": ""2024"", ""category"": ""MEDİA"", ""stand"": ""2T363"", ""company_id"": ""5291"", ""source_url"": ""https://translogistica.az/az/exhibitors-list/year/2024""}, {""exhibition"": ""translogistica"", ""exhibition_label"": ""TransLogistica Caspian"", ""year"": ""2025"", ""category"": ""MEDİA"", ""stand"": ""2T362"", ""company_id"": ""5291"", ""source_url"": ""https://translogistica.az/az/exhibitors-list/year/2025""}]}"
expo-00632,İLĞIM,Azərbaycan,MURMANSK VİLAYETİ,1F042-1,InterFood Azerbaijan,2023,1,"{""appearances"": [{""exhibition"": ""interfood"", ""exhibition_label"": ""InterFood Azerbaijan"", ""year"": ""2023"", ""category"": ""MURMANSK VİLAYETİ"", ""stand"": ""1F042-1"", ""company_id"": """", ""source_url"": ""https://interfood.az/az/exhibitors-list/year/2023""}]}"
expo-00633,İMAQRO MMC,Azərbaycan,MEDİA | TƏRƏFDAŞ,5A020 | 5A050,Caspian Agro Week,2025 | 2026,2,"{""appearances"": [{""exhibition"": ""caspianagroweek"", ""exhibition_label"": ""Caspian Agro Week"", ""year"": ""2025"", ""category"": ""MEDİA"", ""stand"": ""5A050"", ""company_id"": ""6358"", ""source_url"": ""https://caspianagroweek.az/az/exhibitors-list/year/2025""}, {""exhibition"": ""caspianagroweek"", ""exhibition_label"": ""Caspian Agro Week"", ""year"": ""2026"", ""category"": ""TƏRƏFDAŞ"", ""stand"": ""5A020"", ""company_id"": ""352204"", ""source_url"": ""https://caspianagroweek.az/az/exhibitors-list/year/2026""}]}"
expo-00634,İNNOVASİYALAR AGENTLİYİ,Azərbaycan,MEDİA,1206,TransLogistica Caspian,2019,1,"{""appearances"": [{""exhibition"": ""translogistica"", ""exhibition_label"": ""TransLogistica Caspian"", ""year"": ""2019"", ""category"": ""MEDİA"", ""stand"": ""1206"", ""company_id"": ""4331"", ""source_url"": ""https://translogistica.az/az/exhibitors-list/year/2019""}]}"
expo-00635,İNTEGRAS MMC,Azərbaycan,ÇELYABİNSK VİLAYƏTİ,1B222,BakuBuild,2023,1,"{""appearances"": [{""exhibition"": ""bakubuild"", ""exhibition_label"": ""BakuBuild"", ""year"": ""2023"", ""category"": ""ÇELYABİNSK VİLAYƏTİ"", ""stand"": ""1B222"", ""company_id"": ""7923"", ""source_url"": ""https://bakubuild.az/az/exhibitors-list/year/2023""}]}"
expo-00636,İNŞAAT MS,Azərbaycan,TƏRƏFDAŞLAR,2B024,BakuBuild,2025,1,"{""appearances"": [{""exhibition"": ""bakubuild"", ""exhibition_label"": ""BakuBuild"", ""year"": ""2025"", ""category"": ""TƏRƏFDAŞLAR"", ""stand"": ""2B024"", ""company_id"": ""345109"", ""source_url"": ""https://bakubuild.az/az/exhibitors-list/year/2025""}]}"
expo-00637,İSO LOGİSTİCS MMC,Azərbaycan,MEDİA,2A036,Caspian Agro Week,2025,1,"{""appearances"": [{""exhibition"": ""caspianagroweek"", ""exhibition_label"": ""Caspian Agro Week"", ""year"": ""2025"", ""category"": ""MEDİA"", ""stand"": ""2A036"", ""company_id"": ""324642"", ""source_url"": ""https://caspianagroweek.az/az/exhibitors-list/year/2025""}]}"
expo-00638,İTALİYA TICARƏT AGENTLİYİ (ICE),Azərbaycan,MURMANSK VİLAYETİ,3F220,InterFood Azerbaijan,2023,1,"{""appearances"": [{""exhibition"": ""interfood"", ""exhibition_label"": ""InterFood Azerbaijan"", ""year"": ""2023"", ""category"": ""MURMANSK VİLAYETİ"", ""stand"": ""3F220"", ""company_id"": ""8044"", ""source_url"": ""https://interfood.az/az/exhibitors-list/year/2023""}]}"
expo-00639,İTESA KASPİAN MMC,Azərbaycan,MEDİA,,Caspian Oil & Gas,2019 | 2022,2,"{""appearances"": [{""exhibition"": ""caspianoilgas"", ""exhibition_label"": ""Caspian Oil & Gas"", ""year"": ""2019"", ""category"": ""MEDİA"", ""stand"": ""-"", ""company_id"": ""4275"", ""source_url"": ""https://caspianoilgas.az/az/exhibitors-list/year/2019""}, {""exhibition"": ""caspianoilgas"", ""exhibition_label"": ""Caspian Oil & Gas"", ""year"": ""2022"", ""category"": ""MEDİA"", ""stand"": ""-"", ""company_id"": ""4275"", ""source_url"": ""https://caspianoilgas.az/az/exhibitors-list/year/2022""}]}"
expo-00640,İTİCKET.AZ LLC,Azərbaycan,MEDİA,,Aquatherm Baku | BakuBuild | Beauty Expo Baku | Caspian Agro Week | Caspian Oil & Gas | InterFood Azerbaijan | Securex Caspian | TransLogistica Caspian,2019 | 2021 | 2023 | 2024,15,"{""appearances"": [{""exhibition"": ""bakubuild"", ""exhibition_label"": ""BakuBuild"", ""year"": ""2019"", ""category"": ""MEDİA"", ""stand"": ""-"", ""company_id"": ""4373"", ""source_url"": ""https://bakubuild.az/az/exhibitors-list/year/2019""}, {""exhibition"": ""bakubuild"", ""exhibition_label"": ""BakuBuild"", ""year"": ""2021"", ""category"": ""MEDİA"", ""stand"": ""-"", ""company_id"": ""4373"", ""source_url"": ""https://bakubuild.az/az/exhibitors-list/year/2021""}, {""exhibition"": ""bakubuild"", ""exhibition_label"": ""BakuBuild"", ""year"": ""2023"", ""category"": ""MEDİA"", ""stand"": ""-"", ""company_id"": ""4373"", ""source_url"": ""https://bakubuild.az/az/exhibitors-list/year/2023""}, {""exhibition"": ""aquatherm"", ""exhibition_label"": ""Aquatherm Baku"", ""year"": ""2021"", ""category"": ""MEDİA"", ""stand"": ""-"", ""company_id"": ""4373"", ""source_url"": ""https://aquatherm.az/az/exhibitors-list/year/2021""}, {""exhibition"": ""aquatherm"", ""exhibition_label"": ""Aquatherm Baku"", ""year"": ""2023"", ""category"": ""MEDİA"", ""stand"": ""-"", ""company_id"": ""4373"", ""source_url"": ""https://aquatherm.az/az/exhibitors-list/year/2023""}, {""exhibition"": ""beautyexpo"", ""exhibition_label"": ""Beauty Expo Baku"", ""year"": ""2019"", ""category"": ""MEDİA"", ""stand"": ""-"", ""company_id"": ""4373"", ""source_url"": ""https://beautyexpo.az/az/exhibitors-list/year/2019""}, {""exhibition"": ""beautyexpo"", ""exhibition_label"": ""Beauty Expo Baku"", ""year"": ""2023"", ""category"": ""MEDİA"", ""stand"": ""-"", ""company_id"": ""4373"", ""source_url"": ""https://beautyexpo.az/az/exhibitors-list/year/2023""}, {""exhibition"": ""interfood"", ""exhibition_label"": ""InterFood Azerbaijan"", ""year"": ""2023"", ""category"": ""MEDİA"", ""stand"": ""-"", ""company_id"": ""4373"", ""source_url"": ""https://interfood.az/az/exhibitors-list/year/2023""}, {""exhibition"": ""interfood"", ""exhibition_label"": ""InterFood Azerbaijan"", ""year"": ""2024"", ""category"": ""MEDİA"", ""stand"": ""-"", ""company_id"": """", ""source_url"": ""https://interfood.az/az/exhibitors-list/year/2024""}, {""exhibition"": ""caspianoilgas"", ""exhibition_label"": ""Caspian Oil & Gas"", ""year"": ""2023"", ""category"": ""MEDİA"", ""stand"": ""-"", ""company_id"": ""4373"", ""source_url"": ""https://caspianoilgas.az/az/exhibitors-list/year/2023""}, {""exhibition"": ""securexcaspian"", ""exhibition_label"": ""Securex Caspian"", ""year"": ""2019"", ""category"": ""MEDİA"", ""stand"": ""-"", ""company_id"": ""4373"", ""source_url"": ""https://securexcaspian.az/az/exhibitors-list/year/2019""}, {""exhibition"": ""translogistica"", ""exhibition_label"": ""TransLogistica Caspian"", ""year"": ""2019"", ""category"": ""MEDİA"", ""stand"": ""-"", ""company_id"": ""4373"", ""source_url"": ""https://translogistica.az/az/exhibitors-list/year/2019""}, {""exhibition"": ""translogistica"", ""exhibition_label"": ""TransLogistica Caspian"", ""year"": ""2023"", ""category"": ""MEDİA"", ""stand"": ""-"", ""company_id"": ""4373"", ""source_url"": ""https://translogistica.az/az/exhibitors-list/year/2023""}, {""exhibition"": ""caspianagroweek"", ""exhibition_label"": ""Caspian Agro Week"", ""year"": ""2023"", ""category"": ""MEDİA"", ""stand"": ""-"", ""company_id"": ""4373"", ""source_url"": ""https://caspianagroweek.az/az/exhibitors-list/year/2023""}, {""exhibition"": ""caspianagroweek"", ""exhibition_label"": ""Caspian Agro Week"", ""year"": ""2024"", ""category"": ""MEDİA"", ""stand"": ""-"", ""company_id"": """", ""source_url"": ""https://caspianagroweek.az/az/exhibitors-list/year/2024""}]}"
expo-00641,İVANOVKA AQROPARK,Azərbaycan,TƏRƏFDAŞ,2A522,Caspian Agro Week,2026,1,"{""appearances"": [{""exhibition"": ""caspianagroweek"", ""exhibition_label"": ""Caspian Agro Week"", ""year"": ""2026"", ""category"": ""TƏRƏFDAŞ"", ""stand"": ""2A522"", ""company_id"": """", ""source_url"": ""https://caspianagroweek.az/az/exhibitors-list/year/2026""}]}"
expo-00642,JEANMISHEL,Azərbaycan,YAROSLAVL VILAYƏTİNİN ŞİRKƏTLƏRİ,,Beauty Expo Baku,2023,1,"{""appearances"": [{""exhibition"": ""beautyexpo"", ""exhibition_label"": ""Beauty Expo Baku"", ""year"": ""2023"", ""category"": ""YAROSLAVL VILAYƏTİNİN ŞİRKƏTLƏRİ"", ""stand"": ""-"", ""company_id"": """", ""source_url"": ""https://beautyexpo.az/az/exhibitors-list/year/2023""}]}"
expo-00643,JFB BAKUROBOTICS,Azərbaycan,MEDİA,,Caspian Oil & Gas,2026,1,"{""appearances"": [{""exhibition"": ""caspianoilgas"", ""exhibition_label"": ""Caspian Oil & Gas"", ""year"": ""2026"", ""category"": ""MEDİA"", ""stand"": ""-"", ""company_id"": """", ""source_url"": ""https://caspianoilgas.az/az/exhibitors-list/year/2026""}]}"
expo-00644,JOHN DEERE,Azərbaycan,MEDİA | TƏRƏFDAŞ,A2102 | A2102-1,Caspian Agro Week,2019 | 2021,2,"{""appearances"": [{""exhibition"": ""caspianagroweek"", ""exhibition_label"": ""Caspian Agro Week"", ""year"": ""2019"", ""category"": ""MEDİA"", ""stand"": ""A2102"", ""company_id"": ""5004"", ""source_url"": ""https://caspianagroweek.az/az/exhibitors-list/year/2019""}, {""exhibition"": ""caspianagroweek"", ""exhibition_label"": ""Caspian Agro Week"", ""year"": ""2021"", ""category"": ""TƏRƏFDAŞ"", ""stand"": ""A2102-1"", ""company_id"": ""5004"", ""source_url"": ""https://caspianagroweek.az/az/exhibitors-list/year/2021""}]}"
expo-00645,KANAAT ALÜMİNYUM  MMC,Azərbaycan,TƏRƏFDAŞLAR,,BakuBuild,2026,1,"{""appearances"": [{""exhibition"": ""bakubuild"", ""exhibition_label"": ""BakuBuild"", ""year"": ""2026"", ""category"": ""TƏRƏFDAŞLAR"", ""stand"": ""-"", ""company_id"": """", ""source_url"": ""https://bakubuild.az/az/exhibitors-list/year/2026""}]}"
expo-00646,KANAATALÜMNIYUM,Azərbaycan,MEDİA | TƏRƏFDAŞLAR,1B010 | 1B126,BakuBuild,2024 | 2025,2,"{""appearances"": [{""exhibition"": ""bakubuild"", ""exhibition_label"": ""BakuBuild"", ""year"": ""2024"", ""category"": ""MEDİA"", ""stand"": ""1B010"", ""company_id"": ""324601"", ""source_url"": ""https://bakubuild.az/az/exhibitors-list/year/2024""}, {""exhibition"": ""bakubuild"", ""exhibition_label"": ""BakuBuild"", ""year"": ""2025"", ""category"": ""TƏRƏFDAŞLAR"", ""stand"": ""1B126"", ""company_id"": ""324601"", ""source_url"": ""https://bakubuild.az/az/exhibitors-list/year/2025""}]}"
expo-00647,KARATAŞ,Azərbaycan,MEDİA,A5010-1/A5010-2-2,Caspian Agro Week,2022,1,"{""appearances"": [{""exhibition"": ""caspianagroweek"", ""exhibition_label"": ""Caspian Agro Week"", ""year"": ""2022"", ""category"": ""MEDİA"", ""stand"": ""A5010-1/A5010-2-2"", ""company_id"": """", ""source_url"": ""https://caspianagroweek.az/az/exhibitors-list/year/2022""}]}"
expo-00648,KARCHER MMC,Azərbaycan,MEDİA,1B002,BakuBuild,2024,1,"{""appearances"": [{""exhibition"": ""bakubuild"", ""exhibition_label"": ""BakuBuild"", ""year"": ""2024"", ""category"": ""MEDİA"", ""stand"": ""1B002"", ""company_id"": ""310498"", ""source_url"": ""https://bakubuild.az/az/exhibitors-list/year/2024""}]}"
expo-00649,KARTAŞ LTD MMC,Azərbaycan,MEDİA,B1220,BakuBuild,2022,1,"{""appearances"": [{""exhibition"": ""bakubuild"", ""exhibition_label"": ""BakuBuild"", ""year"": ""2022"", ""category"": ""MEDİA"", ""stand"": ""B1220"", ""company_id"": ""6985"", ""source_url"": ""https://bakubuild.az/az/exhibitors-list/year/2022""}]}"
expo-00650,KASPİAN JURNALI,Azərbaycan,MEDİA,2M048 | 2M256 | 2M410,BakuBuild | Caspian Oil & Gas | TransLogistica Caspian,2024 | 2025 | 2026,5,"{""appearances"": [{""exhibition"": ""bakubuild"", ""exhibition_label"": ""BakuBuild"", ""year"": ""2025"", ""category"": ""MEDİA"", ""stand"": ""2M256"", ""company_id"": """", ""source_url"": ""https://bakubuild.az/az/exhibitors-list/year/2025""}, {""exhibition"": ""caspianoilgas"", ""exhibition_label"": ""Caspian Oil & Gas"", ""year"": ""2024"", ""category"": ""MEDİA"", ""stand"": ""2M410"", ""company_id"": """", ""source_url"": ""https://caspianoilgas.az/az/exhibitors-list/year/2024""}, {""exhibition"": ""caspianoilgas"", ""exhibition_label"": ""Caspian Oil & Gas"", ""year"": ""2025"", ""category"": ""MEDİA"", ""stand"": ""-"", ""company_id"": """", ""source_url"": ""https://caspianoilgas.az/az/exhibitors-list/year/2025""}, {""exhibition"": ""caspianoilgas"", ""exhibition_label"": ""Caspian Oil & Gas"", ""year"": ""2026"", ""category"": ""MEDİA"", ""stand"": ""2M048"", ""company_id"": """", ""source_url"": ""https://caspianoilgas.az/az/exhibitors-list/year/2026""}, {""exhibition"": ""translogistica"", ""exhibition_label"": ""TransLogistica Caspian"", ""year"": ""2026"", ""category"": ""MEDİA"", ""stand"": ""-"", ""company_id"": """", ""source_url"": ""https://translogistica.az/az/exhibitors-list/year/2026""}]}"
expo-00651,KATSAN GROUP MMC,Azərbaycan,ÇELYABİNSK VİLAYƏTİ,1B052,BakuBuild,2023,1,"{""appearances"": [{""exhibition"": ""bakubuild"", ""exhibition_label"": ""BakuBuild"", ""year"": ""2023"", ""category"": ""ÇELYABİNSK VİLAYƏTİ"", ""stand"": ""1B052"", ""company_id"": ""300767"", ""source_url"": ""https://bakubuild.az/az/exhibitors-list/year/2023""}]}"
expo-00652,KAYHAN ERTUGRUL TARİM MAKİNALARİ,Azərbaycan,MEDİA,A5002-4,Caspian Agro Week,2022,1,"{""appearances"": [{""exhibition"": ""caspianagroweek"", ""exhibition_label"": ""Caspian Agro Week"", ""year"": ""2022"", ""category"": ""MEDİA"", ""stand"": ""A5002-4"", ""company_id"": """", ""source_url"": ""https://caspianagroweek.az/az/exhibitors-list/year/2022""}]}"
expo-00653,KAYHAN ERTUĞRUL TARIM,Azərbaycan,MEDİA,A4011,Caspian Agro Week,2019,1,"{""appearances"": [{""exhibition"": ""caspianagroweek"", ""exhibition_label"": ""Caspian Agro Week"", ""year"": ""2019"", ""category"": ""MEDİA"", ""stand"": ""A4011"", ""company_id"": """", ""source_url"": ""https://caspianagroweek.az/az/exhibitors-list/year/2019""}]}"
expo-00654,KDY LOGİSTİCS AZ MMC,Azərbaycan,MEDİA,2T352-1,TransLogistica Caspian,2024,1,"{""appearances"": [{""exhibition"": ""translogistica"", ""exhibition_label"": ""TransLogistica Caspian"", ""year"": ""2024"", ""category"": ""MEDİA"", ""stand"": ""2T352-1"", ""company_id"": """", ""source_url"": ""https://translogistica.az/az/exhibitors-list/year/2024""}]}"
expo-00655,KENSİNGTON MMC,Azərbaycan,TƏRƏFDAŞLAR,B1224,BakuBuild | Securex Caspian,2019,3,"{""appearances"": [{""exhibition"": ""bakubuild"", ""exhibition_label"": ""BakuBuild"", ""year"": ""2019"", ""category"": ""TƏRƏFDAŞLAR"", ""stand"": ""B1224"", ""company_id"": ""5696"", ""source_url"": ""https://bakubuild.az/az/exhibitors-list/year/2019""}, {""exhibition"": ""securexcaspian"", ""exhibition_label"": ""Securex Caspian"", ""year"": ""2019"", ""category"": ""TƏRƏFDAŞLAR"", ""stand"": ""B1224"", ""company_id"": ""5696"", ""source_url"": ""https://securexcaspian.az/az/exhibitors-list/year/2019""}, {""exhibition"": ""securexcaspian"", ""exhibition_label"": ""Securex Caspian"", ""year"": ""2019"", ""category"": ""TƏRƏFDAŞLAR"", ""stand"": ""B1224"", ""company_id"": ""5696"", ""source_url"": ""https://securexcaspian.az/az/exhibitors-list/year/2019""}]}"
expo-00656,KFA FUARCILIK,Azərbaycan,,,Securex Caspian,2026,1,"{""appearances"": [{""exhibition"": ""securexcaspian"", ""exhibition_label"": ""Securex Caspian"", ""year"": ""2026"", ""category"": """", ""stand"": ""-"", ""company_id"": """", ""source_url"": ""https://securexcaspian.az/az/exhibitors-list/year/2026""}]}"
expo-00657,KİBRİT.TECH,Azərbaycan,MEDİA,A3106-4,Caspian Agro Week,2022,1,"{""appearances"": [{""exhibition"": ""caspianagroweek"", ""exhibition_label"": ""Caspian Agro Week"", ""year"": ""2022"", ""category"": ""MEDİA"", ""stand"": ""A3106-4"", ""company_id"": ""7049"", ""source_url"": ""https://caspianagroweek.az/az/exhibitors-list/year/2022""}]}"
expo-00658,KLİMATECHNİK MMC,Azərbaycan,MEDİA,A2006,Aquatherm Baku,2022,1,"{""appearances"": [{""exhibition"": ""aquatherm"", ""exhibition_label"": ""Aquatherm Baku"", ""year"": ""2022"", ""category"": ""MEDİA"", ""stand"": ""A2006"", ""company_id"": ""7628"", ""source_url"": ""https://aquatherm.az/az/exhibitors-list/year/2022""}]}"
expo-00659,KOLİN İNŞAAT,Azərbaycan,MEDİA,1C310,Caspian Oil & Gas,2023,1,"{""appearances"": [{""exhibition"": ""caspianoilgas"", ""exhibition_label"": ""Caspian Oil & Gas"", ""year"": ""2023"", ""category"": ""MEDİA"", ""stand"": ""1C310"", ""company_id"": ""7452"", ""source_url"": ""https://caspianoilgas.az/az/exhibitors-list/year/2023""}]}"
expo-00660,KOMİFOREST MMC,Azərbaycan,MEDİA | TƏRƏFDAŞLAR | ÇELYABİNSK VİLAYƏTİ,1B012 | 1B058 | 1B120,BakuBuild,2023 | 2024 | 2025,3,"{""appearances"": [{""exhibition"": ""bakubuild"", ""exhibition_label"": ""BakuBuild"", ""year"": ""2023"", ""category"": ""ÇELYABİNSK VİLAYƏTİ"", ""stand"": ""1B120"", ""company_id"": ""7335"", ""source_url"": ""https://bakubuild.az/az/exhibitors-list/year/2023""}, {""exhibition"": ""bakubuild"", ""exhibition_label"": ""BakuBuild"", ""year"": ""2024"", ""category"": ""MEDİA"", ""stand"": ""1B058"", ""company_id"": ""7335"", ""source_url"": ""https://bakubuild.az/az/exhibitors-list/year/2024""}, {""exhibition"": ""bakubuild"", ""exhibition_label"": ""BakuBuild"", ""year"": ""2025"", ""category"": ""TƏRƏFDAŞLAR"", ""stand"": ""1B012"", ""company_id"": ""7335"", ""source_url"": ""https://bakubuild.az/az/exhibitors-list/year/2025""}]}"
expo-00661,KOMPASS AZƏRBAYCAN MMC,Azərbaycan,MEDİA,P110 | P140,BakuBuild | Caspian Oil & Gas | Securex Caspian | TransLogistica Caspian,2019 | 2024,6,"{""appearances"": [{""exhibition"": ""bakubuild"", ""exhibition_label"": ""BakuBuild"", ""year"": ""2019"", ""category"": ""MEDİA"", ""stand"": ""P140"", ""company_id"": ""4368"", ""source_url"": ""https://bakubuild.az/az/exhibitors-list/year/2019""}, {""exhibition"": ""bakubuild"", ""exhibition_label"": ""BakuBuild"", ""year"": ""2024"", ""category"": ""MEDİA"", ""stand"": ""-"", ""company_id"": ""4368"", ""source_url"": ""https://bakubuild.az/az/exhibitors-list/year/2024""}, {""exhibition"": ""caspianoilgas"", ""exhibition_label"": ""Caspian Oil & Gas"", ""year"": ""2019"", ""category"": ""MEDİA"", ""stand"": ""P110"", ""company_id"": ""4368"", ""source_url"": ""https://caspianoilgas.az/az/exhibitors-list/year/2019""}, {""exhibition"": ""caspianoilgas"", ""exhibition_label"": ""Caspian Oil & Gas"", ""year"": ""2024"", ""category"": ""MEDİA"", ""stand"": ""-"", ""company_id"": ""4368"", ""source_url"": ""https://caspianoilgas.az/az/exhibitors-list/year/2024""}, {""exhibition"": ""securexcaspian"", ""exhibition_label"": ""Securex Caspian"", ""year"": ""2019"", ""category"": ""MEDİA"", ""stand"": ""P140"", ""company_id"": ""4368"", ""source_url"": ""https://securexcaspian.az/az/exhibitors-list/year/2019""}, {""exhibition"": ""translogistica"", ""exhibition_label"": ""TransLogistica Caspian"", ""year"": ""2024"", ""category"": ""MEDİA"", ""stand"": ""-"", ""company_id"": ""4368"", ""source_url"": ""https://translogistica.az/az/exhibitors-list/year/2024""}]}"
expo-00662,KONSALTİNQ & BİZNES,Azərbaycan,MEDİA,P120 | P124 | P146,BakuBuild | Caspian Oil & Gas | InterFood Azerbaijan | Securex Caspian,2019,4,"{""appearances"": [{""exhibition"": ""bakubuild"", ""exhibition_label"": ""BakuBuild"", ""year"": ""2019"", ""category"": ""MEDİA"", ""stand"": ""P146"", ""company_id"": ""4365"", ""source_url"": ""https://bakubuild.az/az/exhibitors-list/year/2019""}, {""exhibition"": ""interfood"", ""exhibition_label"": ""InterFood Azerbaijan"", ""year"": ""2019"", ""category"": ""MEDİA"", ""stand"": ""P120"", ""company_id"": ""4365"", ""source_url"": ""https://interfood.az/az/exhibitors-list/year/2019""}, {""exhibition"": ""caspianoilgas"", ""exhibition_label"": ""Caspian Oil & Gas"", ""year"": ""2019"", ""category"": ""MEDİA"", ""stand"": ""P124"", ""company_id"": ""4365"", ""source_url"": ""https://caspianoilgas.az/az/exhibitors-list/year/2019""}, {""exhibition"": ""securexcaspian"", ""exhibition_label"": ""Securex Caspian"", ""year"": ""2019"", ""category"": ""MEDİA"", ""stand"": ""P146"", ""company_id"": ""4365"", ""source_url"": ""https://securexcaspian.az/az/exhibitors-list/year/2019""}]}"
expo-00663,KONTİNENT İNŞAAT MMC,Azərbaycan,TƏRƏFDAŞLAR,B2218,BakuBuild,2021,1,"{""appearances"": [{""exhibition"": ""bakubuild"", ""exhibition_label"": ""BakuBuild"", ""year"": ""2021"", ""category"": ""TƏRƏFDAŞLAR"", ""stand"": ""B2218"", ""company_id"": ""6758"", ""source_url"": ""https://bakubuild.az/az/exhibitors-list/year/2021""}]}"
expo-00664,KORONA PREMİUM MMC,Azərbaycan,ÇELYABİNSK VİLAYƏTİ,1B320,BakuBuild,2023,1,"{""appearances"": [{""exhibition"": ""bakubuild"", ""exhibition_label"": ""BakuBuild"", ""year"": ""2023"", ""category"": ""ÇELYABİNSK VİLAYƏTİ"", ""stand"": ""1B320"", ""company_id"": """", ""source_url"": ""https://bakubuild.az/az/exhibitors-list/year/2023""}]}"
expo-00665,KOVROLİN.AZ,Azərbaycan,MEDİA | TƏRƏFDAŞLAR,1B002 | 1B044 | B2026,BakuBuild,2022 | 2024 | 2025 | 2026,4,"{""appearances"": [{""exhibition"": ""bakubuild"", ""exhibition_label"": ""BakuBuild"", ""year"": ""2022"", ""category"": ""MEDİA"", ""stand"": ""B2026"", ""company_id"": ""7657"", ""source_url"": ""https://bakubuild.az/az/exhibitors-list/year/2022""}, {""exhibition"": ""bakubuild"", ""exhibition_label"": ""BakuBuild"", ""year"": ""2024"", ""category"": ""MEDİA"", ""stand"": ""1B044"", ""company_id"": ""7657"", ""source_url"": ""https://bakubuild.az/az/exhibitors-list/year/2024""}, {""exhibition"": ""bakubuild"", ""exhibition_label"": ""BakuBuild"", ""year"": ""2025"", ""category"": ""TƏRƏFDAŞLAR"", ""stand"": ""1B002"", ""company_id"": ""7657"", ""source_url"": ""https://bakubuild.az/az/exhibitors-list/year/2025""}, {""exhibition"": ""bakubuild"", ""exhibition_label"": ""BakuBuild"", ""year"": ""2026"", ""category"": ""TƏRƏFDAŞLAR"", ""stand"": ""-"", ""company_id"": ""7657"", ""source_url"": ""https://bakubuild.az/az/exhibitors-list/year/2026""}]}"
expo-00666,KOZANLAR ISI,Azərbaycan,MEDİA,,Aquatherm Baku,2025,1,"{""appearances"": [{""exhibition"": ""aquatherm"", ""exhibition_label"": ""Aquatherm Baku"", ""year"": ""2025"", ""category"": ""MEDİA"", ""stand"": ""-"", ""company_id"": """", ""source_url"": ""https://aquatherm.az/az/exhibitors-list/year/2025""}]}"
expo-00667,KRASNİY PİSHEVİK,Azərbaycan,MEDİA,F2106,InterFood Azerbaijan,2019,1,"{""appearances"": [{""exhibition"": ""interfood"", ""exhibition_label"": ""InterFood Azerbaijan"", ""year"": ""2019"", ""category"": ""MEDİA"", ""stand"": ""F2106"", ""company_id"": ""4940"", ""source_url"": ""https://interfood.az/az/exhibitors-list/year/2019""}]}"
expo-00668,KRAUN KO-R,Azərbaycan,AZERA HOLDING | MEDİA,2A110-9 | A2316-3,Caspian Agro Week,2022 | 2026,2,"{""appearances"": [{""exhibition"": ""caspianagroweek"", ""exhibition_label"": ""Caspian Agro Week"", ""year"": ""2022"", ""category"": ""MEDİA"", ""stand"": ""A2316-3"", ""company_id"": """", ""source_url"": ""https://caspianagroweek.az/az/exhibitors-list/year/2022""}, {""exhibition"": ""caspianagroweek"", ""exhibition_label"": ""Caspian Agro Week"", ""year"": ""2026"", ""category"": ""AZERA HOLDING"", ""stand"": ""2A110-9"", ""company_id"": """", ""source_url"": ""https://caspianagroweek.az/az/exhibitors-list/year/2026""}]}"
expo-00669,KRICON BAKU MMC,Azərbaycan,MEDİA,2T442,TransLogistica Caspian,2024,1,"{""appearances"": [{""exhibition"": ""translogistica"", ""exhibition_label"": ""TransLogistica Caspian"", ""year"": ""2024"", ""category"": ""MEDİA"", ""stand"": ""2T442"", ""company_id"": ""310039"", ""source_url"": ""https://translogistica.az/az/exhibitors-list/year/2024""}]}"
expo-00670,KRISTAL LTD MMC,Azərbaycan,MEDİA,,InterFood Azerbaijan,2022,1,"{""appearances"": [{""exhibition"": ""interfood"", ""exhibition_label"": ""InterFood Azerbaijan"", ""year"": ""2022"", ""category"": ""MEDİA"", ""stand"": ""-"", ""company_id"": ""6350"", ""source_url"": ""https://interfood.az/az/exhibitors-list/year/2022""}]}"
expo-00671,KROMEL MAKİNA,Azərbaycan,MEDİA,A5002-11,Caspian Agro Week,2022,1,"{""appearances"": [{""exhibition"": ""caspianagroweek"", ""exhibition_label"": ""Caspian Agro Week"", ""year"": ""2022"", ""category"": ""MEDİA"", ""stand"": ""A5002-11"", ""company_id"": """", ""source_url"": ""https://caspianagroweek.az/az/exhibitors-list/year/2022""}]}"
expo-00672,KTL CASPİAN MMC,Azərbaycan,MEDİA,2T420-1,TransLogistica Caspian,2024,1,"{""appearances"": [{""exhibition"": ""translogistica"", ""exhibition_label"": ""TransLogistica Caspian"", ""year"": ""2024"", ""category"": ""MEDİA"", ""stand"": ""2T420-1"", ""company_id"": """", ""source_url"": ""https://translogistica.az/az/exhibitors-list/year/2024""}]}"
expo-00673,KUFAR INDUSTRIES,Azərbaycan,MEDİA | MURMANSK VİLAYETİ,2F242-1,InterFood Azerbaijan,2023 | 2024,2,"{""appearances"": [{""exhibition"": ""interfood"", ""exhibition_label"": ""InterFood Azerbaijan"", ""year"": ""2023"", ""category"": ""MURMANSK VİLAYETİ"", ""stand"": ""2F242-1"", ""company_id"": """", ""source_url"": ""https://interfood.az/az/exhibitors-list/year/2023""}, {""exhibition"": ""interfood"", ""exhibition_label"": ""InterFood Azerbaijan"", ""year"": ""2024"", ""category"": ""MEDİA"", ""stand"": ""2F242-1"", ""company_id"": """", ""source_url"": ""https://interfood.az/az/exhibitors-list/year/2024""}]}"
expo-00674,KÜRDAXANI ŞİTİL,Azərbaycan,MEDİA,A1208,Caspian Agro Week,2019 | 2025,2,"{""appearances"": [{""exhibition"": ""caspianagroweek"", ""exhibition_label"": ""Caspian Agro Week"", ""year"": ""2019"", ""category"": ""MEDİA"", ""stand"": ""A1208"", ""company_id"": ""5053"", ""source_url"": ""https://caspianagroweek.az/az/exhibitors-list/year/2019""}, {""exhibition"": ""caspianagroweek"", ""exhibition_label"": ""Caspian Agro Week"", ""year"": ""2025"", ""category"": ""MEDİA"", ""stand"": ""-"", ""company_id"": """", ""source_url"": ""https://caspianagroweek.az/az/exhibitors-list/year/2025""}]}"
expo-00675,KÜRDƏXANI ŞITIL,Azərbaycan,MEDİA,1A330-1 | 2A122-1,Caspian Agro Week,2023 | 2024,2,"{""appearances"": [{""exhibition"": ""caspianagroweek"", ""exhibition_label"": ""Caspian Agro Week"", ""year"": ""2023"", ""category"": ""MEDİA"", ""stand"": ""1A330-1"", ""company_id"": """", ""source_url"": ""https://caspianagroweek.az/az/exhibitors-list/year/2023""}, {""exhibition"": ""caspianagroweek"", ""exhibition_label"": ""Caspian Agro Week"", ""year"": ""2024"", ""category"": ""MEDİA"", ""stand"": ""2A122-1"", ""company_id"": """", ""source_url"": ""https://caspianagroweek.az/az/exhibitors-list/year/2024""}]}"
expo-00676,L ETEL TRADING PRIVAT LIMITED COMPANY,Azərbaycan,AFRİCA PAVİLYONU,4F224-6,InterFood Azerbaijan,2026,1,"{""appearances"": [{""exhibition"": ""interfood"", ""exhibition_label"": ""InterFood Azerbaijan"", ""year"": ""2026"", ""category"": ""AFRİCA PAVİLYONU"", ""stand"": ""4F224-6"", ""company_id"": """", ""source_url"": ""https://interfood.az/az/exhibitors-list/year/2026""}]}"
expo-00677,LALAFO.AZ,Azərbaycan,MEDİA,P112 | P118 | P122,Beauty Expo Baku | Securex Caspian | TransLogistica Caspian,2019,3,"{""appearances"": [{""exhibition"": ""beautyexpo"", ""exhibition_label"": ""Beauty Expo Baku"", ""year"": ""2019"", ""category"": ""MEDİA"", ""stand"": ""P118"", ""company_id"": ""4496"", ""source_url"": ""https://beautyexpo.az/az/exhibitors-list/year/2019""}, {""exhibition"": ""securexcaspian"", ""exhibition_label"": ""Securex Caspian"", ""year"": ""2019"", ""category"": ""MEDİA"", ""stand"": ""P122"", ""company_id"": ""4496"", ""source_url"": ""https://securexcaspian.az/az/exhibitors-list/year/2019""}, {""exhibition"": ""translogistica"", ""exhibition_label"": ""TransLogistica Caspian"", ""year"": ""2019"", ""category"": ""MEDİA"", ""stand"": ""P112"", ""company_id"": ""4496"", ""source_url"": ""https://translogistica.az/az/exhibitors-list/year/2019""}]}"
expo-00678,LAYHER SİSTEM İSKELE,Azərbaycan,MEDİA,3C007,Caspian Oil & Gas,2023,1,"{""appearances"": [{""exhibition"": ""caspianoilgas"", ""exhibition_label"": ""Caspian Oil & Gas"", ""year"": ""2023"", ""category"": ""MEDİA"", ""stand"": ""3C007"", ""company_id"": ""273476"", ""source_url"": ""https://caspianoilgas.az/az/exhibitors-list/year/2023""}]}"
expo-00679,LDSP MMC,Azərbaycan,ÇELYABİNSK VİLAYƏTİ,1B058,BakuBuild,2023,1,"{""appearances"": [{""exhibition"": ""bakubuild"", ""exhibition_label"": ""BakuBuild"", ""year"": ""2023"", ""category"": ""ÇELYABİNSK VİLAYƏTİ"", ""stand"": ""1B058"", ""company_id"": ""300819"", ""source_url"": ""https://bakubuild.az/az/exhibitors-list/year/2023""}]}"
expo-00680,LEADİNG SUPPLY SOLUTİONS MMC,Azərbaycan,MEDİA,2208,Caspian Oil & Gas,2019,1,"{""appearances"": [{""exhibition"": ""caspianoilgas"", ""exhibition_label"": ""Caspian Oil & Gas"", ""year"": ""2019"", ""category"": ""MEDİA"", ""stand"": ""2208"", ""company_id"": ""4937"", ""source_url"": ""https://caspianoilgas.az/az/exhibitors-list/year/2019""}]}"
expo-00681,LECA AZERBAYCAN,Azərbaycan,TƏRƏFDAŞLAR,2B244,BakuBuild,2025,1,"{""appearances"": [{""exhibition"": ""bakubuild"", ""exhibition_label"": ""BakuBuild"", ""year"": ""2025"", ""category"": ""TƏRƏFDAŞLAR"", ""stand"": ""2B244"", ""company_id"": ""345172"", ""source_url"": ""https://bakubuild.az/az/exhibitors-list/year/2025""}]}"
expo-00682,LECHEQ FARM AND DISTILLERY,Azərbaycan,AGRO FOOD INVESTMENTS MMC | MEDİA,1A360-5,Caspian Agro Week,2023 | 2024 | 2025 | 2026,4,"{""appearances"": [{""exhibition"": ""caspianagroweek"", ""exhibition_label"": ""Caspian Agro Week"", ""year"": ""2023"", ""category"": ""MEDİA"", ""stand"": ""1A360-5"", ""company_id"": """", ""source_url"": ""https://caspianagroweek.az/az/exhibitors-list/year/2023""}, {""exhibition"": ""caspianagroweek"", ""exhibition_label"": ""Caspian Agro Week"", ""year"": ""2024"", ""category"": ""MEDİA"", ""stand"": ""1A360-5"", ""company_id"": """", ""source_url"": ""https://caspianagroweek.az/az/exhibitors-list/year/2024""}, {""exhibition"": ""caspianagroweek"", ""exhibition_label"": ""Caspian Agro Week"", ""year"": ""2025"", ""category"": ""MEDİA"", ""stand"": ""1A360-5"", ""company_id"": """", ""source_url"": ""https://caspianagroweek.az/az/exhibitors-list/year/2025""}, {""exhibition"": ""caspianagroweek"", ""exhibition_label"": ""Caspian Agro Week"", ""year"": ""2026"", ""category"": ""AGRO FOOD INVESTMENTS MMC"", ""stand"": ""1A360-5"", ""company_id"": """", ""source_url"": ""https://caspianagroweek.az/az/exhibitors-list/year/2026""}]}"
expo-00683,LEİSTER AZERBAİJAN,Azərbaycan,TƏRƏFDAŞLAR,A2084,Aquatherm Baku | Securex Caspian,2019,2,"{""appearances"": [{""exhibition"": ""aquatherm"", ""exhibition_label"": ""Aquatherm Baku"", ""year"": ""2019"", ""category"": ""TƏRƏFDAŞLAR"", ""stand"": ""A2084"", ""company_id"": ""5602"", ""source_url"": ""https://aquatherm.az/az/exhibitors-list/year/2019""}, {""exhibition"": ""securexcaspian"", ""exhibition_label"": ""Securex Caspian"", ""year"": ""2019"", ""category"": ""TƏRƏFDAŞLAR"", ""stand"": ""A2084"", ""company_id"": ""5602"", ""source_url"": ""https://securexcaspian.az/az/exhibitors-list/year/2019""}]}"
expo-00684,LILAC,Azərbaycan,MEDİA | YAROSLAVL VILAYƏTİNİN ŞİRKƏTLƏRİ | ÇELYABİNSK VİLAYƏTİ,,Aquatherm Baku | BakuBuild | Beauty Expo Baku | Caspian Agro Week | Caspian Oil & Gas | InterFood Azerbaijan | TransLogistica Caspian,2023 | 2024,7,"{""appearances"": [{""exhibition"": ""bakubuild"", ""exhibition_label"": ""BakuBuild"", ""year"": ""2023"", ""category"": ""ÇELYABİNSK VİLAYƏTİ"", ""stand"": ""-"", ""company_id"": ""303175"", ""source_url"": ""https://bakubuild.az/az/exhibitors-list/year/2023""}, {""exhibition"": ""aquatherm"", ""exhibition_label"": ""Aquatherm Baku"", ""year"": ""2023"", ""category"": ""MEDİA"", ""stand"": ""-"", ""company_id"": ""303175"", ""source_url"": ""https://aquatherm.az/az/exhibitors-list/year/2023""}, {""exhibition"": ""beautyexpo"", ""exhibition_label"": ""Beauty Expo Baku"", ""year"": ""2023"", ""category"": ""YAROSLAVL VILAYƏTİNİN ŞİRKƏTLƏRİ"", ""stand"": ""-"", ""company_id"": ""303175"", ""source_url"": ""https://beautyexpo.az/az/exhibitors-list/year/2023""}, {""exhibition"": ""interfood"", ""exhibition_label"": ""InterFood Azerbaijan"", ""year"": ""2024"", ""category"": ""MEDİA"", ""stand"": ""-"", ""company_id"": """", ""source_url"": ""https://interfood.az/az/exhibitors-list/year/2024""}, {""exhibition"": ""caspianoilgas"", ""exhibition_label"": ""Caspian Oil & Gas"", ""year"": ""2024"", ""category"": ""MEDİA"", ""stand"": ""-"", ""company_id"": """", ""source_url"": ""https://caspianoilgas.az/az/exhibitors-list/year/2024""}, {""exhibition"": ""translogistica"", ""exhibition_label"": ""TransLogistica Caspian"", ""year"": ""2024"", ""category"": ""MEDİA"", ""stand"": ""-"", ""company_id"": """", ""source_url"": ""https://translogistica.az/az/exhibitors-list/year/2024""}, {""exhibition"": ""caspianagroweek"", ""exhibition_label"": ""Caspian Agro Week"", ""year"": ""2024"", ""category"": ""MEDİA"", ""stand"": ""-"", ""company_id"": """", ""source_url"": ""https://caspianagroweek.az/az/exhibitors-list/year/2024""}]}"
expo-00685,LİEBHERR-AZERİ LLC,Azərbaycan,MEDİA,2C232,Caspian Oil & Gas,2023,1,"{""appearances"": [{""exhibition"": ""caspianoilgas"", ""exhibition_label"": ""Caspian Oil & Gas"", ""year"": ""2023"", ""category"": ""MEDİA"", ""stand"": ""2C232"", ""company_id"": ""273346"", ""source_url"": ""https://caspianoilgas.az/az/exhibitors-list/year/2023""}]}"
expo-00686,LİFE HEALTH MMC,Azərbaycan,MEDİA,B2084,BakuBuild,2022,1,"{""appearances"": [{""exhibition"": ""bakubuild"", ""exhibition_label"": ""BakuBuild"", ""year"": ""2022"", ""category"": ""MEDİA"", ""stand"": ""B2084"", ""company_id"": ""7639"", ""source_url"": ""https://bakubuild.az/az/exhibitors-list/year/2022""}]}"
expo-00687,LOVOL,Azərbaycan,MEDİA,1A300 | A5008,Caspian Agro Week,2022 | 2025,2,"{""appearances"": [{""exhibition"": ""caspianagroweek"", ""exhibition_label"": ""Caspian Agro Week"", ""year"": ""2022"", ""category"": ""MEDİA"", ""stand"": ""A5008"", ""company_id"": """", ""source_url"": ""https://caspianagroweek.az/az/exhibitors-list/year/2022""}, {""exhibition"": ""caspianagroweek"", ""exhibition_label"": ""Caspian Agro Week"", ""year"": ""2025"", ""category"": ""MEDİA"", ""stand"": ""1A300"", ""company_id"": """", ""source_url"": ""https://caspianagroweek.az/az/exhibitors-list/year/2025""}]}"
expo-00688,LUTZ-JESCO GMBH,Azərbaycan,MEDİA,1B342,Aquatherm Baku,2023,1,"{""appearances"": [{""exhibition"": ""aquatherm"", ""exhibition_label"": ""Aquatherm Baku"", ""year"": ""2023"", ""category"": ""MEDİA"", ""stand"": ""1B342"", ""company_id"": """", ""source_url"": ""https://aquatherm.az/az/exhibitors-list/year/2023""}]}"
expo-00689,LUX CATERİNG MMC,Azərbaycan,MEDİA,1C010-1,Caspian Oil & Gas,2023 | 2024,2,"{""appearances"": [{""exhibition"": ""caspianoilgas"", ""exhibition_label"": ""Caspian Oil & Gas"", ""year"": ""2023"", ""category"": ""MEDİA"", ""stand"": ""-"", ""company_id"": ""273613"", ""source_url"": ""https://caspianoilgas.az/az/exhibitors-list/year/2023""}, {""exhibition"": ""caspianoilgas"", ""exhibition_label"": ""Caspian Oil & Gas"", ""year"": ""2024"", ""category"": ""MEDİA"", ""stand"": ""1C010-1"", ""company_id"": ""273613"", ""source_url"": ""https://caspianoilgas.az/az/exhibitors-list/year/2024""}]}"
expo-00690,LƏNKƏRAN KONSERV ZAVODU MMC,Azərbaycan,ATS FOOD,,InterFood Azerbaijan,2027,1,"{""appearances"": [{""exhibition"": ""interfood"", ""exhibition_label"": ""InterFood Azerbaijan"", ""year"": ""2027"", ""category"": ""ATS FOOD"", ""stand"": ""-"", ""company_id"": """", ""source_url"": ""https://interfood.az/az/exhibitors-list/year/2027""}]}"
expo-00691,LƏZZƏT BISKVIT VƏ ŞOKOLAD FABRIKI,Azərbaycan,NAXÇIVAN MUXTAR RESPUBLİKASININ MİLLİ STENDİ,4F100-5,InterFood Azerbaijan,2025,1,"{""appearances"": [{""exhibition"": ""interfood"", ""exhibition_label"": ""InterFood Azerbaijan"", ""year"": ""2025"", ""category"": ""NAXÇIVAN MUXTAR RESPUBLİKASININ MİLLİ STENDİ"", ""stand"": ""4F100-5"", ""company_id"": """", ""source_url"": ""https://interfood.az/az/exhibitors-list/year/2025""}]}"
expo-00692,LƏZZƏT BROYLER MMC,Azərbaycan,NAXÇIVAN MUXTAR RESPUBLİKASININ MİLLİ STENDİ,4F100-6,InterFood Azerbaijan,2025,1,"{""appearances"": [{""exhibition"": ""interfood"", ""exhibition_label"": ""InterFood Azerbaijan"", ""year"": ""2025"", ""category"": ""NAXÇIVAN MUXTAR RESPUBLİKASININ MİLLİ STENDİ"", ""stand"": ""4F100-6"", ""company_id"": """", ""source_url"": ""https://interfood.az/az/exhibitors-list/year/2025""}]}"
expo-00693,LƏZZƏT GROUP,Azərbaycan,NAXÇIVAN MUXTAR RESPUBLİKASININ MİLLİ STENDİ,4F100-1,InterFood Azerbaijan,2025,1,"{""appearances"": [{""exhibition"": ""interfood"", ""exhibition_label"": ""InterFood Azerbaijan"", ""year"": ""2025"", ""category"": ""NAXÇIVAN MUXTAR RESPUBLİKASININ MİLLİ STENDİ"", ""stand"": ""4F100-1"", ""company_id"": """", ""source_url"": ""https://interfood.az/az/exhibitors-list/year/2025""}]}"
expo-00694,LƏZZƏT KAĞIZ MMC,Azərbaycan,NAXÇIVAN MUXTAR RESPUBLİKASININ MİLLİ STENDİ,4F100-7,InterFood Azerbaijan,2025,1,"{""appearances"": [{""exhibition"": ""interfood"", ""exhibition_label"": ""InterFood Azerbaijan"", ""year"": ""2025"", ""category"": ""NAXÇIVAN MUXTAR RESPUBLİKASININ MİLLİ STENDİ"", ""stand"": ""4F100-7"", ""company_id"": """", ""source_url"": ""https://interfood.az/az/exhibitors-list/year/2025""}]}"
expo-00695,LƏZZƏT KONSERV MMC,Azərbaycan,NAXÇIVAN MUXTAR RESPUBLİKASININ MİLLİ STENDİ,4F100-8,InterFood Azerbaijan,2025,1,"{""appearances"": [{""exhibition"": ""interfood"", ""exhibition_label"": ""InterFood Azerbaijan"", ""year"": ""2025"", ""category"": ""NAXÇIVAN MUXTAR RESPUBLİKASININ MİLLİ STENDİ"", ""stand"": ""4F100-8"", ""company_id"": """", ""source_url"": ""https://interfood.az/az/exhibitors-list/year/2025""}]}"
expo-00696,LƏZZƏT NAXÇIVAN ŞƏRAB MMC,Azərbaycan,NAXÇIVAN MUXTAR RESPUBLİKASININ MİLLİ STENDİ,4F100-9,InterFood Azerbaijan,2025,1,"{""appearances"": [{""exhibition"": ""interfood"", ""exhibition_label"": ""InterFood Azerbaijan"", ""year"": ""2025"", ""category"": ""NAXÇIVAN MUXTAR RESPUBLİKASININ MİLLİ STENDİ"", ""stand"": ""4F100-9"", ""company_id"": """", ""source_url"": ""https://interfood.az/az/exhibitors-list/year/2025""}]}"
expo-00697,LƏZZƏT QIDA MMC,Azərbaycan,NAXÇIVAN MUXTAR RESPUBLİKASININ MİLLİ STENDİ,4F100-4,InterFood Azerbaijan,2025,1,"{""appearances"": [{""exhibition"": ""interfood"", ""exhibition_label"": ""InterFood Azerbaijan"", ""year"": ""2025"", ""category"": ""NAXÇIVAN MUXTAR RESPUBLİKASININ MİLLİ STENDİ"", ""stand"": ""4F100-4"", ""company_id"": """", ""source_url"": ""https://interfood.az/az/exhibitors-list/year/2025""}]}"
expo-00698,LƏZZƏT QİDA SENAYƏ MMC,Azərbaycan,MEDİA | MURMANSK VİLAYETİ,1F264,InterFood Azerbaijan,2022 | 2023,2,"{""appearances"": [{""exhibition"": ""interfood"", ""exhibition_label"": ""InterFood Azerbaijan"", ""year"": ""2022"", ""category"": ""MEDİA"", ""stand"": ""1F264"", ""company_id"": ""6249"", ""source_url"": ""https://interfood.az/az/exhibitors-list/year/2022""}, {""exhibition"": ""interfood"", ""exhibition_label"": ""InterFood Azerbaijan"", ""year"": ""2023"", ""category"": ""MURMANSK VİLAYETİ"", ""stand"": ""1F264"", ""company_id"": ""6249"", ""source_url"": ""https://interfood.az/az/exhibitors-list/year/2023""}]}"
expo-00699,LƏZZƏT QRUP,Azərbaycan,MEDİA,1F242,InterFood Azerbaijan,2024,1,"{""appearances"": [{""exhibition"": ""interfood"", ""exhibition_label"": ""InterFood Azerbaijan"", ""year"": ""2024"", ""category"": ""MEDİA"", ""stand"": ""1F242"", ""company_id"": ""6249"", ""source_url"": ""https://interfood.az/az/exhibitors-list/year/2024""}]}"
expo-00700,M-TRANS MMC,Azərbaycan,MEDİA,2T420,TransLogistica Caspian,2025,1,"{""appearances"": [{""exhibition"": ""translogistica"", ""exhibition_label"": ""TransLogistica Caspian"", ""year"": ""2025"", ""category"": ""MEDİA"", ""stand"": ""2T420"", ""company_id"": ""334657"", ""source_url"": ""https://translogistica.az/az/exhibitors-list/year/2025""}]}"
expo-00701,M.P.K MMC,Azərbaycan,MEDİA | TƏRƏFDAŞ,1A242 | 3A130,Caspian Agro Week,2025 | 2026,2,"{""appearances"": [{""exhibition"": ""caspianagroweek"", ""exhibition_label"": ""Caspian Agro Week"", ""year"": ""2025"", ""category"": ""MEDİA"", ""stand"": ""3A130"", ""company_id"": ""334306"", ""source_url"": ""https://caspianagroweek.az/az/exhibitors-list/year/2025""}, {""exhibition"": ""caspianagroweek"", ""exhibition_label"": ""Caspian Agro Week"", ""year"": ""2026"", ""category"": ""TƏRƏFDAŞ"", ""stand"": ""1A242"", ""company_id"": ""334306"", ""source_url"": ""https://caspianagroweek.az/az/exhibitors-list/year/2026""}]}"
expo-00702,MADENI YAG,Azərbaycan,MEDİA,,Caspian Oil & Gas,2026,1,"{""appearances"": [{""exhibition"": ""caspianoilgas"", ""exhibition_label"": ""Caspian Oil & Gas"", ""year"": ""2026"", ""category"": ""MEDİA"", ""stand"": ""-"", ""company_id"": """", ""source_url"": ""https://caspianoilgas.az/az/exhibitors-list/year/2026""}]}"
expo-00703,MAG-PI INSPECTION,Azərbaycan,MEDİA,1060,Caspian Oil & Gas,2019,1,"{""appearances"": [{""exhibition"": ""caspianoilgas"", ""exhibition_label"": ""Caspian Oil & Gas"", ""year"": ""2019"", ""category"": ""MEDİA"", ""stand"": ""1060"", ""company_id"": ""4602"", ""source_url"": ""https://caspianoilgas.az/az/exhibitors-list/year/2019""}]}"
expo-00704,MAKINA.AZ,Azərbaycan,MEDİA,,BakuBuild | Caspian Agro Week | Caspian Oil & Gas | Securex Caspian | TransLogistica Caspian,2019 | 2022,7,"{""appearances"": [{""exhibition"": ""bakubuild"", ""exhibition_label"": ""BakuBuild"", ""year"": ""2019"", ""category"": ""MEDİA"", ""stand"": ""-"", ""company_id"": ""5282"", ""source_url"": ""https://bakubuild.az/az/exhibitors-list/year/2019""}, {""exhibition"": ""caspianoilgas"", ""exhibition_label"": ""Caspian Oil & Gas"", ""year"": ""2019"", ""category"": ""MEDİA"", ""stand"": ""-"", ""company_id"": ""5282"", ""source_url"": ""https://caspianoilgas.az/az/exhibitors-list/year/2019""}, {""exhibition"": ""caspianoilgas"", ""exhibition_label"": ""Caspian Oil & Gas"", ""year"": ""2022"", ""category"": ""MEDİA"", ""stand"": ""-"", ""company_id"": ""5282"", ""source_url"": ""https://caspianoilgas.az/az/exhibitors-list/year/2022""}, {""exhibition"": ""securexcaspian"", ""exhibition_label"": ""Securex Caspian"", ""year"": ""2019"", ""category"": ""MEDİA"", ""stand"": ""-"", ""company_id"": ""5282"", ""source_url"": ""https://securexcaspian.az/az/exhibitors-list/year/2019""}, {""exhibition"": ""translogistica"", ""exhibition_label"": ""TransLogistica Caspian"", ""year"": ""2019"", ""category"": ""MEDİA"", ""stand"": ""-"", ""company_id"": ""5282"", ""source_url"": ""https://translogistica.az/az/exhibitors-list/year/2019""}, {""exhibition"": ""translogistica"", ""exhibition_label"": ""TransLogistica Caspian"", ""year"": ""2022"", ""category"": ""MEDİA"", ""stand"": ""-"", ""company_id"": ""5282"", ""source_url"": ""https://translogistica.az/az/exhibitors-list/year/2022""}, {""exhibition"": ""caspianagroweek"", ""exhibition_label"": ""Caspian Agro Week"", ""year"": ""2019"", ""category"": ""MEDİA"", ""stand"": ""-"", ""company_id"": ""5282"", ""source_url"": ""https://caspianagroweek.az/az/exhibitors-list/year/2019""}]}"
expo-00705,MAKINE VE KIMYA ENDUSTRISI,Azərbaycan,,,Securex Caspian,2026,1,"{""appearances"": [{""exhibition"": ""securexcaspian"", ""exhibition_label"": ""Securex Caspian"", ""year"": ""2026"", ""category"": """", ""stand"": ""-"", ""company_id"": """", ""source_url"": ""https://securexcaspian.az/az/exhibitors-list/year/2026""}]}"
expo-00706,MAN-AGRO MMC,Azərbaycan,MEDİA | TƏRƏFDAŞ,1A250 | 1A354 | 1A356 | A1316,Caspian Agro Week,2022 | 2023 | 2024 | 2025 | 2026 | 2027,6,"{""appearances"": [{""exhibition"": ""caspianagroweek"", ""exhibition_label"": ""Caspian Agro Week"", ""year"": ""2022"", ""category"": ""MEDİA"", ""stand"": ""A1316"", ""company_id"": ""6716"", ""source_url"": ""https://caspianagroweek.az/az/exhibitors-list/year/2022""}, {""exhibition"": ""caspianagroweek"", ""exhibition_label"": ""Caspian Agro Week"", ""year"": ""2023"", ""category"": ""MEDİA"", ""stand"": ""1A354"", ""company_id"": ""6716"", ""source_url"": ""https://caspianagroweek.az/az/exhibitors-list/year/2023""}, {""exhibition"": ""caspianagroweek"", ""exhibition_label"": ""Caspian Agro Week"", ""year"": ""2024"", ""category"": ""MEDİA"", ""stand"": ""1A356"", ""company_id"": ""6716"", ""source_url"": ""https://caspianagroweek.az/az/exhibitors-list/year/2024""}, {""exhibition"": ""caspianagroweek"", ""exhibition_label"": ""Caspian Agro Week"", ""year"": ""2025"", ""category"": ""MEDİA"", ""stand"": ""1A250"", ""company_id"": ""6716"", ""source_url"": ""https://caspianagroweek.az/az/exhibitors-list/year/2025""}, {""exhibition"": ""caspianagroweek"", ""exhibition_label"": ""Caspian Agro Week"", ""year"": ""2026"", ""category"": ""TƏRƏFDAŞ"", ""stand"": ""1A250"", ""company_id"": ""6716"", ""source_url"": ""https://caspianagroweek.az/az/exhibitors-list/year/2026""}, {""exhibition"": ""caspianagroweek"", ""exhibition_label"": ""Caspian Agro Week"", ""year"": ""2027"", ""category"": """", ""stand"": ""-"", ""company_id"": """", ""source_url"": ""https://caspianagroweek.az/az/exhibitors-list/year/2027""}]}"
expo-00707,MAN-G DESIGN AND CONSTRUCTION,Azərbaycan,MEDİA,4A122,Aquatherm Baku,2025 | 2026,2,"{""appearances"": [{""exhibition"": ""aquatherm"", ""exhibition_label"": ""Aquatherm Baku"", ""year"": ""2025"", ""category"": ""MEDİA"", ""stand"": ""4A122"", ""company_id"": ""345177"", ""source_url"": ""https://aquatherm.az/az/exhibitors-list/year/2025""}, {""exhibition"": ""aquatherm"", ""exhibition_label"": ""Aquatherm Baku"", ""year"": ""2026"", ""category"": """", ""stand"": ""-"", ""company_id"": ""363131"", ""source_url"": ""https://aquatherm.az/az/exhibitors-list/year/2026""}]}"
expo-00708,MARITIME REGISTER OF SHIPPING MMC,Azərbaycan,MEDİA,2T072,TransLogistica Caspian,2025,1,"{""appearances"": [{""exhibition"": ""translogistica"", ""exhibition_label"": ""TransLogistica Caspian"", ""year"": ""2025"", ""category"": ""MEDİA"", ""stand"": ""2T072"", ""company_id"": ""333753"", ""source_url"": ""https://translogistica.az/az/exhibitors-list/year/2025""}]}"
expo-00709,MARKİM GUBRE,Azərbaycan,MEDİA,A5002-9,Caspian Agro Week,2022,1,"{""appearances"": [{""exhibition"": ""caspianagroweek"", ""exhibition_label"": ""Caspian Agro Week"", ""year"": ""2022"", ""category"": ""MEDİA"", ""stand"": ""A5002-9"", ""company_id"": """", ""source_url"": ""https://caspianagroweek.az/az/exhibitors-list/year/2022""}]}"
expo-00710,MARS FK,Azərbaycan,MEDİA,A1212,Caspian Agro Week,2019,1,"{""appearances"": [{""exhibition"": ""caspianagroweek"", ""exhibition_label"": ""Caspian Agro Week"", ""year"": ""2019"", ""category"": ""MEDİA"", ""stand"": ""A1212"", ""company_id"": """", ""source_url"": ""https://caspianagroweek.az/az/exhibitors-list/year/2019""}]}"
expo-00711,MARS-A MMC,Azərbaycan,MEDİA,1B026,BakuBuild,2024,1,"{""appearances"": [{""exhibition"": ""bakubuild"", ""exhibition_label"": ""BakuBuild"", ""year"": ""2024"", ""category"": ""MEDİA"", ""stand"": ""1B026"", ""company_id"": ""314117"", ""source_url"": ""https://bakubuild.az/az/exhibitors-list/year/2024""}]}"
expo-00712,MASALLI REGIONU,Azərbaycan,TƏRƏFDAŞ,2A516,Caspian Agro Week,2026,1,"{""appearances"": [{""exhibition"": ""caspianagroweek"", ""exhibition_label"": ""Caspian Agro Week"", ""year"": ""2026"", ""category"": ""TƏRƏFDAŞ"", ""stand"": ""2A516"", ""company_id"": ""353622"", ""source_url"": ""https://caspianagroweek.az/az/exhibitors-list/year/2026""}]}"
expo-00713,MASCHIO GASPARDO,Azərbaycan,TƏRƏFDAŞ,1A310,Caspian Agro Week,2026,1,"{""appearances"": [{""exhibition"": ""caspianagroweek"", ""exhibition_label"": ""Caspian Agro Week"", ""year"": ""2026"", ""category"": ""TƏRƏFDAŞ"", ""stand"": ""1A310"", ""company_id"": """", ""source_url"": ""https://caspianagroweek.az/az/exhibitors-list/year/2026""}]}"
expo-00714,MASCİA GASPARDO,Azərbaycan,MEDİA,A1302/A1402,Caspian Agro Week,2022,1,"{""appearances"": [{""exhibition"": ""caspianagroweek"", ""exhibition_label"": ""Caspian Agro Week"", ""year"": ""2022"", ""category"": ""MEDİA"", ""stand"": ""A1302/A1402"", ""company_id"": """", ""source_url"": ""https://caspianagroweek.az/az/exhibitors-list/year/2022""}]}"
expo-00715,MASTER TOOLS MMC-NİN AZƏRBAYCAN RESPUBLİKASINDAKI  FİLİALI,Azərbaycan,MEDİA | TƏRƏFDAŞLAR,B1306 | B1310,BakuBuild,2021 | 2022,2,"{""appearances"": [{""exhibition"": ""bakubuild"", ""exhibition_label"": ""BakuBuild"", ""year"": ""2021"", ""category"": ""TƏRƏFDAŞLAR"", ""stand"": ""B1310"", ""company_id"": ""6311"", ""source_url"": ""https://bakubuild.az/az/exhibitors-list/year/2021""}, {""exhibition"": ""bakubuild"", ""exhibition_label"": ""BakuBuild"", ""year"": ""2022"", ""category"": ""MEDİA"", ""stand"": ""B1306"", ""company_id"": ""6311"", ""source_url"": ""https://bakubuild.az/az/exhibitors-list/year/2022""}]}"
expo-00716,MATRİXPRO MMC,Azərbaycan,MEDİA,2B124,BakuBuild,2024,1,"{""appearances"": [{""exhibition"": ""bakubuild"", ""exhibition_label"": ""BakuBuild"", ""year"": ""2024"", ""category"": ""MEDİA"", ""stand"": ""2B124"", ""company_id"": ""324809"", ""source_url"": ""https://bakubuild.az/az/exhibitors-list/year/2024""}]}"
expo-00717,MAY VALLEY MMC,Azərbaycan,NAXÇIVAN MUXTAR RESPUBLİKASININ MİLLİ STENDİ,4F102-6,InterFood Azerbaijan,2025,1,"{""appearances"": [{""exhibition"": ""interfood"", ""exhibition_label"": ""InterFood Azerbaijan"", ""year"": ""2025"", ""category"": ""NAXÇIVAN MUXTAR RESPUBLİKASININ MİLLİ STENDİ"", ""stand"": ""4F102-6"", ""company_id"": """", ""source_url"": ""https://interfood.az/az/exhibitors-list/year/2025""}]}"
expo-00718,MAYBO MMC,Azərbaycan,MEDİA | TƏRƏFDAŞLAR,1106 | A2018 | A2220 | B1120 | C1064,BakuBuild | Caspian Agro Week | Caspian Oil & Gas | InterFood Azerbaijan,2019 | 2021 | 2022,5,"{""appearances"": [{""exhibition"": ""bakubuild"", ""exhibition_label"": ""BakuBuild"", ""year"": ""2021"", ""category"": ""TƏRƏFDAŞLAR"", ""stand"": ""B1120"", ""company_id"": ""4735"", ""source_url"": ""https://bakubuild.az/az/exhibitors-list/year/2021""}, {""exhibition"": ""interfood"", ""exhibition_label"": ""InterFood Azerbaijan"", ""year"": ""2019"", ""category"": ""MEDİA"", ""stand"": ""A2220"", ""company_id"": ""4735"", ""source_url"": ""https://interfood.az/az/exhibitors-list/year/2019""}, {""exhibition"": ""caspianoilgas"", ""exhibition_label"": ""Caspian Oil & Gas"", ""year"": ""2019"", ""category"": ""MEDİA"", ""stand"": ""1106"", ""company_id"": ""4735"", ""source_url"": ""https://caspianoilgas.az/az/exhibitors-list/year/2019""}, {""exhibition"": ""caspianoilgas"", ""exhibition_label"": ""Caspian Oil & Gas"", ""year"": ""2022"", ""category"": ""MEDİA"", ""stand"": ""C1064"", ""company_id"": ""4735"", ""source_url"": ""https://caspianoilgas.az/az/exhibitors-list/year/2022""}, {""exhibition"": ""caspianagroweek"", ""exhibition_label"": ""Caspian Agro Week"", ""year"": ""2022"", ""category"": ""MEDİA"", ""stand"": ""A2018"", ""company_id"": ""4735"", ""source_url"": ""https://caspianagroweek.az/az/exhibitors-list/year/2022""}]}"
expo-00719,MCCORMİCK,Azərbaycan,MEDİA,A2327,Caspian Agro Week,2019,1,"{""appearances"": [{""exhibition"": ""caspianagroweek"", ""exhibition_label"": ""Caspian Agro Week"", ""year"": ""2019"", ""category"": ""MEDİA"", ""stand"": ""A2327"", ""company_id"": """", ""source_url"": ""https://caspianagroweek.az/az/exhibitors-list/year/2019""}]}"
expo-00720,MEDİCAL BEAUTY MMC,Azərbaycan,TƏRƏFDAŞLAR,B1026,Beauty Expo Baku,2019,1,"{""appearances"": [{""exhibition"": ""beautyexpo"", ""exhibition_label"": ""Beauty Expo Baku"", ""year"": ""2019"", ""category"": ""TƏRƏFDAŞLAR"", ""stand"": ""B1026"", ""company_id"": ""5799"", ""source_url"": ""https://beautyexpo.az/az/exhibitors-list/year/2019""}]}"
expo-00721,MEGASEC LLC,Azərbaycan,,,Securex Caspian,2026,1,"{""appearances"": [{""exhibition"": ""securexcaspian"", ""exhibition_label"": ""Securex Caspian"", ""year"": ""2026"", ""category"": """", ""stand"": ""-"", ""company_id"": ""352936"", ""source_url"": ""https://securexcaspian.az/az/exhibitors-list/year/2026""}]}"
expo-00722,MEMAR JURNALI,Azərbaycan,MEDİA,,BakuBuild,2021 | 2023,2,"{""appearances"": [{""exhibition"": ""bakubuild"", ""exhibition_label"": ""BakuBuild"", ""year"": ""2021"", ""category"": ""MEDİA"", ""stand"": ""-"", ""company_id"": """", ""source_url"": ""https://bakubuild.az/az/exhibitors-list/year/2021""}, {""exhibition"": ""bakubuild"", ""exhibition_label"": ""BakuBuild"", ""year"": ""2023"", ""category"": ""MEDİA"", ""stand"": ""-"", ""company_id"": ""5865"", ""source_url"": ""https://bakubuild.az/az/exhibitors-list/year/2023""}]}"
expo-00723,MERIT BRAND,Azərbaycan,NAXÇIVAN MUXTAR RESPUBLİKASININ MİLLİ STENDİ,4F102-7,InterFood Azerbaijan,2025,1,"{""appearances"": [{""exhibition"": ""interfood"", ""exhibition_label"": ""InterFood Azerbaijan"", ""year"": ""2025"", ""category"": ""NAXÇIVAN MUXTAR RESPUBLİKASININ MİLLİ STENDİ"", ""stand"": ""4F102-7"", ""company_id"": """", ""source_url"": ""https://interfood.az/az/exhibitors-list/year/2025""}]}"
expo-00724,MESA GROUP,Azərbaycan,TƏRƏFDAŞLAR,B1110,Beauty Expo Baku,2019,1,"{""appearances"": [{""exhibition"": ""beautyexpo"", ""exhibition_label"": ""Beauty Expo Baku"", ""year"": ""2019"", ""category"": ""TƏRƏFDAŞLAR"", ""stand"": ""B1110"", ""company_id"": ""5564"", ""source_url"": ""https://beautyexpo.az/az/exhibitors-list/year/2019""}]}"
expo-00725,METAK LLC,Azərbaycan,MEDİA | TƏRƏFDAŞ,1A150 | A1114,Caspian Agro Week,2019 | 2021 | 2022 | 2023 | 2024 | 2025 | 2026 | 2027,8,"{""appearances"": [{""exhibition"": ""caspianagroweek"", ""exhibition_label"": ""Caspian Agro Week"", ""year"": ""2019"", ""category"": ""MEDİA"", ""stand"": ""A1114"", ""company_id"": ""4674"", ""source_url"": ""https://caspianagroweek.az/az/exhibitors-list/year/2019""}, {""exhibition"": ""caspianagroweek"", ""exhibition_label"": ""Caspian Agro Week"", ""year"": ""2021"", ""category"": ""TƏRƏFDAŞ"", ""stand"": ""A1114"", ""company_id"": ""4674"", ""source_url"": ""https://caspianagroweek.az/az/exhibitors-list/year/2021""}, {""exhibition"": ""caspianagroweek"", ""exhibition_label"": ""Caspian Agro Week"", ""year"": ""2022"", ""category"": ""MEDİA"", ""stand"": ""A1114"", ""company_id"": ""4674"", ""source_url"": ""https://caspianagroweek.az/az/exhibitors-list/year/2022""}, {""exhibition"": ""caspianagroweek"", ""exhibition_label"": ""Caspian Agro Week"", ""year"": ""2023"", ""category"": ""MEDİA"", ""stand"": ""1A150"", ""company_id"": ""4674"", ""source_url"": ""https://caspianagroweek.az/az/exhibitors-list/year/2023""}, {""exhibition"": ""caspianagroweek"", ""exhibition_label"": ""Caspian Agro Week"", ""year"": ""2024"", ""category"": ""MEDİA"", ""stand"": ""1A150"", ""company_id"": ""4674"", ""source_url"": ""https://caspianagroweek.az/az/exhibitors-list/year/2024""}, {""exhibition"": ""caspianagroweek"", ""exhibition_label"": ""Caspian Agro Week"", ""year"": ""2025"", ""category"": ""MEDİA"", ""stand"": ""1A150"", ""company_id"": ""4674"", ""source_url"": ""https://caspianagroweek.az/az/exhibitors-list/year/2025""}, {""exhibition"": ""caspianagroweek"", ""exhibition_label"": ""Caspian Agro Week"", ""year"": ""2026"", ""category"": ""TƏRƏFDAŞ"", ""stand"": ""1A150"", ""company_id"": ""4674"", ""source_url"": ""https://caspianagroweek.az/az/exhibitors-list/year/2026""}, {""exhibition"": ""caspianagroweek"", ""exhibition_label"": ""Caspian Agro Week"", ""year"": ""2027"", ""category"": """", ""stand"": ""-"", ""company_id"": """", ""source_url"": ""https://caspianagroweek.az/az/exhibitors-list/year/2027""}]}"
expo-00726,"METALLPLASTPRIORITI, OOO",Azərbaycan,ÇELYABİNSK VİLAYƏTİ,1B240-3,BakuBuild,2023,1,"{""appearances"": [{""exhibition"": ""bakubuild"", ""exhibition_label"": ""BakuBuild"", ""year"": ""2023"", ""category"": ""ÇELYABİNSK VİLAYƏTİ"", ""stand"": ""1B240-3"", ""company_id"": """", ""source_url"": ""https://bakubuild.az/az/exhibitors-list/year/2023""}]}"
expo-00727,MEXANIKI TƏMIR ZAVODU MMC,Azərbaycan,MEDİA,2C056,Caspian Oil & Gas,2026,1,"{""appearances"": [{""exhibition"": ""caspianoilgas"", ""exhibition_label"": ""Caspian Oil & Gas"", ""year"": ""2026"", ""category"": ""MEDİA"", ""stand"": ""2C056"", ""company_id"": ""359617"", ""source_url"": ""https://caspianoilgas.az/az/exhibitors-list/year/2026""}]}"
expo-00728,MFT ITALİA FOOD TECH,Azərbaycan,MEDİA,F2414,InterFood Azerbaijan,2019,1,"{""appearances"": [{""exhibition"": ""interfood"", ""exhibition_label"": ""InterFood Azerbaijan"", ""year"": ""2019"", ""category"": ""MEDİA"", ""stand"": ""F2414"", ""company_id"": """", ""source_url"": ""https://interfood.az/az/exhibitors-list/year/2019""}]}"
expo-00729,MG PLUS MMC,Azərbaycan,MEDİA | NAXÇIVAN MUXTAR RESPUBLİKASININ MİLLİ STENDİ | TƏRƏFDAŞ | TƏRƏFDAŞLAR,2M430 | M110 | M116,BakuBuild | Caspian Agro Week | Caspian Oil & Gas | InterFood Azerbaijan | TransLogistica Caspian,2025 | 2026,8,"{""appearances"": [{""exhibition"": ""bakubuild"", ""exhibition_label"": ""BakuBuild"", ""year"": ""2025"", ""category"": ""TƏRƏFDAŞLAR"", ""stand"": ""-"", ""company_id"": """", ""source_url"": ""https://bakubuild.az/az/exhibitors-list/year/2025""}, {""exhibition"": ""interfood"", ""exhibition_label"": ""InterFood Azerbaijan"", ""year"": ""2025"", ""category"": ""NAXÇIVAN MUXTAR RESPUBLİKASININ MİLLİ STENDİ"", ""stand"": ""M116"", ""company_id"": """", ""source_url"": ""https://interfood.az/az/exhibitors-list/year/2025""}, {""exhibition"": ""caspianoilgas"", ""exhibition_label"": ""Caspian Oil & Gas"", ""year"": ""2025"", ""category"": ""MEDİA"", ""stand"": ""-"", ""company_id"": """", ""source_url"": ""https://caspianoilgas.az/az/exhibitors-list/year/2025""}, {""exhibition"": ""caspianoilgas"", ""exhibition_label"": ""Caspian Oil & Gas"", ""year"": ""2026"", ""category"": ""MEDİA"", ""stand"": ""2M430"", ""company_id"": """", ""source_url"": ""https://caspianoilgas.az/az/exhibitors-list/year/2026""}, {""exhibition"": ""translogistica"", ""exhibition_label"": ""TransLogistica Caspian"", ""year"": ""2025"", ""category"": ""MEDİA"", ""stand"": ""-"", ""company_id"": """", ""source_url"": ""https://translogistica.az/az/exhibitors-list/year/2025""}, {""exhibition"": ""translogistica"", ""exhibition_label"": ""TransLogistica Caspian"", ""year"": ""2026"", ""category"": ""MEDİA"", ""stand"": ""-"", ""company_id"": """", ""source_url"": ""https://translogistica.az/az/exhibitors-list/year/2026""}, {""exhibition"": ""caspianagroweek"", ""exhibition_label"": ""Caspian Agro Week"", ""year"": ""2025"", ""category"": ""MEDİA"", ""stand"": ""-"", ""company_id"": """", ""source_url"": ""https://caspianagroweek.az/az/exhibitors-list/year/2025""}, {""exhibition"": ""caspianagroweek"", ""exhibition_label"": ""Caspian Agro Week"", ""year"": ""2026"", ""category"": ""TƏRƏFDAŞ"", ""stand"": ""M110"", ""company_id"": ""335318"", ""source_url"": ""https://caspianagroweek.az/az/exhibitors-list/year/2026""}]}"
expo-00730,MG TRANSPORT,Azərbaycan,MEDİA,2T322,TransLogistica Caspian,2024,1,"{""appearances"": [{""exhibition"": ""translogistica"", ""exhibition_label"": ""TransLogistica Caspian"", ""year"": ""2024"", ""category"": ""MEDİA"", ""stand"": ""2T322"", ""company_id"": ""300716"", ""source_url"": ""https://translogistica.az/az/exhibitors-list/year/2024""}]}"
expo-00731,MICA (MIDEA CAUCASUS MMC),Azərbaycan,MEDİA,2A530 | 4A110,Aquatherm Baku,2023 | 2024 | 2025,3,"{""appearances"": [{""exhibition"": ""aquatherm"", ""exhibition_label"": ""Aquatherm Baku"", ""year"": ""2023"", ""category"": ""MEDİA"", ""stand"": ""2A530"", ""company_id"": ""277240"", ""source_url"": ""https://aquatherm.az/az/exhibitors-list/year/2023""}, {""exhibition"": ""aquatherm"", ""exhibition_label"": ""Aquatherm Baku"", ""year"": ""2024"", ""category"": ""MEDİA"", ""stand"": ""2A530"", ""company_id"": ""277240"", ""source_url"": ""https://aquatherm.az/az/exhibitors-list/year/2024""}, {""exhibition"": ""aquatherm"", ""exhibition_label"": ""Aquatherm Baku"", ""year"": ""2025"", ""category"": ""MEDİA"", ""stand"": ""4A110"", ""company_id"": ""277240"", ""source_url"": ""https://aquatherm.az/az/exhibitors-list/year/2025""}]}"
expo-00732,MICROTECH,Azərbaycan,MEDİA,2C006,Caspian Oil & Gas,2026,1,"{""appearances"": [{""exhibition"": ""caspianoilgas"", ""exhibition_label"": ""Caspian Oil & Gas"", ""year"": ""2026"", ""category"": ""MEDİA"", ""stand"": ""2C006"", ""company_id"": ""352340"", ""source_url"": ""https://caspianoilgas.az/az/exhibitors-list/year/2026""}]}"
expo-00733,MİLAN KALA PLAST CO.,Azərbaycan,MEDİA,F4018,InterFood Azerbaijan,2019,1,"{""appearances"": [{""exhibition"": ""interfood"", ""exhibition_label"": ""InterFood Azerbaijan"", ""year"": ""2019"", ""category"": ""MEDİA"", ""stand"": ""F4018"", ""company_id"": ""5312"", ""source_url"": ""https://interfood.az/az/exhibitors-list/year/2019""}]}"
expo-00734,MİLLA,Azərbaycan,MEDİA | TƏRƏFDAŞ,1A210-4 | 1A210/5A140-1 | 5A040-1,Caspian Agro Week,2024 | 2025 | 2026,3,"{""appearances"": [{""exhibition"": ""caspianagroweek"", ""exhibition_label"": ""Caspian Agro Week"", ""year"": ""2024"", ""category"": ""MEDİA"", ""stand"": ""1A210/5A140-1"", ""company_id"": """", ""source_url"": ""https://caspianagroweek.az/az/exhibitors-list/year/2024""}, {""exhibition"": ""caspianagroweek"", ""exhibition_label"": ""Caspian Agro Week"", ""year"": ""2025"", ""category"": ""MEDİA"", ""stand"": ""1A210-4"", ""company_id"": """", ""source_url"": ""https://caspianagroweek.az/az/exhibitors-list/year/2025""}, {""exhibition"": ""caspianagroweek"", ""exhibition_label"": ""Caspian Agro Week"", ""year"": ""2026"", ""category"": ""TƏRƏFDAŞ"", ""stand"": ""5A040-1"", ""company_id"": """", ""source_url"": ""https://caspianagroweek.az/az/exhibitors-list/year/2026""}]}"
expo-00735,MİLLİ AEROKOSMİK AGENTLİYİ (MAKA),Azərbaycan,MEDİA,A3202-6,Securex Caspian,2022,1,"{""appearances"": [{""exhibition"": ""securexcaspian"", ""exhibition_label"": ""Securex Caspian"", ""year"": ""2022"", ""category"": ""MEDİA"", ""stand"": ""A3202-6"", ""company_id"": ""6924"", ""source_url"": ""https://securexcaspian.az/az/exhibitors-list/year/2022""}]}"
expo-00736,MİLLİ BROKER,Azərbaycan,MEDİA,2T332-3,TransLogistica Caspian,2024,1,"{""appearances"": [{""exhibition"": ""translogistica"", ""exhibition_label"": ""TransLogistica Caspian"", ""year"": ""2024"", ""category"": ""MEDİA"", ""stand"": ""2T332-3"", ""company_id"": """", ""source_url"": ""https://translogistica.az/az/exhibitors-list/year/2024""}]}"
expo-00737,MİLLİ KİBER-TƏHLÜKƏSİZLİK KONSORSİUM,Azərbaycan,MEDİA,2320,Caspian Oil & Gas,2019,1,"{""appearances"": [{""exhibition"": ""caspianoilgas"", ""exhibition_label"": ""Caspian Oil & Gas"", ""year"": ""2019"", ""category"": ""MEDİA"", ""stand"": ""2320"", ""company_id"": ""5458"", ""source_url"": ""https://caspianoilgas.az/az/exhibitors-list/year/2019""}]}"
expo-00738,MJS THAITAN DRİLLİNG SERVİCES,Azərbaycan,MEDİA,2C027,Caspian Oil & Gas,2023,1,"{""appearances"": [{""exhibition"": ""caspianoilgas"", ""exhibition_label"": ""Caspian Oil & Gas"", ""year"": ""2023"", ""category"": ""MEDİA"", ""stand"": ""2C027"", ""company_id"": ""8037"", ""source_url"": ""https://caspianoilgas.az/az/exhibitors-list/year/2023""}]}"
expo-00739,MLK TECH GROUP MMC,Azərbaycan,ÇELYABİNSK VİLAYƏTİ,,BakuBuild,2023,1,"{""appearances"": [{""exhibition"": ""bakubuild"", ""exhibition_label"": ""BakuBuild"", ""year"": ""2023"", ""category"": ""ÇELYABİNSK VİLAYƏTİ"", ""stand"": ""-"", ""company_id"": ""7983"", ""source_url"": ""https://bakubuild.az/az/exhibitors-list/year/2023""}]}"
expo-00740,MM TEXNIKA MMC,Azərbaycan,MEDİA,2A122,Aquatherm Baku,2023,1,"{""appearances"": [{""exhibition"": ""aquatherm"", ""exhibition_label"": ""Aquatherm Baku"", ""year"": ""2023"", ""category"": ""MEDİA"", ""stand"": ""2A122"", ""company_id"": ""298122"", ""source_url"": ""https://aquatherm.az/az/exhibitors-list/year/2023""}]}"
expo-00741,MODUTEC LIMITED,Azərbaycan,MEDİA,C2003,Caspian Oil & Gas,2022,1,"{""appearances"": [{""exhibition"": ""caspianoilgas"", ""exhibition_label"": ""Caspian Oil & Gas"", ""year"": ""2022"", ""category"": ""MEDİA"", ""stand"": ""C2003"", ""company_id"": ""6979"", ""source_url"": ""https://caspianoilgas.az/az/exhibitors-list/year/2022""}]}"
expo-00742,MOLECULAB,Azərbaycan,MEDİA,3F006-1,Caspian Agro Week,2025,1,"{""appearances"": [{""exhibition"": ""caspianagroweek"", ""exhibition_label"": ""Caspian Agro Week"", ""year"": ""2025"", ""category"": ""MEDİA"", ""stand"": ""3F006-1"", ""company_id"": """", ""source_url"": ""https://caspianagroweek.az/az/exhibitors-list/year/2025""}]}"
expo-00743,MOLECULLAB,Azərbaycan,NAXÇIVAN MUXTAR RESPUBLİKASININ MİLLİ STENDİ,3F006-1,InterFood Azerbaijan,2025,1,"{""appearances"": [{""exhibition"": ""interfood"", ""exhibition_label"": ""InterFood Azerbaijan"", ""year"": ""2025"", ""category"": ""NAXÇIVAN MUXTAR RESPUBLİKASININ MİLLİ STENDİ"", ""stand"": ""3F006-1"", ""company_id"": """", ""source_url"": ""https://interfood.az/az/exhibitors-list/year/2025""}]}"
expo-00744,MONOLİTH CASPİAN MMC,Azərbaycan,TƏRƏFDAŞLAR,1B038,BakuBuild,2025 | 2026,2,"{""appearances"": [{""exhibition"": ""bakubuild"", ""exhibition_label"": ""BakuBuild"", ""year"": ""2025"", ""category"": ""TƏRƏFDAŞLAR"", ""stand"": ""1B038"", ""company_id"": ""345295"", ""source_url"": ""https://bakubuild.az/az/exhibitors-list/year/2025""}, {""exhibition"": ""bakubuild"", ""exhibition_label"": ""BakuBuild"", ""year"": ""2026"", ""category"": ""TƏRƏFDAŞLAR"", ""stand"": ""-"", ""company_id"": """", ""source_url"": ""https://bakubuild.az/az/exhibitors-list/year/2026""}]}"
expo-00745,MR.BEE,Azərbaycan,MEDİA,F1010-9,InterFood Azerbaijan,2022,1,"{""appearances"": [{""exhibition"": ""interfood"", ""exhibition_label"": ""InterFood Azerbaijan"", ""year"": ""2022"", ""category"": ""MEDİA"", ""stand"": ""F1010-9"", ""company_id"": """", ""source_url"": ""https://interfood.az/az/exhibitors-list/year/2022""}]}"
expo-00746,MRT MMC,Azərbaycan,MEDİA,,BakuBuild,2022,1,"{""appearances"": [{""exhibition"": ""bakubuild"", ""exhibition_label"": ""BakuBuild"", ""year"": ""2022"", ""category"": ""MEDİA"", ""stand"": ""-"", ""company_id"": ""7426"", ""source_url"": ""https://bakubuild.az/az/exhibitors-list/year/2022""}]}"
expo-00747,MULTİSTAND,Azərbaycan,MEDİA,A5004,Caspian Agro Week,2022,1,"{""appearances"": [{""exhibition"": ""caspianagroweek"", ""exhibition_label"": ""Caspian Agro Week"", ""year"": ""2022"", ""category"": ""MEDİA"", ""stand"": ""A5004"", ""company_id"": """", ""source_url"": ""https://caspianagroweek.az/az/exhibitors-list/year/2022""}]}"
expo-00748,MURMANSK VİLAYƏTİNİN İXRACA DƏSTƏK MƏRKƏZİ,Azərbaycan,MURMANSK VİLAYETİ,3F044-5,InterFood Azerbaijan,2023,1,"{""appearances"": [{""exhibition"": ""interfood"", ""exhibition_label"": ""InterFood Azerbaijan"", ""year"": ""2023"", ""category"": ""MURMANSK VİLAYETİ"", ""stand"": ""3F044-5"", ""company_id"": """", ""source_url"": ""https://interfood.az/az/exhibitors-list/year/2023""}]}"
expo-00749,MYVİDEO.AZ,Azərbaycan,MEDİA,,Aquatherm Baku | BakuBuild | Beauty Expo Baku | Securex Caspian | TransLogistica Caspian,2019 | 2021,6,"{""appearances"": [{""exhibition"": ""bakubuild"", ""exhibition_label"": ""BakuBuild"", ""year"": ""2019"", ""category"": ""MEDİA"", ""stand"": ""-"", ""company_id"": ""4374"", ""source_url"": ""https://bakubuild.az/az/exhibitors-list/year/2019""}, {""exhibition"": ""bakubuild"", ""exhibition_label"": ""BakuBuild"", ""year"": ""2021"", ""category"": ""MEDİA"", ""stand"": ""-"", ""company_id"": ""4374"", ""source_url"": ""https://bakubuild.az/az/exhibitors-list/year/2021""}, {""exhibition"": ""aquatherm"", ""exhibition_label"": ""Aquatherm Baku"", ""year"": ""2021"", ""category"": ""MEDİA"", ""stand"": ""-"", ""company_id"": ""4374"", ""source_url"": ""https://aquatherm.az/az/exhibitors-list/year/2021""}, {""exhibition"": ""beautyexpo"", ""exhibition_label"": ""Beauty Expo Baku"", ""year"": ""2019"", ""category"": ""MEDİA"", ""stand"": ""-"", ""company_id"": ""4374"", ""source_url"": ""https://beautyexpo.az/az/exhibitors-list/year/2019""}, {""exhibition"": ""securexcaspian"", ""exhibition_label"": ""Securex Caspian"", ""year"": ""2019"", ""category"": ""MEDİA"", ""stand"": ""-"", ""company_id"": ""4374"", ""source_url"": ""https://securexcaspian.az/az/exhibitors-list/year/2019""}, {""exhibition"": ""translogistica"", ""exhibition_label"": ""TransLogistica Caspian"", ""year"": ""2019"", ""category"": ""MEDİA"", ""stand"": ""-"", ""company_id"": ""4374"", ""source_url"": ""https://translogistica.az/az/exhibitors-list/year/2019""}]}"
expo-00750,MÜDAFİƏ SƏNAYESİ NAZİRLİYİNİN ELMİ-TƏDQİQAT İNSTİTUTU,Azərbaycan,MEDİA,A3202-5,Securex Caspian,2022,1,"{""appearances"": [{""exhibition"": ""securexcaspian"", ""exhibition_label"": ""Securex Caspian"", ""year"": ""2022"", ""category"": ""MEDİA"", ""stand"": ""A3202-5"", ""company_id"": ""6923"", ""source_url"": ""https://securexcaspian.az/az/exhibitors-list/year/2022""}]}"
expo-00751,MƏHƏMMƏD ƏHMƏDOV,Azərbaycan,NAXÇIVAN MUXTAR RESPUBLİKASININ MİLLİ STENDİ,1F040-8,InterFood Azerbaijan,2025,1,"{""appearances"": [{""exhibition"": ""interfood"", ""exhibition_label"": ""InterFood Azerbaijan"", ""year"": ""2025"", ""category"": ""NAXÇIVAN MUXTAR RESPUBLİKASININ MİLLİ STENDİ"", ""stand"": ""1F040-8"", ""company_id"": """", ""source_url"": ""https://interfood.az/az/exhibitors-list/year/2025""}]}"
expo-00752,MƏRKƏZİ TƏMİNAT VƏ MARKETİNQ İDARƏSİ,Azərbaycan,MEDİA,A1106-1,Securex Caspian,2022,1,"{""appearances"": [{""exhibition"": ""securexcaspian"", ""exhibition_label"": ""Securex Caspian"", ""year"": ""2022"", ""category"": ""MEDİA"", ""stand"": ""A1106-1"", ""company_id"": """", ""source_url"": ""https://securexcaspian.az/az/exhibitors-list/year/2022""}]}"
expo-00753,MƏRMƏR XALÇA CONTRUCTİON,Azərbaycan,TƏRƏFDAŞLAR,B1224,BakuBuild,2021,1,"{""appearances"": [{""exhibition"": ""bakubuild"", ""exhibition_label"": ""BakuBuild"", ""year"": ""2021"", ""category"": ""TƏRƏFDAŞLAR"", ""stand"": ""B1224"", ""company_id"": ""6656"", ""source_url"": ""https://bakubuild.az/az/exhibitors-list/year/2021""}]}"
expo-00754,MƏTANƏT-A ŞİRKƏTİ,Azərbaycan,TƏRƏFDAŞLAR,1B240,BakuBuild,2025,1,"{""appearances"": [{""exhibition"": ""bakubuild"", ""exhibition_label"": ""BakuBuild"", ""year"": ""2025"", ""category"": ""TƏRƏFDAŞLAR"", ""stand"": ""1B240"", ""company_id"": ""5982"", ""source_url"": ""https://bakubuild.az/az/exhibitors-list/year/2025""}]}"
expo-00755,NABUCCO A&C,Azərbaycan,MEDİA | TƏRƏFDAŞLAR,B1114 | B1324 | F1004,BakuBuild | InterFood Azerbaijan | Securex Caspian,2019 | 2021,4,"{""appearances"": [{""exhibition"": ""bakubuild"", ""exhibition_label"": ""BakuBuild"", ""year"": ""2019"", ""category"": ""TƏRƏFDAŞLAR"", ""stand"": ""B1114"", ""company_id"": ""4654"", ""source_url"": ""https://bakubuild.az/az/exhibitors-list/year/2019""}, {""exhibition"": ""bakubuild"", ""exhibition_label"": ""BakuBuild"", ""year"": ""2021"", ""category"": ""TƏRƏFDAŞLAR"", ""stand"": ""B1324"", ""company_id"": ""4654"", ""source_url"": ""https://bakubuild.az/az/exhibitors-list/year/2021""}, {""exhibition"": ""interfood"", ""exhibition_label"": ""InterFood Azerbaijan"", ""year"": ""2019"", ""category"": ""MEDİA"", ""stand"": ""F1004"", ""company_id"": ""4654"", ""source_url"": ""https://interfood.az/az/exhibitors-list/year/2019""}, {""exhibition"": ""securexcaspian"", ""exhibition_label"": ""Securex Caspian"", ""year"": ""2019"", ""category"": ""TƏRƏFDAŞLAR"", ""stand"": ""B1114"", ""company_id"": ""4654"", ""source_url"": ""https://securexcaspian.az/az/exhibitors-list/year/2019""}]}"
expo-00756,NARGİZ MED MMC,Azərbaycan,TƏRƏFDAŞLAR,B1134,Beauty Expo Baku,2019,1,"{""appearances"": [{""exhibition"": ""beautyexpo"", ""exhibition_label"": ""Beauty Expo Baku"", ""year"": ""2019"", ""category"": ""TƏRƏFDAŞLAR"", ""stand"": ""B1134"", ""company_id"": ""6019"", ""source_url"": ""https://beautyexpo.az/az/exhibitors-list/year/2019""}]}"
expo-00757,NATIONAL BEAUTY COMPANY,Azərbaycan,TƏRƏFDAŞLAR,B1041,Beauty Expo Baku,2019,1,"{""appearances"": [{""exhibition"": ""beautyexpo"", ""exhibition_label"": ""Beauty Expo Baku"", ""year"": ""2019"", ""category"": ""TƏRƏFDAŞLAR"", ""stand"": ""B1041"", ""company_id"": ""5983"", ""source_url"": ""https://beautyexpo.az/az/exhibitors-list/year/2019""}]}"
expo-00758,NATURA,Azərbaycan,MEDİA,F1216,InterFood Azerbaijan,2019,1,"{""appearances"": [{""exhibition"": ""interfood"", ""exhibition_label"": ""InterFood Azerbaijan"", ""year"": ""2019"", ""category"": ""MEDİA"", ""stand"": ""F1216"", ""company_id"": """", ""source_url"": ""https://interfood.az/az/exhibitors-list/year/2019""}]}"
expo-00759,NAVİGATOR.AZ,Azərbaycan,MEDİA,P112 | P114 | P116 | P118,BakuBuild | Caspian Oil & Gas | InterFood Azerbaijan | Securex Caspian | TransLogistica Caspian,2019 | 2022,6,"{""appearances"": [{""exhibition"": ""bakubuild"", ""exhibition_label"": ""BakuBuild"", ""year"": ""2019"", ""category"": ""MEDİA"", ""stand"": ""P118"", ""company_id"": """", ""source_url"": ""https://bakubuild.az/az/exhibitors-list/year/2019""}, {""exhibition"": ""interfood"", ""exhibition_label"": ""InterFood Azerbaijan"", ""year"": ""2019"", ""category"": ""MEDİA"", ""stand"": ""P112"", ""company_id"": ""4388"", ""source_url"": ""https://interfood.az/az/exhibitors-list/year/2019""}, {""exhibition"": ""caspianoilgas"", ""exhibition_label"": ""Caspian Oil & Gas"", ""year"": ""2019"", ""category"": ""MEDİA"", ""stand"": ""P116"", ""company_id"": """", ""source_url"": ""https://caspianoilgas.az/az/exhibitors-list/year/2019""}, {""exhibition"": ""securexcaspian"", ""exhibition_label"": ""Securex Caspian"", ""year"": ""2019"", ""category"": ""MEDİA"", ""stand"": ""P118"", ""company_id"": """", ""source_url"": ""https://securexcaspian.az/az/exhibitors-list/year/2019""}, {""exhibition"": ""securexcaspian"", ""exhibition_label"": ""Securex Caspian"", ""year"": ""2022"", ""category"": ""MEDİA"", ""stand"": ""-"", ""company_id"": """", ""source_url"": ""https://securexcaspian.az/az/exhibitors-list/year/2022""}, {""exhibition"": ""translogistica"", ""exhibition_label"": ""TransLogistica Caspian"", ""year"": ""2019"", ""category"": ""MEDİA"", ""stand"": ""P114"", ""company_id"": """", ""source_url"": ""https://translogistica.az/az/exhibitors-list/year/2019""}]}"
expo-00760,NAXÇIVAN MUXTAR RESPUBLİKASI,Azərbaycan,MEDİA,3A130,Caspian Agro Week,2023,1,"{""appearances"": [{""exhibition"": ""caspianagroweek"", ""exhibition_label"": ""Caspian Agro Week"", ""year"": ""2023"", ""category"": ""MEDİA"", ""stand"": ""3A130"", ""company_id"": """", ""source_url"": ""https://caspianagroweek.az/az/exhibitors-list/year/2023""}]}"
expo-00761,NAXÇIVAN MUXTAR RESPUBLİKASI KƏND TƏSƏRRÜFATI NAZİRLİYİ,Azərbaycan,MEDİA | NAXÇIVAN MUXTAR RESPUBLİKASININ MİLLİ STENDİ | TƏRƏFDAŞ,2A512 | 3F330 | 4F100,Caspian Agro Week | InterFood Azerbaijan,2024 | 2025 | 2026,3,"{""appearances"": [{""exhibition"": ""interfood"", ""exhibition_label"": ""InterFood Azerbaijan"", ""year"": ""2024"", ""category"": ""MEDİA"", ""stand"": ""3F330"", ""company_id"": ""313540"", ""source_url"": ""https://interfood.az/az/exhibitors-list/year/2024""}, {""exhibition"": ""interfood"", ""exhibition_label"": ""InterFood Azerbaijan"", ""year"": ""2025"", ""category"": ""NAXÇIVAN MUXTAR RESPUBLİKASININ MİLLİ STENDİ"", ""stand"": ""4F100"", ""company_id"": ""313540"", ""source_url"": ""https://interfood.az/az/exhibitors-list/year/2025""}, {""exhibition"": ""caspianagroweek"", ""exhibition_label"": ""Caspian Agro Week"", ""year"": ""2026"", ""category"": ""TƏRƏFDAŞ"", ""stand"": ""2A512"", ""company_id"": ""313540"", ""source_url"": ""https://caspianagroweek.az/az/exhibitors-list/year/2026""}]}"
expo-00762,NB HOLDİNQ ASC,Azərbaycan,MEDİA | TƏRƏFDAŞLAR | ÇELYABİNSK VİLAYƏTİ,1B140 | B1120 | B1122,BakuBuild | Securex Caspian,2019 | 2021 | 2022 | 2023 | 2024,7,"{""appearances"": [{""exhibition"": ""bakubuild"", ""exhibition_label"": ""BakuBuild"", ""year"": ""2019"", ""category"": ""TƏRƏFDAŞLAR"", ""stand"": ""B1122"", ""company_id"": ""5525"", ""source_url"": ""https://bakubuild.az/az/exhibitors-list/year/2019""}, {""exhibition"": ""bakubuild"", ""exhibition_label"": ""BakuBuild"", ""year"": ""2021"", ""category"": ""TƏRƏFDAŞLAR"", ""stand"": ""B1122"", ""company_id"": ""5525"", ""source_url"": ""https://bakubuild.az/az/exhibitors-list/year/2021""}, {""exhibition"": ""bakubuild"", ""exhibition_label"": ""BakuBuild"", ""year"": ""2022"", ""category"": ""MEDİA"", ""stand"": ""B1120"", ""company_id"": ""7002"", ""source_url"": ""https://bakubuild.az/az/exhibitors-list/year/2022""}, {""exhibition"": ""bakubuild"", ""exhibition_label"": ""BakuBuild"", ""year"": ""2023"", ""category"": ""ÇELYABİNSK VİLAYƏTİ"", ""stand"": ""1B140"", ""company_id"": ""7002"", ""source_url"": ""https://bakubuild.az/az/exhibitors-list/year/2023""}, {""exhibition"": ""bakubuild"", ""exhibition_label"": ""BakuBuild"", ""year"": ""2024"", ""category"": ""MEDİA"", ""stand"": ""1B140"", ""company_id"": ""7002"", ""source_url"": ""https://bakubuild.az/az/exhibitors-list/year/2024""}, {""exhibition"": ""securexcaspian"", ""exhibition_label"": ""Securex Caspian"", ""year"": ""2019"", ""category"": ""TƏRƏFDAŞLAR"", ""stand"": ""B1122"", ""company_id"": ""5525"", ""source_url"": ""https://securexcaspian.az/az/exhibitors-list/year/2019""}, {""exhibition"": ""securexcaspian"", ""exhibition_label"": ""Securex Caspian"", ""year"": ""2019"", ""category"": ""TƏRƏFDAŞLAR"", ""stand"": ""B1122"", ""company_id"": ""5525"", ""source_url"": ""https://securexcaspian.az/az/exhibitors-list/year/2019""}]}"
expo-00763,NDE GROUP,Azərbaycan,MEDİA,3C002,Caspian Oil & Gas,2023,1,"{""appearances"": [{""exhibition"": ""caspianoilgas"", ""exhibition_label"": ""Caspian Oil & Gas"", ""year"": ""2023"", ""category"": ""MEDİA"", ""stand"": ""3C002"", ""company_id"": ""273327"", ""source_url"": ""https://caspianoilgas.az/az/exhibitors-list/year/2023""}]}"
expo-00764,"NEFTİN, QAZIN GEOTEXNOLOJİ PROBLEMLƏRİ VƏ KİMYA ELMİ TƏDQİQAT İNSTİTUTU",Azərbaycan,MEDİA,2033,Caspian Oil & Gas,2019,1,"{""appearances"": [{""exhibition"": ""caspianoilgas"", ""exhibition_label"": ""Caspian Oil & Gas"", ""year"": ""2019"", ""category"": ""MEDİA"", ""stand"": ""2033"", ""company_id"": ""5499"", ""source_url"": ""https://caspianoilgas.az/az/exhibitors-list/year/2019""}]}"
expo-00765,NEP-ENGİNEERİNG ММC,Azərbaycan,MEDİA,A2506,Aquatherm Baku,2022,1,"{""appearances"": [{""exhibition"": ""aquatherm"", ""exhibition_label"": ""Aquatherm Baku"", ""year"": ""2022"", ""category"": ""MEDİA"", ""stand"": ""A2506"", ""company_id"": ""7539"", ""source_url"": ""https://aquatherm.az/az/exhibitors-list/year/2022""}]}"
expo-00766,NETAFİM LTD,Azərbaycan,MEDİA,1A330 | A1308,Caspian Agro Week,2022 | 2023,2,"{""appearances"": [{""exhibition"": ""caspianagroweek"", ""exhibition_label"": ""Caspian Agro Week"", ""year"": ""2022"", ""category"": ""MEDİA"", ""stand"": ""A1308"", ""company_id"": ""4668"", ""source_url"": ""https://caspianagroweek.az/az/exhibitors-list/year/2022""}, {""exhibition"": ""caspianagroweek"", ""exhibition_label"": ""Caspian Agro Week"", ""year"": ""2023"", ""category"": ""MEDİA"", ""stand"": ""1A330"", ""company_id"": ""4668"", ""source_url"": ""https://caspianagroweek.az/az/exhibitors-list/year/2023""}]}"
expo-00767,NEW HOLLAND,Azərbaycan,MEDİA | TƏRƏFDAŞ,1A320 | A1002/A1202/A1102,Caspian Agro Week,2022 | 2026,2,"{""appearances"": [{""exhibition"": ""caspianagroweek"", ""exhibition_label"": ""Caspian Agro Week"", ""year"": ""2022"", ""category"": ""MEDİA"", ""stand"": ""A1002/A1202/A1102"", ""company_id"": ""5024"", ""source_url"": ""https://caspianagroweek.az/az/exhibitors-list/year/2022""}, {""exhibition"": ""caspianagroweek"", ""exhibition_label"": ""Caspian Agro Week"", ""year"": ""2026"", ""category"": ""TƏRƏFDAŞ"", ""stand"": ""1A320"", ""company_id"": """", ""source_url"": ""https://caspianagroweek.az/az/exhibitors-list/year/2026""}]}"
expo-00768,NI GROUP MMC,Azərbaycan,MEDİA | TƏRƏFDAŞLAR,B1226,BakuBuild,2021 | 2022,2,"{""appearances"": [{""exhibition"": ""bakubuild"", ""exhibition_label"": ""BakuBuild"", ""year"": ""2021"", ""category"": ""TƏRƏFDAŞLAR"", ""stand"": ""B1226"", ""company_id"": ""6447"", ""source_url"": ""https://bakubuild.az/az/exhibitors-list/year/2021""}, {""exhibition"": ""bakubuild"", ""exhibition_label"": ""BakuBuild"", ""year"": ""2022"", ""category"": ""MEDİA"", ""stand"": ""B1226"", ""company_id"": ""6447"", ""source_url"": ""https://bakubuild.az/az/exhibitors-list/year/2022""}]}"
expo-00769,NİGAZ NATIONAL INDUSTRIAL GROUP,Azərbaycan,MEDİA,2210,Caspian Oil & Gas,2019,1,"{""appearances"": [{""exhibition"": ""caspianoilgas"", ""exhibition_label"": ""Caspian Oil & Gas"", ""year"": ""2019"", ""category"": ""MEDİA"", ""stand"": ""2210"", ""company_id"": ""4807"", ""source_url"": ""https://caspianoilgas.az/az/exhibitors-list/year/2019""}]}"
expo-00770,NİLA KİMYA AZ,Azərbaycan,TƏRƏFDAŞLAR,B1336,BakuBuild,2021,1,"{""appearances"": [{""exhibition"": ""bakubuild"", ""exhibition_label"": ""BakuBuild"", ""year"": ""2021"", ""category"": ""TƏRƏFDAŞLAR"", ""stand"": ""B1336"", ""company_id"": """", ""source_url"": ""https://bakubuild.az/az/exhibitors-list/year/2021""}]}"
expo-00771,NİZAM MMC,Azərbaycan,NAXÇIVAN MUXTAR RESPUBLİKASININ MİLLİ STENDİ,1F040-7,InterFood Azerbaijan,2025,1,"{""appearances"": [{""exhibition"": ""interfood"", ""exhibition_label"": ""InterFood Azerbaijan"", ""year"": ""2025"", ""category"": ""NAXÇIVAN MUXTAR RESPUBLİKASININ MİLLİ STENDİ"", ""stand"": ""1F040-7"", ""company_id"": """", ""source_url"": ""https://interfood.az/az/exhibitors-list/year/2025""}]}"
expo-00772,NOBEL ENERGY,Azərbaycan,MEDİA,1C124,Caspian Oil & Gas,2024,1,"{""appearances"": [{""exhibition"": ""caspianoilgas"", ""exhibition_label"": ""Caspian Oil & Gas"", ""year"": ""2024"", ""category"": ""MEDİA"", ""stand"": ""1C124"", ""company_id"": ""8059"", ""source_url"": ""https://caspianoilgas.az/az/exhibitors-list/year/2024""}]}"
expo-00773,NORM ASC,Azərbaycan,TƏRƏFDAŞLAR,2B100 | B2210,BakuBuild,2021 | 2025 | 2026,3,"{""appearances"": [{""exhibition"": ""bakubuild"", ""exhibition_label"": ""BakuBuild"", ""year"": ""2021"", ""category"": ""TƏRƏFDAŞLAR"", ""stand"": ""B2210"", ""company_id"": ""6800"", ""source_url"": ""https://bakubuild.az/az/exhibitors-list/year/2021""}, {""exhibition"": ""bakubuild"", ""exhibition_label"": ""BakuBuild"", ""year"": ""2025"", ""category"": ""TƏRƏFDAŞLAR"", ""stand"": ""2B100"", ""company_id"": ""6800"", ""source_url"": ""https://bakubuild.az/az/exhibitors-list/year/2025""}, {""exhibition"": ""bakubuild"", ""exhibition_label"": ""BakuBuild"", ""year"": ""2026"", ""category"": ""TƏRƏFDAŞLAR"", ""stand"": ""-"", ""company_id"": """", ""source_url"": ""https://bakubuild.az/az/exhibitors-list/year/2026""}]}"
expo-00774,NOV AZERBAIJAN,Azərbaycan,MEDİA,1C016,Caspian Oil & Gas,2024,1,"{""appearances"": [{""exhibition"": ""caspianoilgas"", ""exhibition_label"": ""Caspian Oil & Gas"", ""year"": ""2024"", ""category"": ""MEDİA"", ""stand"": ""1C016"", ""company_id"": ""313762"", ""source_url"": ""https://caspianoilgas.az/az/exhibitors-list/year/2024""}]}"
expo-00775,NOV AZERBAİJAN LLC AR BRANCH,Azərbaycan,MEDİA,3C003,Caspian Oil & Gas,2023,1,"{""appearances"": [{""exhibition"": ""caspianoilgas"", ""exhibition_label"": ""Caspian Oil & Gas"", ""year"": ""2023"", ""category"": ""MEDİA"", ""stand"": ""3C003"", ""company_id"": ""276400"", ""source_url"": ""https://caspianoilgas.az/az/exhibitors-list/year/2023""}]}"
expo-00776,NOVİİ MİR LLC,Azərbaycan,MURMANSK VİLAYETİ,3F044-1,InterFood Azerbaijan,2023,1,"{""appearances"": [{""exhibition"": ""interfood"", ""exhibition_label"": ""InterFood Azerbaijan"", ""year"": ""2023"", ""category"": ""MURMANSK VİLAYETİ"", ""stand"": ""3F044-1"", ""company_id"": """", ""source_url"": ""https://interfood.az/az/exhibitors-list/year/2023""}]}"
expo-00777,NPC AGRO SERVICES,Azərbaycan,MEDİA | TƏRƏFDAŞ,A1219 | A2049 | A2405,Caspian Agro Week,2019 | 2021 | 2022,3,"{""appearances"": [{""exhibition"": ""caspianagroweek"", ""exhibition_label"": ""Caspian Agro Week"", ""year"": ""2019"", ""category"": ""MEDİA"", ""stand"": ""A2049"", ""company_id"": ""5475"", ""source_url"": ""https://caspianagroweek.az/az/exhibitors-list/year/2019""}, {""exhibition"": ""caspianagroweek"", ""exhibition_label"": ""Caspian Agro Week"", ""year"": ""2021"", ""category"": ""TƏRƏFDAŞ"", ""stand"": ""A1219"", ""company_id"": ""5475"", ""source_url"": ""https://caspianagroweek.az/az/exhibitors-list/year/2021""}, {""exhibition"": ""caspianagroweek"", ""exhibition_label"": ""Caspian Agro Week"", ""year"": ""2022"", ""category"": ""MEDİA"", ""stand"": ""A2405"", ""company_id"": ""5475"", ""source_url"": ""https://caspianagroweek.az/az/exhibitors-list/year/2022""}]}"
expo-00778,NYUKOND MMC,Azərbaycan,TƏRƏFDAŞLAR,A2130/A2226,Aquatherm Baku | Securex Caspian,2019,2,"{""appearances"": [{""exhibition"": ""aquatherm"", ""exhibition_label"": ""Aquatherm Baku"", ""year"": ""2019"", ""category"": ""TƏRƏFDAŞLAR"", ""stand"": ""A2130/A2226"", ""company_id"": ""5538"", ""source_url"": ""https://aquatherm.az/az/exhibitors-list/year/2019""}, {""exhibition"": ""securexcaspian"", ""exhibition_label"": ""Securex Caspian"", ""year"": ""2019"", ""category"": ""TƏRƏFDAŞLAR"", ""stand"": ""A2130/A2226"", ""company_id"": ""5538"", ""source_url"": ""https://securexcaspian.az/az/exhibitors-list/year/2019""}]}"
expo-00779,OCEAANİXX,Azərbaycan,MEDİA,,TransLogistica Caspian,2023,1,"{""appearances"": [{""exhibition"": ""translogistica"", ""exhibition_label"": ""TransLogistica Caspian"", ""year"": ""2023"", ""category"": ""MEDİA"", ""stand"": ""-"", ""company_id"": ""273610"", ""source_url"": ""https://translogistica.az/az/exhibitors-list/year/2023""}]}"
expo-00780,OCTOPUS MMC,Azərbaycan,MEDİA,A3106-5,Caspian Agro Week,2022,1,"{""appearances"": [{""exhibition"": ""caspianagroweek"", ""exhibition_label"": ""Caspian Agro Week"", ""year"": ""2022"", ""category"": ""MEDİA"", ""stand"": ""A3106-5"", ""company_id"": ""7069"", ""source_url"": ""https://caspianagroweek.az/az/exhibitors-list/year/2022""}]}"
expo-00781,ODEL MMC,Azərbaycan,NAXÇIVAN MUXTAR RESPUBLİKASININ MİLLİ STENDİ,1F040-4,InterFood Azerbaijan,2025,1,"{""appearances"": [{""exhibition"": ""interfood"", ""exhibition_label"": ""InterFood Azerbaijan"", ""year"": ""2025"", ""category"": ""NAXÇIVAN MUXTAR RESPUBLİKASININ MİLLİ STENDİ"", ""stand"": ""1F040-4"", ""company_id"": """", ""source_url"": ""https://interfood.az/az/exhibitors-list/year/2025""}]}"
expo-00782,OFFISSA DIZAYN KO MMC,Azərbaycan,MEDİA,B2318,BakuBuild,2022,1,"{""appearances"": [{""exhibition"": ""bakubuild"", ""exhibition_label"": ""BakuBuild"", ""year"": ""2022"", ""category"": ""MEDİA"", ""stand"": ""B2318"", ""company_id"": ""7712"", ""source_url"": ""https://bakubuild.az/az/exhibitors-list/year/2022""}]}"
expo-00783,OİL SUPPLY LLC,Azərbaycan,MEDİA,C2004,Caspian Oil & Gas,2022,1,"{""appearances"": [{""exhibition"": ""caspianoilgas"", ""exhibition_label"": ""Caspian Oil & Gas"", ""year"": ""2022"", ""category"": ""MEDİA"", ""stand"": ""C2004"", ""company_id"": ""6961"", ""source_url"": ""https://caspianoilgas.az/az/exhibitors-list/year/2022""}]}"
expo-00784,OİLGAS.AZ,Azərbaycan,MEDİA,P118,Caspian Oil & Gas,2019,1,"{""appearances"": [{""exhibition"": ""caspianoilgas"", ""exhibition_label"": ""Caspian Oil & Gas"", ""year"": ""2019"", ""category"": ""MEDİA"", ""stand"": ""P118"", ""company_id"": ""5337"", ""source_url"": ""https://caspianoilgas.az/az/exhibitors-list/year/2019""}]}"
expo-00785,OLD BAKU CONSTRUCTİPN MMC,Azərbaycan,MEDİA | TƏRƏFDAŞLAR,,BakuBuild | Caspian Agro Week,2023 | 2025,2,"{""appearances"": [{""exhibition"": ""bakubuild"", ""exhibition_label"": ""BakuBuild"", ""year"": ""2025"", ""category"": ""TƏRƏFDAŞLAR"", ""stand"": ""-"", ""company_id"": ""276145"", ""source_url"": ""https://bakubuild.az/az/exhibitors-list/year/2025""}, {""exhibition"": ""caspianagroweek"", ""exhibition_label"": ""Caspian Agro Week"", ""year"": ""2023"", ""category"": ""MEDİA"", ""stand"": ""-"", ""company_id"": ""276145"", ""source_url"": ""https://caspianagroweek.az/az/exhibitors-list/year/2023""}]}"
expo-00786,OMAX SƏNAYE QRUPU MMC,Azərbaycan,MEDİA,2B300,BakuBuild,2024,1,"{""appearances"": [{""exhibition"": ""bakubuild"", ""exhibition_label"": ""BakuBuild"", ""year"": ""2024"", ""category"": ""MEDİA"", ""stand"": ""2B300"", ""company_id"": ""314114"", ""source_url"": ""https://bakubuild.az/az/exhibitors-list/year/2024""}]}"
expo-00787,ONE TOUCH TRADE AND LOGİSTİCS MMC,Azərbaycan,MEDİA,2T432 | T2042,TransLogistica Caspian,2022 | 2023,2,"{""appearances"": [{""exhibition"": ""translogistica"", ""exhibition_label"": ""TransLogistica Caspian"", ""year"": ""2022"", ""category"": ""MEDİA"", ""stand"": ""T2042"", ""company_id"": ""7307"", ""source_url"": ""https://translogistica.az/az/exhibitors-list/year/2022""}, {""exhibition"": ""translogistica"", ""exhibition_label"": ""TransLogistica Caspian"", ""year"": ""2023"", ""category"": ""MEDİA"", ""stand"": ""2T432"", ""company_id"": ""274316"", ""source_url"": ""https://translogistica.az/az/exhibitors-list/year/2023""}]}"
expo-00788,ONUR PLAST MMC,Azərbaycan,MEDİA | NAXÇIVAN MUXTAR RESPUBLİKASININ MİLLİ STENDİ | TƏRƏFDAŞ,1F040-1 | A1222,Caspian Agro Week | InterFood Azerbaijan,2021 | 2022 | 2025,3,"{""appearances"": [{""exhibition"": ""interfood"", ""exhibition_label"": ""InterFood Azerbaijan"", ""year"": ""2025"", ""category"": ""NAXÇIVAN MUXTAR RESPUBLİKASININ MİLLİ STENDİ"", ""stand"": ""1F040-1"", ""company_id"": """", ""source_url"": ""https://interfood.az/az/exhibitors-list/year/2025""}, {""exhibition"": ""caspianagroweek"", ""exhibition_label"": ""Caspian Agro Week"", ""year"": ""2021"", ""category"": ""TƏRƏFDAŞ"", ""stand"": ""A1222"", ""company_id"": ""6247"", ""source_url"": ""https://caspianagroweek.az/az/exhibitors-list/year/2021""}, {""exhibition"": ""caspianagroweek"", ""exhibition_label"": ""Caspian Agro Week"", ""year"": ""2022"", ""category"": ""MEDİA"", ""stand"": ""A1222"", ""company_id"": ""6247"", ""source_url"": ""https://caspianagroweek.az/az/exhibitors-list/year/2022""}]}"
expo-00789,ONWAY.AZ,Azərbaycan,MEDİA | ŞİRVAN AQRO MMC,M104,Caspian Agro Week | InterFood Azerbaijan,2026,2,"{""appearances"": [{""exhibition"": ""interfood"", ""exhibition_label"": ""InterFood Azerbaijan"", ""year"": ""2026"", ""category"": ""ŞİRVAN AQRO MMC"", ""stand"": ""-"", ""company_id"": ""353004"", ""source_url"": ""https://interfood.az/az/exhibitors-list/year/2026""}, {""exhibition"": ""caspianagroweek"", ""exhibition_label"": ""Caspian Agro Week"", ""year"": ""2026"", ""category"": ""MEDİA"", ""stand"": ""M104"", ""company_id"": ""353004"", ""source_url"": ""https://caspianagroweek.az/az/exhibitors-list/year/2026""}]}"
expo-00790,OPEN SYSTEMS MMC,Azərbaycan,MEDİA,B1108,BakuBuild,2022,1,"{""appearances"": [{""exhibition"": ""bakubuild"", ""exhibition_label"": ""BakuBuild"", ""year"": ""2022"", ""category"": ""MEDİA"", ""stand"": ""B1108"", ""company_id"": ""7172"", ""source_url"": ""https://bakubuild.az/az/exhibitors-list/year/2022""}]}"
expo-00791,OPTİKA-MEXANİKA İSTEHSALAT BİRLİYİ,Azərbaycan,MEDİA,A3202-1,Securex Caspian,2022,1,"{""appearances"": [{""exhibition"": ""securexcaspian"", ""exhibition_label"": ""Securex Caspian"", ""year"": ""2022"", ""category"": ""MEDİA"", ""stand"": ""A3202-1"", ""company_id"": ""6922"", ""source_url"": ""https://securexcaspian.az/az/exhibitors-list/year/2022""}]}"
expo-00792,ORBIS AUTOMATIC,Azərbaycan,MEDİA | TƏRƏFDAŞ,F2016,Caspian Agro Week | InterFood Azerbaijan,2021,2,"{""appearances"": [{""exhibition"": ""interfood"", ""exhibition_label"": ""InterFood Azerbaijan"", ""year"": ""2021"", ""category"": ""MEDİA"", ""stand"": ""F2016"", ""company_id"": ""6077"", ""source_url"": ""https://interfood.az/az/exhibitors-list/year/2021""}, {""exhibition"": ""caspianagroweek"", ""exhibition_label"": ""Caspian Agro Week"", ""year"": ""2021"", ""category"": ""TƏRƏFDAŞ"", ""stand"": ""F2016"", ""company_id"": ""6077"", ""source_url"": ""https://caspianagroweek.az/az/exhibitors-list/year/2021""}]}"
expo-00793,OTTIMO TOOLS AND TECHNOLOGIES MMC,Azərbaycan,MEDİA,5A009 | B2096,BakuBuild | Securex Caspian,2022 | 2024,2,"{""appearances"": [{""exhibition"": ""bakubuild"", ""exhibition_label"": ""BakuBuild"", ""year"": ""2022"", ""category"": ""MEDİA"", ""stand"": ""B2096"", ""company_id"": ""7614"", ""source_url"": ""https://bakubuild.az/az/exhibitors-list/year/2022""}, {""exhibition"": ""securexcaspian"", ""exhibition_label"": ""Securex Caspian"", ""year"": ""2024"", ""category"": ""MEDİA"", ""stand"": ""5A009"", ""company_id"": ""324875"", ""source_url"": ""https://securexcaspian.az/az/exhibitors-list/year/2024""}]}"
expo-00794,P&O MARİTİME LOGİSTİCS,Azərbaycan,MEDİA,2T430,TransLogistica Caspian,2023,1,"{""appearances"": [{""exhibition"": ""translogistica"", ""exhibition_label"": ""TransLogistica Caspian"", ""year"": ""2023"", ""category"": ""MEDİA"", ""stand"": ""2T430"", ""company_id"": ""273191"", ""source_url"": ""https://translogistica.az/az/exhibitors-list/year/2023""}]}"
expo-00795,PAEC MMC,Azərbaycan,,,Aquatherm Baku,2026,1,"{""appearances"": [{""exhibition"": ""aquatherm"", ""exhibition_label"": ""Aquatherm Baku"", ""year"": ""2026"", ""category"": """", ""stand"": ""-"", ""company_id"": """", ""source_url"": ""https://aquatherm.az/az/exhibitors-list/year/2026""}]}"
expo-00796,PALAZOĞLU,Azərbaycan,MEDİA,A5010-1/A5010-2-7,Caspian Agro Week,2022,1,"{""appearances"": [{""exhibition"": ""caspianagroweek"", ""exhibition_label"": ""Caspian Agro Week"", ""year"": ""2022"", ""category"": ""MEDİA"", ""stand"": ""A5010-1/A5010-2-7"", ""company_id"": """", ""source_url"": ""https://caspianagroweek.az/az/exhibitors-list/year/2022""}]}"
expo-00797,PALID-2015 MMC,Azərbaycan,MEDİA | TƏRƏFDAŞLAR,1B332,BakuBuild,2024 | 2025,2,"{""appearances"": [{""exhibition"": ""bakubuild"", ""exhibition_label"": ""BakuBuild"", ""year"": ""2024"", ""category"": ""MEDİA"", ""stand"": ""1B332"", ""company_id"": ""321181"", ""source_url"": ""https://bakubuild.az/az/exhibitors-list/year/2024""}, {""exhibition"": ""bakubuild"", ""exhibition_label"": ""BakuBuild"", ""year"": ""2025"", ""category"": ""TƏRƏFDAŞLAR"", ""stand"": ""1B332"", ""company_id"": ""321181"", ""source_url"": ""https://bakubuild.az/az/exhibitors-list/year/2025""}]}"
expo-00798,PALUGICA,Azərbaycan,MEDİA,F2414,InterFood Azerbaijan,2019,1,"{""appearances"": [{""exhibition"": ""interfood"", ""exhibition_label"": ""InterFood Azerbaijan"", ""year"": ""2019"", ""category"": ""MEDİA"", ""stand"": ""F2414"", ""company_id"": """", ""source_url"": ""https://interfood.az/az/exhibitors-list/year/2019""}]}"
expo-00799,PAN COFFEE,Azərbaycan,MURMANSK VİLAYETİ,1F042-3,InterFood Azerbaijan,2023,1,"{""appearances"": [{""exhibition"": ""interfood"", ""exhibition_label"": ""InterFood Azerbaijan"", ""year"": ""2023"", ""category"": ""MURMANSK VİLAYETİ"", ""stand"": ""1F042-3"", ""company_id"": """", ""source_url"": ""https://interfood.az/az/exhibitors-list/year/2023""}]}"
expo-00800,PANDA BOYA,Azərbaycan,TƏRƏFDAŞLAR,B1222,BakuBuild | Securex Caspian,2019 | 2021,4,"{""appearances"": [{""exhibition"": ""bakubuild"", ""exhibition_label"": ""BakuBuild"", ""year"": ""2019"", ""category"": ""TƏRƏFDAŞLAR"", ""stand"": ""B1222"", ""company_id"": ""5617"", ""source_url"": ""https://bakubuild.az/az/exhibitors-list/year/2019""}, {""exhibition"": ""bakubuild"", ""exhibition_label"": ""BakuBuild"", ""year"": ""2021"", ""category"": ""TƏRƏFDAŞLAR"", ""stand"": ""B1222"", ""company_id"": ""5617"", ""source_url"": ""https://bakubuild.az/az/exhibitors-list/year/2021""}, {""exhibition"": ""securexcaspian"", ""exhibition_label"": ""Securex Caspian"", ""year"": ""2019"", ""category"": ""TƏRƏFDAŞLAR"", ""stand"": ""B1222"", ""company_id"": ""5617"", ""source_url"": ""https://securexcaspian.az/az/exhibitors-list/year/2019""}, {""exhibition"": ""securexcaspian"", ""exhibition_label"": ""Securex Caspian"", ""year"": ""2019"", ""category"": ""TƏRƏFDAŞLAR"", ""stand"": ""B1222"", ""company_id"": ""5617"", ""source_url"": ""https://securexcaspian.az/az/exhibitors-list/year/2019""}]}"
expo-00801,PAPITO,Azərbaycan,MURMANSK VİLAYETİ,1F042-7,InterFood Azerbaijan,2023,1,"{""appearances"": [{""exhibition"": ""interfood"", ""exhibition_label"": ""InterFood Azerbaijan"", ""year"": ""2023"", ""category"": ""MURMANSK VİLAYETİ"", ""stand"": ""1F042-7"", ""company_id"": """", ""source_url"": ""https://interfood.az/az/exhibitors-list/year/2023""}]}"
expo-00802,PARK BULVAR,Azərbaycan,MEDİA,,Caspian Agro Week | Caspian Oil & Gas | TransLogistica Caspian,2026,3,"{""appearances"": [{""exhibition"": ""caspianoilgas"", ""exhibition_label"": ""Caspian Oil & Gas"", ""year"": ""2026"", ""category"": ""MEDİA"", ""stand"": ""-"", ""company_id"": """", ""source_url"": ""https://caspianoilgas.az/az/exhibitors-list/year/2026""}, {""exhibition"": ""translogistica"", ""exhibition_label"": ""TransLogistica Caspian"", ""year"": ""2026"", ""category"": ""MEDİA"", ""stand"": ""-"", ""company_id"": """", ""source_url"": ""https://translogistica.az/az/exhibitors-list/year/2026""}, {""exhibition"": ""caspianagroweek"", ""exhibition_label"": ""Caspian Agro Week"", ""year"": ""2026"", ""category"": ""MEDİA"", ""stand"": ""-"", ""company_id"": """", ""source_url"": ""https://caspianagroweek.az/az/exhibitors-list/year/2026""}]}"
expo-00803,PASHA PAY,Azərbaycan,MEDİA | NAXÇIVAN MUXTAR RESPUBLİKASININ MİLLİ STENDİ,,Caspian Oil & Gas | InterFood Azerbaijan | TransLogistica Caspian,2025,3,"{""appearances"": [{""exhibition"": ""interfood"", ""exhibition_label"": ""InterFood Azerbaijan"", ""year"": ""2025"", ""category"": ""NAXÇIVAN MUXTAR RESPUBLİKASININ MİLLİ STENDİ"", ""stand"": ""-"", ""company_id"": """", ""source_url"": ""https://interfood.az/az/exhibitors-list/year/2025""}, {""exhibition"": ""caspianoilgas"", ""exhibition_label"": ""Caspian Oil & Gas"", ""year"": ""2025"", ""category"": ""MEDİA"", ""stand"": ""-"", ""company_id"": """", ""source_url"": ""https://caspianoilgas.az/az/exhibitors-list/year/2025""}, {""exhibition"": ""translogistica"", ""exhibition_label"": ""TransLogistica Caspian"", ""year"": ""2025"", ""category"": ""MEDİA"", ""stand"": ""-"", ""company_id"": """", ""source_url"": ""https://translogistica.az/az/exhibitors-list/year/2025""}]}"
expo-00804,PAŞA BANK,Azərbaycan,MEDİA | SPONSOR | TƏRƏFDAŞLAR,A2404,Aquatherm Baku | BakuBuild | Caspian Agro Week | Caspian Oil & Gas | InterFood Azerbaijan | Plastex Caspian | TransLogistica Caspian,2019 | 2025 | 2026,13,"{""appearances"": [{""exhibition"": ""bakubuild"", ""exhibition_label"": ""BakuBuild"", ""year"": ""2025"", ""category"": ""TƏRƏFDAŞLAR"", ""stand"": ""-"", ""company_id"": ""4714"", ""source_url"": ""https://bakubuild.az/az/exhibitors-list/year/2025""}, {""exhibition"": ""bakubuild"", ""exhibition_label"": ""BakuBuild"", ""year"": ""2026"", ""category"": ""TƏRƏFDAŞLAR"", ""stand"": ""-"", ""company_id"": """", ""source_url"": ""https://bakubuild.az/az/exhibitors-list/year/2026""}, {""exhibition"": ""aquatherm"", ""exhibition_label"": ""Aquatherm Baku"", ""year"": ""2025"", ""category"": ""MEDİA"", ""stand"": ""-"", ""company_id"": ""4714"", ""source_url"": ""https://aquatherm.az/az/exhibitors-list/year/2025""}, {""exhibition"": ""aquatherm"", ""exhibition_label"": ""Aquatherm Baku"", ""year"": ""2026"", ""category"": """", ""stand"": ""-"", ""company_id"": ""4714"", ""source_url"": ""https://aquatherm.az/az/exhibitors-list/year/2026""}, {""exhibition"": ""interfood"", ""exhibition_label"": ""InterFood Azerbaijan"", ""year"": ""2026"", ""category"": ""SPONSOR"", ""stand"": ""-"", ""company_id"": ""4714"", ""source_url"": ""https://interfood.az/az/exhibitors-list/year/2026""}, {""exhibition"": ""caspianoilgas"", ""exhibition_label"": ""Caspian Oil & Gas"", ""year"": ""2025"", ""category"": ""MEDİA"", ""stand"": ""-"", ""company_id"": ""4714"", ""source_url"": ""https://caspianoilgas.az/az/exhibitors-list/year/2025""}, {""exhibition"": ""caspianoilgas"", ""exhibition_label"": ""Caspian Oil & Gas"", ""year"": ""2026"", ""category"": ""MEDİA"", ""stand"": ""-"", ""company_id"": ""4714"", ""source_url"": ""https://caspianoilgas.az/az/exhibitors-list/year/2026""}, {""exhibition"": ""translogistica"", ""exhibition_label"": ""TransLogistica Caspian"", ""year"": ""2025"", ""category"": ""MEDİA"", ""stand"": ""-"", ""company_id"": ""4714"", ""source_url"": ""https://translogistica.az/az/exhibitors-list/year/2025""}, {""exhibition"": ""translogistica"", ""exhibition_label"": ""TransLogistica Caspian"", ""year"": ""2026"", ""category"": ""MEDİA"", ""stand"": ""-"", ""company_id"": """", ""source_url"": ""https://translogistica.az/az/exhibitors-list/year/2026""}, {""exhibition"": ""caspianagroweek"", ""exhibition_label"": ""Caspian Agro Week"", ""year"": ""2019"", ""category"": ""MEDİA"", ""stand"": ""A2404"", ""company_id"": ""4714"", ""source_url"": ""https://caspianagroweek.az/az/exhibitors-list/year/2019""}, {""exhibition"": ""caspianagroweek"", ""exhibition_label"": ""Caspian Agro Week"", ""year"": ""2026"", ""category"": ""SPONSOR"", ""stand"": ""-"", ""company_id"": ""4714"", ""source_url"": ""https://caspianagroweek.az/az/exhibitors-list/year/2026""}, {""exhibition"": ""plastex"", ""exhibition_label"": ""Plastex Caspian"", ""year"": ""2025"", ""category"": ""MEDİA"", ""stand"": ""-"", ""company_id"": ""4714"", ""source_url"": ""https://plastex.az/az/exhibitors-list/year/2025""}, {""exhibition"": ""plastex"", ""exhibition_label"": ""Plastex Caspian"", ""year"": ""2026"", ""category"": """", ""stand"": ""-"", ""company_id"": """", ""source_url"": ""https://plastex.az/az/exhibitors-list/year/2026""}]}"
expo-00805,PENOPLEX PRİKAVKAZYE MMC,Azərbaycan,MEDİA | ÇELYABİNSK VİLAYƏTİ,1B132 | 1B230,BakuBuild,2023 | 2024,2,"{""appearances"": [{""exhibition"": ""bakubuild"", ""exhibition_label"": ""BakuBuild"", ""year"": ""2023"", ""category"": ""ÇELYABİNSK VİLAYƏTİ"", ""stand"": ""1B230"", ""company_id"": ""273285"", ""source_url"": ""https://bakubuild.az/az/exhibitors-list/year/2023""}, {""exhibition"": ""bakubuild"", ""exhibition_label"": ""BakuBuild"", ""year"": ""2024"", ""category"": ""MEDİA"", ""stand"": ""1B132"", ""company_id"": ""273285"", ""source_url"": ""https://bakubuild.az/az/exhibitors-list/year/2024""}]}"
expo-00806,PEYMAK,Azərbaycan,MEDİA,A4011,Caspian Agro Week,2019,1,"{""appearances"": [{""exhibition"": ""caspianagroweek"", ""exhibition_label"": ""Caspian Agro Week"", ""year"": ""2019"", ""category"": ""MEDİA"", ""stand"": ""A4011"", ""company_id"": """", ""source_url"": ""https://caspianagroweek.az/az/exhibitors-list/year/2019""}]}"
expo-00807,PEYMAK SÜT SOYUTMA TANKLARI,Azərbaycan,MEDİA,A5002-10,Caspian Agro Week,2022,1,"{""appearances"": [{""exhibition"": ""caspianagroweek"", ""exhibition_label"": ""Caspian Agro Week"", ""year"": ""2022"", ""category"": ""MEDİA"", ""stand"": ""A5002-10"", ""company_id"": """", ""source_url"": ""https://caspianagroweek.az/az/exhibitors-list/year/2022""}]}"
expo-00808,PHİLİPS LİGHTNİNG,Azərbaycan,MEDİA,A2108,Caspian Agro Week,2019,1,"{""appearances"": [{""exhibition"": ""caspianagroweek"", ""exhibition_label"": ""Caspian Agro Week"", ""year"": ""2019"", ""category"": ""MEDİA"", ""stand"": ""A2108"", ""company_id"": """", ""source_url"": ""https://caspianagroweek.az/az/exhibitors-list/year/2019""}]}"
expo-00809,PIMAPEN,Azərbaycan,MEDİA,B1124-1,BakuBuild,2022,1,"{""appearances"": [{""exhibition"": ""bakubuild"", ""exhibition_label"": ""BakuBuild"", ""year"": ""2022"", ""category"": ""MEDİA"", ""stand"": ""B1124-1"", ""company_id"": ""5558"", ""source_url"": ""https://bakubuild.az/az/exhibitors-list/year/2022""}]}"
expo-00810,PİGO,Azərbaycan,MEDİA,F2414,InterFood Azerbaijan,2019,1,"{""appearances"": [{""exhibition"": ""interfood"", ""exhibition_label"": ""InterFood Azerbaijan"", ""year"": ""2019"", ""category"": ""MEDİA"", ""stand"": ""F2414"", ""company_id"": """", ""source_url"": ""https://interfood.az/az/exhibitors-list/year/2019""}]}"
expo-00811,PLASTCON GROUP PİPE MMC,Azərbaycan,MEDİA,2A152,Aquatherm Baku,2024,1,"{""appearances"": [{""exhibition"": ""aquatherm"", ""exhibition_label"": ""Aquatherm Baku"", ""year"": ""2024"", ""category"": ""MEDİA"", ""stand"": ""2A152"", ""company_id"": ""310225"", ""source_url"": ""https://aquatherm.az/az/exhibitors-list/year/2024""}]}"
expo-00812,PLASTRON MMC,Azərbaycan,MEDİA,4P134,Plastex Caspian,2025,1,"{""appearances"": [{""exhibition"": ""plastex"", ""exhibition_label"": ""Plastex Caspian"", ""year"": ""2025"", ""category"": ""MEDİA"", ""stand"": ""4P134"", ""company_id"": ""345475"", ""source_url"": ""https://plastex.az/az/exhibitors-list/year/2025""}]}"
expo-00813,PMD GROUP MMC,Azərbaycan,MEDİA | TƏRƏFDAŞLAR,,Aquatherm Baku | BakuBuild | Plastex Caspian,2025,3,"{""appearances"": [{""exhibition"": ""bakubuild"", ""exhibition_label"": ""BakuBuild"", ""year"": ""2025"", ""category"": ""TƏRƏFDAŞLAR"", ""stand"": ""-"", ""company_id"": ""7421"", ""source_url"": ""https://bakubuild.az/az/exhibitors-list/year/2025""}, {""exhibition"": ""aquatherm"", ""exhibition_label"": ""Aquatherm Baku"", ""year"": ""2025"", ""category"": ""MEDİA"", ""stand"": ""-"", ""company_id"": ""7421"", ""source_url"": ""https://aquatherm.az/az/exhibitors-list/year/2025""}, {""exhibition"": ""plastex"", ""exhibition_label"": ""Plastex Caspian"", ""year"": ""2025"", ""category"": ""MEDİA"", ""stand"": ""-"", ""company_id"": ""7421"", ""source_url"": ""https://plastex.az/az/exhibitors-list/year/2025""}]}"
expo-00814,POLİMART MMC,Azərbaycan,MEDİA | TƏRƏFDAŞLAR,A2086,Aquatherm Baku | Securex Caspian,2019 | 2021,3,"{""appearances"": [{""exhibition"": ""aquatherm"", ""exhibition_label"": ""Aquatherm Baku"", ""year"": ""2019"", ""category"": ""TƏRƏFDAŞLAR"", ""stand"": ""A2086"", ""company_id"": ""4604"", ""source_url"": ""https://aquatherm.az/az/exhibitors-list/year/2019""}, {""exhibition"": ""aquatherm"", ""exhibition_label"": ""Aquatherm Baku"", ""year"": ""2021"", ""category"": ""MEDİA"", ""stand"": ""A2086"", ""company_id"": ""4604"", ""source_url"": ""https://aquatherm.az/az/exhibitors-list/year/2021""}, {""exhibition"": ""securexcaspian"", ""exhibition_label"": ""Securex Caspian"", ""year"": ""2019"", ""category"": ""TƏRƏFDAŞLAR"", ""stand"": ""A2086"", ""company_id"": ""4604"", ""source_url"": ""https://securexcaspian.az/az/exhibitors-list/year/2019""}]}"
expo-00815,POLİQON JURNALI,Azərbaycan,MEDİA,5M013 | P114,Securex Caspian,2022 | 2024,3,"{""appearances"": [{""exhibition"": ""securexcaspian"", ""exhibition_label"": ""Securex Caspian"", ""year"": ""2022"", ""category"": ""MEDİA"", ""stand"": ""-"", ""company_id"": ""7449"", ""source_url"": ""https://securexcaspian.az/az/exhibitors-list/year/2022""}, {""exhibition"": ""securexcaspian"", ""exhibition_label"": ""Securex Caspian"", ""year"": ""2022"", ""category"": ""MEDİA"", ""stand"": ""P114"", ""company_id"": ""7449"", ""source_url"": ""https://securexcaspian.az/az/exhibitors-list/year/2022""}, {""exhibition"": ""securexcaspian"", ""exhibition_label"": ""Securex Caspian"", ""year"": ""2024"", ""category"": ""MEDİA"", ""stand"": ""5M013"", ""company_id"": ""7449"", ""source_url"": ""https://securexcaspian.az/az/exhibitors-list/year/2024""}]}"
expo-00816,POLYAGRO,Azərbaycan,MEDİA | TƏRƏFDAŞ,A2316 | A2330,Caspian Agro Week,2019 | 2021,2,"{""appearances"": [{""exhibition"": ""caspianagroweek"", ""exhibition_label"": ""Caspian Agro Week"", ""year"": ""2019"", ""category"": ""MEDİA"", ""stand"": ""A2330"", ""company_id"": ""4700"", ""source_url"": ""https://caspianagroweek.az/az/exhibitors-list/year/2019""}, {""exhibition"": ""caspianagroweek"", ""exhibition_label"": ""Caspian Agro Week"", ""year"": ""2021"", ""category"": ""TƏRƏFDAŞ"", ""stand"": ""A2316"", ""company_id"": ""4700"", ""source_url"": ""https://caspianagroweek.az/az/exhibitors-list/year/2021""}]}"
expo-00817,PORT RIVOLI HOTEL,Azərbaycan,MEDİA,,Caspian Agro Week | Caspian Oil & Gas | TransLogistica Caspian,2026,3,"{""appearances"": [{""exhibition"": ""caspianoilgas"", ""exhibition_label"": ""Caspian Oil & Gas"", ""year"": ""2026"", ""category"": ""MEDİA"", ""stand"": ""-"", ""company_id"": """", ""source_url"": ""https://caspianoilgas.az/az/exhibitors-list/year/2026""}, {""exhibition"": ""translogistica"", ""exhibition_label"": ""TransLogistica Caspian"", ""year"": ""2026"", ""category"": ""MEDİA"", ""stand"": ""-"", ""company_id"": """", ""source_url"": ""https://translogistica.az/az/exhibitors-list/year/2026""}, {""exhibition"": ""caspianagroweek"", ""exhibition_label"": ""Caspian Agro Week"", ""year"": ""2026"", ""category"": ""MEDİA"", ""stand"": ""-"", ""company_id"": """", ""source_url"": ""https://caspianagroweek.az/az/exhibitors-list/year/2026""}]}"
expo-00818,PORTBONDED SERVİCES MMC,Azərbaycan,MEDİA,2T450,TransLogistica Caspian,2023,1,"{""appearances"": [{""exhibition"": ""translogistica"", ""exhibition_label"": ""TransLogistica Caspian"", ""year"": ""2023"", ""category"": ""MEDİA"", ""stand"": ""2T450"", ""company_id"": ""7396"", ""source_url"": ""https://translogistica.az/az/exhibitors-list/year/2023""}]}"
expo-00819,POSTNEWS.AZ,Azərbaycan,MEDİA,,Caspian Agro Week | Caspian Oil & Gas | TransLogistica Caspian,2026,3,"{""appearances"": [{""exhibition"": ""caspianoilgas"", ""exhibition_label"": ""Caspian Oil & Gas"", ""year"": ""2026"", ""category"": ""MEDİA"", ""stand"": ""-"", ""company_id"": """", ""source_url"": ""https://caspianoilgas.az/az/exhibitors-list/year/2026""}, {""exhibition"": ""translogistica"", ""exhibition_label"": ""TransLogistica Caspian"", ""year"": ""2026"", ""category"": ""MEDİA"", ""stand"": ""-"", ""company_id"": """", ""source_url"": ""https://translogistica.az/az/exhibitors-list/year/2026""}, {""exhibition"": ""caspianagroweek"", ""exhibition_label"": ""Caspian Agro Week"", ""year"": ""2026"", ""category"": ""MEDİA"", ""stand"": ""-"", ""company_id"": """", ""source_url"": ""https://caspianagroweek.az/az/exhibitors-list/year/2026""}]}"
expo-00820,PR PREMIUM REZIDENCE,Azərbaycan,TƏRƏFDAŞLAR,,BakuBuild,2025,1,"{""appearances"": [{""exhibition"": ""bakubuild"", ""exhibition_label"": ""BakuBuild"", ""year"": ""2025"", ""category"": ""TƏRƏFDAŞLAR"", ""stand"": ""-"", ""company_id"": ""347925"", ""source_url"": ""https://bakubuild.az/az/exhibitors-list/year/2025""}]}"
expo-00821,PRESTIJ NAXÇIVAN PIVƏSI MMC,Azərbaycan,NAXÇIVAN MUXTAR RESPUBLİKASININ MİLLİ STENDİ,4F100-11,InterFood Azerbaijan,2025,1,"{""appearances"": [{""exhibition"": ""interfood"", ""exhibition_label"": ""InterFood Azerbaijan"", ""year"": ""2025"", ""category"": ""NAXÇIVAN MUXTAR RESPUBLİKASININ MİLLİ STENDİ"", ""stand"": ""4F100-11"", ""company_id"": """", ""source_url"": ""https://interfood.az/az/exhibitors-list/year/2025""}]}"
expo-00822,PRICELESS MEMORY TRAVEL,Azərbaycan,AFRİCA PAVİLYONU,4F224-4,InterFood Azerbaijan,2026,1,"{""appearances"": [{""exhibition"": ""interfood"", ""exhibition_label"": ""InterFood Azerbaijan"", ""year"": ""2026"", ""category"": ""AFRİCA PAVİLYONU"", ""stand"": ""4F224-4"", ""company_id"": """", ""source_url"": ""https://interfood.az/az/exhibitors-list/year/2026""}]}"
expo-00823,PRIME JS MMC,Azərbaycan,MEDİA,2T444,TransLogistica Caspian,2025,1,"{""appearances"": [{""exhibition"": ""translogistica"", ""exhibition_label"": ""TransLogistica Caspian"", ""year"": ""2025"", ""category"": ""MEDİA"", ""stand"": ""2T444"", ""company_id"": ""335826"", ""source_url"": ""https://translogistica.az/az/exhibitors-list/year/2025""}]}"
expo-00824,PRIOR TECHNICANS,Azərbaycan,MEDİA,5A170,Caspian Agro Week,2023,1,"{""appearances"": [{""exhibition"": ""caspianagroweek"", ""exhibition_label"": ""Caspian Agro Week"", ""year"": ""2023"", ""category"": ""MEDİA"", ""stand"": ""5A170"", ""company_id"": """", ""source_url"": ""https://caspianagroweek.az/az/exhibitors-list/year/2023""}]}"
expo-00825,PRIVA,Azərbaycan,MEDİA,A1104,Caspian Agro Week,2019,1,"{""appearances"": [{""exhibition"": ""caspianagroweek"", ""exhibition_label"": ""Caspian Agro Week"", ""year"": ""2019"", ""category"": ""MEDİA"", ""stand"": ""A1104"", ""company_id"": """", ""source_url"": ""https://caspianagroweek.az/az/exhibitors-list/year/2019""}]}"
expo-00826,PRİOR,Azərbaycan,MEDİA,1A310/5A170,Caspian Agro Week,2023,1,"{""appearances"": [{""exhibition"": ""caspianagroweek"", ""exhibition_label"": ""Caspian Agro Week"", ""year"": ""2023"", ""category"": ""MEDİA"", ""stand"": ""1A310/5A170"", ""company_id"": ""4684"", ""source_url"": ""https://caspianagroweek.az/az/exhibitors-list/year/2023""}]}"
expo-00827,PRİOR LEASİNG,Azərbaycan,MEDİA | TƏRƏFDAŞ,A1010/A1304/A1008/A5010 | A1304,Caspian Agro Week,2019 | 2021 | 2022,3,"{""appearances"": [{""exhibition"": ""caspianagroweek"", ""exhibition_label"": ""Caspian Agro Week"", ""year"": ""2019"", ""category"": ""MEDİA"", ""stand"": ""A1304"", ""company_id"": ""4915"", ""source_url"": ""https://caspianagroweek.az/az/exhibitors-list/year/2019""}, {""exhibition"": ""caspianagroweek"", ""exhibition_label"": ""Caspian Agro Week"", ""year"": ""2021"", ""category"": ""TƏRƏFDAŞ"", ""stand"": ""A1010/A1304/A1008/A5010"", ""company_id"": ""4915"", ""source_url"": ""https://caspianagroweek.az/az/exhibitors-list/year/2021""}, {""exhibition"": ""caspianagroweek"", ""exhibition_label"": ""Caspian Agro Week"", ""year"": ""2022"", ""category"": ""MEDİA"", ""stand"": ""A1304"", ""company_id"": ""4915"", ""source_url"": ""https://caspianagroweek.az/az/exhibitors-list/year/2022""}]}"
expo-00828,PRİOR LEASİNG ASC,Azərbaycan,MEDİA | TƏRƏFDAŞ,1A012 | 1A220 | 1A320,Caspian Agro Week,2024 | 2025 | 2026 | 2027,8,"{""appearances"": [{""exhibition"": ""caspianagroweek"", ""exhibition_label"": ""Caspian Agro Week"", ""year"": ""2024"", ""category"": ""MEDİA"", ""stand"": ""1A320"", ""company_id"": ""4915"", ""source_url"": ""https://caspianagroweek.az/az/exhibitors-list/year/2024""}, {""exhibition"": ""caspianagroweek"", ""exhibition_label"": ""Caspian Agro Week"", ""year"": ""2025"", ""category"": ""MEDİA"", ""stand"": ""1A012"", ""company_id"": ""4915"", ""source_url"": ""https://caspianagroweek.az/az/exhibitors-list/year/2025""}, {""exhibition"": ""caspianagroweek"", ""exhibition_label"": ""Caspian Agro Week"", ""year"": ""2026"", ""category"": ""TƏRƏFDAŞ"", ""stand"": ""1A220"", ""company_id"": ""4915"", ""source_url"": ""https://caspianagroweek.az/az/exhibitors-list/year/2026""}, {""exhibition"": ""caspianagroweek"", ""exhibition_label"": ""Caspian Agro Week"", ""year"": ""2027"", ""category"": """", ""stand"": ""-"", ""company_id"": """", ""source_url"": ""https://caspianagroweek.az/az/exhibitors-list/year/2027""}, {""exhibition"": ""caspianagroweek"", ""exhibition_label"": ""Caspian Agro Week"", ""year"": ""2027"", ""category"": """", ""stand"": ""-"", ""company_id"": """", ""source_url"": ""https://caspianagroweek.az/az/exhibitors-list/year/2027""}, {""exhibition"": ""caspianagroweek"", ""exhibition_label"": ""Caspian Agro Week"", ""year"": ""2027"", ""category"": """", ""stand"": ""-"", ""company_id"": """", ""source_url"": ""https://caspianagroweek.az/az/exhibitors-list/year/2027""}, {""exhibition"": ""caspianagroweek"", ""exhibition_label"": ""Caspian Agro Week"", ""year"": ""2027"", ""category"": """", ""stand"": ""-"", ""company_id"": """", ""source_url"": ""https://caspianagroweek.az/az/exhibitors-list/year/2027""}, {""exhibition"": ""caspianagroweek"", ""exhibition_label"": ""Caspian Agro Week"", ""year"": ""2027"", ""category"": """", ""stand"": ""-"", ""company_id"": """", ""source_url"": ""https://caspianagroweek.az/az/exhibitors-list/year/2027""}]}"
expo-00829,PRO GLASS MMC,Azərbaycan,MEDİA | TƏRƏFDAŞLAR,1B130 | 1B230,BakuBuild,2024 | 2025,2,"{""appearances"": [{""exhibition"": ""bakubuild"", ""exhibition_label"": ""BakuBuild"", ""year"": ""2024"", ""category"": ""MEDİA"", ""stand"": ""1B130"", ""company_id"": ""310378"", ""source_url"": ""https://bakubuild.az/az/exhibitors-list/year/2024""}, {""exhibition"": ""bakubuild"", ""exhibition_label"": ""BakuBuild"", ""year"": ""2025"", ""category"": ""TƏRƏFDAŞLAR"", ""stand"": ""1B230"", ""company_id"": ""310378"", ""source_url"": ""https://bakubuild.az/az/exhibitors-list/year/2025""}]}"
expo-00830,PROFİTOOLS MMC,Azərbaycan,MEDİA,B1002,BakuBuild,2022,1,"{""appearances"": [{""exhibition"": ""bakubuild"", ""exhibition_label"": ""BakuBuild"", ""year"": ""2022"", ""category"": ""MEDİA"", ""stand"": ""B1002"", ""company_id"": ""7842"", ""source_url"": ""https://bakubuild.az/az/exhibitors-list/year/2022""}]}"
expo-00831,PROMALT,Azərbaycan,AZƏRSHƏKƏR MMC | MEDİA,2A330-2,Caspian Agro Week,2025 | 2026,2,"{""appearances"": [{""exhibition"": ""caspianagroweek"", ""exhibition_label"": ""Caspian Agro Week"", ""year"": ""2025"", ""category"": ""MEDİA"", ""stand"": ""2A330-2"", ""company_id"": """", ""source_url"": ""https://caspianagroweek.az/az/exhibitors-list/year/2025""}, {""exhibition"": ""caspianagroweek"", ""exhibition_label"": ""Caspian Agro Week"", ""year"": ""2026"", ""category"": ""AZƏRSHƏKƏR MMC"", ""stand"": ""2A330-2"", ""company_id"": """", ""source_url"": ""https://caspianagroweek.az/az/exhibitors-list/year/2026""}]}"
expo-00832,PROMEXTECH AZ,Azərbaycan,MEDİA,4A430,Caspian Agro Week,2024,1,"{""appearances"": [{""exhibition"": ""caspianagroweek"", ""exhibition_label"": ""Caspian Agro Week"", ""year"": ""2024"", ""category"": ""MEDİA"", ""stand"": ""4A430"", ""company_id"": ""300831"", ""source_url"": ""https://caspianagroweek.az/az/exhibitors-list/year/2024""}]}"
expo-00833,QA TEST EXHİBİTOR,Azərbaycan,,,Securex Caspian,2026,1,"{""appearances"": [{""exhibition"": ""securexcaspian"", ""exhibition_label"": ""Securex Caspian"", ""year"": ""2026"", ""category"": """", ""stand"": ""-"", ""company_id"": """", ""source_url"": ""https://securexcaspian.az/az/exhibitors-list/year/2026""}]}"
expo-00834,QAZAX SEMENT ZAVODU MMC,Azərbaycan,TƏRƏFDAŞLAR,B1318,BakuBuild | Securex Caspian,2019,2,"{""appearances"": [{""exhibition"": ""bakubuild"", ""exhibition_label"": ""BakuBuild"", ""year"": ""2019"", ""category"": ""TƏRƏFDAŞLAR"", ""stand"": ""B1318"", ""company_id"": ""5700"", ""source_url"": ""https://bakubuild.az/az/exhibitors-list/year/2019""}, {""exhibition"": ""securexcaspian"", ""exhibition_label"": ""Securex Caspian"", ""year"": ""2019"", ""category"": ""TƏRƏFDAŞLAR"", ""stand"": ""B1318"", ""company_id"": ""5700"", ""source_url"": ""https://securexcaspian.az/az/exhibitors-list/year/2019""}]}"
expo-00835,QIZIL SHAH,Azərbaycan,MEDİA | NAXÇIVAN MUXTAR RESPUBLİKASININ MİLLİ STENDİ | ŞİRVAN AQRO MMC,3F020 | 4F030,InterFood Azerbaijan,2024 | 2025 | 2026,3,"{""appearances"": [{""exhibition"": ""interfood"", ""exhibition_label"": ""InterFood Azerbaijan"", ""year"": ""2024"", ""category"": ""MEDİA"", ""stand"": ""-"", ""company_id"": """", ""source_url"": ""https://interfood.az/az/exhibitors-list/year/2024""}, {""exhibition"": ""interfood"", ""exhibition_label"": ""InterFood Azerbaijan"", ""year"": ""2025"", ""category"": ""NAXÇIVAN MUXTAR RESPUBLİKASININ MİLLİ STENDİ"", ""stand"": ""3F020"", ""company_id"": """", ""source_url"": ""https://interfood.az/az/exhibitors-list/year/2025""}, {""exhibition"": ""interfood"", ""exhibition_label"": ""InterFood Azerbaijan"", ""year"": ""2026"", ""category"": ""ŞİRVAN AQRO MMC"", ""stand"": ""4F030"", ""company_id"": """", ""source_url"": ""https://interfood.az/az/exhibitors-list/year/2026""}]}"
expo-00836,QUBA KONSERV ZAVODU,Azərbaycan,ATS FOOD,,InterFood Azerbaijan,2027,1,"{""appearances"": [{""exhibition"": ""interfood"", ""exhibition_label"": ""InterFood Azerbaijan"", ""year"": ""2027"", ""category"": ""ATS FOOD"", ""stand"": ""-"", ""company_id"": """", ""source_url"": ""https://interfood.az/az/exhibitors-list/year/2027""}]}"
expo-00837,QƏBLƏ KONSERV ZAVODU MMC,Azərbaycan,ATS FOOD,,InterFood Azerbaijan,2027,1,"{""appearances"": [{""exhibition"": ""interfood"", ""exhibition_label"": ""InterFood Azerbaijan"", ""year"": ""2027"", ""category"": ""ATS FOOD"", ""stand"": ""-"", ""company_id"": """", ""source_url"": ""https://interfood.az/az/exhibitors-list/year/2027""}]}"
expo-00838,QƏBƏLƏ AQROPARK,Azərbaycan,AGRO DAIRY MMC | MEDİA,1A210-3,Caspian Agro Week,2025 | 2026,2,"{""appearances"": [{""exhibition"": ""caspianagroweek"", ""exhibition_label"": ""Caspian Agro Week"", ""year"": ""2025"", ""category"": ""MEDİA"", ""stand"": ""1A210-3"", ""company_id"": """", ""source_url"": ""https://caspianagroweek.az/az/exhibitors-list/year/2025""}, {""exhibition"": ""caspianagroweek"", ""exhibition_label"": ""Caspian Agro Week"", ""year"": ""2026"", ""category"": ""AGRO DAIRY MMC"", ""stand"": ""1A210-3"", ""company_id"": """", ""source_url"": ""https://caspianagroweek.az/az/exhibitors-list/year/2026""}]}"
expo-00839,QƏBƏLƏ KONSERV ZAVODU MMC,Azərbaycan,ŞİRVAN AQRO MMC,4F102,InterFood Azerbaijan,2026,1,"{""appearances"": [{""exhibition"": ""interfood"", ""exhibition_label"": ""InterFood Azerbaijan"", ""year"": ""2026"", ""category"": ""ŞİRVAN AQRO MMC"", ""stand"": ""4F102"", ""company_id"": ""345206"", ""source_url"": ""https://interfood.az/az/exhibitors-list/year/2026""}]}"
expo-00840,R GROUP HOLİNQ MMC,Azərbaycan,MEDİA,2A140-1 | 2A424-1,Caspian Agro Week,2024 | 2025,2,"{""appearances"": [{""exhibition"": ""caspianagroweek"", ""exhibition_label"": ""Caspian Agro Week"", ""year"": ""2024"", ""category"": ""MEDİA"", ""stand"": ""2A424-1"", ""company_id"": """", ""source_url"": ""https://caspianagroweek.az/az/exhibitors-list/year/2024""}, {""exhibition"": ""caspianagroweek"", ""exhibition_label"": ""Caspian Agro Week"", ""year"": ""2025"", ""category"": ""MEDİA"", ""stand"": ""2A140-1"", ""company_id"": """", ""source_url"": ""https://caspianagroweek.az/az/exhibitors-list/year/2025""}]}"
expo-00841,R&M ELECTRICAL GROUP,Azərbaycan,MEDİA,2C103,Caspian Oil & Gas,2024,1,"{""appearances"": [{""exhibition"": ""caspianoilgas"", ""exhibition_label"": ""Caspian Oil & Gas"", ""year"": ""2024"", ""category"": ""MEDİA"", ""stand"": ""2C103"", ""company_id"": ""313715"", ""source_url"": ""https://caspianoilgas.az/az/exhibitors-list/year/2024""}]}"
expo-00842,RADİO ENERJİ 101.1 FM,Azərbaycan,MEDİA | TƏRƏFDAŞ | ŞİRVAN AQRO MMC,,Aquatherm Baku | BakuBuild | Caspian Agro Week | Caspian Oil & Gas | InterFood Azerbaijan | Plastex Caspian | TransLogistica Caspian,2025 | 2026,7,"{""appearances"": [{""exhibition"": ""bakubuild"", ""exhibition_label"": ""BakuBuild"", ""year"": ""2025"", ""category"": ""MEDİA"", ""stand"": ""-"", ""company_id"": """", ""source_url"": ""https://bakubuild.az/az/exhibitors-list/year/2025""}, {""exhibition"": ""aquatherm"", ""exhibition_label"": ""Aquatherm Baku"", ""year"": ""2025"", ""category"": ""MEDİA"", ""stand"": ""-"", ""company_id"": """", ""source_url"": ""https://aquatherm.az/az/exhibitors-list/year/2025""}, {""exhibition"": ""interfood"", ""exhibition_label"": ""InterFood Azerbaijan"", ""year"": ""2026"", ""category"": ""ŞİRVAN AQRO MMC"", ""stand"": ""-"", ""company_id"": """", ""source_url"": ""https://interfood.az/az/exhibitors-list/year/2026""}, {""exhibition"": ""caspianoilgas"", ""exhibition_label"": ""Caspian Oil & Gas"", ""year"": ""2026"", ""category"": ""MEDİA"", ""stand"": ""-"", ""company_id"": """", ""source_url"": ""https://caspianoilgas.az/az/exhibitors-list/year/2026""}, {""exhibition"": ""translogistica"", ""exhibition_label"": ""TransLogistica Caspian"", ""year"": ""2026"", ""category"": ""MEDİA"", ""stand"": ""-"", ""company_id"": """", ""source_url"": ""https://translogistica.az/az/exhibitors-list/year/2026""}, {""exhibition"": ""caspianagroweek"", ""exhibition_label"": ""Caspian Agro Week"", ""year"": ""2026"", ""category"": ""TƏRƏFDAŞ"", ""stand"": ""-"", ""company_id"": """", ""source_url"": ""https://caspianagroweek.az/az/exhibitors-list/year/2026""}, {""exhibition"": ""plastex"", ""exhibition_label"": ""Plastex Caspian"", ""year"": ""2025"", ""category"": ""MEDİA"", ""stand"": ""-"", ""company_id"": """", ""source_url"": ""https://plastex.az/az/exhibitors-list/year/2025""}]}"
expo-00843,RADİSSON HOTEL BAKU,Azərbaycan,MEDİA | NAXÇIVAN MUXTAR RESPUBLİKASININ MİLLİ STENDİ | TƏRƏFDAŞ | TƏRƏFDAŞLAR,,Aquatherm Baku | BakuBuild | Caspian Agro Week | Caspian Oil & Gas | InterFood Azerbaijan | Securex Caspian | TransLogistica Caspian,2024 | 2025 | 2026,15,"{""appearances"": [{""exhibition"": ""bakubuild"", ""exhibition_label"": ""BakuBuild"", ""year"": ""2024"", ""category"": ""MEDİA"", ""stand"": ""-"", ""company_id"": ""313113"", ""source_url"": ""https://bakubuild.az/az/exhibitors-list/year/2024""}, {""exhibition"": ""bakubuild"", ""exhibition_label"": ""BakuBuild"", ""year"": ""2025"", ""category"": ""TƏRƏFDAŞLAR"", ""stand"": ""-"", ""company_id"": ""313569"", ""source_url"": ""https://bakubuild.az/az/exhibitors-list/year/2025""}, {""exhibition"": ""bakubuild"", ""exhibition_label"": ""BakuBuild"", ""year"": ""2026"", ""category"": ""TƏRƏFDAŞLAR"", ""stand"": ""-"", ""company_id"": ""313569"", ""source_url"": ""https://bakubuild.az/az/exhibitors-list/year/2026""}, {""exhibition"": ""aquatherm"", ""exhibition_label"": ""Aquatherm Baku"", ""year"": ""2024"", ""category"": ""MEDİA"", ""stand"": ""-"", ""company_id"": ""313113"", ""source_url"": ""https://aquatherm.az/az/exhibitors-list/year/2024""}, {""exhibition"": ""interfood"", ""exhibition_label"": ""InterFood Azerbaijan"", ""year"": ""2024"", ""category"": ""MEDİA"", ""stand"": ""-"", ""company_id"": ""313113"", ""source_url"": ""https://interfood.az/az/exhibitors-list/year/2024""}, {""exhibition"": ""interfood"", ""exhibition_label"": ""InterFood Azerbaijan"", ""year"": ""2025"", ""category"": ""NAXÇIVAN MUXTAR RESPUBLİKASININ MİLLİ STENDİ"", ""stand"": ""-"", ""company_id"": ""313569"", ""source_url"": ""https://interfood.az/az/exhibitors-list/year/2025""}, {""exhibition"": ""caspianoilgas"", ""exhibition_label"": ""Caspian Oil & Gas"", ""year"": ""2024"", ""category"": ""MEDİA"", ""stand"": ""-"", ""company_id"": ""313113"", ""source_url"": ""https://caspianoilgas.az/az/exhibitors-list/year/2024""}, {""exhibition"": ""caspianoilgas"", ""exhibition_label"": ""Caspian Oil & Gas"", ""year"": ""2026"", ""category"": ""MEDİA"", ""stand"": ""-"", ""company_id"": ""313569"", ""source_url"": ""https://caspianoilgas.az/az/exhibitors-list/year/2026""}, {""exhibition"": ""securexcaspian"", ""exhibition_label"": ""Securex Caspian"", ""year"": ""2024"", ""category"": ""MEDİA"", ""stand"": ""-"", ""company_id"": """", ""source_url"": ""https://securexcaspian.az/az/exhibitors-list/year/2024""}, {""exhibition"": ""securexcaspian"", ""exhibition_label"": ""Securex Caspian"", ""year"": ""2026"", ""category"": """", ""stand"": ""-"", ""company_id"": ""313569"", ""source_url"": ""https://securexcaspian.az/az/exhibitors-list/year/2026""}, {""exhibition"": ""translogistica"", ""exhibition_label"": ""TransLogistica Caspian"", ""year"": ""2024"", ""category"": ""MEDİA"", ""stand"": ""-"", ""company_id"": """", ""source_url"": ""https://translogistica.az/az/exhibitors-list/year/2024""}, {""exhibition"": ""translogistica"", ""exhibition_label"": ""TransLogistica Caspian"", ""year"": ""2025"", ""category"": ""MEDİA"", ""stand"": ""-"", ""company_id"": ""313569"", ""source_url"": ""https://translogistica.az/az/exhibitors-list/year/2025""}, {""exhibition"": ""caspianagroweek"", ""exhibition_label"": ""Caspian Agro Week"", ""year"": ""2024"", ""category"": ""MEDİA"", ""stand"": ""-"", ""company_id"": ""313569"", ""source_url"": ""https://caspianagroweek.az/az/exhibitors-list/year/2024""}, {""exhibition"": ""caspianagroweek"", ""exhibition_label"": ""Caspian Agro Week"", ""year"": ""2025"", ""category"": ""MEDİA"", ""stand"": ""-"", ""company_id"": ""313569"", ""source_url"": ""https://caspianagroweek.az/az/exhibitors-list/year/2025""}, {""exhibition"": ""caspianagroweek"", ""exhibition_label"": ""Caspian Agro Week"", ""year"": ""2026"", ""category"": ""TƏRƏFDAŞ"", ""stand"": ""-"", ""company_id"": ""313569"", ""source_url"": ""https://caspianagroweek.az/az/exhibitors-list/year/2026""}]}"
expo-00844,RAILGO MMC,Azərbaycan,MEDİA,2T066 | 2T342,TransLogistica Caspian,2024 | 2025,2,"{""appearances"": [{""exhibition"": ""translogistica"", ""exhibition_label"": ""TransLogistica Caspian"", ""year"": ""2024"", ""category"": ""MEDİA"", ""stand"": ""2T066"", ""company_id"": ""314102"", ""source_url"": ""https://translogistica.az/az/exhibitors-list/year/2024""}, {""exhibition"": ""translogistica"", ""exhibition_label"": ""TransLogistica Caspian"", ""year"": ""2025"", ""category"": ""MEDİA"", ""stand"": ""2T342"", ""company_id"": ""314102"", ""source_url"": ""https://translogistica.az/az/exhibitors-list/year/2025""}]}"
expo-00845,RAMCO QSC,Azərbaycan,MEDİA | TƏRƏFDAŞ,1A310-5 | A1002-1 | A1102/4012 | A1302-1,Caspian Agro Week,2019 | 2021 | 2022 | 2024,4,"{""appearances"": [{""exhibition"": ""caspianagroweek"", ""exhibition_label"": ""Caspian Agro Week"", ""year"": ""2019"", ""category"": ""MEDİA"", ""stand"": ""A1102/4012"", ""company_id"": """", ""source_url"": ""https://caspianagroweek.az/az/exhibitors-list/year/2019""}, {""exhibition"": ""caspianagroweek"", ""exhibition_label"": ""Caspian Agro Week"", ""year"": ""2021"", ""category"": ""TƏRƏFDAŞ"", ""stand"": ""A1002-1"", ""company_id"": ""5417"", ""source_url"": ""https://caspianagroweek.az/az/exhibitors-list/year/2021""}, {""exhibition"": ""caspianagroweek"", ""exhibition_label"": ""Caspian Agro Week"", ""year"": ""2022"", ""category"": ""MEDİA"", ""stand"": ""A1302-1"", ""company_id"": ""5417"", ""source_url"": ""https://caspianagroweek.az/az/exhibitors-list/year/2022""}, {""exhibition"": ""caspianagroweek"", ""exhibition_label"": ""Caspian Agro Week"", ""year"": ""2024"", ""category"": ""MEDİA"", ""stand"": ""1A310-5"", ""company_id"": """", ""source_url"": ""https://caspianagroweek.az/az/exhibitors-list/year/2024""}]}"
expo-00846,RAMMA CJSC,Azərbaycan,TƏRƏFDAŞ,A5002-1,Caspian Agro Week,2021,1,"{""appearances"": [{""exhibition"": ""caspianagroweek"", ""exhibition_label"": ""Caspian Agro Week"", ""year"": ""2021"", ""category"": ""TƏRƏFDAŞ"", ""stand"": ""A5002-1"", ""company_id"": ""6511"", ""source_url"": ""https://caspianagroweek.az/az/exhibitors-list/year/2021""}]}"
expo-00847,RAN FRUIT MMC,Azərbaycan,MEDİA | TƏRƏFDAŞ,1A250 | 1A350 | 1A352 | 1A356,Caspian Agro Week,2023 | 2024 | 2025 | 2026,4,"{""appearances"": [{""exhibition"": ""caspianagroweek"", ""exhibition_label"": ""Caspian Agro Week"", ""year"": ""2023"", ""category"": ""MEDİA"", ""stand"": ""1A356"", ""company_id"": ""7352"", ""source_url"": ""https://caspianagroweek.az/az/exhibitors-list/year/2023""}, {""exhibition"": ""caspianagroweek"", ""exhibition_label"": ""Caspian Agro Week"", ""year"": ""2024"", ""category"": ""MEDİA"", ""stand"": ""1A250"", ""company_id"": ""7352"", ""source_url"": ""https://caspianagroweek.az/az/exhibitors-list/year/2024""}, {""exhibition"": ""caspianagroweek"", ""exhibition_label"": ""Caspian Agro Week"", ""year"": ""2025"", ""category"": ""MEDİA"", ""stand"": ""1A352"", ""company_id"": ""7352"", ""source_url"": ""https://caspianagroweek.az/az/exhibitors-list/year/2025""}, {""exhibition"": ""caspianagroweek"", ""exhibition_label"": ""Caspian Agro Week"", ""year"": ""2026"", ""category"": ""TƏRƏFDAŞ"", ""stand"": ""1A350"", ""company_id"": ""7352"", ""source_url"": ""https://caspianagroweek.az/az/exhibitors-list/year/2026""}]}"
expo-00848,RAPİD SOLUTİONS LLC,Azərbaycan,MEDİA,2132/1 | C1016,Caspian Oil & Gas,2019 | 2022,2,"{""appearances"": [{""exhibition"": ""caspianoilgas"", ""exhibition_label"": ""Caspian Oil & Gas"", ""year"": ""2019"", ""category"": ""MEDİA"", ""stand"": ""2132/1"", ""company_id"": ""4914"", ""source_url"": ""https://caspianoilgas.az/az/exhibitors-list/year/2019""}, {""exhibition"": ""caspianoilgas"", ""exhibition_label"": ""Caspian Oil & Gas"", ""year"": ""2022"", ""category"": ""MEDİA"", ""stand"": ""C1016"", ""company_id"": ""4914"", ""source_url"": ""https://caspianoilgas.az/az/exhibitors-list/year/2022""}]}"
expo-00849,RASMAR MMC,Azərbaycan,TƏRƏFDAŞLAR,,BakuBuild,2026,1,"{""appearances"": [{""exhibition"": ""bakubuild"", ""exhibition_label"": ""BakuBuild"", ""year"": ""2026"", ""category"": ""TƏRƏFDAŞLAR"", ""stand"": ""-"", ""company_id"": ""333915"", ""source_url"": ""https://bakubuild.az/az/exhibitors-list/year/2026""}]}"
expo-00850,RD SMART ASC,Azərbaycan,,,Securex Caspian,2026,1,"{""appearances"": [{""exhibition"": ""securexcaspian"", ""exhibition_label"": ""Securex Caspian"", ""year"": ""2026"", ""category"": """", ""stand"": ""-"", ""company_id"": ""352033"", ""source_url"": ""https://securexcaspian.az/az/exhibitors-list/year/2026""}]}"
expo-00851,REAL TV,Azərbaycan,MEDİA,P112,Securex Caspian,2022,2,"{""appearances"": [{""exhibition"": ""securexcaspian"", ""exhibition_label"": ""Securex Caspian"", ""year"": ""2022"", ""category"": ""MEDİA"", ""stand"": ""P112"", ""company_id"": ""7450"", ""source_url"": ""https://securexcaspian.az/az/exhibitors-list/year/2022""}, {""exhibition"": ""securexcaspian"", ""exhibition_label"": ""Securex Caspian"", ""year"": ""2022"", ""category"": ""MEDİA"", ""stand"": ""-"", ""company_id"": ""7450"", ""source_url"": ""https://securexcaspian.az/az/exhibitors-list/year/2022""}]}"
expo-00852,REALGAZ,Azərbaycan,MEDİA,2С057,Caspian Oil & Gas,2026,1,"{""appearances"": [{""exhibition"": ""caspianoilgas"", ""exhibition_label"": ""Caspian Oil & Gas"", ""year"": ""2026"", ""category"": ""MEDİA"", ""stand"": ""2С057"", ""company_id"": ""359764"", ""source_url"": ""https://caspianoilgas.az/az/exhibitors-list/year/2026""}]}"
expo-00853,RED VALLEY MMC,Azərbaycan,MEDİA | TƏRƏFDAŞ,1A004,Caspian Agro Week,2023 | 2024 | 2025 | 2026 | 2027,5,"{""appearances"": [{""exhibition"": ""caspianagroweek"", ""exhibition_label"": ""Caspian Agro Week"", ""year"": ""2023"", ""category"": ""MEDİA"", ""stand"": ""1A004"", ""company_id"": ""7351"", ""source_url"": ""https://caspianagroweek.az/az/exhibitors-list/year/2023""}, {""exhibition"": ""caspianagroweek"", ""exhibition_label"": ""Caspian Agro Week"", ""year"": ""2024"", ""category"": ""MEDİA"", ""stand"": ""1A004"", ""company_id"": ""7351"", ""source_url"": ""https://caspianagroweek.az/az/exhibitors-list/year/2024""}, {""exhibition"": ""caspianagroweek"", ""exhibition_label"": ""Caspian Agro Week"", ""year"": ""2025"", ""category"": ""MEDİA"", ""stand"": ""1A004"", ""company_id"": ""7351"", ""source_url"": ""https://caspianagroweek.az/az/exhibitors-list/year/2025""}, {""exhibition"": ""caspianagroweek"", ""exhibition_label"": ""Caspian Agro Week"", ""year"": ""2026"", ""category"": ""TƏRƏFDAŞ"", ""stand"": ""1A004"", ""company_id"": ""7351"", ""source_url"": ""https://caspianagroweek.az/az/exhibitors-list/year/2026""}, {""exhibition"": ""caspianagroweek"", ""exhibition_label"": ""Caspian Agro Week"", ""year"": ""2027"", ""category"": """", ""stand"": ""-"", ""company_id"": """", ""source_url"": ""https://caspianagroweek.az/az/exhibitors-list/year/2027""}]}"
expo-00854,REDAKSİYA,Azərbaycan,MEDİA,,Caspian Agro Week | Caspian Oil & Gas | TransLogistica Caspian,2026,3,"{""appearances"": [{""exhibition"": ""caspianoilgas"", ""exhibition_label"": ""Caspian Oil & Gas"", ""year"": ""2026"", ""category"": ""MEDİA"", ""stand"": ""-"", ""company_id"": ""353619"", ""source_url"": ""https://caspianoilgas.az/az/exhibitors-list/year/2026""}, {""exhibition"": ""translogistica"", ""exhibition_label"": ""TransLogistica Caspian"", ""year"": ""2026"", ""category"": ""MEDİA"", ""stand"": ""-"", ""company_id"": ""353619"", ""source_url"": ""https://translogistica.az/az/exhibitors-list/year/2026""}, {""exhibition"": ""caspianagroweek"", ""exhibition_label"": ""Caspian Agro Week"", ""year"": ""2026"", ""category"": ""MEDİA"", ""stand"": ""-"", ""company_id"": ""353619"", ""source_url"": ""https://caspianagroweek.az/az/exhibitors-list/year/2026""}]}"
expo-00855,REFERANS MEDİCAL GROUP,Azərbaycan,MEDİA | NAXÇIVAN MUXTAR RESPUBLİKASININ MİLLİ STENDİ | TƏRƏFDAŞLAR,,Aquatherm Baku | BakuBuild | Caspian Agro Week | Caspian Oil & Gas | InterFood Azerbaijan | Plastex Caspian | TransLogistica Caspian,2025,7,"{""appearances"": [{""exhibition"": ""bakubuild"", ""exhibition_label"": ""BakuBuild"", ""year"": ""2025"", ""category"": ""TƏRƏFDAŞLAR"", ""stand"": ""-"", ""company_id"": ""7900"", ""source_url"": ""https://bakubuild.az/az/exhibitors-list/year/2025""}, {""exhibition"": ""aquatherm"", ""exhibition_label"": ""Aquatherm Baku"", ""year"": ""2025"", ""category"": ""MEDİA"", ""stand"": ""-"", ""company_id"": ""7900"", ""source_url"": ""https://aquatherm.az/az/exhibitors-list/year/2025""}, {""exhibition"": ""interfood"", ""exhibition_label"": ""InterFood Azerbaijan"", ""year"": ""2025"", ""category"": ""NAXÇIVAN MUXTAR RESPUBLİKASININ MİLLİ STENDİ"", ""stand"": ""-"", ""company_id"": ""7900"", ""source_url"": ""https://interfood.az/az/exhibitors-list/year/2025""}, {""exhibition"": ""caspianoilgas"", ""exhibition_label"": ""Caspian Oil & Gas"", ""year"": ""2025"", ""category"": ""MEDİA"", ""stand"": ""-"", ""company_id"": ""7900"", ""source_url"": ""https://caspianoilgas.az/az/exhibitors-list/year/2025""}, {""exhibition"": ""translogistica"", ""exhibition_label"": ""TransLogistica Caspian"", ""year"": ""2025"", ""category"": ""MEDİA"", ""stand"": ""-"", ""company_id"": ""7900"", ""source_url"": ""https://translogistica.az/az/exhibitors-list/year/2025""}, {""exhibition"": ""caspianagroweek"", ""exhibition_label"": ""Caspian Agro Week"", ""year"": ""2025"", ""category"": ""MEDİA"", ""stand"": ""-"", ""company_id"": ""7900"", ""source_url"": ""https://caspianagroweek.az/az/exhibitors-list/year/2025""}, {""exhibition"": ""plastex"", ""exhibition_label"": ""Plastex Caspian"", ""year"": ""2025"", ""category"": ""MEDİA"", ""stand"": ""-"", ""company_id"": ""7900"", ""source_url"": ""https://plastex.az/az/exhibitors-list/year/2025""}]}"
expo-00856,REGES TİKİNTİ MATERİALLARI MMC,Azərbaycan,MEDİA | TƏRƏFDAŞLAR,2B424,BakuBuild,2024 | 2026,2,"{""appearances"": [{""exhibition"": ""bakubuild"", ""exhibition_label"": ""BakuBuild"", ""year"": ""2024"", ""category"": ""MEDİA"", ""stand"": ""2B424"", ""company_id"": ""313410"", ""source_url"": ""https://bakubuild.az/az/exhibitors-list/year/2024""}, {""exhibition"": ""bakubuild"", ""exhibition_label"": ""BakuBuild"", ""year"": ""2026"", ""category"": ""TƏRƏFDAŞLAR"", ""stand"": ""-"", ""company_id"": """", ""source_url"": ""https://bakubuild.az/az/exhibitors-list/year/2026""}]}"
expo-00857,RENEWABLES.AZ,Azərbaycan,MEDİA,,BakuBuild | Caspian Oil & Gas,2024,2,"{""appearances"": [{""exhibition"": ""bakubuild"", ""exhibition_label"": ""BakuBuild"", ""year"": ""2024"", ""category"": ""MEDİA"", ""stand"": ""-"", ""company_id"": ""276034"", ""source_url"": ""https://bakubuild.az/az/exhibitors-list/year/2024""}, {""exhibition"": ""caspianoilgas"", ""exhibition_label"": ""Caspian Oil & Gas"", ""year"": ""2024"", ""category"": ""MEDİA"", ""stand"": ""-"", ""company_id"": ""276034"", ""source_url"": ""https://caspianoilgas.az/az/exhibitors-list/year/2024""}]}"
expo-00858,RERAPIER MMC,Azərbaycan,TƏRƏFDAŞLAR,1B312,BakuBuild,2025,1,"{""appearances"": [{""exhibition"": ""bakubuild"", ""exhibition_label"": ""BakuBuild"", ""year"": ""2025"", ""category"": ""TƏRƏFDAŞLAR"", ""stand"": ""1B312"", ""company_id"": ""345135"", ""source_url"": ""https://bakubuild.az/az/exhibitors-list/year/2025""}]}"
expo-00859,RETEMS LOGISTICS MMC,Azərbaycan,MEDİA,1C014 | 1C018 | 1C056,Caspian Oil & Gas,2024 | 2025 | 2026,3,"{""appearances"": [{""exhibition"": ""caspianoilgas"", ""exhibition_label"": ""Caspian Oil & Gas"", ""year"": ""2024"", ""category"": ""MEDİA"", ""stand"": ""1C018"", ""company_id"": ""310561"", ""source_url"": ""https://caspianoilgas.az/az/exhibitors-list/year/2024""}, {""exhibition"": ""caspianoilgas"", ""exhibition_label"": ""Caspian Oil & Gas"", ""year"": ""2025"", ""category"": ""MEDİA"", ""stand"": ""1C014"", ""company_id"": ""324738"", ""source_url"": ""https://caspianoilgas.az/az/exhibitors-list/year/2025""}, {""exhibition"": ""caspianoilgas"", ""exhibition_label"": ""Caspian Oil & Gas"", ""year"": ""2026"", ""category"": ""MEDİA"", ""stand"": ""1C056"", ""company_id"": ""310561"", ""source_url"": ""https://caspianoilgas.az/az/exhibitors-list/year/2026""}]}"
expo-00860,RETOUCH MEMARLIQ VƏ DİZAYN MMC,Azərbaycan,MEDİA,B2020,BakuBuild,2022,1,"{""appearances"": [{""exhibition"": ""bakubuild"", ""exhibition_label"": ""BakuBuild"", ""year"": ""2022"", ""category"": ""MEDİA"", ""stand"": ""B2020"", ""company_id"": ""7678"", ""source_url"": ""https://bakubuild.az/az/exhibitors-list/year/2022""}]}"
expo-00861,REYNOLDS PROJE MÜHƏNDİSLİK LİMİTED ŞİRKƏTİ,Azərbaycan,NAXÇIVAN MUXTAR RESPUBLİKASININ MİLLİ STENDİ,2F057,InterFood Azerbaijan,2025,1,"{""appearances"": [{""exhibition"": ""interfood"", ""exhibition_label"": ""InterFood Azerbaijan"", ""year"": ""2025"", ""category"": ""NAXÇIVAN MUXTAR RESPUBLİKASININ MİLLİ STENDİ"", ""stand"": ""2F057"", ""company_id"": ""334327"", ""source_url"": ""https://interfood.az/az/exhibitors-list/year/2025""}]}"
expo-00862,RİELTOR.AZ,Azərbaycan,MEDİA,,BakuBuild | Securex Caspian,2019,2,"{""appearances"": [{""exhibition"": ""bakubuild"", ""exhibition_label"": ""BakuBuild"", ""year"": ""2019"", ""category"": ""MEDİA"", ""stand"": ""-"", ""company_id"": ""5859"", ""source_url"": ""https://bakubuild.az/az/exhibitors-list/year/2019""}, {""exhibition"": ""securexcaspian"", ""exhibition_label"": ""Securex Caspian"", ""year"": ""2019"", ""category"": ""MEDİA"", ""stand"": ""-"", ""company_id"": ""5859"", ""source_url"": ""https://securexcaspian.az/az/exhibitors-list/year/2019""}]}"
expo-00863,RMG STUDIO MMC,Azərbaycan,MEDİA,M114,InterFood Azerbaijan,2025,1,"{""appearances"": [{""exhibition"": ""interfood"", ""exhibition_label"": ""InterFood Azerbaijan"", ""year"": ""2025"", ""category"": ""MEDİA"", ""stand"": ""M114"", ""company_id"": """", ""source_url"": ""https://interfood.az/az/exhibitors-list/year/2025""}]}"
expo-00864,ROCK FLOW DYNAMICS PTE LTD,Azərbaycan,MEDİA,1C042,Caspian Oil & Gas,2024,1,"{""appearances"": [{""exhibition"": ""caspianoilgas"", ""exhibition_label"": ""Caspian Oil & Gas"", ""year"": ""2024"", ""category"": ""MEDİA"", ""stand"": ""1C042"", ""company_id"": """", ""source_url"": ""https://caspianoilgas.az/az/exhibitors-list/year/2024""}]}"
expo-00865,ROCKVELL.COM,Azərbaycan,MEDİA,,Aquatherm Baku | BakuBuild | Caspian Agro Week | Caspian Oil & Gas | InterFood Azerbaijan,2023 | 2024,7,"{""appearances"": [{""exhibition"": ""bakubuild"", ""exhibition_label"": ""BakuBuild"", ""year"": ""2023"", ""category"": ""MEDİA"", ""stand"": ""-"", ""company_id"": ""278897"", ""source_url"": ""https://bakubuild.az/az/exhibitors-list/year/2023""}, {""exhibition"": ""bakubuild"", ""exhibition_label"": ""BakuBuild"", ""year"": ""2024"", ""category"": ""MEDİA"", ""stand"": ""-"", ""company_id"": ""278897"", ""source_url"": ""https://bakubuild.az/az/exhibitors-list/year/2024""}, {""exhibition"": ""aquatherm"", ""exhibition_label"": ""Aquatherm Baku"", ""year"": ""2023"", ""category"": ""MEDİA"", ""stand"": ""-"", ""company_id"": ""278897"", ""source_url"": ""https://aquatherm.az/az/exhibitors-list/year/2023""}, {""exhibition"": ""interfood"", ""exhibition_label"": ""InterFood Azerbaijan"", ""year"": ""2024"", ""category"": ""MEDİA"", ""stand"": ""-"", ""company_id"": ""278897"", ""source_url"": ""https://interfood.az/az/exhibitors-list/year/2024""}, {""exhibition"": ""caspianoilgas"", ""exhibition_label"": ""Caspian Oil & Gas"", ""year"": ""2024"", ""category"": ""MEDİA"", ""stand"": ""-"", ""company_id"": ""278897"", ""source_url"": ""https://caspianoilgas.az/az/exhibitors-list/year/2024""}, {""exhibition"": ""caspianagroweek"", ""exhibition_label"": ""Caspian Agro Week"", ""year"": ""2023"", ""category"": ""MEDİA"", ""stand"": ""-"", ""company_id"": ""278897"", ""source_url"": ""https://caspianagroweek.az/az/exhibitors-list/year/2023""}, {""exhibition"": ""caspianagroweek"", ""exhibition_label"": ""Caspian Agro Week"", ""year"": ""2024"", ""category"": ""MEDİA"", ""stand"": ""-"", ""company_id"": ""278897"", ""source_url"": ""https://caspianagroweek.az/az/exhibitors-list/year/2024""}]}"
expo-00866,RORTVEST SAFETY UNİFORM MMC,Azərbaycan,MEDİA | ÇELYABİNSK VİLAYƏTİ,1B002 | 1C012,BakuBuild | Caspian Oil & Gas,2023,2,"{""appearances"": [{""exhibition"": ""bakubuild"", ""exhibition_label"": ""BakuBuild"", ""year"": ""2023"", ""category"": ""ÇELYABİNSK VİLAYƏTİ"", ""stand"": ""1B002"", ""company_id"": ""5628"", ""source_url"": ""https://bakubuild.az/az/exhibitors-list/year/2023""}, {""exhibition"": ""caspianoilgas"", ""exhibition_label"": ""Caspian Oil & Gas"", ""year"": ""2023"", ""category"": ""MEDİA"", ""stand"": ""1C012"", ""company_id"": ""5628"", ""source_url"": ""https://caspianoilgas.az/az/exhibitors-list/year/2023""}]}"
expo-00867,RYNEX SOLUTIONS MMC,Azərbaycan,,,Securex Caspian,2026,1,"{""appearances"": [{""exhibition"": ""securexcaspian"", ""exhibition_label"": ""Securex Caspian"", ""year"": ""2026"", ""category"": """", ""stand"": ""-"", ""company_id"": ""358498"", ""source_url"": ""https://securexcaspian.az/az/exhibitors-list/year/2026""}]}"
expo-00868,RZ-İNTER MMC,Azərbaycan,MEDİA,1106/1,Caspian Oil & Gas,2019,1,"{""appearances"": [{""exhibition"": ""caspianoilgas"", ""exhibition_label"": ""Caspian Oil & Gas"", ""year"": ""2019"", ""category"": ""MEDİA"", ""stand"": ""1106/1"", ""company_id"": ""4782"", ""source_url"": ""https://caspianoilgas.az/az/exhibitors-list/year/2019""}]}"
expo-00869,RƏMZİOĞLU PAXLACA MMC,Azərbaycan,NAXÇIVAN MUXTAR RESPUBLİKASININ MİLLİ STENDİ,4F202-3,InterFood Azerbaijan,2025,1,"{""appearances"": [{""exhibition"": ""interfood"", ""exhibition_label"": ""InterFood Azerbaijan"", ""year"": ""2025"", ""category"": ""NAXÇIVAN MUXTAR RESPUBLİKASININ MİLLİ STENDİ"", ""stand"": ""4F202-3"", ""company_id"": """", ""source_url"": ""https://interfood.az/az/exhibitors-list/year/2025""}]}"
expo-00870,RƏMZİOĞLU PAXLAVA MMC,Azərbaycan,ŞİRVAN AQRO MMC,4F230-2,InterFood Azerbaijan,2026,1,"{""appearances"": [{""exhibition"": ""interfood"", ""exhibition_label"": ""InterFood Azerbaijan"", ""year"": ""2026"", ""category"": ""ŞİRVAN AQRO MMC"", ""stand"": ""4F230-2"", ""company_id"": ""352946"", ""source_url"": ""https://interfood.az/az/exhibitors-list/year/2026""}]}"
expo-00871,S-ENNA MMC,Azərbaycan,MEDİA | TƏRƏFDAŞLAR | ÇELYABİNSK VİLAYƏTİ,1B236 | 2B220 | B1222,BakuBuild,2022 | 2023 | 2025,3,"{""appearances"": [{""exhibition"": ""bakubuild"", ""exhibition_label"": ""BakuBuild"", ""year"": ""2022"", ""category"": ""MEDİA"", ""stand"": ""B1222"", ""company_id"": ""7001"", ""source_url"": ""https://bakubuild.az/az/exhibitors-list/year/2022""}, {""exhibition"": ""bakubuild"", ""exhibition_label"": ""BakuBuild"", ""year"": ""2023"", ""category"": ""ÇELYABİNSK VİLAYƏTİ"", ""stand"": ""1B236"", ""company_id"": ""7001"", ""source_url"": ""https://bakubuild.az/az/exhibitors-list/year/2023""}, {""exhibition"": ""bakubuild"", ""exhibition_label"": ""BakuBuild"", ""year"": ""2025"", ""category"": ""TƏRƏFDAŞLAR"", ""stand"": ""2B220"", ""company_id"": ""7001"", ""source_url"": ""https://bakubuild.az/az/exhibitors-list/year/2025""}]}"
expo-00872,S.I.G.N LTD MMC,Azərbaycan,TƏRƏFDAŞLAR,2B542,BakuBuild,2025,1,"{""appearances"": [{""exhibition"": ""bakubuild"", ""exhibition_label"": ""BakuBuild"", ""year"": ""2025"", ""category"": ""TƏRƏFDAŞLAR"", ""stand"": ""2B542"", ""company_id"": ""345110"", ""source_url"": ""https://bakubuild.az/az/exhibitors-list/year/2025""}]}"
expo-00873,SABKOND-HVAC,Azərbaycan,MEDİA | TƏRƏFDAŞLAR,A2110 | A2112,Aquatherm Baku | Securex Caspian,2019 | 2021 | 2022,4,"{""appearances"": [{""exhibition"": ""aquatherm"", ""exhibition_label"": ""Aquatherm Baku"", ""year"": ""2019"", ""category"": ""TƏRƏFDAŞLAR"", ""stand"": ""A2112"", ""company_id"": ""5539"", ""source_url"": ""https://aquatherm.az/az/exhibitors-list/year/2019""}, {""exhibition"": ""aquatherm"", ""exhibition_label"": ""Aquatherm Baku"", ""year"": ""2021"", ""category"": ""MEDİA"", ""stand"": ""A2112"", ""company_id"": ""5539"", ""source_url"": ""https://aquatherm.az/az/exhibitors-list/year/2021""}, {""exhibition"": ""aquatherm"", ""exhibition_label"": ""Aquatherm Baku"", ""year"": ""2022"", ""category"": ""MEDİA"", ""stand"": ""A2110"", ""company_id"": ""5539"", ""source_url"": ""https://aquatherm.az/az/exhibitors-list/year/2022""}, {""exhibition"": ""securexcaspian"", ""exhibition_label"": ""Securex Caspian"", ""year"": ""2019"", ""category"": ""TƏRƏFDAŞLAR"", ""stand"": ""A2112"", ""company_id"": ""5539"", ""source_url"": ""https://securexcaspian.az/az/exhibitors-list/year/2019""}]}"
expo-00874,SAFE SEASON MMC,Azərbaycan,MEDİA,1B234,BakuBuild,2024,1,"{""appearances"": [{""exhibition"": ""bakubuild"", ""exhibition_label"": ""BakuBuild"", ""year"": ""2024"", ""category"": ""MEDİA"", ""stand"": ""1B234"", ""company_id"": ""324624"", ""source_url"": ""https://bakubuild.az/az/exhibitors-list/year/2024""}]}"
expo-00875,SAHIBKARLIĞIN İNKIŞAFİ FONDU,Azərbaycan,MEDİA,,Caspian Oil & Gas,2024,1,"{""appearances"": [{""exhibition"": ""caspianoilgas"", ""exhibition_label"": ""Caspian Oil & Gas"", ""year"": ""2024"", ""category"": ""MEDİA"", ""stand"": ""-"", ""company_id"": """", ""source_url"": ""https://caspianoilgas.az/az/exhibitors-list/year/2024""}]}"
expo-00876,SAKURAZ MMC,Azərbaycan,MEDİA,S1005,Securex Caspian,2022,1,"{""appearances"": [{""exhibition"": ""securexcaspian"", ""exhibition_label"": ""Securex Caspian"", ""year"": ""2022"", ""category"": ""MEDİA"", ""stand"": ""S1005"", ""company_id"": ""6948"", ""source_url"": ""https://securexcaspian.az/az/exhibitors-list/year/2022""}]}"
expo-00877,SALAMNEWS İNFORMASİYA AGENTLİYİ,Azərbaycan,MEDİA,,Aquatherm Baku | BakuBuild | Beauty Expo Baku | Caspian Agro Week | Caspian Oil & Gas | InterFood Azerbaijan | Securex Caspian | TransLogistica Caspian,2019 | 2022,18,"{""appearances"": [{""exhibition"": ""bakubuild"", ""exhibition_label"": ""BakuBuild"", ""year"": ""2019"", ""category"": ""MEDİA"", ""stand"": ""-"", ""company_id"": ""4267"", ""source_url"": ""https://bakubuild.az/az/exhibitors-list/year/2019""}, {""exhibition"": ""bakubuild"", ""exhibition_label"": ""BakuBuild"", ""year"": ""2022"", ""category"": ""MEDİA"", ""stand"": ""-"", ""company_id"": ""4267"", ""source_url"": ""https://bakubuild.az/az/exhibitors-list/year/2022""}, {""exhibition"": ""aquatherm"", ""exhibition_label"": ""Aquatherm Baku"", ""year"": ""2019"", ""category"": ""MEDİA"", ""stand"": ""-"", ""company_id"": ""4267"", ""source_url"": ""https://aquatherm.az/az/exhibitors-list/year/2019""}, {""exhibition"": ""aquatherm"", ""exhibition_label"": ""Aquatherm Baku"", ""year"": ""2022"", ""category"": ""MEDİA"", ""stand"": ""-"", ""company_id"": ""4267"", ""source_url"": ""https://aquatherm.az/az/exhibitors-list/year/2022""}, {""exhibition"": ""beautyexpo"", ""exhibition_label"": ""Beauty Expo Baku"", ""year"": ""2019"", ""category"": ""MEDİA"", ""stand"": ""-"", ""company_id"": ""4267"", ""source_url"": ""https://beautyexpo.az/az/exhibitors-list/year/2019""}, {""exhibition"": ""beautyexpo"", ""exhibition_label"": ""Beauty Expo Baku"", ""year"": ""2022"", ""category"": ""MEDİA"", ""stand"": ""-"", ""company_id"": ""4267"", ""source_url"": ""https://beautyexpo.az/az/exhibitors-list/year/2022""}, {""exhibition"": ""interfood"", ""exhibition_label"": ""InterFood Azerbaijan"", ""year"": ""2019"", ""category"": ""MEDİA"", ""stand"": ""-"", ""company_id"": ""4267"", ""source_url"": ""https://interfood.az/az/exhibitors-list/year/2019""}, {""exhibition"": ""interfood"", ""exhibition_label"": ""InterFood Azerbaijan"", ""year"": ""2022"", ""category"": ""MEDİA"", ""stand"": ""-"", ""company_id"": ""4267"", ""source_url"": ""https://interfood.az/az/exhibitors-list/year/2022""}, {""exhibition"": ""caspianoilgas"", ""exhibition_label"": ""Caspian Oil & Gas"", ""year"": ""2019"", ""category"": ""MEDİA"", ""stand"": ""-"", ""company_id"": ""4267"", ""source_url"": ""https://caspianoilgas.az/az/exhibitors-list/year/2019""}, {""exhibition"": ""caspianoilgas"", ""exhibition_label"": ""Caspian Oil & Gas"", ""year"": ""2022"", ""category"": ""MEDİA"", ""stand"": ""-"", ""company_id"": ""4267"", ""source_url"": ""https://caspianoilgas.az/az/exhibitors-list/year/2022""}, {""exhibition"": ""securexcaspian"", ""exhibition_label"": ""Securex Caspian"", ""year"": ""2019"", ""category"": ""MEDİA"", ""stand"": ""-"", ""company_id"": ""4267"", ""source_url"": ""https://securexcaspian.az/az/exhibitors-list/year/2019""}, {""exhibition"": ""securexcaspian"", ""exhibition_label"": ""Securex Caspian"", ""year"": ""2019"", ""category"": ""MEDİA"", ""stand"": ""-"", ""company_id"": ""4267"", ""source_url"": ""https://securexcaspian.az/az/exhibitors-list/year/2019""}, {""exhibition"": ""securexcaspian"", ""exhibition_label"": ""Securex Caspian"", ""year"": ""2022"", ""category"": ""MEDİA"", ""stand"": ""-"", ""company_id"": ""4267"", ""source_url"": ""https://securexcaspian.az/az/exhibitors-list/year/2022""}, {""exhibition"": ""securexcaspian"", ""exhibition_label"": ""Securex Caspian"", ""year"": ""2022"", ""category"": ""MEDİA"", ""stand"": ""-"", ""company_id"": ""4267"", ""source_url"": ""https://securexcaspian.az/az/exhibitors-list/year/2022""}, {""exhibition"": ""translogistica"", ""exhibition_label"": ""TransLogistica Caspian"", ""year"": ""2019"", ""category"": ""MEDİA"", ""stand"": ""-"", ""company_id"": ""4267"", ""source_url"": ""https://translogistica.az/az/exhibitors-list/year/2019""}, {""exhibition"": ""translogistica"", ""exhibition_label"": ""TransLogistica Caspian"", ""year"": ""2022"", ""category"": ""MEDİA"", ""stand"": ""-"", ""company_id"": ""4267"", ""source_url"": ""https://translogistica.az/az/exhibitors-list/year/2022""}, {""exhibition"": ""caspianagroweek"", ""exhibition_label"": ""Caspian Agro Week"", ""year"": ""2019"", ""category"": ""MEDİA"", ""stand"": ""-"", ""company_id"": ""4267"", ""source_url"": ""https://caspianagroweek.az/az/exhibitors-list/year/2019""}, {""exhibition"": ""caspianagroweek"", ""exhibition_label"": ""Caspian Agro Week"", ""year"": ""2022"", ""category"": ""MEDİA"", ""stand"": ""-"", ""company_id"": ""4267"", ""source_url"": ""https://caspianagroweek.az/az/exhibitors-list/year/2022""}]}"
expo-00878,SANDIQÇA,Azərbaycan,MEDİA,P102 | P104 | P116 | P122 | P132,BakuBuild | Beauty Expo Baku | Caspian Oil & Gas | InterFood Azerbaijan | Securex Caspian,2019 | 2021 | 2025,7,"{""appearances"": [{""exhibition"": ""bakubuild"", ""exhibition_label"": ""BakuBuild"", ""year"": ""2019"", ""category"": ""MEDİA"", ""stand"": ""P116"", ""company_id"": ""4409"", ""source_url"": ""https://bakubuild.az/az/exhibitors-list/year/2019""}, {""exhibition"": ""beautyexpo"", ""exhibition_label"": ""Beauty Expo Baku"", ""year"": ""2019"", ""category"": ""MEDİA"", ""stand"": ""P122"", ""company_id"": ""4409"", ""source_url"": ""https://beautyexpo.az/az/exhibitors-list/year/2019""}, {""exhibition"": ""interfood"", ""exhibition_label"": ""InterFood Azerbaijan"", ""year"": ""2019"", ""category"": ""MEDİA"", ""stand"": ""P132"", ""company_id"": ""4409"", ""source_url"": ""https://interfood.az/az/exhibitors-list/year/2019""}, {""exhibition"": ""interfood"", ""exhibition_label"": ""InterFood Azerbaijan"", ""year"": ""2021"", ""category"": ""MEDİA"", ""stand"": ""P104"", ""company_id"": ""4409"", ""source_url"": ""https://interfood.az/az/exhibitors-list/year/2021""}, {""exhibition"": ""caspianoilgas"", ""exhibition_label"": ""Caspian Oil & Gas"", ""year"": ""2019"", ""category"": ""MEDİA"", ""stand"": ""P102"", ""company_id"": ""4409"", ""source_url"": ""https://caspianoilgas.az/az/exhibitors-list/year/2019""}, {""exhibition"": ""caspianoilgas"", ""exhibition_label"": ""Caspian Oil & Gas"", ""year"": ""2025"", ""category"": ""MEDİA"", ""stand"": ""-"", ""company_id"": """", ""source_url"": ""https://caspianoilgas.az/az/exhibitors-list/year/2025""}, {""exhibition"": ""securexcaspian"", ""exhibition_label"": ""Securex Caspian"", ""year"": ""2019"", ""category"": ""MEDİA"", ""stand"": ""P116"", ""company_id"": ""4409"", ""source_url"": ""https://securexcaspian.az/az/exhibitors-list/year/2019""}]}"
expo-00879,SARA GROUP,Azərbaycan,MEDİA,A2316-2,Caspian Agro Week,2022,1,"{""appearances"": [{""exhibition"": ""caspianagroweek"", ""exhibition_label"": ""Caspian Agro Week"", ""year"": ""2022"", ""category"": ""MEDİA"", ""stand"": ""A2316-2"", ""company_id"": """", ""source_url"": ""https://caspianagroweek.az/az/exhibitors-list/year/2022""}]}"
expo-00880,SARA LOGİSTİCS,Azərbaycan,MEDİA,2T320 | 2T330 | 2T332 | 2T450 | T2320,TransLogistica Caspian,2022 | 2023 | 2024 | 2025 | 2026,5,"{""appearances"": [{""exhibition"": ""translogistica"", ""exhibition_label"": ""TransLogistica Caspian"", ""year"": ""2022"", ""category"": ""MEDİA"", ""stand"": ""T2320"", ""company_id"": ""6893"", ""source_url"": ""https://translogistica.az/az/exhibitors-list/year/2022""}, {""exhibition"": ""translogistica"", ""exhibition_label"": ""TransLogistica Caspian"", ""year"": ""2023"", ""category"": ""MEDİA"", ""stand"": ""2T320"", ""company_id"": ""277996"", ""source_url"": ""https://translogistica.az/az/exhibitors-list/year/2023""}, {""exhibition"": ""translogistica"", ""exhibition_label"": ""TransLogistica Caspian"", ""year"": ""2024"", ""category"": ""MEDİA"", ""stand"": ""2T450"", ""company_id"": ""277996"", ""source_url"": ""https://translogistica.az/az/exhibitors-list/year/2024""}, {""exhibition"": ""translogistica"", ""exhibition_label"": ""TransLogistica Caspian"", ""year"": ""2025"", ""category"": ""MEDİA"", ""stand"": ""2T330"", ""company_id"": ""6893"", ""source_url"": ""https://translogistica.az/az/exhibitors-list/year/2025""}, {""exhibition"": ""translogistica"", ""exhibition_label"": ""TransLogistica Caspian"", ""year"": ""2026"", ""category"": ""MEDİA"", ""stand"": ""2T332"", ""company_id"": ""277996"", ""source_url"": ""https://translogistica.az/az/exhibitors-list/year/2026""}]}"
expo-00881,SARA QRUP QSC,Azərbaycan,MEDİA,2A110,Caspian Agro Week,2023 | 2024 | 2025,3,"{""appearances"": [{""exhibition"": ""caspianagroweek"", ""exhibition_label"": ""Caspian Agro Week"", ""year"": ""2023"", ""category"": ""MEDİA"", ""stand"": ""2A110"", ""company_id"": ""7343"", ""source_url"": ""https://caspianagroweek.az/az/exhibitors-list/year/2023""}, {""exhibition"": ""caspianagroweek"", ""exhibition_label"": ""Caspian Agro Week"", ""year"": ""2024"", ""category"": ""MEDİA"", ""stand"": ""2A110"", ""company_id"": ""7343"", ""source_url"": ""https://caspianagroweek.az/az/exhibitors-list/year/2024""}, {""exhibition"": ""caspianagroweek"", ""exhibition_label"": ""Caspian Agro Week"", ""year"": ""2025"", ""category"": ""MEDİA"", ""stand"": ""2A110"", ""company_id"": ""7343"", ""source_url"": ""https://caspianagroweek.az/az/exhibitors-list/year/2025""}]}"
expo-00882,SARENS AZERBAIJAN MMC,Azərbaycan,MEDİA,2T446,TransLogistica Caspian,2025,1,"{""appearances"": [{""exhibition"": ""translogistica"", ""exhibition_label"": ""TransLogistica Caspian"", ""year"": ""2025"", ""category"": ""MEDİA"", ""stand"": ""2T446"", ""company_id"": ""334787"", ""source_url"": ""https://translogistica.az/az/exhibitors-list/year/2025""}]}"
expo-00883,SARVAN AQRO,Azərbaycan,MEDİA,2A066,Caspian Agro Week,2023,1,"{""appearances"": [{""exhibition"": ""caspianagroweek"", ""exhibition_label"": ""Caspian Agro Week"", ""year"": ""2023"", ""category"": ""MEDİA"", ""stand"": ""2A066"", ""company_id"": ""7996"", ""source_url"": ""https://caspianagroweek.az/az/exhibitors-list/year/2023""}]}"
expo-00884,SAS GROUP MMC,Azərbaycan,MEDİA,4B002,BakuBuild,2024,1,"{""appearances"": [{""exhibition"": ""bakubuild"", ""exhibition_label"": ""BakuBuild"", ""year"": ""2024"", ""category"": ""MEDİA"", ""stand"": ""4B002"", ""company_id"": ""313277"", ""source_url"": ""https://bakubuild.az/az/exhibitors-list/year/2024""}]}"
expo-00885,SAVALAN GROUP MMC,Azərbaycan,TƏRƏFDAŞLAR,A2132,Aquatherm Baku | Securex Caspian,2019,2,"{""appearances"": [{""exhibition"": ""aquatherm"", ""exhibition_label"": ""Aquatherm Baku"", ""year"": ""2019"", ""category"": ""TƏRƏFDAŞLAR"", ""stand"": ""A2132"", ""company_id"": ""5821"", ""source_url"": ""https://aquatherm.az/az/exhibitors-list/year/2019""}, {""exhibition"": ""securexcaspian"", ""exhibition_label"": ""Securex Caspian"", ""year"": ""2019"", ""category"": ""TƏRƏFDAŞLAR"", ""stand"": ""A2132"", ""company_id"": ""5821"", ""source_url"": ""https://securexcaspian.az/az/exhibitors-list/year/2019""}]}"
expo-00886,SAVALAN S KIÇIK MÜƏSSISƏSI,Azərbaycan,AZPROMO,4F204-8,InterFood Azerbaijan,2026,1,"{""appearances"": [{""exhibition"": ""interfood"", ""exhibition_label"": ""InterFood Azerbaijan"", ""year"": ""2026"", ""category"": ""AZPROMO"", ""stand"": ""4F204-8"", ""company_id"": """", ""source_url"": ""https://interfood.az/az/exhibitors-list/year/2026""}]}"
expo-00887,SEA BREEZE,Azərbaycan,MEDİA,,Caspian Oil & Gas,2024,1,"{""appearances"": [{""exhibition"": ""caspianoilgas"", ""exhibition_label"": ""Caspian Oil & Gas"", ""year"": ""2024"", ""category"": ""MEDİA"", ""stand"": ""-"", ""company_id"": """", ""source_url"": ""https://caspianoilgas.az/az/exhibitors-list/year/2024""}]}"
expo-00888,SEMTAŞ,Azərbaycan,TƏRƏFDAŞLAR,2B002,BakuBuild,2025,1,"{""appearances"": [{""exhibition"": ""bakubuild"", ""exhibition_label"": ""BakuBuild"", ""year"": ""2025"", ""category"": ""TƏRƏFDAŞLAR"", ""stand"": ""2B002"", ""company_id"": ""301037"", ""source_url"": ""https://bakubuild.az/az/exhibitors-list/year/2025""}]}"
expo-00889,SENS MMC,Azərbaycan,,,Securex Caspian,2026,1,"{""appearances"": [{""exhibition"": ""securexcaspian"", ""exhibition_label"": ""Securex Caspian"", ""year"": ""2026"", ""category"": """", ""stand"": ""-"", ""company_id"": """", ""source_url"": ""https://securexcaspian.az/az/exhibitors-list/year/2026""}]}"
expo-00890,SEPPI M AZERBAİJAN,Azərbaycan,MEDİA,A3303,Caspian Agro Week,2022,1,"{""appearances"": [{""exhibition"": ""caspianagroweek"", ""exhibition_label"": ""Caspian Agro Week"", ""year"": ""2022"", ""category"": ""MEDİA"", ""stand"": ""A3303"", ""company_id"": ""7043"", ""source_url"": ""https://caspianagroweek.az/az/exhibitors-list/year/2022""}]}"
expo-00891,SEYF PLUS MMC,Azərbaycan,TƏRƏFDAŞLAR,2B054,BakuBuild,2025,1,"{""appearances"": [{""exhibition"": ""bakubuild"", ""exhibition_label"": ""BakuBuild"", ""year"": ""2025"", ""category"": ""TƏRƏFDAŞLAR"", ""stand"": ""2B054"", ""company_id"": """", ""source_url"": ""https://bakubuild.az/az/exhibitors-list/year/2025""}]}"
expo-00892,SEZER AGRICULTURE AND MILKING TECHNOLOGIES,Azərbaycan,MEDİA,A2218,Caspian Agro Week,2019,1,"{""appearances"": [{""exhibition"": ""caspianagroweek"", ""exhibition_label"": ""Caspian Agro Week"", ""year"": ""2019"", ""category"": ""MEDİA"", ""stand"": ""A2218"", ""company_id"": ""4912"", ""source_url"": ""https://caspianagroweek.az/az/exhibitors-list/year/2019""}]}"
expo-00893,SF-SR GROUP MMC,Azərbaycan,MEDİA,2B060,BakuBuild,2024,1,"{""appearances"": [{""exhibition"": ""bakubuild"", ""exhibition_label"": ""BakuBuild"", ""year"": ""2024"", ""category"": ""MEDİA"", ""stand"": ""2B060"", ""company_id"": ""300821"", ""source_url"": ""https://bakubuild.az/az/exhibitors-list/year/2024""}]}"
expo-00894,SHABRAN-D MMC,Azərbaycan,MEDİA | TƏRƏFDAŞ,A1224 | A3004,Caspian Agro Week,2021 | 2022,2,"{""appearances"": [{""exhibition"": ""caspianagroweek"", ""exhibition_label"": ""Caspian Agro Week"", ""year"": ""2021"", ""category"": ""TƏRƏFDAŞ"", ""stand"": ""A1224"", ""company_id"": ""6225"", ""source_url"": ""https://caspianagroweek.az/az/exhibitors-list/year/2021""}, {""exhibition"": ""caspianagroweek"", ""exhibition_label"": ""Caspian Agro Week"", ""year"": ""2022"", ""category"": ""MEDİA"", ""stand"": ""A3004"", ""company_id"": ""6225"", ""source_url"": ""https://caspianagroweek.az/az/exhibitors-list/year/2022""}]}"
expo-00895,SHANS TRADE LTD,Azərbaycan,MEDİA,2A230 | A2004,Caspian Agro Week,2022 | 2023,2,"{""appearances"": [{""exhibition"": ""caspianagroweek"", ""exhibition_label"": ""Caspian Agro Week"", ""year"": ""2022"", ""category"": ""MEDİA"", ""stand"": ""A2004"", ""company_id"": ""6486"", ""source_url"": ""https://caspianagroweek.az/az/exhibitors-list/year/2022""}, {""exhibition"": ""caspianagroweek"", ""exhibition_label"": ""Caspian Agro Week"", ""year"": ""2023"", ""category"": ""MEDİA"", ""stand"": ""2A230"", ""company_id"": ""6486"", ""source_url"": ""https://caspianagroweek.az/az/exhibitors-list/year/2023""}]}"
expo-00896,SHARAF MEDIA,Azərbaycan,MEDİA,3P028,BakuBuild,2023,1,"{""appearances"": [{""exhibition"": ""bakubuild"", ""exhibition_label"": ""BakuBuild"", ""year"": ""2023"", ""category"": ""MEDİA"", ""stand"": ""3P028"", ""company_id"": ""301703"", ""source_url"": ""https://bakubuild.az/az/exhibitors-list/year/2023""}]}"
expo-00897,SHELKOVO AGROXİM,Azərbaycan,MEDİA,A1002,Caspian Agro Week,2019,1,"{""appearances"": [{""exhibition"": ""caspianagroweek"", ""exhibition_label"": ""Caspian Agro Week"", ""year"": ""2019"", ""category"": ""MEDİA"", ""stand"": ""A1002"", ""company_id"": ""5186"", ""source_url"": ""https://caspianagroweek.az/az/exhibitors-list/year/2019""}]}"
expo-00898,SHIRVAN AGRO LLC,Azərbaycan,ATS FOOD | MURMANSK VİLAYETİ,2F142-2,InterFood Azerbaijan,2023 | 2027,2,"{""appearances"": [{""exhibition"": ""interfood"", ""exhibition_label"": ""InterFood Azerbaijan"", ""year"": ""2023"", ""category"": ""MURMANSK VİLAYETİ"", ""stand"": ""2F142-2"", ""company_id"": """", ""source_url"": ""https://interfood.az/az/exhibitors-list/year/2023""}, {""exhibition"": ""interfood"", ""exhibition_label"": ""InterFood Azerbaijan"", ""year"": ""2027"", ""category"": ""ATS FOOD"", ""stand"": ""-"", ""company_id"": """", ""source_url"": ""https://interfood.az/az/exhibitors-list/year/2027""}]}"
expo-00899,SHIRVAN WINES LLC,Azərbaycan,ATS FOOD,,InterFood Azerbaijan,2027,1,"{""appearances"": [{""exhibition"": ""interfood"", ""exhibition_label"": ""InterFood Azerbaijan"", ""year"": ""2027"", ""category"": ""ATS FOOD"", ""stand"": ""-"", ""company_id"": """", ""source_url"": ""https://interfood.az/az/exhibitors-list/year/2027""}]}"
expo-00900,SILO CONSTRUCTION MMC,Azərbaycan,MEDİA | MYSILO TAHIL DEPOLAMA SISTEMLERI SAN VE TIC A.S.,2A312-1,Caspian Agro Week,2022 | 2024 | 2025 | 2026,4,"{""appearances"": [{""exhibition"": ""caspianagroweek"", ""exhibition_label"": ""Caspian Agro Week"", ""year"": ""2022"", ""category"": ""MEDİA"", ""stand"": ""-"", ""company_id"": ""6017"", ""source_url"": ""https://caspianagroweek.az/az/exhibitors-list/year/2022""}, {""exhibition"": ""caspianagroweek"", ""exhibition_label"": ""Caspian Agro Week"", ""year"": ""2024"", ""category"": ""MEDİA"", ""stand"": ""2A312-1"", ""company_id"": ""6017"", ""source_url"": ""https://caspianagroweek.az/az/exhibitors-list/year/2024""}, {""exhibition"": ""caspianagroweek"", ""exhibition_label"": ""Caspian Agro Week"", ""year"": ""2025"", ""category"": ""MEDİA"", ""stand"": ""2A312-1"", ""company_id"": """", ""source_url"": ""https://caspianagroweek.az/az/exhibitors-list/year/2025""}, {""exhibition"": ""caspianagroweek"", ""exhibition_label"": ""Caspian Agro Week"", ""year"": ""2026"", ""category"": ""MYSILO TAHIL DEPOLAMA SISTEMLERI SAN VE TIC A.S."", ""stand"": ""2A312-1"", ""company_id"": ""6017"", ""source_url"": ""https://caspianagroweek.az/az/exhibitors-list/year/2026""}]}"
expo-00901,SIMERAX GROUP,Azərbaycan,AZERA HOLDING,2A110-6,Caspian Agro Week,2026,1,"{""appearances"": [{""exhibition"": ""caspianagroweek"", ""exhibition_label"": ""Caspian Agro Week"", ""year"": ""2026"", ""category"": ""AZERA HOLDING"", ""stand"": ""2A110-6"", ""company_id"": """", ""source_url"": ""https://caspianagroweek.az/az/exhibitors-list/year/2026""}]}"
expo-00902,SİGMA TECHNİCAL SERVİCES,Azərbaycan,MEDİA,1C134 | C1111,Caspian Oil & Gas,2022 | 2023,2,"{""appearances"": [{""exhibition"": ""caspianoilgas"", ""exhibition_label"": ""Caspian Oil & Gas"", ""year"": ""2022"", ""category"": ""MEDİA"", ""stand"": ""C1111"", ""company_id"": """", ""source_url"": ""https://caspianoilgas.az/az/exhibitors-list/year/2022""}, {""exhibition"": ""caspianoilgas"", ""exhibition_label"": ""Caspian Oil & Gas"", ""year"": ""2023"", ""category"": ""MEDİA"", ""stand"": ""1C134"", ""company_id"": ""7238"", ""source_url"": ""https://caspianoilgas.az/az/exhibitors-list/year/2023""}]}"
expo-00903,SİKA MMC,Azərbaycan,MEDİA | TƏRƏFDAŞLAR,B1212 | B2216,BakuBuild,2021 | 2022,2,"{""appearances"": [{""exhibition"": ""bakubuild"", ""exhibition_label"": ""BakuBuild"", ""year"": ""2021"", ""category"": ""TƏRƏFDAŞLAR"", ""stand"": ""B2216"", ""company_id"": ""6268"", ""source_url"": ""https://bakubuild.az/az/exhibitors-list/year/2021""}, {""exhibition"": ""bakubuild"", ""exhibition_label"": ""BakuBuild"", ""year"": ""2022"", ""category"": ""MEDİA"", ""stand"": ""B1212"", ""company_id"": ""6268"", ""source_url"": ""https://bakubuild.az/az/exhibitors-list/year/2022""}]}"
expo-00904,SİLK VEY HELİKOPTER SERVİCES MMC,Azərbaycan,MEDİA,1114,Caspian Oil & Gas,2019,1,"{""appearances"": [{""exhibition"": ""caspianoilgas"", ""exhibition_label"": ""Caspian Oil & Gas"", ""year"": ""2019"", ""category"": ""MEDİA"", ""stand"": ""1114"", ""company_id"": ""4609"", ""source_url"": ""https://caspianoilgas.az/az/exhibitors-list/year/2019""}]}"
expo-00905,SKYLİNE TECHNİCS QSC,Azərbaycan,MEDİA,5A115,Caspian Agro Week,2024,1,"{""appearances"": [{""exhibition"": ""caspianagroweek"", ""exhibition_label"": ""Caspian Agro Week"", ""year"": ""2024"", ""category"": ""MEDİA"", ""stand"": ""5A115"", ""company_id"": ""308489"", ""source_url"": ""https://caspianagroweek.az/az/exhibitors-list/year/2024""}]}"
expo-00906,SLB,Azərbaycan,MEDİA,1C120 | 2116,Caspian Oil & Gas,2022 | 2023 | 2024,3,"{""appearances"": [{""exhibition"": ""caspianoilgas"", ""exhibition_label"": ""Caspian Oil & Gas"", ""year"": ""2022"", ""category"": ""MEDİA"", ""stand"": ""2116"", ""company_id"": ""4767"", ""source_url"": ""https://caspianoilgas.az/az/exhibitors-list/year/2022""}, {""exhibition"": ""caspianoilgas"", ""exhibition_label"": ""Caspian Oil & Gas"", ""year"": ""2023"", ""category"": ""MEDİA"", ""stand"": ""1C120"", ""company_id"": ""4767"", ""source_url"": ""https://caspianoilgas.az/az/exhibitors-list/year/2023""}, {""exhibition"": ""caspianoilgas"", ""exhibition_label"": ""Caspian Oil & Gas"", ""year"": ""2024"", ""category"": ""MEDİA"", ""stand"": ""1C120"", ""company_id"": ""4767"", ""source_url"": ""https://caspianoilgas.az/az/exhibitors-list/year/2024""}]}"
expo-00907,SLOVAKİYA RESPUBLİKASININ BAKIDAKI SƏFİRLİYİ,Azərbaycan,MEDİA,A3008,Caspian Agro Week,2022,1,"{""appearances"": [{""exhibition"": ""caspianagroweek"", ""exhibition_label"": ""Caspian Agro Week"", ""year"": ""2022"", ""category"": ""MEDİA"", ""stand"": ""A3008"", ""company_id"": ""6956"", ""source_url"": ""https://caspianagroweek.az/az/exhibitors-list/year/2022""}]}"
expo-00908,SMART AGRO MMC,Azərbaycan,MEDİA,A2018,Caspian Agro Week,2019,1,"{""appearances"": [{""exhibition"": ""caspianagroweek"", ""exhibition_label"": ""Caspian Agro Week"", ""year"": ""2019"", ""category"": ""MEDİA"", ""stand"": ""A2018"", ""company_id"": ""4722"", ""source_url"": ""https://caspianagroweek.az/az/exhibitors-list/year/2019""}]}"
expo-00909,SMART SAFETY,Azərbaycan,,,Securex Caspian,2026,1,"{""appearances"": [{""exhibition"": ""securexcaspian"", ""exhibition_label"": ""Securex Caspian"", ""year"": ""2026"", ""category"": """", ""stand"": ""-"", ""company_id"": """", ""source_url"": ""https://securexcaspian.az/az/exhibitors-list/year/2026""}]}"
expo-00910,SMART SECURITY MMC,Azərbaycan,MEDİA,S2036,Securex Caspian,2022,1,"{""appearances"": [{""exhibition"": ""securexcaspian"", ""exhibition_label"": ""Securex Caspian"", ""year"": ""2022"", ""category"": ""MEDİA"", ""stand"": ""S2036"", ""company_id"": ""6952"", ""source_url"": ""https://securexcaspian.az/az/exhibitors-list/year/2022""}]}"
expo-00911,SMART STYLE MMC,Azərbaycan,MEDİA,A2008,Securex Caspian,2022,1,"{""appearances"": [{""exhibition"": ""securexcaspian"", ""exhibition_label"": ""Securex Caspian"", ""year"": ""2022"", ""category"": ""MEDİA"", ""stand"": ""A2008"", ""company_id"": ""6460"", ""source_url"": ""https://securexcaspian.az/az/exhibitors-list/year/2022""}]}"
expo-00912,SMİNAGRO,Azərbaycan,MEDİA,A1026,Caspian Agro Week,2019,1,"{""appearances"": [{""exhibition"": ""caspianagroweek"", ""exhibition_label"": ""Caspian Agro Week"", ""year"": ""2019"", ""category"": ""MEDİA"", ""stand"": ""A1026"", ""company_id"": ""4727"", ""source_url"": ""https://caspianagroweek.az/az/exhibitors-list/year/2019""}]}"
expo-00913,SOBSAN MMC,Azərbaycan,TƏRƏFDAŞLAR,,BakuBuild,2026,1,"{""appearances"": [{""exhibition"": ""bakubuild"", ""exhibition_label"": ""BakuBuild"", ""year"": ""2026"", ""category"": ""TƏRƏFDAŞLAR"", ""stand"": ""-"", ""company_id"": """", ""source_url"": ""https://bakubuild.az/az/exhibitors-list/year/2026""}]}"
expo-00914,SOCAR,Azərbaycan,MEDİA,1C220,Caspian Oil & Gas,2023,1,"{""appearances"": [{""exhibition"": ""caspianoilgas"", ""exhibition_label"": ""Caspian Oil & Gas"", ""year"": ""2023"", ""category"": ""MEDİA"", ""stand"": ""1C220"", ""company_id"": """", ""source_url"": ""https://caspianoilgas.az/az/exhibitors-list/year/2023""}]}"
expo-00915,SOCAR FUGRO  MMC,Azərbaycan,MEDİA,1052 | 1C006 | 1C007 | 1C048 | 1C056 | C1062,Caspian Oil & Gas,2019 | 2022 | 2023 | 2024 | 2025 | 2026,6,"{""appearances"": [{""exhibition"": ""caspianoilgas"", ""exhibition_label"": ""Caspian Oil & Gas"", ""year"": ""2019"", ""category"": ""MEDİA"", ""stand"": ""1052"", ""company_id"": ""5118"", ""source_url"": ""https://caspianoilgas.az/az/exhibitors-list/year/2019""}, {""exhibition"": ""caspianoilgas"", ""exhibition_label"": ""Caspian Oil & Gas"", ""year"": ""2022"", ""category"": ""MEDİA"", ""stand"": ""C1062"", ""company_id"": ""6863"", ""source_url"": ""https://caspianoilgas.az/az/exhibitors-list/year/2022""}, {""exhibition"": ""caspianoilgas"", ""exhibition_label"": ""Caspian Oil & Gas"", ""year"": ""2023"", ""category"": ""MEDİA"", ""stand"": ""1C048"", ""company_id"": ""5118"", ""source_url"": ""https://caspianoilgas.az/az/exhibitors-list/year/2023""}, {""exhibition"": ""caspianoilgas"", ""exhibition_label"": ""Caspian Oil & Gas"", ""year"": ""2024"", ""category"": ""MEDİA"", ""stand"": ""1C056"", ""company_id"": ""5118"", ""source_url"": ""https://caspianoilgas.az/az/exhibitors-list/year/2024""}, {""exhibition"": ""caspianoilgas"", ""exhibition_label"": ""Caspian Oil & Gas"", ""year"": ""2025"", ""category"": ""MEDİA"", ""stand"": ""1C007"", ""company_id"": ""324688"", ""source_url"": ""https://caspianoilgas.az/az/exhibitors-list/year/2025""}, {""exhibition"": ""caspianoilgas"", ""exhibition_label"": ""Caspian Oil & Gas"", ""year"": ""2026"", ""category"": ""MEDİA"", ""stand"": ""1C006"", ""company_id"": ""324688"", ""source_url"": ""https://caspianoilgas.az/az/exhibitors-list/year/2026""}]}"
expo-00916,SOCAR KBR,Azərbaycan,MEDİA,1C016,Caspian Oil & Gas,2026,1,"{""appearances"": [{""exhibition"": ""caspianoilgas"", ""exhibition_label"": ""Caspian Oil & Gas"", ""year"": ""2026"", ""category"": ""MEDİA"", ""stand"": ""1C016"", ""company_id"": ""359681"", ""source_url"": ""https://caspianoilgas.az/az/exhibitors-list/year/2026""}]}"
expo-00917,SOCAR POLYMER,Azərbaycan,MEDİA,1206,Caspian Oil & Gas,2019,1,"{""appearances"": [{""exhibition"": ""caspianoilgas"", ""exhibition_label"": ""Caspian Oil & Gas"", ""year"": ""2019"", ""category"": ""MEDİA"", ""stand"": ""1206"", ""company_id"": ""4606"", ""source_url"": ""https://caspianoilgas.az/az/exhibitors-list/year/2019""}]}"
expo-00918,SOCAR-DALGİC MMC- OCEANEERING ALYANSI,Azərbaycan,MEDİA,1C008 | 1C058,Caspian Oil & Gas,2024 | 2025,2,"{""appearances"": [{""exhibition"": ""caspianoilgas"", ""exhibition_label"": ""Caspian Oil & Gas"", ""year"": ""2024"", ""category"": ""MEDİA"", ""stand"": ""1C058"", ""company_id"": ""4610"", ""source_url"": ""https://caspianoilgas.az/az/exhibitors-list/year/2024""}, {""exhibition"": ""caspianoilgas"", ""exhibition_label"": ""Caspian Oil & Gas"", ""year"": ""2025"", ""category"": ""MEDİA"", ""stand"": ""1C008"", ""company_id"": ""4610"", ""source_url"": ""https://caspianoilgas.az/az/exhibitors-list/year/2025""}]}"
expo-00919,SOCAR-DALGİDJ MMC,Azərbaycan,MEDİA,1030 | 1C050 | C1060,Caspian Oil & Gas,2019 | 2022 | 2023,3,"{""appearances"": [{""exhibition"": ""caspianoilgas"", ""exhibition_label"": ""Caspian Oil & Gas"", ""year"": ""2019"", ""category"": ""MEDİA"", ""stand"": ""1030"", ""company_id"": ""4610"", ""source_url"": ""https://caspianoilgas.az/az/exhibitors-list/year/2019""}, {""exhibition"": ""caspianoilgas"", ""exhibition_label"": ""Caspian Oil & Gas"", ""year"": ""2022"", ""category"": ""MEDİA"", ""stand"": ""C1060"", ""company_id"": ""4610"", ""source_url"": ""https://caspianoilgas.az/az/exhibitors-list/year/2022""}, {""exhibition"": ""caspianoilgas"", ""exhibition_label"": ""Caspian Oil & Gas"", ""year"": ""2023"", ""category"": ""MEDİA"", ""stand"": ""1C050"", ""company_id"": ""4610"", ""source_url"": ""https://caspianoilgas.az/az/exhibitors-list/year/2023""}]}"
expo-00920,SOCAR-STP,Azərbaycan,MEDİA,C1054,Caspian Oil & Gas,2022,1,"{""appearances"": [{""exhibition"": ""caspianoilgas"", ""exhibition_label"": ""Caspian Oil & Gas"", ""year"": ""2022"", ""category"": ""MEDİA"", ""stand"": ""C1054"", ""company_id"": ""7300"", ""source_url"": ""https://caspianoilgas.az/az/exhibitors-list/year/2022""}]}"
expo-00921,SOLAR TURBİNES,Azərbaycan,MEDİA,2C120/2,Caspian Oil & Gas,2023,1,"{""appearances"": [{""exhibition"": ""caspianoilgas"", ""exhibition_label"": ""Caspian Oil & Gas"", ""year"": ""2023"", ""category"": ""MEDİA"", ""stand"": ""2C120/2"", ""company_id"": ""273421"", ""source_url"": ""https://caspianoilgas.az/az/exhibitors-list/year/2023""}]}"
expo-00922,SOLID AGRO MMC,Azərbaycan,MEDİA,1A016 | 1A018,Caspian Agro Week,2023 | 2024,2,"{""appearances"": [{""exhibition"": ""caspianagroweek"", ""exhibition_label"": ""Caspian Agro Week"", ""year"": ""2023"", ""category"": ""MEDİA"", ""stand"": ""1A018"", ""company_id"": ""273283"", ""source_url"": ""https://caspianagroweek.az/az/exhibitors-list/year/2023""}, {""exhibition"": ""caspianagroweek"", ""exhibition_label"": ""Caspian Agro Week"", ""year"": ""2024"", ""category"": ""MEDİA"", ""stand"": ""1A016"", ""company_id"": ""273283"", ""source_url"": ""https://caspianagroweek.az/az/exhibitors-list/year/2024""}]}"
expo-00923,SOLİS,Azərbaycan,MEDİA,A1102/4012 | A5022,Caspian Agro Week,2019 | 2022,2,"{""appearances"": [{""exhibition"": ""caspianagroweek"", ""exhibition_label"": ""Caspian Agro Week"", ""year"": ""2019"", ""category"": ""MEDİA"", ""stand"": ""A1102/4012"", ""company_id"": """", ""source_url"": ""https://caspianagroweek.az/az/exhibitors-list/year/2019""}, {""exhibition"": ""caspianagroweek"", ""exhibition_label"": ""Caspian Agro Week"", ""year"": ""2022"", ""category"": ""MEDİA"", ""stand"": ""A5022"", ""company_id"": """", ""source_url"": ""https://caspianagroweek.az/az/exhibitors-list/year/2022""}]}"
expo-00924,SOLUTIONS EQUIPMENT TOOLS MMC,Azərbaycan,MEDİA,2C120,Caspian Oil & Gas,2025,1,"{""appearances"": [{""exhibition"": ""caspianoilgas"", ""exhibition_label"": ""Caspian Oil & Gas"", ""year"": ""2025"", ""category"": ""MEDİA"", ""stand"": ""2C120"", ""company_id"": ""333916"", ""source_url"": ""https://caspianoilgas.az/az/exhibitors-list/year/2025""}]}"
expo-00925,SOYUZHIM CO MMC,Azərbaycan,MEDİA,4A076,Caspian Agro Week,2025,1,"{""appearances"": [{""exhibition"": ""caspianagroweek"", ""exhibition_label"": ""Caspian Agro Week"", ""year"": ""2025"", ""category"": ""MEDİA"", ""stand"": ""4A076"", ""company_id"": ""334340"", ""source_url"": ""https://caspianagroweek.az/az/exhibitors-list/year/2025""}]}"
expo-00926,SOYUZHİM AZ MMC,Azərbaycan,MEDİA,1A002,Caspian Agro Week,2024,1,"{""appearances"": [{""exhibition"": ""caspianagroweek"", ""exhibition_label"": ""Caspian Agro Week"", ""year"": ""2024"", ""category"": ""MEDİA"", ""stand"": ""1A002"", ""company_id"": ""7280"", ""source_url"": ""https://caspianagroweek.az/az/exhibitors-list/year/2024""}]}"
expo-00927,SPARK BETON LLS -YÜKLƏMƏ QALDIRICI SAXLAMA,Azərbaycan,MEDİA,2A132-4,Aquatherm Baku,2024,1,"{""appearances"": [{""exhibition"": ""aquatherm"", ""exhibition_label"": ""Aquatherm Baku"", ""year"": ""2024"", ""category"": ""MEDİA"", ""stand"": ""2A132-4"", ""company_id"": """", ""source_url"": ""https://aquatherm.az/az/exhibitors-list/year/2024""}]}"
expo-00928,SPECTRA,Azərbaycan,MEDİA,A3106-2,Caspian Agro Week,2022,1,"{""appearances"": [{""exhibition"": ""caspianagroweek"", ""exhibition_label"": ""Caspian Agro Week"", ""year"": ""2022"", ""category"": ""MEDİA"", ""stand"": ""A3106-2"", ""company_id"": ""7048"", ""source_url"": ""https://caspianagroweek.az/az/exhibitors-list/year/2022""}]}"
expo-00929,SPRINKO MMC,Azərbaycan,MEDİA,3A142,Caspian Agro Week,2023 | 2024,2,"{""appearances"": [{""exhibition"": ""caspianagroweek"", ""exhibition_label"": ""Caspian Agro Week"", ""year"": ""2023"", ""category"": ""MEDİA"", ""stand"": ""3A142"", ""company_id"": ""7364"", ""source_url"": ""https://caspianagroweek.az/az/exhibitors-list/year/2023""}, {""exhibition"": ""caspianagroweek"", ""exhibition_label"": ""Caspian Agro Week"", ""year"": ""2024"", ""category"": ""MEDİA"", ""stand"": ""3A142"", ""company_id"": ""7364"", ""source_url"": ""https://caspianagroweek.az/az/exhibitors-list/year/2024""}]}"
expo-00930,SPUTNİK AZƏRBAYCAN BEYNƏLXALQ İNFORMASİYA AGENTLİYİ VƏ RADİOSU,Azərbaycan,MEDİA,,Aquatherm Baku | BakuBuild | Beauty Expo Baku | Caspian Agro Week | Caspian Oil & Gas | InterFood Azerbaijan | Securex Caspian | TransLogistica Caspian,2019,9,"{""appearances"": [{""exhibition"": ""bakubuild"", ""exhibition_label"": ""BakuBuild"", ""year"": ""2019"", ""category"": ""MEDİA"", ""stand"": ""-"", ""company_id"": ""4269"", ""source_url"": ""https://bakubuild.az/az/exhibitors-list/year/2019""}, {""exhibition"": ""aquatherm"", ""exhibition_label"": ""Aquatherm Baku"", ""year"": ""2019"", ""category"": ""MEDİA"", ""stand"": ""-"", ""company_id"": ""4269"", ""source_url"": ""https://aquatherm.az/az/exhibitors-list/year/2019""}, {""exhibition"": ""beautyexpo"", ""exhibition_label"": ""Beauty Expo Baku"", ""year"": ""2019"", ""category"": ""MEDİA"", ""stand"": ""-"", ""company_id"": ""4269"", ""source_url"": ""https://beautyexpo.az/az/exhibitors-list/year/2019""}, {""exhibition"": ""interfood"", ""exhibition_label"": ""InterFood Azerbaijan"", ""year"": ""2019"", ""category"": ""MEDİA"", ""stand"": ""-"", ""company_id"": ""4269"", ""source_url"": ""https://interfood.az/az/exhibitors-list/year/2019""}, {""exhibition"": ""caspianoilgas"", ""exhibition_label"": ""Caspian Oil & Gas"", ""year"": ""2019"", ""category"": ""MEDİA"", ""stand"": ""-"", ""company_id"": ""4269"", ""source_url"": ""https://caspianoilgas.az/az/exhibitors-list/year/2019""}, {""exhibition"": ""securexcaspian"", ""exhibition_label"": ""Securex Caspian"", ""year"": ""2019"", ""category"": ""MEDİA"", ""stand"": ""-"", ""company_id"": ""4269"", ""source_url"": ""https://securexcaspian.az/az/exhibitors-list/year/2019""}, {""exhibition"": ""securexcaspian"", ""exhibition_label"": ""Securex Caspian"", ""year"": ""2019"", ""category"": ""MEDİA"", ""stand"": ""-"", ""company_id"": ""4269"", ""source_url"": ""https://securexcaspian.az/az/exhibitors-list/year/2019""}, {""exhibition"": ""translogistica"", ""exhibition_label"": ""TransLogistica Caspian"", ""year"": ""2019"", ""category"": ""MEDİA"", ""stand"": ""-"", ""company_id"": ""4269"", ""source_url"": ""https://translogistica.az/az/exhibitors-list/year/2019""}, {""exhibition"": ""caspianagroweek"", ""exhibition_label"": ""Caspian Agro Week"", ""year"": ""2019"", ""category"": ""MEDİA"", ""stand"": ""-"", ""company_id"": ""4269"", ""source_url"": ""https://caspianagroweek.az/az/exhibitors-list/year/2019""}]}"
expo-00931,SQUAD POND FISH FOOD,Azərbaycan,MURMANSK VİLAYETİ,1F042-6,InterFood Azerbaijan,2023,1,"{""appearances"": [{""exhibition"": ""interfood"", ""exhibition_label"": ""InterFood Azerbaijan"", ""year"": ""2023"", ""category"": ""MURMANSK VİLAYETİ"", ""stand"": ""1F042-6"", ""company_id"": """", ""source_url"": ""https://interfood.az/az/exhibitors-list/year/2023""}]}"
expo-00932,STEVEDORİNG LLC,Azərbaycan,MEDİA,2T452,TransLogistica Caspian,2023,1,"{""appearances"": [{""exhibition"": ""translogistica"", ""exhibition_label"": ""TransLogistica Caspian"", ""year"": ""2023"", ""category"": ""MEDİA"", ""stand"": ""2T452"", ""company_id"": ""7394"", ""source_url"": ""https://translogistica.az/az/exhibitors-list/year/2023""}]}"
expo-00933,STP ŞIRKƏTLƏR QRUPU,Azərbaycan,MEDİA,2C120,Caspian Oil & Gas,2026,1,"{""appearances"": [{""exhibition"": ""caspianoilgas"", ""exhibition_label"": ""Caspian Oil & Gas"", ""year"": ""2026"", ""category"": ""MEDİA"", ""stand"": ""2C120"", ""company_id"": ""352830"", ""source_url"": ""https://caspianoilgas.az/az/exhibitors-list/year/2026""}]}"
expo-00934,SUBSEA7,Azərbaycan,MEDİA,1C052,Caspian Oil & Gas,2023,1,"{""appearances"": [{""exhibition"": ""caspianoilgas"", ""exhibition_label"": ""Caspian Oil & Gas"", ""year"": ""2023"", ""category"": ""MEDİA"", ""stand"": ""1C052"", ""company_id"": ""4652"", ""source_url"": ""https://caspianoilgas.az/az/exhibitors-list/year/2023""}]}"
expo-00935,SULMARCO,Azərbaycan,NAXÇIVAN MUXTAR RESPUBLİKASININ MİLLİ STENDİ,1F040-6,InterFood Azerbaijan,2025,1,"{""appearances"": [{""exhibition"": ""interfood"", ""exhibition_label"": ""InterFood Azerbaijan"", ""year"": ""2025"", ""category"": ""NAXÇIVAN MUXTAR RESPUBLİKASININ MİLLİ STENDİ"", ""stand"": ""1F040-6"", ""company_id"": """", ""source_url"": ""https://interfood.az/az/exhibitors-list/year/2025""}]}"
expo-00936,SULTAN KERAMİK,Azərbaycan,MEDİA,B1318,BakuBuild,2022,1,"{""appearances"": [{""exhibition"": ""bakubuild"", ""exhibition_label"": ""BakuBuild"", ""year"": ""2022"", ""category"": ""MEDİA"", ""stand"": ""B1318"", ""company_id"": ""7451"", ""source_url"": ""https://bakubuild.az/az/exhibitors-list/year/2022""}]}"
expo-00937,SUMQAYIT TECHNOLOGIES PARK,Azərbaycan,MEDİA,2A330,Securex Caspian,2024,1,"{""appearances"": [{""exhibition"": ""securexcaspian"", ""exhibition_label"": ""Securex Caspian"", ""year"": ""2024"", ""category"": ""MEDİA"", ""stand"": ""2A330"", ""company_id"": ""324778"", ""source_url"": ""https://securexcaspian.az/az/exhibitors-list/year/2024""}]}"
expo-00938,SUMQAYIT TECHNOLOGİYALAR PARKI MMC,Azərbaycan,MEDİA,2C130,Caspian Oil & Gas,2025,1,"{""appearances"": [{""exhibition"": ""caspianoilgas"", ""exhibition_label"": ""Caspian Oil & Gas"", ""year"": ""2025"", ""category"": ""MEDİA"", ""stand"": ""2C130"", ""company_id"": ""324778"", ""source_url"": ""https://caspianoilgas.az/az/exhibitors-list/year/2025""}]}"
expo-00939,SUMQAYIT TEXNOLOGİYALAR PARKI MMC,Azərbaycan,MEDİA | TƏRƏFDAŞLAR,2C232 | 3A310 | 6A514 | K1204,BakuBuild | Caspian Agro Week | Caspian Oil & Gas | Securex Caspian,2021 | 2024,4,"{""appearances"": [{""exhibition"": ""bakubuild"", ""exhibition_label"": ""BakuBuild"", ""year"": ""2021"", ""category"": ""TƏRƏFDAŞLAR"", ""stand"": ""K1204"", ""company_id"": ""6250"", ""source_url"": ""https://bakubuild.az/az/exhibitors-list/year/2021""}, {""exhibition"": ""caspianoilgas"", ""exhibition_label"": ""Caspian Oil & Gas"", ""year"": ""2024"", ""category"": ""MEDİA"", ""stand"": ""2C232"", ""company_id"": ""310871"", ""source_url"": ""https://caspianoilgas.az/az/exhibitors-list/year/2024""}, {""exhibition"": ""securexcaspian"", ""exhibition_label"": ""Securex Caspian"", ""year"": ""2024"", ""category"": ""MEDİA"", ""stand"": ""6A514"", ""company_id"": ""311817"", ""source_url"": ""https://securexcaspian.az/az/exhibitors-list/year/2024""}, {""exhibition"": ""caspianagroweek"", ""exhibition_label"": ""Caspian Agro Week"", ""year"": ""2024"", ""category"": ""MEDİA"", ""stand"": ""3A310"", ""company_id"": ""310843"", ""source_url"": ""https://caspianagroweek.az/az/exhibitors-list/year/2024""}]}"
expo-00940,SUN FOOD,Azərbaycan,AZERSUN HOLDİNG | MEDİA | NAXÇIVAN MUXTAR RESPUBLİKASININ MİLLİ STENDİ,1F120/1F130-1 | 2F120-1 | 4F110-1,InterFood Azerbaijan,2024 | 2025 | 2026,3,"{""appearances"": [{""exhibition"": ""interfood"", ""exhibition_label"": ""InterFood Azerbaijan"", ""year"": ""2024"", ""category"": ""MEDİA"", ""stand"": ""2F120-1"", ""company_id"": ""7748"", ""source_url"": ""https://interfood.az/az/exhibitors-list/year/2024""}, {""exhibition"": ""interfood"", ""exhibition_label"": ""InterFood Azerbaijan"", ""year"": ""2025"", ""category"": ""NAXÇIVAN MUXTAR RESPUBLİKASININ MİLLİ STENDİ"", ""stand"": ""1F120/1F130-1"", ""company_id"": ""7748"", ""source_url"": ""https://interfood.az/az/exhibitors-list/year/2025""}, {""exhibition"": ""interfood"", ""exhibition_label"": ""InterFood Azerbaijan"", ""year"": ""2026"", ""category"": ""AZERSUN HOLDİNG"", ""stand"": ""4F110-1"", ""company_id"": """", ""source_url"": ""https://interfood.az/az/exhibitors-list/year/2026""}]}"
expo-00941,SYNAPLİNE TECHNOLOGİES LLC,Azərbaycan,MEDİA,A2112-2,Securex Caspian,2022 | 2026,2,"{""appearances"": [{""exhibition"": ""securexcaspian"", ""exhibition_label"": ""Securex Caspian"", ""year"": ""2022"", ""category"": ""MEDİA"", ""stand"": ""A2112-2"", ""company_id"": ""7495"", ""source_url"": ""https://securexcaspian.az/az/exhibitors-list/year/2022""}, {""exhibition"": ""securexcaspian"", ""exhibition_label"": ""Securex Caspian"", ""year"": ""2026"", ""category"": """", ""stand"": ""-"", ""company_id"": """", ""source_url"": ""https://securexcaspian.az/az/exhibitors-list/year/2026""}]}"
expo-00942,TAHIROĞLU İNSAAT,Azərbaycan,TƏRƏFDAŞLAR,,BakuBuild,2026,1,"{""appearances"": [{""exhibition"": ""bakubuild"", ""exhibition_label"": ""BakuBuild"", ""year"": ""2026"", ""category"": ""TƏRƏFDAŞLAR"", ""stand"": ""-"", ""company_id"": """", ""source_url"": ""https://bakubuild.az/az/exhibitors-list/year/2026""}]}"
expo-00943,TAIS IKF LLC,Azərbaycan,MEDİA,A2085,Aquatherm Baku,2022,1,"{""appearances"": [{""exhibition"": ""aquatherm"", ""exhibition_label"": ""Aquatherm Baku"", ""year"": ""2022"", ""category"": ""MEDİA"", ""stand"": ""A2085"", ""company_id"": ""7702"", ""source_url"": ""https://aquatherm.az/az/exhibitors-list/year/2022""}]}"
expo-00944,TALEH-İ MMC,Azərbaycan,TƏRƏFDAŞLAR,B1208,BakuBuild | Securex Caspian,2019,3,"{""appearances"": [{""exhibition"": ""bakubuild"", ""exhibition_label"": ""BakuBuild"", ""year"": ""2019"", ""category"": ""TƏRƏFDAŞLAR"", ""stand"": ""B1208"", ""company_id"": ""5526"", ""source_url"": ""https://bakubuild.az/az/exhibitors-list/year/2019""}, {""exhibition"": ""securexcaspian"", ""exhibition_label"": ""Securex Caspian"", ""year"": ""2019"", ""category"": ""TƏRƏFDAŞLAR"", ""stand"": ""B1208"", ""company_id"": ""5526"", ""source_url"": ""https://securexcaspian.az/az/exhibitors-list/year/2019""}, {""exhibition"": ""securexcaspian"", ""exhibition_label"": ""Securex Caspian"", ""year"": ""2019"", ""category"": ""TƏRƏFDAŞLAR"", ""stand"": ""B1208"", ""company_id"": ""5526"", ""source_url"": ""https://securexcaspian.az/az/exhibitors-list/year/2019""}]}"
expo-00945,TAM ADVİSORY,Azərbaycan,MEDİA,,Aquatherm Baku | BakuBuild | Caspian Agro Week | Caspian Oil & Gas | InterFood Azerbaijan | Securex Caspian | TransLogistica Caspian,2024,7,"{""appearances"": [{""exhibition"": ""bakubuild"", ""exhibition_label"": ""BakuBuild"", ""year"": ""2024"", ""category"": ""MEDİA"", ""stand"": ""-"", ""company_id"": ""310117"", ""source_url"": ""https://bakubuild.az/az/exhibitors-list/year/2024""}, {""exhibition"": ""aquatherm"", ""exhibition_label"": ""Aquatherm Baku"", ""year"": ""2024"", ""category"": ""MEDİA"", ""stand"": ""-"", ""company_id"": ""310117"", ""source_url"": ""https://aquatherm.az/az/exhibitors-list/year/2024""}, {""exhibition"": ""interfood"", ""exhibition_label"": ""InterFood Azerbaijan"", ""year"": ""2024"", ""category"": ""MEDİA"", ""stand"": ""-"", ""company_id"": ""310117"", ""source_url"": ""https://interfood.az/az/exhibitors-list/year/2024""}, {""exhibition"": ""caspianoilgas"", ""exhibition_label"": ""Caspian Oil & Gas"", ""year"": ""2024"", ""category"": ""MEDİA"", ""stand"": ""-"", ""company_id"": """", ""source_url"": ""https://caspianoilgas.az/az/exhibitors-list/year/2024""}, {""exhibition"": ""securexcaspian"", ""exhibition_label"": ""Securex Caspian"", ""year"": ""2024"", ""category"": ""MEDİA"", ""stand"": ""-"", ""company_id"": """", ""source_url"": ""https://securexcaspian.az/az/exhibitors-list/year/2024""}, {""exhibition"": ""translogistica"", ""exhibition_label"": ""TransLogistica Caspian"", ""year"": ""2024"", ""category"": ""MEDİA"", ""stand"": ""-"", ""company_id"": """", ""source_url"": ""https://translogistica.az/az/exhibitors-list/year/2024""}, {""exhibition"": ""caspianagroweek"", ""exhibition_label"": ""Caspian Agro Week"", ""year"": ""2024"", ""category"": ""MEDİA"", ""stand"": ""-"", ""company_id"": ""310117"", ""source_url"": ""https://caspianagroweek.az/az/exhibitors-list/year/2024""}]}"
expo-00946,TAMĞA,Azərbaycan,MURMANSK VİLAYETİ,1F042-9,InterFood Azerbaijan,2023,1,"{""appearances"": [{""exhibition"": ""interfood"", ""exhibition_label"": ""InterFood Azerbaijan"", ""year"": ""2023"", ""category"": ""MURMANSK VİLAYETİ"", ""stand"": ""1F042-9"", ""company_id"": """", ""source_url"": ""https://interfood.az/az/exhibitors-list/year/2023""}]}"
expo-00947,TAR-TEK,Azərbaycan,MEDİA | TƏRƏFDAŞ,A3106/A4008 | A5006-2,Caspian Agro Week,2019 | 2021,2,"{""appearances"": [{""exhibition"": ""caspianagroweek"", ""exhibition_label"": ""Caspian Agro Week"", ""year"": ""2019"", ""category"": ""MEDİA"", ""stand"": ""A3106/A4008"", ""company_id"": """", ""source_url"": ""https://caspianagroweek.az/az/exhibitors-list/year/2019""}, {""exhibition"": ""caspianagroweek"", ""exhibition_label"": ""Caspian Agro Week"", ""year"": ""2021"", ""category"": ""TƏRƏFDAŞ"", ""stand"": ""A5006-2"", ""company_id"": """", ""source_url"": ""https://caspianagroweek.az/az/exhibitors-list/year/2021""}]}"
expo-00948,TARIMSAN,Azərbaycan,MEDİA,A5010-1/A5010-2-4,Caspian Agro Week,2022,1,"{""appearances"": [{""exhibition"": ""caspianagroweek"", ""exhibition_label"": ""Caspian Agro Week"", ""year"": ""2022"", ""category"": ""MEDİA"", ""stand"": ""A5010-1/A5010-2-4"", ""company_id"": """", ""source_url"": ""https://caspianagroweek.az/az/exhibitors-list/year/2022""}]}"
expo-00949,TAĞISOY ELEKTRIK MMC,Azərbaycan,MEDİA,,BakuBuild,2024,1,"{""appearances"": [{""exhibition"": ""bakubuild"", ""exhibition_label"": ""BakuBuild"", ""year"": ""2024"", ""category"": ""MEDİA"", ""stand"": ""-"", ""company_id"": ""273451"", ""source_url"": ""https://bakubuild.az/az/exhibitors-list/year/2024""}]}"
expo-00950,TAŞOBASI MMC,Azərbaycan,TƏRƏFDAŞ,2A035,Caspian Agro Week,2026,1,"{""appearances"": [{""exhibition"": ""caspianagroweek"", ""exhibition_label"": ""Caspian Agro Week"", ""year"": ""2026"", ""category"": ""TƏRƏFDAŞ"", ""stand"": ""2A035"", ""company_id"": ""352696"", ""source_url"": ""https://caspianagroweek.az/az/exhibitors-list/year/2026""}]}"
expo-00951,TEAM VALUE MMC,Azərbaycan,ÇELYABİNSK VİLAYƏTİ,3B122,BakuBuild,2023,1,"{""appearances"": [{""exhibition"": ""bakubuild"", ""exhibition_label"": ""BakuBuild"", ""year"": ""2023"", ""category"": ""ÇELYABİNSK VİLAYƏTİ"", ""stand"": ""3B122"", ""company_id"": ""301023"", ""source_url"": ""https://bakubuild.az/az/exhibitors-list/year/2023""}]}"
expo-00952,TECHNİCON,Azərbaycan,MEDİA,1058,Caspian Oil & Gas,2019,1,"{""appearances"": [{""exhibition"": ""caspianoilgas"", ""exhibition_label"": ""Caspian Oil & Gas"", ""year"": ""2019"", ""category"": ""MEDİA"", ""stand"": ""1058"", ""company_id"": ""4616"", ""source_url"": ""https://caspianoilgas.az/az/exhibitors-list/year/2019""}]}"
expo-00953,TECHNOGYM AZƏRBAYCAN,Azərbaycan,MEDİA | TƏRƏFDAŞLAR | ÇELYABİNSK VİLAYƏTİ,1B132 | 1B134 | B1118 | B1318-B1118,BakuBuild,2021 | 2022 | 2023 | 2024 | 2025,5,"{""appearances"": [{""exhibition"": ""bakubuild"", ""exhibition_label"": ""BakuBuild"", ""year"": ""2021"", ""category"": ""TƏRƏFDAŞLAR"", ""stand"": ""B1318-B1118"", ""company_id"": ""6652"", ""source_url"": ""https://bakubuild.az/az/exhibitors-list/year/2021""}, {""exhibition"": ""bakubuild"", ""exhibition_label"": ""BakuBuild"", ""year"": ""2022"", ""category"": ""MEDİA"", ""stand"": ""B1118"", ""company_id"": ""6652"", ""source_url"": ""https://bakubuild.az/az/exhibitors-list/year/2022""}, {""exhibition"": ""bakubuild"", ""exhibition_label"": ""BakuBuild"", ""year"": ""2023"", ""category"": ""ÇELYABİNSK VİLAYƏTİ"", ""stand"": ""1B132"", ""company_id"": ""6652"", ""source_url"": ""https://bakubuild.az/az/exhibitors-list/year/2023""}, {""exhibition"": ""bakubuild"", ""exhibition_label"": ""BakuBuild"", ""year"": ""2024"", ""category"": ""MEDİA"", ""stand"": ""1B134"", ""company_id"": ""6652"", ""source_url"": ""https://bakubuild.az/az/exhibitors-list/year/2024""}, {""exhibition"": ""bakubuild"", ""exhibition_label"": ""BakuBuild"", ""year"": ""2025"", ""category"": ""TƏRƏFDAŞLAR"", ""stand"": ""1B134"", ""company_id"": ""6652"", ""source_url"": ""https://bakubuild.az/az/exhibitors-list/year/2025""}]}"
expo-00954,TECHNOIL MMC,Azərbaycan,MEDİA,2A030,Securex Caspian,2024,1,"{""appearances"": [{""exhibition"": ""securexcaspian"", ""exhibition_label"": ""Securex Caspian"", ""year"": ""2024"", ""category"": ""MEDİA"", ""stand"": ""2A030"", ""company_id"": ""310696"", ""source_url"": ""https://securexcaspian.az/az/exhibitors-list/year/2024""}]}"
expo-00955,TECHNOPRO MMC,Azərbaycan,MURMANSK VİLAYETİ,1F042-5,InterFood Azerbaijan,2023,1,"{""appearances"": [{""exhibition"": ""interfood"", ""exhibition_label"": ""InterFood Azerbaijan"", ""year"": ""2023"", ""category"": ""MURMANSK VİLAYETİ"", ""stand"": ""1F042-5"", ""company_id"": """", ""source_url"": ""https://interfood.az/az/exhibitors-list/year/2023""}]}"
expo-00956,TECNA MAGAZINES,Azərbaycan,MEDİA,,Caspian Agro Week,2026,1,"{""appearances"": [{""exhibition"": ""caspianagroweek"", ""exhibition_label"": ""Caspian Agro Week"", ""year"": ""2026"", ""category"": ""MEDİA"", ""stand"": ""-"", ""company_id"": """", ""source_url"": ""https://caspianagroweek.az/az/exhibitors-list/year/2026""}]}"
expo-00957,TECON,Azərbaycan,MEDİA,2C312/1,Caspian Oil & Gas,2025,1,"{""appearances"": [{""exhibition"": ""caspianoilgas"", ""exhibition_label"": ""Caspian Oil & Gas"", ""year"": ""2025"", ""category"": ""MEDİA"", ""stand"": ""2C312/1"", ""company_id"": ""333655"", ""source_url"": ""https://caspianoilgas.az/az/exhibitors-list/year/2025""}]}"
expo-00958,TEGETA MOTORS BAKU MMC,Azərbaycan,MEDİA,2T360 | 5A110,BakuBuild | Caspian Agro Week | TransLogistica Caspian,2022 | 2023,3,"{""appearances"": [{""exhibition"": ""bakubuild"", ""exhibition_label"": ""BakuBuild"", ""year"": ""2022"", ""category"": ""MEDİA"", ""stand"": ""-"", ""company_id"": ""7706"", ""source_url"": ""https://bakubuild.az/az/exhibitors-list/year/2022""}, {""exhibition"": ""translogistica"", ""exhibition_label"": ""TransLogistica Caspian"", ""year"": ""2023"", ""category"": ""MEDİA"", ""stand"": ""2T360"", ""company_id"": ""7706"", ""source_url"": ""https://translogistica.az/az/exhibitors-list/year/2023""}, {""exhibition"": ""caspianagroweek"", ""exhibition_label"": ""Caspian Agro Week"", ""year"": ""2023"", ""category"": ""MEDİA"", ""stand"": ""5A110"", ""company_id"": ""7706"", ""source_url"": ""https://caspianagroweek.az/az/exhibitors-list/year/2023""}]}"
expo-00959,TEKFEN İNŞAAT VE TESİSAT A.Ş.,Azərbaycan,MEDİA,1C330-2 | 1C330/2,Caspian Oil & Gas,2023 | 2024,2,"{""appearances"": [{""exhibition"": ""caspianoilgas"", ""exhibition_label"": ""Caspian Oil & Gas"", ""year"": ""2023"", ""category"": ""MEDİA"", ""stand"": ""1C330/2"", ""company_id"": ""4611"", ""source_url"": ""https://caspianoilgas.az/az/exhibitors-list/year/2023""}, {""exhibition"": ""caspianoilgas"", ""exhibition_label"": ""Caspian Oil & Gas"", ""year"": ""2024"", ""category"": ""MEDİA"", ""stand"": ""1C330-2"", ""company_id"": ""4611"", ""source_url"": ""https://caspianoilgas.az/az/exhibitors-list/year/2024""}]}"
expo-00960,TEST DATABASE,Azərbaycan,MEDİA | ŞİRVAN AQRO MMC,0000,Caspian Agro Week | Caspian Oil & Gas | InterFood Azerbaijan,2025 | 2026 | 2027,5,"{""appearances"": [{""exhibition"": ""interfood"", ""exhibition_label"": ""InterFood Azerbaijan"", ""year"": ""2026"", ""category"": ""ŞİRVAN AQRO MMC"", ""stand"": ""-"", ""company_id"": ""324655"", ""source_url"": ""https://interfood.az/az/exhibitors-list/year/2026""}, {""exhibition"": ""caspianoilgas"", ""exhibition_label"": ""Caspian Oil & Gas"", ""year"": ""2026"", ""category"": ""MEDİA"", ""stand"": ""-"", ""company_id"": ""324655"", ""source_url"": ""https://caspianoilgas.az/az/exhibitors-list/year/2026""}, {""exhibition"": ""caspianoilgas"", ""exhibition_label"": ""Caspian Oil & Gas"", ""year"": ""2027"", ""category"": """", ""stand"": ""-"", ""company_id"": ""324655"", ""source_url"": ""https://caspianoilgas.az/az/exhibitors-list/year/2027""}, {""exhibition"": ""caspianagroweek"", ""exhibition_label"": ""Caspian Agro Week"", ""year"": ""2025"", ""category"": ""MEDİA"", ""stand"": ""0000"", ""company_id"": ""324655"", ""source_url"": ""https://caspianagroweek.az/az/exhibitors-list/year/2025""}, {""exhibition"": ""caspianagroweek"", ""exhibition_label"": ""Caspian Agro Week"", ""year"": ""2027"", ""category"": """", ""stand"": ""-"", ""company_id"": ""324655"", ""source_url"": ""https://caspianagroweek.az/az/exhibitors-list/year/2027""}]}"
expo-00961,TEST EVENT,Azərbaycan,TƏRƏFDAŞLAR,,BakuBuild,2026,1,"{""appearances"": [{""exhibition"": ""bakubuild"", ""exhibition_label"": ""BakuBuild"", ""year"": ""2026"", ""category"": ""TƏRƏFDAŞLAR"", ""stand"": ""-"", ""company_id"": """", ""source_url"": ""https://bakubuild.az/az/exhibitors-list/year/2026""}]}"
expo-00962,TEXNOFORMA GROUP AZ,Azərbaycan,TƏRƏFDAŞLAR,2B320,BakuBuild,2025,1,"{""appearances"": [{""exhibition"": ""bakubuild"", ""exhibition_label"": ""BakuBuild"", ""year"": ""2025"", ""category"": ""TƏRƏFDAŞLAR"", ""stand"": ""2B320"", ""company_id"": ""345215"", ""source_url"": ""https://bakubuild.az/az/exhibitors-list/year/2025""}]}"
expo-00963,TEXTILE HORIZON MMC,Azərbaycan,AZƏRSHƏKƏR MMC | MEDİA,2A330-4,Caspian Agro Week,2025 | 2026,2,"{""appearances"": [{""exhibition"": ""caspianagroweek"", ""exhibition_label"": ""Caspian Agro Week"", ""year"": ""2025"", ""category"": ""MEDİA"", ""stand"": ""2A330-4"", ""company_id"": """", ""source_url"": ""https://caspianagroweek.az/az/exhibitors-list/year/2025""}, {""exhibition"": ""caspianagroweek"", ""exhibition_label"": ""Caspian Agro Week"", ""year"": ""2026"", ""category"": ""AZƏRSHƏKƏR MMC"", ""stand"": ""2A330-4"", ""company_id"": """", ""source_url"": ""https://caspianagroweek.az/az/exhibitors-list/year/2026""}]}"
expo-00964,TEZ LOGİSTİCS MMC,Azərbaycan,MEDİA,2T052 | 2T440 | 2T444,TransLogistica Caspian,2023 | 2024 | 2025,3,"{""appearances"": [{""exhibition"": ""translogistica"", ""exhibition_label"": ""TransLogistica Caspian"", ""year"": ""2023"", ""category"": ""MEDİA"", ""stand"": ""2T052"", ""company_id"": ""273362"", ""source_url"": ""https://translogistica.az/az/exhibitors-list/year/2023""}, {""exhibition"": ""translogistica"", ""exhibition_label"": ""TransLogistica Caspian"", ""year"": ""2024"", ""category"": ""MEDİA"", ""stand"": ""2T444"", ""company_id"": ""273362"", ""source_url"": ""https://translogistica.az/az/exhibitors-list/year/2024""}, {""exhibition"": ""translogistica"", ""exhibition_label"": ""TransLogistica Caspian"", ""year"": ""2025"", ""category"": ""MEDİA"", ""stand"": ""2T440"", ""company_id"": ""273362"", ""source_url"": ""https://translogistica.az/az/exhibitors-list/year/2025""}]}"
expo-00965,TEZEBİNA.AZ,Azərbaycan,MEDİA,P136,BakuBuild | Securex Caspian,2019,2,"{""appearances"": [{""exhibition"": ""bakubuild"", ""exhibition_label"": ""BakuBuild"", ""year"": ""2019"", ""category"": ""MEDİA"", ""stand"": ""P136"", ""company_id"": ""5856"", ""source_url"": ""https://bakubuild.az/az/exhibitors-list/year/2019""}, {""exhibition"": ""securexcaspian"", ""exhibition_label"": ""Securex Caspian"", ""year"": ""2019"", ""category"": ""MEDİA"", ""stand"": ""P136"", ""company_id"": ""5856"", ""source_url"": ""https://securexcaspian.az/az/exhibitors-list/year/2019""}]}"
expo-00966,TEZZ POWER,Azərbaycan,MEDİA,,Caspian Agro Week | Caspian Oil & Gas | TransLogistica Caspian,2026,3,"{""appearances"": [{""exhibition"": ""caspianoilgas"", ""exhibition_label"": ""Caspian Oil & Gas"", ""year"": ""2026"", ""category"": ""MEDİA"", ""stand"": ""-"", ""company_id"": """", ""source_url"": ""https://caspianoilgas.az/az/exhibitors-list/year/2026""}, {""exhibition"": ""translogistica"", ""exhibition_label"": ""TransLogistica Caspian"", ""year"": ""2026"", ""category"": ""MEDİA"", ""stand"": ""-"", ""company_id"": """", ""source_url"": ""https://translogistica.az/az/exhibitors-list/year/2026""}, {""exhibition"": ""caspianagroweek"", ""exhibition_label"": ""Caspian Agro Week"", ""year"": ""2026"", ""category"": ""MEDİA"", ""stand"": ""-"", ""company_id"": """", ""source_url"": ""https://caspianagroweek.az/az/exhibitors-list/year/2026""}]}"
expo-00967,THE SPORT MMC,Azərbaycan,TƏRƏFDAŞLAR,,BakuBuild,2026,2,"{""appearances"": [{""exhibition"": ""bakubuild"", ""exhibition_label"": ""BakuBuild"", ""year"": ""2026"", ""category"": ""TƏRƏFDAŞLAR"", ""stand"": ""-"", ""company_id"": """", ""source_url"": ""https://bakubuild.az/az/exhibitors-list/year/2026""}, {""exhibition"": ""bakubuild"", ""exhibition_label"": ""BakuBuild"", ""year"": ""2026"", ""category"": ""TƏRƏFDAŞLAR"", ""stand"": ""-"", ""company_id"": """", ""source_url"": ""https://bakubuild.az/az/exhibitors-list/year/2026""}]}"
expo-00968,TIMSPORT,Azərbaycan,TƏRƏFDAŞLAR,2B434,BakuBuild,2025,1,"{""appearances"": [{""exhibition"": ""bakubuild"", ""exhibition_label"": ""BakuBuild"", ""year"": ""2025"", ""category"": ""TƏRƏFDAŞLAR"", ""stand"": ""2B434"", ""company_id"": ""7986"", ""source_url"": ""https://bakubuild.az/az/exhibitors-list/year/2025""}]}"
expo-00969,TİTAN,Azərbaycan,MEDİA,A5010-1/A5010-2-6,Caspian Agro Week,2022,1,"{""appearances"": [{""exhibition"": ""caspianagroweek"", ""exhibition_label"": ""Caspian Agro Week"", ""year"": ""2022"", ""category"": ""MEDİA"", ""stand"": ""A5010-1/A5010-2-6"", ""company_id"": """", ""source_url"": ""https://caspianagroweek.az/az/exhibitors-list/year/2022""}]}"
expo-00970,TOPDAN QAPILAR MMC,Azərbaycan,MEDİA,B1030,BakuBuild,2022,1,"{""appearances"": [{""exhibition"": ""bakubuild"", ""exhibition_label"": ""BakuBuild"", ""year"": ""2022"", ""category"": ""MEDİA"", ""stand"": ""B1030"", ""company_id"": """", ""source_url"": ""https://bakubuild.az/az/exhibitors-list/year/2022""}]}"
expo-00971,TOPDAN VƏ PƏRAKƏNDƏ TİCARƏT MMC,Azərbaycan,TƏRƏFDAŞLAR,M1062,Securex Caspian,2019,1,"{""appearances"": [{""exhibition"": ""securexcaspian"", ""exhibition_label"": ""Securex Caspian"", ""year"": ""2019"", ""category"": ""TƏRƏFDAŞLAR"", ""stand"": ""M1062"", ""company_id"": ""5748"", ""source_url"": ""https://securexcaspian.az/az/exhibitors-list/year/2019""}]}"
expo-00972,TOPMECHANİKS MMC,Azərbaycan,MEDİA,2A011,Caspian Agro Week,2024,1,"{""appearances"": [{""exhibition"": ""caspianagroweek"", ""exhibition_label"": ""Caspian Agro Week"", ""year"": ""2024"", ""category"": ""MEDİA"", ""stand"": ""2A011"", ""company_id"": ""312777"", ""source_url"": ""https://caspianagroweek.az/az/exhibitors-list/year/2024""}]}"
expo-00973,TOTALENERGİES EP ABSHERON B.V.,Azərbaycan,MEDİA,1C130 | C1108,Caspian Oil & Gas,2022 | 2023,2,"{""appearances"": [{""exhibition"": ""caspianoilgas"", ""exhibition_label"": ""Caspian Oil & Gas"", ""year"": ""2022"", ""category"": ""MEDİA"", ""stand"": ""C1108"", ""company_id"": ""4635"", ""source_url"": ""https://caspianoilgas.az/az/exhibitors-list/year/2022""}, {""exhibition"": ""caspianoilgas"", ""exhibition_label"": ""Caspian Oil & Gas"", ""year"": ""2023"", ""category"": ""MEDİA"", ""stand"": ""1C130"", ""company_id"": ""4635"", ""source_url"": ""https://caspianoilgas.az/az/exhibitors-list/year/2023""}]}"
expo-00974,TOXUMÇULUQ VƏ TİNGÇİLİK MMC,Azərbaycan,AZERA HOLDING | MEDİA,2A110-11 | 2A112,Caspian Agro Week,2023 | 2026,2,"{""appearances"": [{""exhibition"": ""caspianagroweek"", ""exhibition_label"": ""Caspian Agro Week"", ""year"": ""2023"", ""category"": ""MEDİA"", ""stand"": ""2A112"", ""company_id"": ""274134"", ""source_url"": ""https://caspianagroweek.az/az/exhibitors-list/year/2023""}, {""exhibition"": ""caspianagroweek"", ""exhibition_label"": ""Caspian Agro Week"", ""year"": ""2026"", ""category"": ""AZERA HOLDING"", ""stand"": ""2A110-11"", ""company_id"": ""274134"", ""source_url"": ""https://caspianagroweek.az/az/exhibitors-list/year/2026""}]}"
expo-00975,TP ENGINEERING,Azərbaycan,MEDİA,2C140,Caspian Oil & Gas,2025,1,"{""appearances"": [{""exhibition"": ""caspianoilgas"", ""exhibition_label"": ""Caspian Oil & Gas"", ""year"": ""2025"", ""category"": ""MEDİA"", ""stand"": ""2C140"", ""company_id"": ""333807"", ""source_url"": ""https://caspianoilgas.az/az/exhibitors-list/year/2025""}]}"
expo-00976,TRACECA HÖKUMƏTLƏRARASI KOMİSSİYASININ DAİMİ KATİBLİYİ,Azərbaycan,MEDİA,,TransLogistica Caspian,2019 | 2022 | 2024 | 2025,4,"{""appearances"": [{""exhibition"": ""translogistica"", ""exhibition_label"": ""TransLogistica Caspian"", ""year"": ""2019"", ""category"": ""MEDİA"", ""stand"": ""-"", ""company_id"": ""4920"", ""source_url"": ""https://translogistica.az/az/exhibitors-list/year/2019""}, {""exhibition"": ""translogistica"", ""exhibition_label"": ""TransLogistica Caspian"", ""year"": ""2022"", ""category"": ""MEDİA"", ""stand"": ""-"", ""company_id"": ""4920"", ""source_url"": ""https://translogistica.az/az/exhibitors-list/year/2022""}, {""exhibition"": ""translogistica"", ""exhibition_label"": ""TransLogistica Caspian"", ""year"": ""2024"", ""category"": ""MEDİA"", ""stand"": ""-"", ""company_id"": """", ""source_url"": ""https://translogistica.az/az/exhibitors-list/year/2024""}, {""exhibition"": ""translogistica"", ""exhibition_label"": ""TransLogistica Caspian"", ""year"": ""2025"", ""category"": ""MEDİA"", ""stand"": ""-"", ""company_id"": ""4920"", ""source_url"": ""https://translogistica.az/az/exhibitors-list/year/2025""}]}"
expo-00977,TUIB,Azərbaycan,MEDİA | ŞİRVAN AQRO MMC,,Caspian Oil & Gas | InterFood Azerbaijan,2024 | 2026,2,"{""appearances"": [{""exhibition"": ""interfood"", ""exhibition_label"": ""InterFood Azerbaijan"", ""year"": ""2026"", ""category"": ""ŞİRVAN AQRO MMC"", ""stand"": ""-"", ""company_id"": """", ""source_url"": ""https://interfood.az/az/exhibitors-list/year/2026""}, {""exhibition"": ""caspianoilgas"", ""exhibition_label"": ""Caspian Oil & Gas"", ""year"": ""2024"", ""category"": ""MEDİA"", ""stand"": ""-"", ""company_id"": """", ""source_url"": ""https://caspianoilgas.az/az/exhibitors-list/year/2024""}]}"
expo-00978,TUMOSAN,Azərbaycan,MEDİA,A4011,Caspian Agro Week,2019,1,"{""appearances"": [{""exhibition"": ""caspianagroweek"", ""exhibition_label"": ""Caspian Agro Week"", ""year"": ""2019"", ""category"": ""MEDİA"", ""stand"": ""A4011"", ""company_id"": """", ""source_url"": ""https://caspianagroweek.az/az/exhibitors-list/year/2019""}]}"
expo-00979,TUMOSAN TRAKTOR,Azərbaycan,MEDİA,A5002-1,Caspian Agro Week,2022,1,"{""appearances"": [{""exhibition"": ""caspianagroweek"", ""exhibition_label"": ""Caspian Agro Week"", ""year"": ""2022"", ""category"": ""MEDİA"", ""stand"": ""A5002-1"", ""company_id"": """", ""source_url"": ""https://caspianagroweek.az/az/exhibitors-list/year/2022""}]}"
expo-00980,TURKİSH DEFENCE INDUSTRY XƏBƏR SAYTI,Azərbaycan,MEDİA,,Securex Caspian,2022,1,"{""appearances"": [{""exhibition"": ""securexcaspian"", ""exhibition_label"": ""Securex Caspian"", ""year"": ""2022"", ""category"": ""MEDİA"", ""stand"": ""-"", ""company_id"": ""7444"", ""source_url"": ""https://securexcaspian.az/az/exhibitors-list/year/2022""}]}"
expo-00981,TUTTO BELLO MMC,Azərbaycan,MEDİA | TƏRƏFDAŞLAR | ÇELYABİNSK VİLAYƏTİ,1B130 | B1112 | B1116,BakuBuild,2021 | 2022 | 2023,3,"{""appearances"": [{""exhibition"": ""bakubuild"", ""exhibition_label"": ""BakuBuild"", ""year"": ""2021"", ""category"": ""TƏRƏFDAŞLAR"", ""stand"": ""B1112"", ""company_id"": ""6733"", ""source_url"": ""https://bakubuild.az/az/exhibitors-list/year/2021""}, {""exhibition"": ""bakubuild"", ""exhibition_label"": ""BakuBuild"", ""year"": ""2022"", ""category"": ""MEDİA"", ""stand"": ""B1116"", ""company_id"": ""6733"", ""source_url"": ""https://bakubuild.az/az/exhibitors-list/year/2022""}, {""exhibition"": ""bakubuild"", ""exhibition_label"": ""BakuBuild"", ""year"": ""2023"", ""category"": ""ÇELYABİNSK VİLAYƏTİ"", ""stand"": ""1B130"", ""company_id"": ""6733"", ""source_url"": ""https://bakubuild.az/az/exhibitors-list/year/2023""}]}"
expo-00982,TÜRKAY TARIM MAKINALARI,Azərbaycan,MEDİA,A5002-12,Caspian Agro Week,2022,1,"{""appearances"": [{""exhibition"": ""caspianagroweek"", ""exhibition_label"": ""Caspian Agro Week"", ""year"": ""2022"", ""category"": ""MEDİA"", ""stand"": ""A5002-12"", ""company_id"": """", ""source_url"": ""https://caspianagroweek.az/az/exhibitors-list/year/2022""}]}"
expo-00983,TÜRKIYƏ RESPUBLIKASININ ENERJI VƏ TƏBII SƏRVƏTLƏR NAZIRLIYI,Azərbaycan,MEDİA,,Caspian Oil & Gas,2026,1,"{""appearances"": [{""exhibition"": ""caspianoilgas"", ""exhibition_label"": ""Caspian Oil & Gas"", ""year"": ""2026"", ""category"": ""MEDİA"", ""stand"": ""-"", ""company_id"": """", ""source_url"": ""https://caspianoilgas.az/az/exhibitors-list/year/2026""}]}"
expo-00984,TÜRKİYE PETROLLERİ ANONİM ORTAKLIĞI (TPAO),Azərbaycan,MEDİA,1C320,Caspian Oil & Gas,2023 | 2024,2,"{""appearances"": [{""exhibition"": ""caspianoilgas"", ""exhibition_label"": ""Caspian Oil & Gas"", ""year"": ""2023"", ""category"": ""MEDİA"", ""stand"": ""1C320"", ""company_id"": ""4615"", ""source_url"": ""https://caspianoilgas.az/az/exhibitors-list/year/2023""}, {""exhibition"": ""caspianoilgas"", ""exhibition_label"": ""Caspian Oil & Gas"", ""year"": ""2024"", ""category"": ""MEDİA"", ""stand"": ""1C320"", ""company_id"": ""4615"", ""source_url"": ""https://caspianoilgas.az/az/exhibitors-list/year/2024""}]}"
expo-00985,TÜRKİYE PETROLLERİ AO,Azərbaycan,MEDİA,C1310,Caspian Oil & Gas,2022 | 2027,2,"{""appearances"": [{""exhibition"": ""caspianoilgas"", ""exhibition_label"": ""Caspian Oil & Gas"", ""year"": ""2022"", ""category"": ""MEDİA"", ""stand"": ""C1310"", ""company_id"": ""4615"", ""source_url"": ""https://caspianoilgas.az/az/exhibitors-list/year/2022""}, {""exhibition"": ""caspianoilgas"", ""exhibition_label"": ""Caspian Oil & Gas"", ""year"": ""2027"", ""category"": """", ""stand"": ""-"", ""company_id"": """", ""source_url"": ""https://caspianoilgas.az/az/exhibitors-list/year/2027""}]}"
expo-00986,TÜRKİYƏ VƏ AZƏRBAYCAN İŞ ADAMLARI VƏ SƏNAYEÇİLƏRİ İCTİMAİ BİRLİYİ,Azərbaycan,MEDİA | NAXÇIVAN MUXTAR RESPUBLİKASININ MİLLİ STENDİ,3P019 | M104,BakuBuild | Caspian Agro Week | InterFood Azerbaijan,2023 | 2025,3,"{""appearances"": [{""exhibition"": ""bakubuild"", ""exhibition_label"": ""BakuBuild"", ""year"": ""2023"", ""category"": ""MEDİA"", ""stand"": ""3P019"", ""company_id"": ""6647"", ""source_url"": ""https://bakubuild.az/az/exhibitors-list/year/2023""}, {""exhibition"": ""interfood"", ""exhibition_label"": ""InterFood Azerbaijan"", ""year"": ""2025"", ""category"": ""NAXÇIVAN MUXTAR RESPUBLİKASININ MİLLİ STENDİ"", ""stand"": ""-"", ""company_id"": ""6647"", ""source_url"": ""https://interfood.az/az/exhibitors-list/year/2025""}, {""exhibition"": ""caspianagroweek"", ""exhibition_label"": ""Caspian Agro Week"", ""year"": ""2025"", ""category"": ""MEDİA"", ""stand"": ""M104"", ""company_id"": ""6647"", ""source_url"": ""https://caspianagroweek.az/az/exhibitors-list/year/2025""}]}"
expo-00987,TƏMİZ QAZ QSC,Azərbaycan,MEDİA,2012 | C2012,Caspian Oil & Gas,2019 | 2022,2,"{""appearances"": [{""exhibition"": ""caspianoilgas"", ""exhibition_label"": ""Caspian Oil & Gas"", ""year"": ""2019"", ""category"": ""MEDİA"", ""stand"": ""2012"", ""company_id"": ""4613"", ""source_url"": ""https://caspianoilgas.az/az/exhibitors-list/year/2019""}, {""exhibition"": ""caspianoilgas"", ""exhibition_label"": ""Caspian Oil & Gas"", ""year"": ""2022"", ""category"": ""MEDİA"", ""stand"": ""C2012"", ""company_id"": ""4613"", ""source_url"": ""https://caspianoilgas.az/az/exhibitors-list/year/2022""}]}"
expo-00988,UMİD VAR İNKLUZİV YARADAÇILIQ BİRLİYİ,Azərbaycan,MEDİA,,Caspian Oil & Gas,2024,1,"{""appearances"": [{""exhibition"": ""caspianoilgas"", ""exhibition_label"": ""Caspian Oil & Gas"", ""year"": ""2024"", ""category"": ""MEDİA"", ""stand"": ""-"", ""company_id"": """", ""source_url"": ""https://caspianoilgas.az/az/exhibitors-list/year/2024""}]}"
expo-00989,UNISER GROUP MMC,Azərbaycan,MEDİA,2T330/1 | 2T350-1,TransLogistica Caspian,2025 | 2026,2,"{""appearances"": [{""exhibition"": ""translogistica"", ""exhibition_label"": ""TransLogistica Caspian"", ""year"": ""2025"", ""category"": ""MEDİA"", ""stand"": ""2T330/1"", ""company_id"": ""335034"", ""source_url"": ""https://translogistica.az/az/exhibitors-list/year/2025""}, {""exhibition"": ""translogistica"", ""exhibition_label"": ""TransLogistica Caspian"", ""year"": ""2026"", ""category"": ""MEDİA"", ""stand"": ""2T350-1"", ""company_id"": ""352632"", ""source_url"": ""https://translogistica.az/az/exhibitors-list/year/2026""}]}"
expo-00990,UNİVERSAL GROUP QSC,Azərbaycan,MEDİA,2C035 | 2C122,Caspian Oil & Gas,2023 | 2025,2,"{""appearances"": [{""exhibition"": ""caspianoilgas"", ""exhibition_label"": ""Caspian Oil & Gas"", ""year"": ""2023"", ""category"": ""MEDİA"", ""stand"": ""2C035"", ""company_id"": ""273442"", ""source_url"": ""https://caspianoilgas.az/az/exhibitors-list/year/2023""}, {""exhibition"": ""caspianoilgas"", ""exhibition_label"": ""Caspian Oil & Gas"", ""year"": ""2025"", ""category"": ""MEDİA"", ""stand"": ""2C122"", ""company_id"": ""333806"", ""source_url"": ""https://caspianoilgas.az/az/exhibitors-list/year/2025""}]}"
expo-00991,UNİVERSAL PRO,Azərbaycan,TƏRƏFDAŞLAR,B1212,BakuBuild | Securex Caspian,2019,3,"{""appearances"": [{""exhibition"": ""bakubuild"", ""exhibition_label"": ""BakuBuild"", ""year"": ""2019"", ""category"": ""TƏRƏFDAŞLAR"", ""stand"": ""B1212"", ""company_id"": ""5590"", ""source_url"": ""https://bakubuild.az/az/exhibitors-list/year/2019""}, {""exhibition"": ""securexcaspian"", ""exhibition_label"": ""Securex Caspian"", ""year"": ""2019"", ""category"": ""TƏRƏFDAŞLAR"", ""stand"": ""B1212"", ""company_id"": ""5590"", ""source_url"": ""https://securexcaspian.az/az/exhibitors-list/year/2019""}, {""exhibition"": ""securexcaspian"", ""exhibition_label"": ""Securex Caspian"", ""year"": ""2019"", ""category"": ""TƏRƏFDAŞLAR"", ""stand"": ""B1212"", ""company_id"": ""5590"", ""source_url"": ""https://securexcaspian.az/az/exhibitors-list/year/2019""}]}"
expo-00992,UNLU PULLUK,Azərbaycan,MEDİA,A5002-3,Caspian Agro Week,2022,1,"{""appearances"": [{""exhibition"": ""caspianagroweek"", ""exhibition_label"": ""Caspian Agro Week"", ""year"": ""2022"", ""category"": ""MEDİA"", ""stand"": ""A5002-3"", ""company_id"": """", ""source_url"": ""https://caspianagroweek.az/az/exhibitors-list/year/2022""}]}"
expo-00993,URBAN.AZ,Azərbaycan,MEDİA,,BakuBuild | Beauty Expo Baku | Securex Caspian | TransLogistica Caspian,2019,4,"{""appearances"": [{""exhibition"": ""bakubuild"", ""exhibition_label"": ""BakuBuild"", ""year"": ""2019"", ""category"": ""MEDİA"", ""stand"": ""-"", ""company_id"": ""4835"", ""source_url"": ""https://bakubuild.az/az/exhibitors-list/year/2019""}, {""exhibition"": ""beautyexpo"", ""exhibition_label"": ""Beauty Expo Baku"", ""year"": ""2019"", ""category"": ""MEDİA"", ""stand"": ""-"", ""company_id"": ""4835"", ""source_url"": ""https://beautyexpo.az/az/exhibitors-list/year/2019""}, {""exhibition"": ""securexcaspian"", ""exhibition_label"": ""Securex Caspian"", ""year"": ""2019"", ""category"": ""MEDİA"", ""stand"": ""-"", ""company_id"": ""4835"", ""source_url"": ""https://securexcaspian.az/az/exhibitors-list/year/2019""}, {""exhibition"": ""translogistica"", ""exhibition_label"": ""TransLogistica Caspian"", ""year"": ""2019"", ""category"": ""MEDİA"", ""stand"": ""-"", ""company_id"": ""4835"", ""source_url"": ""https://translogistica.az/az/exhibitors-list/year/2019""}]}"
expo-00994,URBEK-AZ MMC,Azərbaycan,MEDİA,A2420,Caspian Agro Week,2022,1,"{""appearances"": [{""exhibition"": ""caspianagroweek"", ""exhibition_label"": ""Caspian Agro Week"", ""year"": ""2022"", ""category"": ""MEDİA"", ""stand"": ""A2420"", ""company_id"": ""6878"", ""source_url"": ""https://caspianagroweek.az/az/exhibitors-list/year/2022""}]}"
expo-00995,USAID/US EMBASSY,Azərbaycan,MEDİA,A2302,Caspian Agro Week,2019,1,"{""appearances"": [{""exhibition"": ""caspianagroweek"", ""exhibition_label"": ""Caspian Agro Week"", ""year"": ""2019"", ""category"": ""MEDİA"", ""stand"": ""A2302"", ""company_id"": ""4806"", ""source_url"": ""https://caspianagroweek.az/az/exhibitors-list/year/2019""}]}"
expo-00996,USH GROUP,Azərbaycan,,,Securex Caspian,2026,1,"{""appearances"": [{""exhibition"": ""securexcaspian"", ""exhibition_label"": ""Securex Caspian"", ""year"": ""2026"", ""category"": """", ""stand"": ""-"", ""company_id"": """", ""source_url"": ""https://securexcaspian.az/az/exhibitors-list/year/2026""}]}"
expo-00997,VEKA RUS MMC-NİN AR NÜMAYƏNDƏLİYİ,Azərbaycan,MEDİA,2B430,BakuBuild,2024,1,"{""appearances"": [{""exhibition"": ""bakubuild"", ""exhibition_label"": ""BakuBuild"", ""year"": ""2024"", ""category"": ""MEDİA"", ""stand"": ""2B430"", ""company_id"": ""313411"", ""source_url"": ""https://bakubuild.az/az/exhibitors-list/year/2024""}]}"
expo-00998,VEKTORDS,Azərbaycan,,,Securex Caspian,2026,1,"{""appearances"": [{""exhibition"": ""securexcaspian"", ""exhibition_label"": ""Securex Caspian"", ""year"": ""2026"", ""category"": """", ""stand"": ""-"", ""company_id"": ""359915"", ""source_url"": ""https://securexcaspian.az/az/exhibitors-list/year/2026""}]}"
expo-00999,VENKA TEKNİK,Azərbaycan,TƏRƏFDAŞLAR,A2120,Aquatherm Baku | Securex Caspian,2019,2,"{""appearances"": [{""exhibition"": ""aquatherm"", ""exhibition_label"": ""Aquatherm Baku"", ""year"": ""2019"", ""category"": ""TƏRƏFDAŞLAR"", ""stand"": ""A2120"", ""company_id"": ""5540"", ""source_url"": ""https://aquatherm.az/az/exhibitors-list/year/2019""}, {""exhibition"": ""securexcaspian"", ""exhibition_label"": ""Securex Caspian"", ""year"": ""2019"", ""category"": ""TƏRƏFDAŞLAR"", ""stand"": ""A2120"", ""company_id"": ""5540"", ""source_url"": ""https://securexcaspian.az/az/exhibitors-list/year/2019""}]}"
expo-01000,VERTEX,Azərbaycan,MEDİA,1034,Caspian Oil & Gas,2019,1,"{""appearances"": [{""exhibition"": ""caspianoilgas"", ""exhibition_label"": ""Caspian Oil & Gas"", ""year"": ""2019"", ""category"": ""MEDİA"", ""stand"": ""1034"", ""company_id"": ""4921"", ""source_url"": ""https://caspianoilgas.az/az/exhibitors-list/year/2019""}]}"
expo-01001,VERTUS ENGINEERING CO MMC,Azərbaycan,TƏRƏFDAŞLAR,2B120,BakuBuild,2025,1,"{""appearances"": [{""exhibition"": ""bakubuild"", ""exhibition_label"": ""BakuBuild"", ""year"": ""2025"", ""category"": ""TƏRƏFDAŞLAR"", ""stand"": ""2B120"", ""company_id"": ""345079"", ""source_url"": ""https://bakubuild.az/az/exhibitors-list/year/2025""}]}"
expo-01002,VETAQRO MMC,Azərbaycan,MEDİA,2A064,Caspian Agro Week,2024,1,"{""appearances"": [{""exhibition"": ""caspianagroweek"", ""exhibition_label"": ""Caspian Agro Week"", ""year"": ""2024"", ""category"": ""MEDİA"", ""stand"": ""2A064"", ""company_id"": ""311213"", ""source_url"": ""https://caspianagroweek.az/az/exhibitors-list/year/2024""}]}"
expo-01003,VETART,Azərbaycan,AZERA HOLDING | MEDİA,2A110-2 | 2A112-2,Caspian Agro Week,2023 | 2024 | 2025 | 2026,4,"{""appearances"": [{""exhibition"": ""caspianagroweek"", ""exhibition_label"": ""Caspian Agro Week"", ""year"": ""2023"", ""category"": ""MEDİA"", ""stand"": ""2A112-2"", ""company_id"": """", ""source_url"": ""https://caspianagroweek.az/az/exhibitors-list/year/2023""}, {""exhibition"": ""caspianagroweek"", ""exhibition_label"": ""Caspian Agro Week"", ""year"": ""2024"", ""category"": ""MEDİA"", ""stand"": ""2A110-2"", ""company_id"": """", ""source_url"": ""https://caspianagroweek.az/az/exhibitors-list/year/2024""}, {""exhibition"": ""caspianagroweek"", ""exhibition_label"": ""Caspian Agro Week"", ""year"": ""2025"", ""category"": ""MEDİA"", ""stand"": ""2A110-2"", ""company_id"": """", ""source_url"": ""https://caspianagroweek.az/az/exhibitors-list/year/2025""}, {""exhibition"": ""caspianagroweek"", ""exhibition_label"": ""Caspian Agro Week"", ""year"": ""2026"", ""category"": ""AZERA HOLDING"", ""stand"": ""2A110-2"", ""company_id"": """", ""source_url"": ""https://caspianagroweek.az/az/exhibitors-list/year/2026""}]}"
expo-01004,VEYSELOGLU LLC,Azərbaycan,ATS FOOD,,InterFood Azerbaijan,2027,1,"{""appearances"": [{""exhibition"": ""interfood"", ""exhibition_label"": ""InterFood Azerbaijan"", ""year"": ""2027"", ""category"": ""ATS FOOD"", ""stand"": ""-"", ""company_id"": """", ""source_url"": ""https://interfood.az/az/exhibitors-list/year/2027""}]}"
expo-01005,VITA TERRA,Azərbaycan,,,Caspian Agro Week,2027,1,"{""appearances"": [{""exhibition"": ""caspianagroweek"", ""exhibition_label"": ""Caspian Agro Week"", ""year"": ""2027"", ""category"": """", ""stand"": ""-"", ""company_id"": """", ""source_url"": ""https://caspianagroweek.az/az/exhibitors-list/year/2027""}]}"
expo-01006,VITTA ELMİ-TEXNİKİ MMC,Azərbaycan,MEDİA,1A043 | A2112,Securex Caspian,2022 | 2024,2,"{""appearances"": [{""exhibition"": ""securexcaspian"", ""exhibition_label"": ""Securex Caspian"", ""year"": ""2022"", ""category"": ""MEDİA"", ""stand"": ""A2112"", ""company_id"": ""6210"", ""source_url"": ""https://securexcaspian.az/az/exhibitors-list/year/2022""}, {""exhibition"": ""securexcaspian"", ""exhibition_label"": ""Securex Caspian"", ""year"": ""2024"", ""category"": ""MEDİA"", ""stand"": ""1A043"", ""company_id"": ""313736"", ""source_url"": ""https://securexcaspian.az/az/exhibitors-list/year/2024""}]}"
expo-01007,VİDEO.AZ,Azərbaycan,MEDİA,,Aquatherm Baku | BakuBuild | Beauty Expo Baku | Securex Caspian | TransLogistica Caspian,2019 | 2021,6,"{""appearances"": [{""exhibition"": ""bakubuild"", ""exhibition_label"": ""BakuBuild"", ""year"": ""2019"", ""category"": ""MEDİA"", ""stand"": ""-"", ""company_id"": ""4378"", ""source_url"": ""https://bakubuild.az/az/exhibitors-list/year/2019""}, {""exhibition"": ""bakubuild"", ""exhibition_label"": ""BakuBuild"", ""year"": ""2021"", ""category"": ""MEDİA"", ""stand"": ""-"", ""company_id"": ""4378"", ""source_url"": ""https://bakubuild.az/az/exhibitors-list/year/2021""}, {""exhibition"": ""aquatherm"", ""exhibition_label"": ""Aquatherm Baku"", ""year"": ""2021"", ""category"": ""MEDİA"", ""stand"": ""-"", ""company_id"": ""4378"", ""source_url"": ""https://aquatherm.az/az/exhibitors-list/year/2021""}, {""exhibition"": ""beautyexpo"", ""exhibition_label"": ""Beauty Expo Baku"", ""year"": ""2019"", ""category"": ""MEDİA"", ""stand"": ""-"", ""company_id"": ""4378"", ""source_url"": ""https://beautyexpo.az/az/exhibitors-list/year/2019""}, {""exhibition"": ""securexcaspian"", ""exhibition_label"": ""Securex Caspian"", ""year"": ""2019"", ""category"": ""MEDİA"", ""stand"": ""-"", ""company_id"": ""4378"", ""source_url"": ""https://securexcaspian.az/az/exhibitors-list/year/2019""}, {""exhibition"": ""translogistica"", ""exhibition_label"": ""TransLogistica Caspian"", ""year"": ""2019"", ""category"": ""MEDİA"", ""stand"": ""-"", ""company_id"": ""4378"", ""source_url"": ""https://translogistica.az/az/exhibitors-list/year/2019""}]}"
expo-01008,VİEN GROUP,Azərbaycan,MEDİA,2138,Caspian Oil & Gas,2019,1,"{""appearances"": [{""exhibition"": ""caspianoilgas"", ""exhibition_label"": ""Caspian Oil & Gas"", ""year"": ""2019"", ""category"": ""MEDİA"", ""stand"": ""2138"", ""company_id"": ""4614"", ""source_url"": ""https://caspianoilgas.az/az/exhibitors-list/year/2019""}]}"
expo-01009,VİRTUAL AZERBAİJAN GROUP OF COMPANY,Azərbaycan,MEDİA,A3106-1,Caspian Agro Week,2022,1,"{""appearances"": [{""exhibition"": ""caspianagroweek"", ""exhibition_label"": ""Caspian Agro Week"", ""year"": ""2022"", ""category"": ""MEDİA"", ""stand"": ""A3106-1"", ""company_id"": ""7050"", ""source_url"": ""https://caspianagroweek.az/az/exhibitors-list/year/2022""}]}"
expo-01010,VİSİON TV AZƏRBAYCAN,Azərbaycan,MEDİA,,BakuBuild | Caspian Agro Week | Caspian Oil & Gas | InterFood Azerbaijan | TransLogistica Caspian,2024 | 2026,9,"{""appearances"": [{""exhibition"": ""bakubuild"", ""exhibition_label"": ""BakuBuild"", ""year"": ""2024"", ""category"": ""MEDİA"", ""stand"": ""-"", ""company_id"": ""313538"", ""source_url"": ""https://bakubuild.az/az/exhibitors-list/year/2024""}, {""exhibition"": ""interfood"", ""exhibition_label"": ""InterFood Azerbaijan"", ""year"": ""2024"", ""category"": ""MEDİA"", ""stand"": ""-"", ""company_id"": ""313538"", ""source_url"": ""https://interfood.az/az/exhibitors-list/year/2024""}, {""exhibition"": ""interfood"", ""exhibition_label"": ""InterFood Azerbaijan"", ""year"": ""2026"", ""category"": ""MEDİA"", ""stand"": ""-"", ""company_id"": ""313538"", ""source_url"": ""https://interfood.az/az/exhibitors-list/year/2026""}, {""exhibition"": ""caspianoilgas"", ""exhibition_label"": ""Caspian Oil & Gas"", ""year"": ""2024"", ""category"": ""MEDİA"", ""stand"": ""-"", ""company_id"": ""313538"", ""source_url"": ""https://caspianoilgas.az/az/exhibitors-list/year/2024""}, {""exhibition"": ""caspianoilgas"", ""exhibition_label"": ""Caspian Oil & Gas"", ""year"": ""2026"", ""category"": ""MEDİA"", ""stand"": ""-"", ""company_id"": ""313538"", ""source_url"": ""https://caspianoilgas.az/az/exhibitors-list/year/2026""}, {""exhibition"": ""translogistica"", ""exhibition_label"": ""TransLogistica Caspian"", ""year"": ""2024"", ""category"": ""MEDİA"", ""stand"": ""-"", ""company_id"": ""313538"", ""source_url"": ""https://translogistica.az/az/exhibitors-list/year/2024""}, {""exhibition"": ""translogistica"", ""exhibition_label"": ""TransLogistica Caspian"", ""year"": ""2026"", ""category"": ""MEDİA"", ""stand"": ""-"", ""company_id"": ""313538"", ""source_url"": ""https://translogistica.az/az/exhibitors-list/year/2026""}, {""exhibition"": ""caspianagroweek"", ""exhibition_label"": ""Caspian Agro Week"", ""year"": ""2024"", ""category"": ""MEDİA"", ""stand"": ""-"", ""company_id"": ""313538"", ""source_url"": ""https://caspianagroweek.az/az/exhibitors-list/year/2024""}, {""exhibition"": ""caspianagroweek"", ""exhibition_label"": ""Caspian Agro Week"", ""year"": ""2026"", ""category"": ""MEDİA"", ""stand"": ""-"", ""company_id"": ""313538"", ""source_url"": ""https://caspianagroweek.az/az/exhibitors-list/year/2026""}]}"
expo-01011,VİZİR ŞİRKƏTİ,Azərbaycan,MEDİA,2C014,Caspian Oil & Gas,2023,1,"{""appearances"": [{""exhibition"": ""caspianoilgas"", ""exhibition_label"": ""Caspian Oil & Gas"", ""year"": ""2023"", ""category"": ""MEDİA"", ""stand"": ""2C014"", ""company_id"": ""8071"", ""source_url"": ""https://caspianoilgas.az/az/exhibitors-list/year/2023""}]}"
expo-01012,VLAND SYSTEMS MMC,Azərbaycan,,,Securex Caspian,2026,1,"{""appearances"": [{""exhibition"": ""securexcaspian"", ""exhibition_label"": ""Securex Caspian"", ""year"": ""2026"", ""category"": """", ""stand"": ""-"", ""company_id"": ""352945"", ""source_url"": ""https://securexcaspian.az/az/exhibitors-list/year/2026""}]}"
expo-01013,VORONEJ RAYONUNUN MÜƏSSİSƏLƏRİNİN KOLLEKTİV STENDİ,Azərbaycan,NAXÇIVAN MUXTAR RESPUBLİKASININ MİLLİ STENDİ,4F002,InterFood Azerbaijan,2025,1,"{""appearances"": [{""exhibition"": ""interfood"", ""exhibition_label"": ""InterFood Azerbaijan"", ""year"": ""2025"", ""category"": ""NAXÇIVAN MUXTAR RESPUBLİKASININ MİLLİ STENDİ"", ""stand"": ""4F002"", ""company_id"": ""310504"", ""source_url"": ""https://interfood.az/az/exhibitors-list/year/2025""}]}"
expo-01014,WILO SE,Azərbaycan,TƏRƏFDAŞLAR,A2090,Aquatherm Baku | Securex Caspian,2019,2,"{""appearances"": [{""exhibition"": ""aquatherm"", ""exhibition_label"": ""Aquatherm Baku"", ""year"": ""2019"", ""category"": ""TƏRƏFDAŞLAR"", ""stand"": ""A2090"", ""company_id"": ""6008"", ""source_url"": ""https://aquatherm.az/az/exhibitors-list/year/2019""}, {""exhibition"": ""securexcaspian"", ""exhibition_label"": ""Securex Caspian"", ""year"": ""2019"", ""category"": ""TƏRƏFDAŞLAR"", ""stand"": ""A2090"", ""company_id"": ""6008"", ""source_url"": ""https://securexcaspian.az/az/exhibitors-list/year/2019""}]}"
expo-01015,WILO SE (VİLO SE ŞİRKƏTİNİN AR NÜMAYƏNDƏLİYİ),Azərbaycan,MEDİA,4A022,Aquatherm Baku,2025,1,"{""appearances"": [{""exhibition"": ""aquatherm"", ""exhibition_label"": ""Aquatherm Baku"", ""year"": ""2025"", ""category"": ""MEDİA"", ""stand"": ""4A022"", ""company_id"": ""301928"", ""source_url"": ""https://aquatherm.az/az/exhibitors-list/year/2025""}]}"
expo-01016,WORKPLACE INTERIORS,Azərbaycan,TƏRƏFDAŞLAR,K2303,BakuBuild,2021,1,"{""appearances"": [{""exhibition"": ""bakubuild"", ""exhibition_label"": ""BakuBuild"", ""year"": ""2021"", ""category"": ""TƏRƏFDAŞLAR"", ""stand"": ""K2303"", ""company_id"": ""6834"", ""source_url"": ""https://bakubuild.az/az/exhibitors-list/year/2021""}]}"
expo-01017,XALİQ FAİQOĞLU MMC,Azərbaycan,MEDİA,1034,TransLogistica Caspian,2019,1,"{""appearances"": [{""exhibition"": ""translogistica"", ""exhibition_label"": ""TransLogistica Caspian"", ""year"": ""2019"", ""category"": ""MEDİA"", ""stand"": ""1034"", ""company_id"": ""4777"", ""source_url"": ""https://translogistica.az/az/exhibitors-list/year/2019""}]}"
expo-01018,XARIBÜLBÜL İNŞAAT MMC,Azərbaycan,MURMANSK VİLAYETİ,1F042-12,InterFood Azerbaijan,2023,1,"{""appearances"": [{""exhibition"": ""interfood"", ""exhibition_label"": ""InterFood Azerbaijan"", ""year"": ""2023"", ""category"": ""MURMANSK VİLAYETİ"", ""stand"": ""1F042-12"", ""company_id"": """", ""source_url"": ""https://interfood.az/az/exhibitors-list/year/2023""}]}"
expo-01019,XAÇMAZ AQROPARK,Azərbaycan,AGRO DAIRY MMC | MEDİA,1A210-2,Caspian Agro Week,2025 | 2026,2,"{""appearances"": [{""exhibition"": ""caspianagroweek"", ""exhibition_label"": ""Caspian Agro Week"", ""year"": ""2025"", ""category"": ""MEDİA"", ""stand"": ""1A210-2"", ""company_id"": """", ""source_url"": ""https://caspianagroweek.az/az/exhibitors-list/year/2025""}, {""exhibition"": ""caspianagroweek"", ""exhibition_label"": ""Caspian Agro Week"", ""year"": ""2026"", ""category"": ""AGRO DAIRY MMC"", ""stand"": ""1A210-2"", ""company_id"": """", ""source_url"": ""https://caspianagroweek.az/az/exhibitors-list/year/2026""}]}"
expo-01020,XO YUPEKCHİ,Azərbaycan,MEDİA,2F062,InterFood Azerbaijan,2024,1,"{""appearances"": [{""exhibition"": ""interfood"", ""exhibition_label"": ""InterFood Azerbaijan"", ""year"": ""2024"", ""category"": ""MEDİA"", ""stand"": ""2F062"", ""company_id"": ""310099"", ""source_url"": ""https://interfood.az/az/exhibitors-list/year/2024""}]}"
expo-01021,XUDAVERDİLİ NATİQ OKTAY OĞLU,Azərbaycan,MEDİA,F1010-8,InterFood Azerbaijan,2022,1,"{""appearances"": [{""exhibition"": ""interfood"", ""exhibition_label"": ""InterFood Azerbaijan"", ""year"": ""2022"", ""category"": ""MEDİA"", ""stand"": ""F1010-8"", ""company_id"": """", ""source_url"": ""https://interfood.az/az/exhibitors-list/year/2022""}]}"
expo-01022,XÜSUSİ RABİTƏ VƏ İNFORMASİYA TƏHLÜKƏSİZLİYİ DÖVLƏT XİDMƏTİ,Azərbaycan,MEDİA,,Securex Caspian,2024 | 2026,2,"{""appearances"": [{""exhibition"": ""securexcaspian"", ""exhibition_label"": ""Securex Caspian"", ""year"": ""2024"", ""category"": ""MEDİA"", ""stand"": ""-"", ""company_id"": """", ""source_url"": ""https://securexcaspian.az/az/exhibitors-list/year/2024""}, {""exhibition"": ""securexcaspian"", ""exhibition_label"": ""Securex Caspian"", ""year"": ""2026"", ""category"": """", ""stand"": ""-"", ""company_id"": """", ""source_url"": ""https://securexcaspian.az/az/exhibitors-list/year/2026""}]}"
expo-01023,XƏZƏR EKOLOJİ LABOROTORİYASI MMC,Azərbaycan,MEDİA | NAXÇIVAN MUXTAR RESPUBLİKASININ MİLLİ STENDİ,3F006,Caspian Agro Week | InterFood Azerbaijan,2025,2,"{""appearances"": [{""exhibition"": ""interfood"", ""exhibition_label"": ""InterFood Azerbaijan"", ""year"": ""2025"", ""category"": ""NAXÇIVAN MUXTAR RESPUBLİKASININ MİLLİ STENDİ"", ""stand"": ""3F006"", ""company_id"": ""334028"", ""source_url"": ""https://interfood.az/az/exhibitors-list/year/2025""}, {""exhibition"": ""caspianagroweek"", ""exhibition_label"": ""Caspian Agro Week"", ""year"": ""2025"", ""category"": ""MEDİA"", ""stand"": ""3F006"", ""company_id"": ""334028"", ""source_url"": ""https://caspianagroweek.az/az/exhibitors-list/year/2025""}]}"
expo-01024,YALAMA AQROPARK,Azərbaycan,AGRO DAIRY MMC | MEDİA,1A210-1,Caspian Agro Week,2025 | 2026,2,"{""appearances"": [{""exhibition"": ""caspianagroweek"", ""exhibition_label"": ""Caspian Agro Week"", ""year"": ""2025"", ""category"": ""MEDİA"", ""stand"": ""1A210-1"", ""company_id"": """", ""source_url"": ""https://caspianagroweek.az/az/exhibitors-list/year/2025""}, {""exhibition"": ""caspianagroweek"", ""exhibition_label"": ""Caspian Agro Week"", ""year"": ""2026"", ""category"": ""AGRO DAIRY MMC"", ""stand"": ""1A210-1"", ""company_id"": """", ""source_url"": ""https://caspianagroweek.az/az/exhibitors-list/year/2026""}]}"
expo-01025,YAĞMUR-2,Azərbaycan,MEDİA | TƏRƏFDAŞ,A1016 | A1018 | A1408,Caspian Agro Week,2019 | 2021 | 2022,3,"{""appearances"": [{""exhibition"": ""caspianagroweek"", ""exhibition_label"": ""Caspian Agro Week"", ""year"": ""2019"", ""category"": ""MEDİA"", ""stand"": ""A1018"", ""company_id"": ""4666"", ""source_url"": ""https://caspianagroweek.az/az/exhibitors-list/year/2019""}, {""exhibition"": ""caspianagroweek"", ""exhibition_label"": ""Caspian Agro Week"", ""year"": ""2021"", ""category"": ""TƏRƏFDAŞ"", ""stand"": ""A1016"", ""company_id"": ""4666"", ""source_url"": ""https://caspianagroweek.az/az/exhibitors-list/year/2021""}, {""exhibition"": ""caspianagroweek"", ""exhibition_label"": ""Caspian Agro Week"", ""year"": ""2022"", ""category"": ""MEDİA"", ""stand"": ""A1408"", ""company_id"": ""4666"", ""source_url"": ""https://caspianagroweek.az/az/exhibitors-list/year/2022""}]}"
expo-01026,YELLOWPAGES.AZ,Azərbaycan,MEDİA,P120,BakuBuild | Caspian Oil & Gas | Securex Caspian,2019,3,"{""appearances"": [{""exhibition"": ""bakubuild"", ""exhibition_label"": ""BakuBuild"", ""year"": ""2019"", ""category"": ""MEDİA"", ""stand"": ""P120"", ""company_id"": ""5339"", ""source_url"": ""https://bakubuild.az/az/exhibitors-list/year/2019""}, {""exhibition"": ""caspianoilgas"", ""exhibition_label"": ""Caspian Oil & Gas"", ""year"": ""2019"", ""category"": ""MEDİA"", ""stand"": ""P120"", ""company_id"": ""5339"", ""source_url"": ""https://caspianoilgas.az/az/exhibitors-list/year/2019""}, {""exhibition"": ""securexcaspian"", ""exhibition_label"": ""Securex Caspian"", ""year"": ""2019"", ""category"": ""MEDİA"", ""stand"": ""P120"", ""company_id"": ""5339"", ""source_url"": ""https://securexcaspian.az/az/exhibitors-list/year/2019""}]}"
expo-01027,YURT.LLC,Azərbaycan,MEDİA,,Caspian Agro Week,2024,1,"{""appearances"": [{""exhibition"": ""caspianagroweek"", ""exhibition_label"": ""Caspian Agro Week"", ""year"": ""2024"", ""category"": ""MEDİA"", ""stand"": ""-"", ""company_id"": """", ""source_url"": ""https://caspianagroweek.az/az/exhibitors-list/year/2024""}]}"
expo-01028,YUSİ KO,Azərbaycan,TƏRƏFDAŞLAR,A2122,Aquatherm Baku | Securex Caspian,2019,2,"{""appearances"": [{""exhibition"": ""aquatherm"", ""exhibition_label"": ""Aquatherm Baku"", ""year"": ""2019"", ""category"": ""TƏRƏFDAŞLAR"", ""stand"": ""A2122"", ""company_id"": ""5541"", ""source_url"": ""https://aquatherm.az/az/exhibitors-list/year/2019""}, {""exhibition"": ""securexcaspian"", ""exhibition_label"": ""Securex Caspian"", ""year"": ""2019"", ""category"": ""TƏRƏFDAŞLAR"", ""stand"": ""A2122"", ""company_id"": ""5541"", ""source_url"": ""https://securexcaspian.az/az/exhibitors-list/year/2019""}]}"
expo-01029,YÜKSAN,Azərbaycan,MEDİA,A5010-1/A5010-2-5,Caspian Agro Week,2022,1,"{""appearances"": [{""exhibition"": ""caspianagroweek"", ""exhibition_label"": ""Caspian Agro Week"", ""year"": ""2022"", ""category"": ""MEDİA"", ""stand"": ""A5010-1/A5010-2-5"", ""company_id"": """", ""source_url"": ""https://caspianagroweek.az/az/exhibitors-list/year/2022""}]}"
expo-01030,YÜKTAKSİSİ.AZ MMC,Azərbaycan,MEDİA,2T324 | 2T424 | 2T444,TransLogistica Caspian,2023 | 2025 | 2026,3,"{""appearances"": [{""exhibition"": ""translogistica"", ""exhibition_label"": ""TransLogistica Caspian"", ""year"": ""2023"", ""category"": ""MEDİA"", ""stand"": ""2T444"", ""company_id"": ""8006"", ""source_url"": ""https://translogistica.az/az/exhibitors-list/year/2023""}, {""exhibition"": ""translogistica"", ""exhibition_label"": ""TransLogistica Caspian"", ""year"": ""2025"", ""category"": ""MEDİA"", ""stand"": ""2T424"", ""company_id"": ""8006"", ""source_url"": ""https://translogistica.az/az/exhibitors-list/year/2025""}, {""exhibition"": ""translogistica"", ""exhibition_label"": ""TransLogistica Caspian"", ""year"": ""2026"", ""category"": ""MEDİA"", ""stand"": ""2T324"", ""company_id"": ""8006"", ""source_url"": ""https://translogistica.az/az/exhibitors-list/year/2026""}]}"
expo-01031,ZE-TRONICS QSC,Azərbaycan,MEDİA,2C224,Caspian Oil & Gas,2026,1,"{""appearances"": [{""exhibition"": ""caspianoilgas"", ""exhibition_label"": ""Caspian Oil & Gas"", ""year"": ""2026"", ""category"": ""MEDİA"", ""stand"": ""2C224"", ""company_id"": ""352263"", ""source_url"": ""https://caspianoilgas.az/az/exhibitors-list/year/2026""}]}"
expo-01032,ZE-TRONIKS QSC,Azərbaycan,,,Securex Caspian,2026,1,"{""appearances"": [{""exhibition"": ""securexcaspian"", ""exhibition_label"": ""Securex Caspian"", ""year"": ""2026"", ""category"": """", ""stand"": ""-"", ""company_id"": ""352074"", ""source_url"": ""https://securexcaspian.az/az/exhibitors-list/year/2026""}]}"
expo-01033,ZİVELLA OFİS MEBELLƏRİ,Azərbaycan,ÇELYABİNSK VİLAYƏTİ,,BakuBuild,2023,1,"{""appearances"": [{""exhibition"": ""bakubuild"", ""exhibition_label"": ""BakuBuild"", ""year"": ""2023"", ""category"": ""ÇELYABİNSK VİLAYƏTİ"", ""stand"": ""-"", ""company_id"": ""301235"", ""source_url"": ""https://bakubuild.az/az/exhibitors-list/year/2023""}]}"
expo-01034,ZKTECO AZERBAİJAN,Azərbaycan,MEDİA,,Securex Caspian,2022,1,"{""appearances"": [{""exhibition"": ""securexcaspian"", ""exhibition_label"": ""Securex Caspian"", ""year"": ""2022"", ""category"": ""MEDİA"", ""stand"": ""-"", ""company_id"": ""7344"", ""source_url"": ""https://securexcaspian.az/az/exhibitors-list/year/2022""}]}"
expo-01035,ZƏFƏR BAĞLARI MMC,Azərbaycan,AGRO FOOD INVESTMENTS MMC,1A360-9,Caspian Agro Week,2026,1,"{""appearances"": [{""exhibition"": ""caspianagroweek"", ""exhibition_label"": ""Caspian Agro Week"", ""year"": ""2026"", ""category"": ""AGRO FOOD INVESTMENTS MMC"", ""stand"": ""1A360-9"", ""company_id"": """", ""source_url"": ""https://caspianagroweek.az/az/exhibitors-list/year/2026""}]}"
expo-01036,ZƏNGƏZURLU MMC,Azərbaycan,NAXÇIVAN MUXTAR RESPUBLİKASININ MİLLİ STENDİ,1F040-9,InterFood Azerbaijan,2025,1,"{""appearances"": [{""exhibition"": ""interfood"", ""exhibition_label"": ""InterFood Azerbaijan"", ""year"": ""2025"", ""category"": ""NAXÇIVAN MUXTAR RESPUBLİKASININ MİLLİ STENDİ"", ""stand"": ""1F040-9"", ""company_id"": """", ""source_url"": ""https://interfood.az/az/exhibitors-list/year/2025""}]}"
expo-01037,ZƏYƏM TEXNALOGIYALAR PARKI -ZTP,Azərbaycan,MEDİA,2A132-3,Aquatherm Baku,2024,1,"{""appearances"": [{""exhibition"": ""aquatherm"", ""exhibition_label"": ""Aquatherm Baku"", ""year"": ""2024"", ""category"": ""MEDİA"", ""stand"": ""2A132-3"", ""company_id"": """", ""source_url"": ""https://aquatherm.az/az/exhibitors-list/year/2024""}]}"
expo-01038,ZƏYƏM TEXNOLOGİYALAR PARKI ASC,Azərbaycan,TƏRƏFDAŞ,A5032,Caspian Agro Week,2021,1,"{""appearances"": [{""exhibition"": ""caspianagroweek"", ""exhibition_label"": ""Caspian Agro Week"", ""year"": ""2021"", ""category"": ""TƏRƏFDAŞ"", ""stand"": ""A5032"", ""company_id"": ""6507"", ""source_url"": ""https://caspianagroweek.az/az/exhibitors-list/year/2021""}]}"
expo-01039,«ATILLA TRANS SERVISES A» QSC,Azərbaycan,MEDİA,1C012 | 2C212 | C1106,Caspian Oil & Gas,2022 | 2024 | 2026,3,"{""appearances"": [{""exhibition"": ""caspianoilgas"", ""exhibition_label"": ""Caspian Oil & Gas"", ""year"": ""2022"", ""category"": ""MEDİA"", ""stand"": ""C1106"", ""company_id"": ""7052"", ""source_url"": ""https://caspianoilgas.az/az/exhibitors-list/year/2022""}, {""exhibition"": ""caspianoilgas"", ""exhibition_label"": ""Caspian Oil & Gas"", ""year"": ""2024"", ""category"": ""MEDİA"", ""stand"": ""2C212"", ""company_id"": ""311571"", ""source_url"": ""https://caspianoilgas.az/az/exhibitors-list/year/2024""}, {""exhibition"": ""caspianoilgas"", ""exhibition_label"": ""Caspian Oil & Gas"", ""year"": ""2026"", ""category"": ""MEDİA"", ""stand"": ""1C012"", ""company_id"": ""345237"", ""source_url"": ""https://caspianoilgas.az/az/exhibitors-list/year/2026""}]}"
expo-01040,«ELEKTRONSTANDART-PRIBOR-AZƏRBAYCAN» MMC,Azərbaycan,MEDİA,2C212,Caspian Oil & Gas | Securex Caspian,2026,2,"{""appearances"": [{""exhibition"": ""caspianoilgas"", ""exhibition_label"": ""Caspian Oil & Gas"", ""year"": ""2026"", ""category"": ""MEDİA"", ""stand"": ""2C212"", ""company_id"": ""352163"", ""source_url"": ""https://caspianoilgas.az/az/exhibitors-list/year/2026""}, {""exhibition"": ""securexcaspian"", ""exhibition_label"": ""Securex Caspian"", ""year"": ""2026"", ""category"": """", ""stand"": ""-"", ""company_id"": """", ""source_url"": ""https://securexcaspian.az/az/exhibitors-list/year/2026""}]}"
expo-01041,ÖZTURAN QRUP ŞIRKƏTI,Azərbaycan,MURMANSK VİLAYETİ,1F042-2,InterFood Azerbaijan,2023,1,"{""appearances"": [{""exhibition"": ""interfood"", ""exhibition_label"": ""InterFood Azerbaijan"", ""year"": ""2023"", ""category"": ""MURMANSK VİLAYETİ"", ""stand"": ""1F042-2"", ""company_id"": """", ""source_url"": ""https://interfood.az/az/exhibitors-list/year/2023""}]}"
expo-01042,ÜFÜQ İSTEHSALAT BİRLİYİ,Azərbaycan,MEDİA,A3202-4,Securex Caspian,2022,1,"{""appearances"": [{""exhibition"": ""securexcaspian"", ""exhibition_label"": ""Securex Caspian"", ""year"": ""2022"", ""category"": ""MEDİA"", ""stand"": ""A3202-4"", ""company_id"": ""6427"", ""source_url"": ""https://securexcaspian.az/az/exhibitors-list/year/2022""}]}"
expo-01043,ÜMİD YERİ UŞAQ SIĞINACAĞI,Azərbaycan,MEDİA | TƏRƏFDAŞLAR,4M020 | 4M024,BakuBuild | InterFood Azerbaijan,2023 | 2024 | 2025,3,"{""appearances"": [{""exhibition"": ""bakubuild"", ""exhibition_label"": ""BakuBuild"", ""year"": ""2023"", ""category"": ""MEDİA"", ""stand"": ""-"", ""company_id"": ""5492"", ""source_url"": ""https://bakubuild.az/az/exhibitors-list/year/2023""}, {""exhibition"": ""bakubuild"", ""exhibition_label"": ""BakuBuild"", ""year"": ""2025"", ""category"": ""TƏRƏFDAŞLAR"", ""stand"": ""4M024"", ""company_id"": """", ""source_url"": ""https://bakubuild.az/az/exhibitors-list/year/2025""}, {""exhibition"": ""interfood"", ""exhibition_label"": ""InterFood Azerbaijan"", ""year"": ""2024"", ""category"": ""MEDİA"", ""stand"": ""4M020"", ""company_id"": """", ""source_url"": ""https://interfood.az/az/exhibitors-list/year/2024""}]}"
expo-01044,ŞELKOVO AQROXIM AZƏRƏBAYCAN MMC,Azərbaycan,,,Caspian Agro Week,2027,1,"{""appearances"": [{""exhibition"": ""caspianagroweek"", ""exhibition_label"": ""Caspian Agro Week"", ""year"": ""2027"", ""category"": """", ""stand"": ""-"", ""company_id"": """", ""source_url"": ""https://caspianagroweek.az/az/exhibitors-list/year/2027""}]}"
expo-01045,ŞELKOVO AQROXİM MMC,Azərbaycan,MEDİA | TƏRƏFDAŞ,2A006 | 2A008,Caspian Agro Week,2025 | 2026,2,"{""appearances"": [{""exhibition"": ""caspianagroweek"", ""exhibition_label"": ""Caspian Agro Week"", ""year"": ""2025"", ""category"": ""MEDİA"", ""stand"": ""2A006"", ""company_id"": ""5186"", ""source_url"": ""https://caspianagroweek.az/az/exhibitors-list/year/2025""}, {""exhibition"": ""caspianagroweek"", ""exhibition_label"": ""Caspian Agro Week"", ""year"": ""2026"", ""category"": ""TƏRƏFDAŞ"", ""stand"": ""2A008"", ""company_id"": ""5186"", ""source_url"": ""https://caspianagroweek.az/az/exhibitors-list/year/2026""}]}"
expo-01046,ŞİRVAN AQRO MMC,Azərbaycan,NAXÇIVAN MUXTAR RESPUBLİKASININ MİLLİ STENDİ | ŞİRVAN AQRO MMC,2F132 | 4F300,InterFood Azerbaijan,2025 | 2026,2,"{""appearances"": [{""exhibition"": ""interfood"", ""exhibition_label"": ""InterFood Azerbaijan"", ""year"": ""2025"", ""category"": ""NAXÇIVAN MUXTAR RESPUBLİKASININ MİLLİ STENDİ"", ""stand"": ""2F132"", ""company_id"": ""274203"", ""source_url"": ""https://interfood.az/az/exhibitors-list/year/2025""}, {""exhibition"": ""interfood"", ""exhibition_label"": ""InterFood Azerbaijan"", ""year"": ""2026"", ""category"": ""ŞİRVAN AQRO MMC"", ""stand"": ""4F300"", ""company_id"": ""274203"", ""source_url"": ""https://interfood.az/az/exhibitors-list/year/2026""}]}"
expo-01047,ŞİRVAN ŞƏRABLARI MMC,Azərbaycan,MEDİA | MURMANSK VİLAYETİ | NAXÇIVAN MUXTAR RESPUBLİKASININ MİLLİ STENDİ | ŞİRVAN AQRO MMC,2F142 | 2F142-1 | 2F142-2 | 4F300-1 | F1217,InterFood Azerbaijan,2021 | 2023 | 2024 | 2025 | 2026,5,"{""appearances"": [{""exhibition"": ""interfood"", ""exhibition_label"": ""InterFood Azerbaijan"", ""year"": ""2021"", ""category"": ""MEDİA"", ""stand"": ""F1217"", ""company_id"": ""5301"", ""source_url"": ""https://interfood.az/az/exhibitors-list/year/2021""}, {""exhibition"": ""interfood"", ""exhibition_label"": ""InterFood Azerbaijan"", ""year"": ""2023"", ""category"": ""MURMANSK VİLAYETİ"", ""stand"": ""2F142"", ""company_id"": ""5301"", ""source_url"": ""https://interfood.az/az/exhibitors-list/year/2023""}, {""exhibition"": ""interfood"", ""exhibition_label"": ""InterFood Azerbaijan"", ""year"": ""2024"", ""category"": ""MEDİA"", ""stand"": ""2F142-2"", ""company_id"": ""5301"", ""source_url"": ""https://interfood.az/az/exhibitors-list/year/2024""}, {""exhibition"": ""interfood"", ""exhibition_label"": ""InterFood Azerbaijan"", ""year"": ""2025"", ""category"": ""NAXÇIVAN MUXTAR RESPUBLİKASININ MİLLİ STENDİ"", ""stand"": ""2F142-1"", ""company_id"": ""5301"", ""source_url"": ""https://interfood.az/az/exhibitors-list/year/2025""}, {""exhibition"": ""interfood"", ""exhibition_label"": ""InterFood Azerbaijan"", ""year"": ""2026"", ""category"": ""ŞİRVAN AQRO MMC"", ""stand"": ""4F300-1"", ""company_id"": ""5301"", ""source_url"": ""https://interfood.az/az/exhibitors-list/year/2026""}]}"
expo-01048,ŞƏKİ ŞƏRAB MMC,Azərbaycan,MEDİA,2F358,InterFood Azerbaijan,2024,1,"{""appearances"": [{""exhibition"": ""interfood"", ""exhibition_label"": ""InterFood Azerbaijan"", ""year"": ""2024"", ""category"": ""MEDİA"", ""stand"": ""2F358"", ""company_id"": ""302100"", ""source_url"": ""https://interfood.az/az/exhibitors-list/year/2024""}]}"
expo-01049,ŞƏMKIR AGRO PARK,Azərbaycan,AGRO FOOD INVESTMENTS MMC | MEDİA,1A360-8,Caspian Agro Week,2023 | 2024 | 2026,3,"{""appearances"": [{""exhibition"": ""caspianagroweek"", ""exhibition_label"": ""Caspian Agro Week"", ""year"": ""2023"", ""category"": ""MEDİA"", ""stand"": ""1A360-8"", ""company_id"": """", ""source_url"": ""https://caspianagroweek.az/az/exhibitors-list/year/2023""}, {""exhibition"": ""caspianagroweek"", ""exhibition_label"": ""Caspian Agro Week"", ""year"": ""2024"", ""category"": ""MEDİA"", ""stand"": ""1A360-8"", ""company_id"": """", ""source_url"": ""https://caspianagroweek.az/az/exhibitors-list/year/2024""}, {""exhibition"": ""caspianagroweek"", ""exhibition_label"": ""Caspian Agro Week"", ""year"": ""2026"", ""category"": ""AGRO FOOD INVESTMENTS MMC"", ""stand"": ""1A360-8"", ""company_id"": """", ""source_url"": ""https://caspianagroweek.az/az/exhibitors-list/year/2026""}]}"
expo-01050,ŞƏMKİR AQRO PARK,Azərbaycan,MEDİA,1A360-8,Caspian Agro Week,2025,1,"{""appearances"": [{""exhibition"": ""caspianagroweek"", ""exhibition_label"": ""Caspian Agro Week"", ""year"": ""2025"", ""category"": ""MEDİA"", ""stand"": ""1A360-8"", ""company_id"": """", ""source_url"": ""https://caspianagroweek.az/az/exhibitors-list/year/2025""}]}"
expo-01051,ŞƏRQ İSTEHSALAT BİRLİYİ,Azərbaycan,MEDİA,A3202-7,Securex Caspian,2022,1,"{""appearances"": [{""exhibition"": ""securexcaspian"", ""exhibition_label"": ""Securex Caspian"", ""year"": ""2022"", ""category"": ""MEDİA"", ""stand"": ""A3202-7"", ""company_id"": ""6422"", ""source_url"": ""https://securexcaspian.az/az/exhibitors-list/year/2022""}]}"
expo-01052,ŞƏRQ-QƏRB ASC,Azərbaycan,MEDİA,F1024,InterFood Azerbaijan,2019,1,"{""appearances"": [{""exhibition"": ""interfood"", ""exhibition_label"": ""InterFood Azerbaijan"", ""year"": ""2019"", ""category"": ""MEDİA"", ""stand"": ""F1024"", ""company_id"": ""4669"", ""source_url"": ""https://interfood.az/az/exhibitors-list/year/2019""}]}"
expo-01053,ƏLƏT AZAD İQİTSADİ ZONASI,Azərbaycan,MEDİA,1C332,Caspian Oil & Gas,2026,1,"{""appearances"": [{""exhibition"": ""caspianoilgas"", ""exhibition_label"": ""Caspian Oil & Gas"", ""year"": ""2026"", ""category"": ""MEDİA"", ""stand"": ""1C332"", ""company_id"": ""353017"", ""source_url"": ""https://caspianoilgas.az/az/exhibitors-list/year/2026""}]}"
expo-01054,ƏMİNLƏR QRUP,Azərbaycan,NAXÇIVAN MUXTAR RESPUBLİKASININ MİLLİ STENDİ,4F009,InterFood Azerbaijan,2025,1,"{""appearances"": [{""exhibition"": ""interfood"", ""exhibition_label"": ""InterFood Azerbaijan"", ""year"": ""2025"", ""category"": ""NAXÇIVAN MUXTAR RESPUBLİKASININ MİLLİ STENDİ"", ""stand"": ""4F009"", ""company_id"": """", ""source_url"": ""https://interfood.az/az/exhibitors-list/year/2025""}]}"
expo-01055,“ATƏŞGAH” SIĞORTA ŞIRKƏTI ASC,Azərbaycan,MEDİA,,Aquatherm Baku | BakuBuild | Caspian Agro Week | Caspian Oil & Gas | InterFood Azerbaijan | Securex Caspian | TransLogistica Caspian,2024,7,"{""appearances"": [{""exhibition"": ""bakubuild"", ""exhibition_label"": ""BakuBuild"", ""year"": ""2024"", ""category"": ""MEDİA"", ""stand"": ""-"", ""company_id"": """", ""source_url"": ""https://bakubuild.az/az/exhibitors-list/year/2024""}, {""exhibition"": ""aquatherm"", ""exhibition_label"": ""Aquatherm Baku"", ""year"": ""2024"", ""category"": ""MEDİA"", ""stand"": ""-"", ""company_id"": """", ""source_url"": ""https://aquatherm.az/az/exhibitors-list/year/2024""}, {""exhibition"": ""interfood"", ""exhibition_label"": ""InterFood Azerbaijan"", ""year"": ""2024"", ""category"": ""MEDİA"", ""stand"": ""-"", ""company_id"": """", ""source_url"": ""https://interfood.az/az/exhibitors-list/year/2024""}, {""exhibition"": ""caspianoilgas"", ""exhibition_label"": ""Caspian Oil & Gas"", ""year"": ""2024"", ""category"": ""MEDİA"", ""stand"": ""-"", ""company_id"": """", ""source_url"": ""https://caspianoilgas.az/az/exhibitors-list/year/2024""}, {""exhibition"": ""securexcaspian"", ""exhibition_label"": ""Securex Caspian"", ""year"": ""2024"", ""category"": ""MEDİA"", ""stand"": ""-"", ""company_id"": """", ""source_url"": ""https://securexcaspian.az/az/exhibitors-list/year/2024""}, {""exhibition"": ""translogistica"", ""exhibition_label"": ""TransLogistica Caspian"", ""year"": ""2024"", ""category"": ""MEDİA"", ""stand"": ""-"", ""company_id"": """", ""source_url"": ""https://translogistica.az/az/exhibitors-list/year/2024""}, {""exhibition"": ""caspianagroweek"", ""exhibition_label"": ""Caspian Agro Week"", ""year"": ""2024"", ""category"": ""MEDİA"", ""stand"": ""-"", ""company_id"": """", ""source_url"": ""https://caspianagroweek.az/az/exhibitors-list/year/2024""}]}"
expo-01056,“AZƏRIPƏK” MMC,Azərbaycan,MEDİA,2A426-1 | A2110,Caspian Agro Week,2019 | 2023,2,"{""appearances"": [{""exhibition"": ""caspianagroweek"", ""exhibition_label"": ""Caspian Agro Week"", ""year"": ""2019"", ""category"": ""MEDİA"", ""stand"": ""A2110"", ""company_id"": ""5002"", ""source_url"": ""https://caspianagroweek.az/az/exhibitors-list/year/2019""}, {""exhibition"": ""caspianagroweek"", ""exhibition_label"": ""Caspian Agro Week"", ""year"": ""2023"", ""category"": ""MEDİA"", ""stand"": ""2A426-1"", ""company_id"": """", ""source_url"": ""https://caspianagroweek.az/az/exhibitors-list/year/2023""}]}"
expo-01057,“AZƏRPAMBIQ AQRAR SƏNAYE KOMPLEKSİ” MMC,Azərbaycan,MEDİA,2A426,Caspian Agro Week,2023,1,"{""appearances"": [{""exhibition"": ""caspianagroweek"", ""exhibition_label"": ""Caspian Agro Week"", ""year"": ""2023"", ""category"": ""MEDİA"", ""stand"": ""2A426"", ""company_id"": ""4999"", ""source_url"": ""https://caspianagroweek.az/az/exhibitors-list/year/2023""}]}"
expo-01058,“CASPIAN” YÜK DAŞIMA XIDMƏTLƏRI,Azərbaycan,MEDİA,,Aquatherm Baku | BakuBuild | Caspian Agro Week | Caspian Oil & Gas | InterFood Azerbaijan | Securex Caspian | TransLogistica Caspian,2022 | 2024 | 2025,10,"{""appearances"": [{""exhibition"": ""bakubuild"", ""exhibition_label"": ""BakuBuild"", ""year"": ""2024"", ""category"": ""MEDİA"", ""stand"": ""-"", ""company_id"": """", ""source_url"": ""https://bakubuild.az/az/exhibitors-list/year/2024""}, {""exhibition"": ""aquatherm"", ""exhibition_label"": ""Aquatherm Baku"", ""year"": ""2024"", ""category"": ""MEDİA"", ""stand"": ""-"", ""company_id"": """", ""source_url"": ""https://aquatherm.az/az/exhibitors-list/year/2024""}, {""exhibition"": ""interfood"", ""exhibition_label"": ""InterFood Azerbaijan"", ""year"": ""2024"", ""category"": ""MEDİA"", ""stand"": ""-"", ""company_id"": """", ""source_url"": ""https://interfood.az/az/exhibitors-list/year/2024""}, {""exhibition"": ""caspianoilgas"", ""exhibition_label"": ""Caspian Oil & Gas"", ""year"": ""2024"", ""category"": ""MEDİA"", ""stand"": ""-"", ""company_id"": """", ""source_url"": ""https://caspianoilgas.az/az/exhibitors-list/year/2024""}, {""exhibition"": ""securexcaspian"", ""exhibition_label"": ""Securex Caspian"", ""year"": ""2022"", ""category"": ""MEDİA"", ""stand"": ""-"", ""company_id"": """", ""source_url"": ""https://securexcaspian.az/az/exhibitors-list/year/2022""}, {""exhibition"": ""securexcaspian"", ""exhibition_label"": ""Securex Caspian"", ""year"": ""2024"", ""category"": ""MEDİA"", ""stand"": ""-"", ""company_id"": """", ""source_url"": ""https://securexcaspian.az/az/exhibitors-list/year/2024""}, {""exhibition"": ""translogistica"", ""exhibition_label"": ""TransLogistica Caspian"", ""year"": ""2024"", ""category"": ""MEDİA"", ""stand"": ""-"", ""company_id"": """", ""source_url"": ""https://translogistica.az/az/exhibitors-list/year/2024""}, {""exhibition"": ""caspianagroweek"", ""exhibition_label"": ""Caspian Agro Week"", ""year"": ""2024"", ""category"": ""MEDİA"", ""stand"": ""-"", ""company_id"": """", ""source_url"": ""https://caspianagroweek.az/az/exhibitors-list/year/2024""}, {""exhibition"": ""caspianagroweek"", ""exhibition_label"": ""Caspian Agro Week"", ""year"": ""2024"", ""category"": ""MEDİA"", ""stand"": ""-"", ""company_id"": """", ""source_url"": ""https://caspianagroweek.az/az/exhibitors-list/year/2024""}, {""exhibition"": ""caspianagroweek"", ""exhibition_label"": ""Caspian Agro Week"", ""year"": ""2025"", ""category"": ""MEDİA"", ""stand"": ""-"", ""company_id"": """", ""source_url"": ""https://caspianagroweek.az/az/exhibitors-list/year/2025""}]}"
expo-01059,“MIRAS HƏRBI SƏNAYE ŞIRKƏTI” MMC,Azərbaycan,,,Securex Caspian,2026,1,"{""appearances"": [{""exhibition"": ""securexcaspian"", ""exhibition_label"": ""Securex Caspian"", ""year"": ""2026"", ""category"": """", ""stand"": ""-"", ""company_id"": """", ""source_url"": ""https://securexcaspian.az/az/exhibitors-list/year/2026""}]}"
expo-01060,“POLIMER PARTNERS AZ” MMC,Azərbaycan,TƏRƏFDAŞLAR,,BakuBuild,2026,1,"{""appearances"": [{""exhibition"": ""bakubuild"", ""exhibition_label"": ""BakuBuild"", ""year"": ""2026"", ""category"": ""TƏRƏFDAŞLAR"", ""stand"": ""-"", ""company_id"": """", ""source_url"": ""https://bakubuild.az/az/exhibitors-list/year/2026""}]}"
