brand_name,legal_name,city,address,lat,lng,phone,email,website,voen,stars_grade,tims_status,tims_id,tims_rating,insurance,service_languages,subcategory,sources,azeritour_url,description,pms_detected,pms_confidence,booking_signals,photo_url,created_at,updated_at
Babir Qrup,Babir Qrup,Abşeron,"Fatmayı, Azerbaijan",40.5272818,49.8463508,994556652989,f_agalarov@inbox.ru,,3101971442,,APPROVED,6611007ee4f5ddcab3cdacc9,,No,,Şəhər Hoteli,TIMS,,,,,,https://data.tourism.gov.az/proxy/stakeholder/getFile/20240406115750t-r0000118830,2024-04-06T07:57:50.075Z,2025-04-29T11:56:56.486Z
Nostalji Hotel,Nostalji Hotel,Abşeron,Azerbaijan,40.143105,47.576927,+994503106401,mahira.tarana87@gmail.com,,3100009031,,APPROVED,698a1e7b0954c909d51071f5,,No,,,TIMS,,,,,,https://data.tourism.gov.az/proxy/stakeholder/getFile/20260209215051t-r0000137502,2026-02-09T17:50:51.066Z,2026-03-12T12:49:01.780Z
OLİMPİK OTEL,OLİMPİK OTEL,Abşeron,"Novxanı, Azerbaijan",40.52564330000001,49.7831634,994507173000,ceferov.mahmud5@mail.ru,,1308520151,,APPROVED,6606e02ce4f5ddcab3cda133,,No,,,TIMS + azeritour.az,https://azeritour.az/olympic-novkhani-hotel/,Карта сайта,,,,https://data.tourism.gov.az/proxy/stakeholder/getFile/20240329193716t-r0000177931,2024-03-29T15:37:16.318Z,2025-04-29T11:56:56.486Z
SALT OTEL,SALT OTEL,Abşeron,"40.491219, 49.829445",40.4909784,49.8291781,994502070605,Natiq_quliyev_1981@mail.ru,https://www.instagram.com/salt_hotel_mehdiabad/,1803880442,,APPROVED,65f96d2ce4f5ddcab3cd99df,,No,,,TIMS,,,Oracle OPERA; 1C,website_scan,Oracle OPERA; 1C,https://data.tourism.gov.az/proxy/stakeholder/getFile/20240319144708t-r0000167222,2024-03-19T10:47:08.597Z,2025-04-29T11:56:56.486Z
1001 GECƏ HOSTEL,1001 GECƏ HOSTEL,Astara,"Həzi Aslanov, Astara, Azerbaijan",38.4783985,48.8757719,994252253794,1001ASTARA@MAIL.RU,,3700056502,,APPROVED,6463d15c9bff11407fb6a3f7,,No,,Hostel,TIMS,,,,,,https://data.tourism.gov.az/proxy/stakeholder/getFile/20230516225420t-r0000164589,2023-05-16T18:54:20.298Z,2025-04-29T11:56:56.486Z
Astara Hotel,Astara Hotel,Astara,"Astara, Azerbaijan",38.4687834,48.8728029,994502222846,mohletnajafov@gmail.com,,3700167812,,APPROVED,64e77368c29cd31ed97857ee,,No,,Hostel,TIMS + azeritour.az,https://azeritour.az/askar_hotel_baku,"Askar Hotel расположен в городе Баку, недалеко от Центр Гейдара Алиева. В отеле есть ресторан, бар, номера для некурящих, фитнес-центр, развлечения, SPA, круглосуточная стойка регистрации, банкетный зал, конференц-зал и большой спектр предоставляемых услуг. Также парковка, трансфер с аэропорта и обратно, прокат автомобилей и велосипедов и многое другое.",,,,https://data.tourism.gov.az/proxy/stakeholder/getFile/20230824191239t-r0000194857,2023-08-24T15:12:40.265Z,2025-04-29T11:56:56.486Z
Astara Olimpiya İdman Kompleksi,Astara Olimpiya İdman Kompleksi,Astara,"Astara Olimpiya İdman Kompleksi, Astara, Azerbaijan",38.486039,48.8708714,994515912352,astaraoik@gmail.com,,3700323531,,APPROVED,660eac35e4f5ddcab3cdaa37,,No,,Hostel,TIMS,,,,,,https://data.tourism.gov.az/proxy/stakeholder/getFile/20240404173341t-r0000137915,2024-04-04T13:33:41.806Z,2025-04-29T11:56:56.486Z
Astara Relax Beach,Astara Relax Beach,Astara,"2 Ziya Bünyadov, Astara, Azerbaijan",38.4640018,48.8772313,994502022039,dgk.cami@mail.ru,,1701324302,,APPROVED,650aef1fc29cd31ed97860d8,,No,,"Kottec tipli yerləşmə vasitələri (Kottec, dağ evi, bungalov, chalet)",TIMS,,,,,,https://data.tourism.gov.az/proxy/stakeholder/getFile/20230920170950t-r0000180976,2023-09-20T13:09:51.078Z,2025-04-29T11:56:56.486Z
Bağçalı Villa,Bağçalı Villa,Astara,"Maricel Astara Resort, Astara, Azerbaijan",38.4527986,48.8786443,994102527100,elvinelik7@gmail.com,,3700217532,,APPROVED,667e73e7fc166e6e14e9effd,,No,,Qonaq evi,TIMS,,,,,,https://data.tourism.gov.az/proxy/stakeholder/getFile/20240628122718t-r0000151863,2024-06-28T08:27:19.060Z,2025-04-29T11:56:56.486Z
Book İnn,Book İnn,Astara,"Book Inn, 28 may küçəsi, Astara, Azerbaijan",38.4498653,48.8790141,994102527100,bookinnboutique@gmail.com,,3700217532,,APPROVED,663236cce4f5ddcab3cdd3fe,,No,,Qonaq evi,TIMS,,,,,,https://data.tourism.gov.az/proxy/stakeholder/getFile/20240501163420t-r0000125502,2024-05-01T12:34:20.617Z,2025-04-29T11:56:56.486Z
Eftalya ailəvi istirahət mərkəzi,Eftalya ailəvi istirahət mərkəzi,Astara,"Astalanya City, Azerbaijan",38.6209137,48.8730091,994103178059,elmir03@mail.ru,,4401336472,,APPROVED,6673eb1faeeff6a3badbc39e,,No,,Rezort Hotel,TIMS,,,,,,https://data.tourism.gov.az/proxy/stakeholder/getFile/20240620124103t-r0000160610,2024-06-20T08:41:03.846Z,2025-04-29T11:56:56.486Z
Khazri Qonaq evi / Guest house,Khazri Qonaq evi / Guest house,Astara,"Astara, Azerbaijan",38.4687834,48.8728029,994502414847,sahinmusa9779@gmail.com,https://instagram.com/khazri_qonaqevi,3700081032,,APPROVED,64e3165ec29cd31ed9785454,,No,,Qonaq evi,TIMS,,,Oracle OPERA; 1C,website_scan,Oracle OPERA; 1C,https://data.tourism.gov.az/proxy/stakeholder/getFile/20230821114638t-r0000161891,2023-08-21T07:46:38.547Z,2025-04-29T11:56:56.486Z
MANDARINNART HOTEL & SUITES,MANDARINNART HOTEL & SUITES,Astara,"33 Azərbaycan Prospekti, Astara, Azerbaijan",38.4623553,48.875027,994102500069,info@mandarinn.az,https://mandarinnart.az/,1505498911,,APPROVED,64622db29bff11407fb6987c,,No,,Şəhər Hoteli,TIMS,,,1C,website_scan,1C,https://data.tourism.gov.az/proxy/stakeholder/getFile/20230515170346t-r0000125404,2023-05-15T13:03:46.836Z,2025-04-29T11:56:56.486Z
Maricel,Maricel,Astara,"Astara, Azerbaijan",38.4687834,48.8728029,994512016701,sales@maricel.az,https://maricelresort.az/ru/,1305211241,,APPROVED,643e56e0c7a6a5b6924fe42a,,No,,Şəhər Hoteli,TIMS,,,,,,https://data.tourism.gov.az/proxy/stakeholder/getFile/20230418123752t-r0000173668,2023-04-18T08:37:52.796Z,2025-04-29T11:56:56.486Z
Sahil istirahət mərkəzi,Sahil istirahət mərkəzi,Astara,"Sahil Restoran & Apartments, Astara, Azerbaijan",38.4760671,48.8766537,994504601406,azadmikayilov@mail.rug,,3700173362,,APPROVED,667e6889fc166e6e14e9ef49,,No,,"Kottec tipli yerləşmə vasitələri (Kottec, dağ evi, bungalov, chalet)",TIMS,,,,,,https://data.tourism.gov.az/proxy/stakeholder/getFile/20240628113849t-r0000189222,2024-06-28T07:38:49.939Z,2025-04-29T11:56:56.486Z
Shindan,Shindan,Astara,"Shindan Hotel, Heydər Əliyev, Astara, Azerbaijan",38.4486524,48.8749253,994502022494,shindanfom@gmail.com,https://shindanhotel.az/#,3701805001,,APPROVED,64df66ebc29cd31ed9785418,,No,,Şəhər Hoteli,TIMS,,,,,,https://data.tourism.gov.az/proxy/stakeholder/getFile/20230818164115t-r0000178695,2023-08-18T12:41:15.806Z,2025-04-29T11:56:56.486Z
Ümüd Hostel,Ümüd Hostel,Astara,"Ümüd Kafe Ailəvi İstirahət Mərkəzi, M3, Telman, Azerbaijan",38.6301859,48.8040829,994506157024,umudmotel@mail.ru,,3700117642,,APPROVED,666bffd0e4f5ddcab3cdf5c1,,No,,Hostel,TIMS,,,,,,https://data.tourism.gov.az/proxy/stakeholder/getFile/20240614123112t-r0000148619,2024-06-14T08:31:12.911Z,2025-04-29T11:56:56.486Z
Gənclik otel,Gənclik otel,Ağcabədi,"Genclik Kafesi, Agjabedi, Azerbaijan",40.0514,47.4600492,994507227416,mr.iftixar.025@mail.ru,,3400261682,,APPROVED,65f40e24e4f5ddcab3cd8f6d,,No,,Hostel,TIMS,,,,,,https://data.tourism.gov.az/proxy/stakeholder/getFile/20240315130020t-r0000195191,2024-03-15T09:00:20.625Z,2025-04-29T11:56:56.486Z
Mehmanxana,Mehmanxana,Ağcabədi,"126 Heydər Əliyev Prospekti, Ağcabədi, Azerbaijan",40.0422833,47.4555756,994504605759,ibrahimovarif51@gmail.com,,3401553462,,APPROVED,6603c97d646cbbbc8595eb23,,No,,Hostel,TIMS,,,,,,https://data.tourism.gov.az/proxy/stakeholder/getFile/20231025115547t-r0000184948,2024-03-27T07:23:41.824Z,2025-04-29T11:56:56.486Z
QARABAG,QARABAG,Ağcabədi,"Ağcabedi Rayonu, Azerbaijan",40.0529597,47.4553529,994504626243,esedemi@mail.ru,,3400758882,,APPROVED,650c0a60c29cd31ed978612b,,No,,Şəhər Hoteli,TIMS,,,,,,https://data.tourism.gov.az/proxy/stakeholder/getFile/20230921131824t-r0000171604,2023-09-21T09:18:24.256Z,2025-04-29T11:56:56.486Z
ROYAL&XAN PALACE OTEL,ROYAL&XAN PALACE OTEL,Ağcabədi,"Ağcabədi, Azerbaijan",40.0529597,47.4553529,994503543054,royalxan.palace@gmail.com,,3400044782,,APPROVED,6528ecc714f58db1e98d302d,,No,,Şəhər Hoteli,TIMS,,,,,,https://data.tourism.gov.az/proxy/stakeholder/getFile/20231002162255t-r0000108070,2023-10-13T07:07:51.449Z,2025-04-29T11:56:56.486Z
Versal Otel,Versal Otel,Ağcabədi,"İsmət Qayıbov Küçəsi, Agjabedi, Azerbaijan",40.0349014,47.4438463,994516214325,ofis.vmx@mail.ru,,3402057382,,APPROVED,6538c396c29cd31ed97873bf,,No,,Şəhər Hoteli,TIMS,,,,,,https://data.tourism.gov.az/proxy/stakeholder/getFile/20231025112822t-r0000176892,2023-10-25T07:28:22.586Z,2025-04-29T11:56:56.486Z
Kamp Hotel,Kamp Hotel,Ağdam,"Ağdam konfrans mərkəzi, Aghdam, Azerbaijan",39.9876647,46.9182311,994506173641,aygun.veliyeva@kbt.az,,3201620432,,APPROVED,66c5e505920d986c24775ed3,,No,,Şəhər Hoteli,TIMS,,,,,,https://data.tourism.gov.az/proxy/stakeholder/getFile/20240821170053t-r0000111487,2024-08-21T13:00:53.844Z,2025-04-29T11:56:56.486Z
Ağdaş Motel,Ağdaş Motel,Ağdaş,"Ağdaş, Azerbaijan",40.6335427,47.467431,994514850440,zamanovrasul30@gmail.com,,3300962082,,APPROVED,6543511bc29cd31ed9787b46,,No,,Qonaq evi,TIMS,,,,,,https://data.tourism.gov.az/proxy/stakeholder/getFile/20231102113450t-r0000149294,2023-11-02T07:34:51.724Z,2025-04-29T11:56:56.486Z
Ağdaş OİK,Ağdaş OİK,Ağdaş,"Ağdaş, Azerbaijan",40.6335427,47.467431,994515313765,agdasoik@mail.ru,,3300268711,,APPROVED,6620cb20e4f5ddcab3cdbed8,,No,,Qonaq evi,TIMS,,,,,,https://data.tourism.gov.az/proxy/stakeholder/getFile/20240418112624t-r0000189002,2024-04-18T07:26:24.165Z,2025-04-29T11:56:56.486Z
Moskva Otel,Moskva Otel,Ağdaş,"Ağdaş, Azerbaijan",40.6335427,47.467431,994554220212,elekberov.zeka@mail.ru,,3300702342,,APPROVED,65435f90c29cd31ed9787b71,,No,,Qonaq evi,TIMS,,,,,,https://data.tourism.gov.az/proxy/stakeholder/getFile/20231102123632t-r0000128940,2023-11-02T08:36:32.168Z,2025-04-29T11:56:56.486Z
Riverside Hotel,Riverside Hotel,Ağdərə,"Ağdərə, Azerbaijan",40.211601,46.8237055,+994503647339,riversidehotelagdere@gmail.com,,2008018321,4,APPROVED,694e379b10f944d56cfcc7ed,,No,,,TIMS + azeritour.az,https://azeritour.az/hotel_river_side,"River Side Hotel — это четырехзвездочный отель, который расположился на берегу реки Кура. На расстоянии всего 1 км от города Мингечевир. Отель был построен и сдан в эксплуатацию в 2007 году, в прекрасном сочетании современного стиля. Общая площадь гостиницы занимает 6608 кв.м, и предлагаем своим гостям высокое качество сервиса и теплый прием. На территории отеля есть все необходимое для комфортного пребывания и отдыха. Рестораны и бары, фитнес центр, бассейн, массаж, спорт зал и многое другое.",,,,https://data.tourism.gov.az/proxy/stakeholder/getFile/20251226112203t-r0000102600,2025-12-26T07:22:03.402Z,2026-01-16T14:30:45.693Z
Ağstafa otel,Ağstafa otel,Ağstafa,"Ağstafa, Azerbaijan",41.1124969,45.447689,994503633261,agstafaotel@mail.ru,https://www.agstafaotel.az,3600106212,,APPROVED,65a63eeeac6a950c2ed2055e,,No,,Şəhər Hoteli,TIMS,,,,,,https://data.tourism.gov.az/proxy/stakeholder/getFile/20240116123142t-r0000117677,2024-01-16T08:31:42.947Z,2025-04-29T11:56:56.486Z
Limon Otel,Limon Otel,Ağstafa,"Ağstafa, Azerbaijan",41.1124969,45.447689,994552170717,qehremanovilkin015@gmail.com,https://www.Limonotel.az,3600273112,,APPROVED,65a51985ac6a950c2ed204ad,,No,,Şəhər Hoteli,TIMS,,,,,,https://data.tourism.gov.az/proxy/stakeholder/getFile/20240115153949t-r0000101575,2024-01-15T11:39:49.540Z,2025-04-29T11:56:56.486Z
Mədinə hotel,Mədinə hotel,Ağstafa,"Ağstafa, Azerbaijan",41.1124969,45.447689,994504650003,vusal.ibrahimov821@gmail.com,https://www.medineotel.az,3600108051,,APPROVED,65a67798ac6a950c2ed2067d,,No,,Şəhər Hoteli,TIMS,,,,,,https://data.tourism.gov.az/proxy/stakeholder/getFile/20240116163328t-r0000103552,2024-01-16T12:33:28.557Z,2025-04-29T11:56:56.486Z
Nəsiboğlu hotel,Nəsiboğlu hotel,Ağstafa,"Ağstafa Rayonu, Azerbaijan",41.2655933,45.5134291,994558207080,www.anar666.12@mail.ru,https://www.nəsibogluotel.az,3600108201,,APPROVED,65a4f493ac6a950c2ed20497,,No,,Şəhər Hoteli,TIMS,,,,,,https://data.tourism.gov.az/proxy/stakeholder/getFile/20240115130211t-r0000136248,2024-01-15T09:02:11.427Z,2025-04-29T11:56:56.486Z
Qərb otel,Qərb otel,Ağstafa,"Ağstafa, Azerbaijan",41.1124969,45.447689,994503927292,Qerbotel@gmail.com,https://www.Qerbotel.az,3600720432,,APPROVED,65af54bbac6a950c2ed20a2e,,No,,Şəhər Hoteli,TIMS,,,,,,https://data.tourism.gov.az/proxy/stakeholder/getFile/20240123095507t-r0000199606,2024-01-23T05:55:07.387Z,2025-04-29T11:56:56.486Z
Ağsu Mehmanxanası,Ağsu Mehmanxanası,Ağsu,"Ağsu Şəhəri, Agsu, Azerbaijan",40.579943,48.4090219,994505257876,agsumehmanxanasi@gmail.com,,3500065481,,APPROVED,6641b7b9e4f5ddcab3cdded3,,No,,Şəhər Hoteli,TIMS,,,,,,https://data.tourism.gov.az/proxy/stakeholder/getFile/20240513104825t-r0000114787,2024-05-13T06:48:25.785Z,2025-04-29T11:56:56.486Z
Ağsu hotel restaran,Ağsu hotel restaran,Ağsu,"Agsu, Azerbaijan",40.5742298,48.3896404,994503885525,kamilisgenderli01@gmail.com,,3501326502,,APPROVED,6720c6442dfbbc7a1411be6a,,No,,Qonaq evi,TIMS,,,,,,https://data.tourism.gov.az/proxy/stakeholder/getFile/20241029152556t-r0000191472,2024-10-29T11:25:56.764Z,2025-04-29T11:56:56.486Z
"""ATROPAT TURİZM""","""ATROPAT TURİZM""",Baku,"Icherisheher, Baku, Azerbaijan",40.366267,49.8349644,994702978950,info@atropathotel.com,,1702325561,4,APPROVED,64c359a414f58db1e987f1a4,,No,,,TIMS + azeritour.az,https://azeritour.az/atropat_otel,Карта сайта,,,,https://data.tourism.gov.az/proxy/stakeholder/getFile/20230510164038t-r0000130684,2023-07-28T06:01:08.662Z,2025-04-29T11:56:56.486Z
"""BOUTIQUE HOTEL BAKU"" Məhdud Məsuliyyətli Cəmiyyəti","""BOUTIQUE HOTEL BAKU"" Məhdud Məsuliyyətli Cəmiyyəti",Baku,"Əlövsət Quliyev, Baku, Azerbaijan",40.372336,49.8306561,994124930101,management@boutiquehotelbaku.com,https://boutiquehotelbaku.com/,1803070841,,APPROVED,658427cf7baef8a6eec3037a,,No,,Butik Hotel,TIMS,,,1C,website_scan,1C,https://data.tourism.gov.az/proxy/stakeholder/getFile/20230515170057t-r0000132071,2023-12-21T11:55:59.387Z,2025-04-29T11:56:56.486Z
"""Diamond Hotel Baku""","""Diamond Hotel Baku""",Baku,"191a Əhməd Rəcəbli, Baku, Azerbaijan",40.4113292,49.861539,994124047788,generalmanager@diamondhotel.az,https://diamondhotel.az/,1902116522,,APPROVED,64d60d96c29cd31ed978517a,,No,,,TIMS,,,1C,website_scan,1C,https://data.tourism.gov.az/proxy/stakeholder/getFile/20230811142942t-r0000155950,2023-08-11T10:29:42.757Z,2025-04-29T11:56:56.486Z
"""Diamond Hotel Baku""","""Diamond Hotel Baku""",Baku,"191a Əhməd Rəcəbli, Baku, Azerbaijan",40.4113292,49.861539,994124044488,generalmanager@diamondhotel.az,https://diamondhotel.az/,1701927502,,APPROVED,64c8a2a2c29cd31ed97848b7,,No,,,TIMS,,,1C,website_scan,1C,https://data.tourism.gov.az/proxy/stakeholder/getFile/20230801101354t-r0000110760,2023-08-01T06:13:54.582Z,2025-04-29T11:56:56.486Z
"""TAHA GROUP99"" MMC","""TAHA GROUP99"" MMC",Baku,"33 Əziz Əliyev küçəsi, Bakı, Azerbaijan",40.3681802,49.837316,994552066436,aydin--a@hotmail.com,,1703338511,,APPROVED,64c781e4c29cd31ed9784436,,No,,,TIMS,,,,,,https://data.tourism.gov.az/proxy/stakeholder/getFile/20230731134156t-r0000186883,2023-07-31T09:41:56.212Z,2025-04-29T11:56:56.486Z
AEF HOTEL,AEF HOTEL,Baku,"Badamdar, Baku, Azerbaijan",40.332126,49.8039807,994125020103,humayagayevar@gmail.com,,2001505872,,APPROVED,64c6422ac29cd31ed9783ff8,,No,,Şəhər Hoteli,TIMS,,,,,,https://data.tourism.gov.az/proxy/stakeholder/getFile/20230730145746t-r0000113250,2023-07-30T10:57:46.861Z,2025-04-29T11:56:56.486Z
AEF HOTEL,AEF HOTEL,Baku,"Badamdar, Baku, Azerbaijan",40.332126,49.8039807,994125020103,AEFhostel@gmail.com,,1007035172,,APPROVED,64627aa09bff11407fb69b3d,,No,,,TIMS,,,,,,https://data.tourism.gov.az/proxy/stakeholder/getFile/20230515223200t-r0000143860,2023-05-15T18:32:00.330Z,2025-04-29T11:56:56.486Z
AF CİTY HOTEL,AF CİTY HOTEL,Baku,"Nasimi, Baku, Azerbaijan",40.3925716,49.8315374,994555828284,valeh_ceferov@hotmail.com,,1904708721,,APPROVED,64c399a4c29cd31ed9783c2b,,No,,,TIMS,,,,,,https://data.tourism.gov.az/proxy/stakeholder/getFile/20230728143411t-r0000117391,2023-07-28T10:34:12.026Z,2025-04-29T11:56:56.486Z
AKSENT HOTEL,AKSENT HOTEL,Baku,"Bakı, Azerbaijan",40.40926169999999,49.8670924,994125950604,info@aksenthotel.az,,1500857762,,APPROVED,660bebe6e4f5ddcab3cda42e,,No,,,TIMS,,,,,,https://data.tourism.gov.az/proxy/stakeholder/getFile/20240402152838t-r0000188031,2024-04-02T11:28:38.478Z,2025-04-29T11:56:56.486Z
ALBA HOTEL,ALBA HOTEL,Baku,"3 Əhməd Rəcəbli, Bakı, Azerbaijan",40.4026246,49.866527,994552296945,consulting.ab.group@gmail.com,,1505390651,,APPROVED,64c3ad52c29cd31ed9783d46,,No,,,TIMS,,,,,,https://data.tourism.gov.az/proxy/stakeholder/getFile/20230728155809t-r0000185006,2023-07-28T11:58:10.147Z,2025-04-29T11:56:56.486Z
ALP inn,ALP inn,Baku,"82b Həsən Əliyev Küçəsi, Nərimanov, Baku, Azerbaijan",40.4016778,49.8471389,994124655222,infoalpinnhotel@yandex.ru,,1500081321,4,APPROVED,65df1dd7e4f5ddcab3cd7afb,,No,,,TIMS + azeritour.az + azeritour.az,https://azeritour.az/alp_inn_hotel,Карта сайта,,,,https://data.tourism.gov.az/proxy/stakeholder/getFile/20240228154943t-r0000169467,2024-02-28T11:49:43.682Z,2025-04-29T11:56:56.486Z
ALTUS HOTEL,ALTUS HOTEL,Baku,"Altus Hotel, Ahmad Rajabli, Baku, Azerbaijan",40.4097949,49.8615061,994552457844,Sarxan_Rasulov@mail.ru,,1405726361,,APPROVED,66058171e4f5ddcab3cd9e33,,No,,Şəhər Hoteli,TIMS,,,,,,https://data.tourism.gov.az/proxy/stakeholder/getFile/20240328184048t-r0000109867,2024-03-28T14:40:49.506Z,2025-04-29T11:56:56.486Z
AMMAR GRAND HOTEL,AMMAR GRAND HOTEL,Baku,"27v Əhməd Rəcəbli, Bakı, Azerbaijan",40.4117637,49.8604751,994552526239,consulting.ab.group@gmail.com,,1506004251,,APPROVED,64c3a58dc29cd31ed9783cc5,,No,,Şəhər Hoteli,TIMS,,,,,,https://data.tourism.gov.az/proxy/stakeholder/getFile/20230728152501t-r0000155894,2023-07-28T11:25:01.966Z,2025-04-29T11:56:56.486Z
ARENA HALL,ARENA HALL,Baku,"Abu Arena Hotel, Koroglu Rahimov Street, Baku, Azerbaijan",40.3989447,49.85871299999999,994553464750,abuarena.hotel@gmail.com,,1800728852,,APPROVED,65dda4cfe4f5ddcab3cd77ef,,No,,Şəhər Hoteli,TIMS,,,,,,https://data.tourism.gov.az/proxy/stakeholder/getFile/20240227130102t-r0000153563,2024-02-27T09:01:03.454Z,2025-04-29T11:56:56.486Z
ARMADA VİLLA HOTEL,ARMADA VİLLA HOTEL,Baku,"Armada Villa Hotel, təcridxana yolu, Baku, Azerbaijan",40.48245199999999,49.946316,994515232323,armadavillahotel@gmail.com,,2700604722,,APPROVED,65f8a0fde4f5ddcab3cd96ac,,No,,,TIMS,,,,,,https://data.tourism.gov.az/proxy/stakeholder/getFile/20240319001557t-r0000129162,2024-03-18T20:15:57.221Z,2025-04-29T11:56:56.486Z
ART Gallery Hotel,ART Gallery Hotel,Baku,"105 Neftçilər Prospekti, Baku, Azerbaijan",40.3706221,49.8464481,+994512017471,infoart@absheronhotelgroup.com,,1701839411,,APPROVED,6981d6cd5a739acd753ceb8f,,No,,,TIMS,,,,,,https://data.tourism.gov.az/proxy/stakeholder/getFile/20260219095949t-r0000170892,2026-02-03T11:06:53.183Z,2026-02-19T06:15:20.966Z
ART HOTEL,ART HOTEL,Baku,"Mirəli Seyidov, Baku, Azerbaijan",40.3783834,49.8074816,994552441101,cemsid.abdullazade@mail.ru,,7501036432,,APPROVED,65e03c4ae4f5ddcab3cd7cb8,,No,,,TIMS,,,,,,https://data.tourism.gov.az/proxy/stakeholder/getFile/20240229121154t-r0000177588,2024-02-29T08:11:54.175Z,2025-04-29T11:56:56.486Z
ARİON OTEL,ARİON OTEL,Baku,"40.4122441,49.85897",40.4127441,49.858947,994505151575,arion.hotelbaku@gmail.com,,7200108882,,APPROVED,64671e70e1dabc1a3a62b3d2,,No,,,TIMS,,,,,,https://data.tourism.gov.az/proxy/stakeholder/getFile/20230519110000t-r0000142470,2023-05-19T07:00:00.909Z,2025-04-29T11:56:56.486Z
ASTOLA HOTEL,ASTOLA HOTEL,Baku,"Baku, Azerbaijan",40.40926169999999,49.8670924,994702707170,ayxanagayev1989@gmail.com,,6700622142,,APPROVED,65df22fce4f5ddcab3cd7b42,,No,,,TIMS,,,,,,https://data.tourism.gov.az/proxy/stakeholder/getFile/20240228161140t-r0000147088,2024-02-28T12:11:40.314Z,2025-04-29T11:56:56.486Z
ASTORİA HOTEL,ASTORİA HOTEL,Baku,"65 Babək Prospekti, Bakı, Azərbaycan",40.3938823,49.92979769999999,994124224949,astoriaotelbaku@gmail.com,,1900970982,,APPROVED,65f03022e4f5ddcab3cd8605,,No,,,TIMS,,,,,,https://data.tourism.gov.az/proxy/stakeholder/getFile/20240312143618t-r0000138805,2024-03-12T10:36:18.459Z,2025-04-29T11:56:56.486Z
ATFK Hotel,ATFK Hotel,Baku,"ATFK Hotel, Baku, Azerbaijan",40.4114467,49.8537422,994553227766,afsarakha@gmail.com,,1405053671,,APPROVED,65efe226e4f5ddcab3cd8424,,No,,,TIMS,,,,,,https://data.tourism.gov.az/proxy/stakeholder/getFile/20240312090334t-r0000122556,2024-03-12T05:03:34.645Z,2025-04-29T11:56:56.486Z
AVAND HOTEL,AVAND HOTEL,Baku,"30d Eldar Tağızadə küçəsi, Baku, Azerbaijan",40.3865645,49.8474716,994552224935,cemsid.abdullazade@mail.ru,,1306992562,3,APPROVED,65e0425ae4f5ddcab3cd7d12,,No,,,TIMS + azeritour.az,https://azeritour.az/avand_hotel_baku,"Avand Hotel — отель, который расположен рядом от нового выхода станции метро «28 мая». Если гости нашего города не знают, то отель находится в 15 минутах ходьбы от Приморского парка и достопримечательностей Баку. Пройдясь пешком по Баку вам откроются исторические памятники города. Девичья Башня , Дворец Ширваншахов , Ичери Шехер (Старый город). Вам не придется скучать, так как можно отлично провести время с друзьями или с семьей просто прогуливаясь по городу.",,,,https://data.tourism.gov.az/proxy/stakeholder/getFile/20240229123746t-r0000108439,2024-02-29T08:37:46.867Z,2025-04-29T11:56:56.486Z
AVENUE OTEL,AVENUE OTEL,Baku,"1029 Heydər Əliyev prospekti, Baku, Azerbaijan",40.4142434,49.9036581,994125057273,reservation.avenuehotel@gmail.com,,2905480681,,APPROVED,6448ca716506cef40b9db380,,No,,,TIMS,,,,,,https://data.tourism.gov.az/proxy/stakeholder/getFile/20230426105337t-r0000114425,2023-04-26T06:53:37.128Z,2025-04-29T11:56:56.486Z
AY HOTEL,AY HOTEL,Baku,"Nar & Şərab, Namiq Quliyev, Baku, Azerbaijan",40.3049313,49.8246664,994507517242,hotelay571@gmail.com,,1502880742,,APPROVED,65f04a31e4f5ddcab3cd86a9,,No,,,TIMS,,,,,,https://data.tourism.gov.az/proxy/stakeholder/getFile/20240312162729t-r0000112220,2024-03-12T12:27:29.189Z,2025-04-29T11:56:56.486Z
AYF Palace Hotel,AYF Palace Hotel,Baku,"AYF Palace, Baku, Azerbaijan",40.3902437,49.86050609999999,+994551006993,office@ayf-palacehotel.com,https://ayf-palacehotel.com/,0201658352,,APPROVED,6971ffde70a9384c4927b480,,No,,,TIMS,,,1C,website_scan,1C,https://data.tourism.gov.az/proxy/stakeholder/getFile/20260122144550t-r0000176437,2026-01-22T10:45:50.412Z,2026-01-26T07:12:21.205Z
"AYSBERQ OTEL ,RESTORAN VƏ İCARƏ OBYEKTİ","AYSBERQ OTEL ,RESTORAN VƏ İCARƏ OBYEKTİ",Baku,"Salyan şossesi, Azerbaijan",40.2058559,49.5312405,994125650745,info@aysberq.az,,1500387481,,APPROVED,65f41e28e4f5ddcab3cd8fc4,,No,,,TIMS,,,,,,https://data.tourism.gov.az/proxy/stakeholder/getFile/20240315140839t-r0000196067,2024-03-15T10:08:40.935Z,2025-04-29T11:56:56.486Z
AZALEA,AZALEA,Baku,"62 Ziya Bünyadov, Baku, Azerbaijan",40.412687,49.84579799999999,994506450072,info@azaleahotelbaku.com,https://azaleahotelbaku.com/,1302098272,,APPROVED,645e15329bff11407fb68ea5,,No,,,TIMS + azeritour.az,https://azeritour.az/hotel_hale_kai,"Hotel Hale Kai расположен в Баку , в пяти минутах от «Старого города» и принадлежит к американскому семейству отелей. Каждый номер оснащен высокоскоростным Интернетом и индивидуальным контролем тепла и кондиционирования воздуха. Декор отель оформлен в Международном стиле Фрэнка Ллойда Райта. Отель Hale Kai расположен в центре Баку, в нескольких минутах ходьбы от многочисленных парков, рядом с морским портом, расположенный на берегу Каспийского моря. Отель Hotel Hale Kai расположен в самом сердце Баку, находится в нескольких минутах ходьбы от знаменитого «Площади фонтанов» и Старого города, а также в близости от делового центра. Наш новый бутик-отель в Баку, работает под новым руководством с сентября 2007 года. Гостиница имеет 23 стильных и комфортабельных номеров, которые полностью оснащены высокоскоростным интернетом. Наши услуги отеля доступны 24 часа в сутки, а профессиональный персонал организует ускоренную регистрацию по прибытии и выезда, а также помощь в организации поездок, билеты в театр, столик в ресторане, прокат автомобилей, экскурсионные туры. Мы также будем рады удовлетворить любые другие особые потребности, которые могут возникнуть во время вашего пребывания в отеле.",,,,https://data.tourism.gov.az/proxy/stakeholder/getFile/20230512143009t-r0000136158,2023-05-12T10:30:10.004Z,2025-04-29T11:56:56.486Z
AZCOT HOTEL,AZCOT HOTEL,Baku,"18b Nigar Rəfibəyli, Baku, Azerbaijan",40.3709768,49.835435,994124925477,office@azcothotel.com,//www.azcothotel.com,1701991171,,APPROVED,65b780acac6a950c2ed20d6f,,No,,Şəhər Hoteli,TIMS + azeritour.az,https://azeritour.az/azcot_hotel,"Azcot Hotel — отдохните в центре Баку и любуйтесь достопримечательностями. Расположенный в самом сердце делового района, на «площади Фонтанов» отель, предлагает Вам удобные кровати, и отличный сервис. Вас разместят в здании построенного в 19-м веке. В нескольких шагах от бизнес-центров и посольств, лучших ресторанов . Рядом театр, кино, национальный парк, бульвар, « Девичья Башня » и исторической части «Старый Город». Все это делает месторасположение отеля комфортным для отдыха и бизнеса. Azcot Hotel предлагает комфортабельные номера, для путешественников с ограниченным бюджетом, которые хотят разместиться в центре города и любоваться историческими памятниками . Во время пребывания в Azcot Hotel, от прибытия до отъезда Вам будет предоставлены все удобствами которые предлагает отель. Azcot Hotel имеет 41 полностью оборудованных номеров, в том числе 2 мини-люкса, 4 полулюкса и 1 Twin. В каждых номерах имеется удобство, комфорт и безопасность. В каждом номере имеется ряд дополнительных преимуществ, включая качественную мебель и паркетный пол. После рабочего дня Вы можете красиво провести время и отдохнуть в наших комфортабельных мини и полулюксах. Каждый люкс оборудован и меблирован п",,,,https://data.tourism.gov.az/proxy/stakeholder/getFile/20240129144044t-r0000186557,2024-01-29T10:40:44.338Z,2025-04-29T11:56:56.486Z
Address Boutique Hotel,Address Boutique Hotel,Baku,"16 Əlimərdan Topçubaşov, Baku, Azerbaijan",40.3734365,49.8370281,994503000081,addressboutiquehotelbaku@gmail.com,,1406304731,,APPROVED,65f41b81e4f5ddcab3cd8fb0,,No,,,TIMS,,,,,,https://data.tourism.gov.az/proxy/stakeholder/getFile/20240315135721t-r0000148878,2024-03-15T09:57:21.657Z,2025-04-29T11:56:56.486Z
Admiral Hotel,Admiral Hotel,Baku,"Nərimanov, Baku, Azerbaijan",40.4091235,49.8647652,994125635824,admiralhotelrooms@gmail.com,,1503227441,4,APPROVED,645e109c2356a677c8b6ae57,,No,,,TIMS + azeritour.az,https://azeritour.az/admiral_hotel_baku,"Admiral Hotel — это уютный и элегантный отель, который отвечает всем стандартам четырехзвездочных отелей. Отель предоставляет высококачественный сервис, доступные цены и удобные номера с отличным видом. Гостиница также предлагает воспользоваться услугами, таких как: фитнес зал, джакузи, турецкая баня и сауна. Воспользуйтесь прекрасным рестораном и летней террасой на четвертом этаже отеля. Шеф-повар удивит вас изумительными блюдами национальной и международной кухни. Ресторан отеля работает 24 часа в сутки и готов принять вас вместе с дружелюбным персоналом.",,,,https://data.tourism.gov.az/proxy/stakeholder/getFile/20230512141036t-r0000188596,2023-05-12T10:10:36.628Z,2025-04-29T11:56:56.486Z
Af Hotel Aqua Park,Af Hotel Aqua Park,Baku,"Novxanı, Azerbaijan",40.52564330000001,49.7831634,994502233285,office@afhotel.az,https://www.afhotel.az,1400134351,4,APPROVED,6627a857e4f5ddcab3cdc630,,No,,Şəhər Hoteli,TIMS + azeritour.az + azeritour.az,https://azeritour.az/af_hotel_aquapark_v_baku,"Qafqaz Park Hotel — это отель, который находиться находится в Баку , на Наримановском районе. Данный четырехзвездочный отель входит в сеть отелей Qafqaz Hotels & Resorts. Что говоря о гостинице, то он расположен очень удачно, так как до международного аэропорта и до основных достопримечательностей Баку очень близко. Гостиница предоставляет качественные услуги, а номера очень удобные и просторные.",Oracle OPERA,website_scan,Oracle OPERA,https://data.tourism.gov.az/proxy/stakeholder/getFile/20240423162351t-r0000191281,2024-04-23T12:23:51.874Z,2025-04-29T11:56:56.486Z
Alfa Hotel,Alfa Hotel,Baku,"Xəqani Rüstəmov, Bakı, Azerbaijan",40.3840605,49.8801445,994508225060,ibrahim.alkishiyev@gmail.com,,1008259452,,APPROVED,65e8641ae4f5ddcab3cd80d5,,No,,,TIMS,,,,,,https://data.tourism.gov.az/proxy/stakeholder/getFile/20240306163954t-r0000145908,2024-03-06T12:39:54.412Z,2025-04-29T11:56:56.486Z
Alison Hotel,Alison Hotel,Baku,"5 8 Noyabr Prospekti, Baku, Azerbaijan",40.377163,49.8673628,994705252255,gm@alison.az,,2005982141,,APPROVED,645f9b699bff11407fb691fa,,No,,Şəhər Hoteli,TIMS,,,,,,https://data.tourism.gov.az/proxy/stakeholder/getFile/20230513181505t-r0000159171,2023-05-13T14:15:05.644Z,2025-04-29T11:56:56.486Z
All Seasons,All Seasons,Baku,"Baku, Azerbaijan",40.40926169999999,49.8670924,994777494977,ayxanagayev1989@gmail.com,,7500429142,,APPROVED,65df3e29e4f5ddcab3cd7c50,,No,,,TIMS + azeritour.az,https://azeritour.az/all-seasons-hotel-baku/,Карта сайта,,,,https://data.tourism.gov.az/proxy/stakeholder/getFile/20240228180737t-r0000146360,2024-02-28T14:07:37.944Z,2025-04-29T11:56:56.486Z
Amber Hotel,Amber Hotel,Baku,"59 Abilov M.M. Street, Baku, Azerbaijan",40.3816093,49.8293537,994507583131,sales@amberhotel.az,http://amberhotel.az,1403446602,4,APPROVED,65df2e36e4f5ddcab3cd7bd3,,No,,,TIMS + azeritour.az,https://azeritour.az/amber_hotel_baku/,"Amber Hotel Baku — хороший выбор для тех, кто приехали в гости в Баку как турист, и ищете ночлег в четырехзвездочном отеле . Независимо от того вы бизнесмен или просто турист, в данном отеле вам будет комфортно. Так как созданы все условия для разного категории клиентов. Amber Hotel Baku находится близко к центру Баку, а это говорит о том, что вам будет доступно все нужные городские объекты. Это и развлекательные центры, бизнес-центры, торговые площадки, достопримечательности Баку . У персонала гостиницы только одна задача, дать максимальный комфорт каждому гостю. И данное внимание ощущает каждый приезжий гость. Услуги отеля Amber Hotel Baku Завтрак 24 часа обслуживание, включая доставки заказа в номер Бесплатный интернет доступ, Wi-Fi Каждодневную уборку Прачечная Банкомат Поговорим о номерном фонде. Каждый из комнат оформлен в теплых тонах с изысканным дизайном, в которых есть все необходимое для комфортного отдыха. Во всех номерах имеется интернет, ванная комната, туалет, цифровое ТВ, телефон, сейф, фен, тапочки, халат, и многое другое. Standart Room — площадь составляет 20 кв.м, одновременно могут находиться до трех человек. Superior Room — площадь 30 кв.м, номера с одной или д",1C,website_scan,1C,https://data.tourism.gov.az/proxy/stakeholder/getFile/20240228165934t-r0000199344,2024-02-28T12:59:34.376Z,2025-04-29T11:56:56.486Z
Anatolia Hotel Baku,Anatolia Hotel Baku,Baku,"Yusif Vezir Çemenzemenli, Baku, Baku, Azerbaijan",40.4027375,49.8357115,994707875050,ellmondbaku@gmail.com,,2907388892,4,APPROVED,664f4d24e4f5ddcab3cde6e5,,No,,,TIMS + azeritour.az,https://azeritour.az/anatolia_hotel_baku/,"Anatolia Hotel — это Четырёхзвёздочный отель, который расположен неподалёку от центра Баку. Если быть точнее, гостиница расположена всего 500 метров от станции метро «Гянджлик». Такое местоположение очень удобно, так как до центра города можно добраться на автобусе или на метро всего за несколько минут. Сам отель предоставляет недорогие но очень качественные и комфортные номера со всеми удобствами. Также на территории отеля есть сауна, фитнес центр, конференц зал и ресторан . Номера отеля Anatolia Hotel Standard Single Room (одноместный): Номера Standard Single Room расположены в старом здании отеля и идеально подходят для одиночных путешественников. Большая кровать, ванная комната, туалетные принадлежности. Также есть такие удобства как большой плазменный телевизор, кондиционер, бесплатный интернет, сейф, гладильная доска и многое другое. В виде бонуса Вам предоставляется бесплатный доступ в тренажёрный зал, бассейн, сауна, парная и так далее.",,,,https://data.tourism.gov.az/proxy/stakeholder/getFile/20240523180524t-r0000154522,2024-05-23T14:05:24.943Z,2025-04-29T11:56:56.486Z
Antiq Hotel,Antiq Hotel,Baku,"İçeri Şehir, Baku, Azerbaijan",40.366267,49.8349644,994558817234,elman.agaverdiyev@bk.ru,,1505548892,,APPROVED,660e9dc1e4f5ddcab3cda9b5,,No,,,TIMS,,,,,,https://data.tourism.gov.az/proxy/stakeholder/getFile/20240404163201t-r0000152533,2024-04-04T12:32:01.292Z,2025-04-29T11:56:56.486Z
Art Club,Art Club,Baku,"11 Asəf Zeynallı küçəsi, Baku, Azerbaijan",40.3643991,49.8337458,994124922013,gm@artclub.az,https://artclub.az/,2004631172,,APPROVED,6467657f9bff11407fb6afa7,,No,,Butik Hotel,TIMS,,,1C,website_scan,1C,https://data.tourism.gov.az/proxy/stakeholder/getFile/20230519160311t-r0000196542,2023-05-19T12:03:11.826Z,2025-04-29T11:56:56.486Z
Atlas Hotel Baku,Atlas Hotel Baku,Baku,"Baku, Azerbaijan",40.40926169999999,49.8670924,994125253333,Sales@atlashotelbaku.com,,1502757882,,APPROVED,65f93c63e4f5ddcab3cd9753,,No,,Şəhər Hoteli,TIMS,,,,,,https://data.tourism.gov.az/proxy/stakeholder/getFile/20240319111859t-r0000171412,2024-03-19T07:19:00.001Z,2025-04-29T11:56:56.486Z
AuRoom Hotel,AuRoom Hotel,Baku,"Allahyar Nasibov, Baku, Azerbaijan",40.3881725,49.82915,994705955328,info@auroomhotel.az,https://auroomhotel.az,8301940252,,APPROVED,65e9a3ffe4f5ddcab3cd81d0,,No,,Şəhər Hoteli,TIMS,,,1C,website_scan,1C,https://data.tourism.gov.az/proxy/stakeholder/getFile/20240307152447t-r0000116677,2024-03-07T11:24:47.177Z,2025-04-29T11:56:56.486Z
Austin Hotel,Austin Hotel,Baku,"58 Nizami Street, Baku, Azerbaijan",40.3727255,49.8406291,994125980812,info@austin.az,,1700426491,,APPROVED,64b9267214f58db1e986eb1e,,No,,Şəhər Hoteli,TIMS,,,,,,https://data.tourism.gov.az/proxy/stakeholder/getFile/20230508145008t-r0000149148,2023-07-20T12:20:02.111Z,2025-04-29T11:56:56.486Z
AĞ OTEL,AĞ OTEL,Baku,"Masazır, Rafiq Dünyamalıyev, Bakı, Azerbaijan",40.4735515,49.7426831,994702092020,ruslan.musayev.14@mail.ru,,3103310822,,APPROVED,65f95234e4f5ddcab3cd98ee,,No,,,TIMS,,,,,,https://data.tourism.gov.az/proxy/stakeholder/getFile/20240319125204t-r0000163930,2024-03-19T08:52:04.887Z,2025-04-29T11:56:56.486Z
BADAMDAR HOSTEL,BADAMDAR HOSTEL,Baku,"Baku, Azerbaijan",40.40926169999999,49.8670924,994125020816,ulvin.mammadov@gmail.com,,1302291442,,APPROVED,65f8278ae4f5ddcab3cd9419,,No,,Hostel,TIMS,,,,,,https://data.tourism.gov.az/proxy/stakeholder/getFile/20240318153745t-r0000129797,2024-03-18T11:37:46.029Z,2025-04-29T11:56:56.486Z
BAKU SEA VIEW,BAKU SEA VIEW,Baku,"Həsən Seyidbəyli, Bakı, Azerbaijan",40.3643553,49.82606149999999,994503115551,teymur.amirov@hotmail.com,,1300312772,,APPROVED,65e60f49e4f5ddcab3cd7f72,,No,,,TIMS,,,,,,https://data.tourism.gov.az/proxy/stakeholder/getFile/20240304221329t-r0000106337,2024-03-04T18:13:29.672Z,2025-04-29T11:56:56.486Z
BEST CENTER HOTEL,BEST CENTER HOTEL,Baku,"Əlimərdan Topçubaşov, Bakı 1009, Azerbaijan",40.3746642,49.8365309,994507055455,ahmedov242@yandex.com,,1405386371,,APPROVED,64c3973bc29cd31ed9783c01,,No,,Şəhər Hoteli,TIMS,,,,,,https://data.tourism.gov.az/proxy/stakeholder/getFile/20230728142355t-r0000174820,2023-07-28T10:23:55.998Z,2025-04-29T11:56:56.486Z
BEST Otel,BEST Otel,Baku,"Salamzadeh street (My Family ), Abdulvabah Salamzada, Baku, Azerbaijan",40.4016459,49.8189041,994552363689,azikmaq@mail.ru,,1901276442,,APPROVED,65f97d85e4f5ddcab3cd9a3e,,No,,,TIMS,,,,,,https://data.tourism.gov.az/proxy/stakeholder/getFile/20240319155653t-r0000183634,2024-03-19T11:56:53.857Z,2025-04-29T11:56:56.486Z
BLACK MOUNT,BLACK MOUNT,Baku,"Lokbatan, Baku, Azerbaijan",40.3281802,49.7355969,994124041353,rena_gunashova@mail.ru,,2002627861,4,APPROVED,65e88007e4f5ddcab3cd8101,2,No,,Şəhər Hoteli,TIMS + azeritour.az,https://azeritour.az/qaradag_hill_hotel,"Black Mount Hotel это большой четырехзвездочный отель , который имеет три корпуса и пять этажей. Отель расположен в 15 минутах езды до центра города и в 30 минутах езды до международного аэропорта. Гостиница построена не в центре города для того что бы гости почувствовали спокойствие от городского движения. До центра столицы Азербайджана всего несколько минут езды, и вам будут доступны главные достопримечательности Баку . Совсем рядом расположен большой торговый центр «Седерек». Отель имеет большой количество комфортабельных номеров, фитнесс центр, футбольный фан-клуб и ресторан.",,,,https://data.tourism.gov.az/proxy/stakeholder/getFile/20240306183903t-r0000184357,2024-03-06T14:39:03.793Z,2025-04-29T11:56:56.486Z
BLACK VİLLA HOTEL,BLACK VİLLA HOTEL,Baku,"9W4X+8V8 Bakı, Azerbaijan",40.3557875,49.9497031,994514102221,kamraneskerov@icloud.com,,1201172912,,APPROVED,66056e12646cbbbc85967c32,,No,,,TIMS,,,,,,https://data.tourism.gov.az/proxy/stakeholder/getFile/20240312101650t-r0000115856,2024-03-28T13:18:10.291Z,2025-04-29T11:56:56.486Z
BRİSTOL HOTEL,BRİSTOL HOTEL,Baku,"Natavan Monument, Səbail, Baku, Azerbaijan",40.3692151,49.8372335,994508007380,bristol2024e@gmail.com,,1506079911,,APPROVED,65f96d16e4f5ddcab3cd99cc,,No,,,TIMS + azeritour.az,https://azeritour.az/bristol_hotel_baku,"Bristol Hotel находиться в самом центре Баку . Это означает, что до делового центра, торгового центра, достопримечательностей рукой подать. Вы будете находиться в нескольких минутах от Старого города (Ичери Шехер), Приморского бульвара, Площади Фантанов, Государственной Филармонии и так далее. А с окон отеля будет фантастический вид на красивый город.",,,,https://data.tourism.gov.az/proxy/stakeholder/getFile/20240319144646t-r0000107082,2024-03-19T10:46:46.545Z,2025-04-29T11:56:56.486Z
BULVAR INN HOTEL,BULVAR INN HOTEL,Baku,"Port Baku Residence, Uzeyir Hajibeyov, Baku, Azerbaijan",40.3765971,49.86001770000001,994124981203,bulvarinn@gmail.com,Https://www.bulvarinnbaku.com,3103895852,,APPROVED,65f42be8e4f5ddcab3cd9029,,No,,Şəhər Hoteli,TIMS + azeritour.az,https://azeritour.az/qobuland_hotel/,"Qobuland Hotel можно назвать и зоной отдыха и отелем, расположенный на трассе Баку — Шемаха . Большой центр отдыха предлагает также комфортное размещение в виде отеля. Обычно сюда приезжают на выходные, что бы отдалиться от городской суеты. Тем более от Баку ехать совсем не долго.",,,,https://data.tourism.gov.az/proxy/stakeholder/getFile/20240315150720t-r0000133131,2024-03-15T11:07:20.305Z,2025-04-29T11:56:56.486Z
Badam D'art,Badam D'art,Baku,"2 Badamdar Highway, Baku, Azerbaijan",40.3624814,49.8155115,994775021313,Badamhotel@gmail.com,https://badamhotel.az/,1702944141,,APPROVED,661fbd54a19a8407d729c5e6,,No,,,TIMS + azeritour.az,https://azeritour.az/kempinski_hotel_badamdar,"Hotel Badamdar расположен в поселке Бадамдар, в одном из районов Баку . Имеет отличный вид на море, и находится в нескольких минутах езды от международного аэропорта. Общая площадь территории занимает 2,5 гектара. Отель готов служить вам 24 часа в сутки и предоставляет ряд услуг, таких как: переводчик, услуги няни, прокат автомобилей и так далее. Персонал готов исполнить ваши капризы. Тут есть все условия для отдыха, отличный бассейн, сауна, хаммам, тренажерный зал, теннисные и баскетбольные площадки, аквапарк . Гостиница устраивает экскурсии по достопримечательностям Баку. Посетите «Старый город, Девичью башню. Не забудьте побывать в Гобустане, в одном из древнейших мест, где сохранились до наших дней около 600.000 наскальных рисунков, которые относятся времен каменного века. Здание состоит из 14-ти этажей и предлагает постояльца огромное количество номеров, люкс и королевский люкс. Номера разделены на категории: стандартный, улучшенный, delux и гранд delux. В этих номерах есть уют, комфорт и условия необходимое для отдыха. Номера Hotel Badamdar Если же вы остановитесь в «Люкс», то придется выбрать одной из категорий: Junior, улучшенный, королевский и президентский люкс. А уж если",1C,website_scan,1C,https://data.tourism.gov.az/proxy/stakeholder/getFile/20230525145100t-r0000169497,2024-04-17T12:15:16.507Z,2025-04-29T11:56:56.486Z
Badamdar Otel and Residence,Badamdar Otel and Residence,Baku,"Badamdar Hotel & Residences, Mikayıl Müşfiq, Baku, Azerbaijan",40.355124,49.8038997,994502901335,badamdar.hotel@pmdhospitality.az,https://badamdarhotelandresidences.az/en,1405650641,,APPROVED,65dc8de0e4f5ddcab3cd7769,4,No,,Şəhər Hoteli,TIMS,,,,,,https://data.tourism.gov.az/proxy/stakeholder/getFile/20240226171055t-r0000156727,2024-02-26T13:10:56.065Z,2025-04-29T11:56:56.486Z
Baku Butik Qonaq Evi,Baku Butik Qonaq Evi,Baku,"89 Dadaş Bünyadzadə küçəsi, Yasamal, Bakı, Azərbaycan",40.3899019,49.7990189,994773480060,bakubutik@gmail.com,,1100414482,,APPROVED,65f1b467e4f5ddcab3cd8b99,,No,,Hostel,TIMS,,,,,,https://data.tourism.gov.az/proxy/stakeholder/getFile/20240313181254t-r0000119153,2024-03-13T14:12:55.799Z,2025-04-29T11:56:56.486Z
Baku Otel,Baku Otel,Baku,"Firdovsi Mammadov, Baku, Azerbaijan",40.3861356,49.8541642,994556143313,rz_82@mail.ru,,1306455961,,APPROVED,6606c04ae4f5ddcab3cda0c7,,No,,,TIMS,,,,,,https://data.tourism.gov.az/proxy/stakeholder/getFile/20240329172114t-r0000145516,2024-03-29T13:21:14.065Z,2025-04-29T11:56:56.486Z
Baku Palace Hotel,Baku Palace Hotel,Baku,"Ev, İslam Səfərli, Baku, Azerbaijan",40.37772,49.8330356,994125961071,info@sevengroup.az,,1100974322,,APPROVED,65f45207e4f5ddcab3cd90d5,,No,,,TIMS,,,,,,https://data.tourism.gov.az/proxy/stakeholder/getFile/20240315174959t-r0000124959,2024-03-15T13:49:59.840Z,2025-04-29T11:56:56.486Z
Bakuvi Apartments,Bakuvi Apartments,Baku,"Bakuvi Apartments, Azerbaijan Avenue, Baku, Azerbaijan",40.3720661,49.8337709,994557901777,Bakuvi.azerbaijan@gmail.com,,1601173742,,APPROVED,64be390fc29cd31ed9782db8,,No,,,TIMS,,,,,,https://data.tourism.gov.az/proxy/stakeholder/getFile/20230724124047t-r0000167208,2023-07-24T08:40:47.774Z,2025-04-29T11:56:56.486Z
Bayıl Breeze hotel&restaurant,Bayıl Breeze hotel&restaurant,Baku,"Bakı, Azerbaijan",40.40926169999999,49.8670924,994504445695,fhconsulting21@gmail.com,,2007618532,,APPROVED,6606a5b5e4f5ddcab3cda050,,No,,,TIMS,,,,,,https://data.tourism.gov.az/proxy/stakeholder/getFile/20240329152747t-r0000188104,2024-03-29T11:27:49.150Z,2025-04-29T11:56:56.486Z
Boulevard Side Hotel,Boulevard Side Hotel,Baku,"3 Ayaz Ismayilov Street, Baku, Azerbaijan",40.3872896,49.8719832,994124906790,info@boulevardsidehotel.az,,2003849462,5,APPROVED,64c78259c29cd31ed9784455,,No,,Şəhər Hoteli,TIMS + azeritour.az,https://azeritour.az/boulevard_hotel_baku/,"Boulevard Hotel Baku — пятизвездочный отель в Баку, расположенный вдоль Бакинской бухты. Данная гостиница входит в группу Absheron Hotel Group, который насчитывает несколько фешенебельных отелей в городе. Расположение очень удачное, вы наверное догадались по названию, что совсем недалеко находится Бакинский бульвар. Вообще туристу будет очень комфортно остановится тут, так как до достопримечательностях Баку и делового центра рукой подать. На территории есть рестораны и бары, спа салоны, конференц и банкетные залы, и многое другое. Номера Boulevard Hotel Baku Boulevard Hotel Baku располагает 818 роскошными номерами, отвечающие всеми мировыми стандартами, высоким качеством услуг и комфорта. Вы можете расположится в одном из представленных номеров: Boulevard King, Sea view king, Superrior king, Superrior twin, Club sea view king, Terrace king, Terrace twin, Terrace deluxe. Площадь комнат от 28-до 54 кв.м, которые имеют большие окна высотой от пола до потолка, что дает прекрасный солнечный свет и восхитительный вид на Каспийское море. В номерах предоставляются следующие услуги: Индивидуальный климат контроль температуры Телевизор 42 дюйма с кабельным и спутниковым телевидением Беспрово",,,,https://data.tourism.gov.az/proxy/stakeholder/getFile/20230731134353t-r0000188504,2023-07-31T09:43:53.188Z,2025-04-29T11:56:56.486Z
Briiz Hotel,Briiz Hotel,Baku,"Qala Kiçik, Kichik Qala, Baku, Azerbaijan",40.3660625,49.8356094,+994559431117,melekreklam@gmail.com,,1203857671,,APPROVED,68d2377e34e6ed945fde0861,,No,,,TIMS,,,,,,https://data.tourism.gov.az/proxy/stakeholder/getFile/20250923095502t-r0000152548,2025-09-23T06:00:30.752Z,2025-10-31T06:26:25.910Z
BİLGAH BEACH HOTEL,BİLGAH BEACH HOTEL,Baku,"Bilgah Beach Hotel, Bilgah, Azerbaijan",40.5771739,50.0639123,994123103900,zaur.piroglanov@absheronhotelgroup.com,https://www.bilgahbeachhotel.com/en,1803578771,,APPROVED,64b4e3a514f58db1e985fb3a,,No,,,TIMS,,,,,,https://data.tourism.gov.az/proxy/stakeholder/getFile/20230515143810t-r0000167956,2023-07-17T06:45:57.772Z,2025-04-29T11:56:56.486Z
Bəy Hotel,Bəy Hotel,Baku,"52c Əhəd Yaqubov küçəsi, Baku, Azerbaijan",40.33754853204187,49.830256234223945,+994994055500,beyhotel@gmail.com,,2008854472,,APPROVED,697385d270a9384c4927b5be,,No,,,TIMS,,,,,,https://data.tourism.gov.az/proxy/stakeholder/getFile/20260313143341t-r0000142182,2026-01-23T14:29:38.291Z,2026-03-13T12:20:01.863Z
CENTİC BAKU BOUİTIQUE HOTEL,CENTİC BAKU BOUİTIQUE HOTEL,Baku,"6 Zərifə Əliyeva Küçəsi, Bakı, Azerbaijan",40.3684328,49.8398121,994502555121,centricbaku@gmail.com,,1601858922,,APPROVED,64704c859bff11407fb6ba5e,,No,,,TIMS,,,,,,https://data.tourism.gov.az/proxy/stakeholder/getFile/20230526100701t-r0000106119,2023-05-26T06:07:01.560Z,2025-04-29T11:56:56.486Z
CITY APARTMENTS HOTEL,CITY APARTMENTS HOTEL,Baku,"Ismayil Hidayat Zadeh, Baku, Azerbaijan",40.3915772,49.8776268,994705660002,Cityapartbaku@gmail.com,,1403647022,,APPROVED,64cb8f43c29cd31ed9784d7b,4,No,,,TIMS,,,,,,https://data.tourism.gov.az/proxy/stakeholder/getFile/20230803152803t-r0000104583,2023-08-03T11:28:03.914Z,2025-04-29T11:56:56.486Z
CITY INN,CITY INN,Baku,"Mərdanov Qardaşları, Baku, Azerbaijan",40.372936,49.8403439,994517295424,thesenov02@gmail.com,,3104910762,,APPROVED,6611232be4f5ddcab3cdade6,,No,,Qonaq evi,TIMS,,,,,,https://data.tourism.gov.az/proxy/stakeholder/getFile/20240406142547t-r0000131525,2024-04-06T10:25:47.812Z,2025-04-29T11:56:56.486Z
CONTİNENT HOTEL,CONTİNENT HOTEL,Baku,"Baku, Azerbaijan",40.40926169999999,49.8670924,994559545034,ayxanagayev1989@gmail.com,,7001510892,4,APPROVED,65df28a3e4f5ddcab3cd7b99,,No,,,TIMS + azeritour.az + azeritour.az,https://azeritour.az/comfort_inn_hotel,Карта сайта,,,,https://data.tourism.gov.az/proxy/stakeholder/getFile/20240228163547t-r0000184150,2024-02-28T12:35:47.055Z,2025-04-29T11:56:56.486Z
CONTİNENTAL HOTEL,CONTİNENTAL HOTEL,Baku,"Əhməd Rəcəbli, Binəqədi, Baku, Azerbaijan",40.4262892,49.851416,994557096363,aysenmuseyib@gmail.com,,1505859312,,APPROVED,64c3b5ddc29cd31ed9783d7d,,No,,Şəhər Hoteli,TIMS,,,,,,https://data.tourism.gov.az/proxy/stakeholder/getFile/20230728163437t-r0000150263,2023-07-28T12:34:37.711Z,2025-04-29T11:56:56.486Z
CORNİCHE HOTEL,CORNİCHE HOTEL,Baku,"Mən, Neapol Street, Baku, Azerbaijan",40.3816747,49.9620562,994515796633,turalallahverdiyevvv@gmail.com,,1505598801,5,APPROVED,64c37ac7c29cd31ed9783b0d,,No,,,TIMS + azeritour.az,https://azeritour.az/rich-hotel-baku/,"Rich Hotel Baku — это пятизвездочный отель в Баку, который примет Вас в любое время с максимально качественным сервисом. Отель предоставляет огромный спектр услуг, которым обделен люкс отель. Расположение отеля удобное. С одной стороны до центра Баку несколько минут езды. С другой стороны гостиница Rich на небольшом расстоянии от городского шума и суеты. До международного аэропорта 20 км, и в 15 минутах от центра города. Также можно отметить обученный персонал, который постарается сделать ваш отдых максимально комфортным. Номера отеля Rich Hotel Baku Отель в Баку предоставляет комфортабельные номера со всеми удобствами. Номера имеют стильный дизайн и обставленную мебель. В номерах есть бесплатный интернет, кондиционер, мини-бар, телевизор, телефон, фен и многое другое. Deluxe Connected Room — имеет две отдельные спальни, площадь 90 м². Twin Room — имеет две односпальные кровати, площадь 45 м². Double Room — имеет кровать «king-size», площадь номера 45 м². При отеле функционирует ресторан «Zümrüd» и «Garden Bar». Посетив, ВЫ сможете отведать разнообразные блюда европейской и международной кухни. Не забудьте заглянуть и в Лобби-бар. Если сильно заботитесь о своем здоровье, то приглаш",,,,https://data.tourism.gov.az/proxy/stakeholder/getFile/20230728122231t-r0000147859,2023-07-28T08:22:31.606Z,2025-04-29T11:56:56.486Z
CRESCENT BEACH HOTEL & LEISURE RESORT,CRESCENT BEACH HOTEL & LEISURE RESORT,Baku,"Salyan Şossesi, Baku, Azerbaijan",40.3053421,49.8118543,994702206241,rgulara@hotmail.com,http://cbh.az,1700322641,,APPROVED,6623a9f9e4f5ddcab3cdc3ac,,No,,,TIMS + azeritour.az,https://azeritour.az/cresent_beach_hotel,"Cresent Beach Hotel — готов принять и оказать все необходимые услуги. Отличное место, если вы приехали в Баку в летную знойную бакинскую жару. Cresent Beach по сути является первым отелем построенный на берегу Каспийского моря. Что делает его уникальным в летную пору. Отель расположена всего в 10 минутах от центра города, и с этого момента вы окажитесь в отличном отелем, который имеет собственный пляж. Отель предоставит вам на выбор из 260 комфортабельных номеров, разделенные на разные категории. К вашим услугам огромное количество ресторанов и бар, чистый пляж со всеми услугами. Оздоровительный клуб, конференц зал. И все необходимое для вашего отдыха и встреч. Номера Cresent Beach Hotel Baku Как писалось выше, отель предлагает номера нескольких категорий, среди которых: Single, Deluxe, Suite, Family, Twin, Double. Все комнаты оборудованы необходимым инвентарем и отличным сервисом. Приятная ванная комната с кабиной Номера с большой и удобной кроватью Плазменный большой ТВ Бесплатный беспроводной интернет (Wi-Fi) Удобный стол с принадлежностями Личный сейф с замком Мини-бар, кофеварка, холодильник Обслуживание номеров (24 часа) Телефонная связь и факс",,,,https://data.tourism.gov.az/proxy/stakeholder/getFile/20240420154145t-r0000164115,2024-04-20T11:41:45.606Z,2025-04-29T11:56:56.486Z
Callisto Hotel,Callisto Hotel,Baku,"11 28 May Street, Bakı, Azərbaycan",40.3761788,49.8459329,994124930013,info@callistohotel.az,https://callistohotel.az/,2008477742,,APPROVED,660fe523e4f5ddcab3cdabde,,No,,Butik Hotel,TIMS,,,,,,https://data.tourism.gov.az/proxy/stakeholder/getFile/20240405154851t-r0000156875,2024-04-05T11:48:51.682Z,2025-04-29T11:56:56.486Z
Capitol Hotel Baku,Capitol Hotel Baku,Baku,"Astola Hotel, Baku, Azerbaijan",40.4041725,49.8451855,994125642924,info@capitolhotel.az,https://www.capitolhotel.az/,2003583362,,APPROVED,65f83714e4f5ddcab3cd9517,,No,,Şəhər Hoteli,TIMS + azeritour.az,https://azeritour.az/sakit_gol_hotel_silent_lake/,"Sakit Gol Hotel расположен в городе Шемаха . Это отель плюс центр отдыха, и смело можно назвать курортный отель. Перечень предоставляемого сервиса просто поражает, не говоря о природе, которая захватывает дух. Sakit Gol в переводе на русский означает «спокойное озеро». Несколько ресторанов, СПА-центр и развлечения помогут вам забыть про городскую суету. Номера Sakit Gol Hotel 11 — Deluxe 2 — Suit Lake View 14 — Cottage Предоставляется исполненные в элегантном стиле 27 номеров. Все комнаты имеют прекрасный вид на озеро. В номерах предоставляется все виды сервиса присущи люксовым заведениям. Беспроводной интернет Wi-Fi Письменный стол Журнальный столик Кабельное телевидение Мини-бар Фен Сейф Индивидуальное кондиционирование Балкон Банный халат и тапочки Банные принадлежности Телефон DVD плеер Отель в Шемаха предлагает ресторан и бар, в котором можно полакомиться традиционными блюдами азербайджанской и европейской кухни. К вашим услугам: Ресторан « Nostalgie «, Atlantis Bar , Safran Bar . Не беспокойтесь, если считаете что в поездке не сможете заняться своим здоровьем. СПА-центр гостиницы Sakit Gol Hotel предлагает такие услуги как: массаж, турецкая баня, сауна, фитнес-центр и закрыты",,,,https://data.tourism.gov.az/proxy/stakeholder/getFile/20240318164404t-r0000127980,2024-03-18T12:44:04.875Z,2025-04-29T11:56:56.486Z
Caspian Business Hotel,,Baku,email не будет опубликован,,,,,http://gmpg.org/xfn/11,,,,,,,,,azeritour.az,https://azeritour.az/caspian_business_hotel,"Caspian Business Hotel имеет пятиэтажное здание, и отвечает всем европейским стандартам. Отель был построен в 2011 году и с каждым годом ее популярность только возрастает. В общем отель предлагает 37 номеров, среди которых: Deluxe Standart, Junior, Executive и King номера на ваш вкус. Для деловых людей есть все условия для проведения мероприятий. Доступен конференц-зал на 600-800 персон с обученным персоналом.",,,,,,
Central Park Hotel,Central Park Hotel,Baku,"Süleyman Rəhimov küç., Baku, Azerbaijan",40.3791285,49.8410605,994553344741,sales@centralpark.az,,1700367191,,APPROVED,65e06507e4f5ddcab3cd7d7c,,No,,,TIMS + azeritour.az,https://azeritour.az/central_park_hotel_baku/,"Central Park Hotel это качественный отель расположенный в центре Баку . Администрация делает все необходимое для того что бы вы чувствовали себя как дома. Гостиница расположена в близости от достопримечательностях Баку. Все в пяти минутах ходьбы находится «Площадь Торговая», рядом Девичья Башня и бакинский бульвар. Приятно погулять по набережной вечерами, вздыхая свежий воздух Каспийского моря. Отель предоставляет 70 просторных и обустроенных номеров. По мимо этого функционирует «Оздоровительный центр», ресторан с панорамным видом и лобби бар. В фитнес клубе вы сможете заняться спортом и поддержать свою форму.",,,,https://data.tourism.gov.az/proxy/stakeholder/getFile/20240229150543t-r0000176859,2024-02-29T11:05:43.227Z,2025-04-29T11:56:56.486Z
Citadel boutique hotel,Citadel boutique hotel,Baku,"153 Lev Tolstoy, Baku, Azerbaijan",40.3726029,49.83636449999999,994773470504,redleon133@gmail.com,,1502390692,,APPROVED,652410e0c29cd31ed9786a95,,No,,,TIMS,,,,,,https://data.tourism.gov.az/proxy/stakeholder/getFile/20231009184032t-r0000135146,2023-10-09T14:40:32.445Z,2025-04-29T11:56:56.486Z
City Mansion Apart Hotel,City Mansion Apart Hotel,Baku,"City Mansion Apart Hotel, 153 Azadlıq prospekti, Baku, Azerbaijan",40.4042379,49.83518,994124361041,office@felsbaku.com,https://www.felsbaku.com,9900047781,4,APPROVED,64d32c42c29cd31ed978506a,,No,,,TIMS + azeritour.az,https://azeritour.az/city_mansion_apart_hotel,"City Mansion ApartHotel — это комфортабельные апартаменты в центре Баку. Современно отреставрированное историческое здание предлагает широкий выбор услуг, который ни чем не уступает услугам четырехзвездочного отеля. Квартиры, которые сдаются, имеют все необходимые удобства, уютные и комфортные. Не зависимо от цели вашего визита в Баку, в наших апартаментах будет удобно как туристу так и деловому человеку. Отель обеспечивает высококачественный сервис на протяжения короткого или длительного пребывания. Построенный вокруг ландшафтных садов City Mansion ApartHotel предлагает гостям все удобства и услуги на высоком уровне. Мы предлагаем Вам просторные и комфортабельные жилые помещения вместимости до 3 людей по стоимости гостиничного номера. City Mansion ApartHotel — Апартаменты",,,,https://data.tourism.gov.az/proxy/stakeholder/getFile/20230809100346t-r0000126824,2023-08-09T06:03:46.258Z,2025-04-29T11:56:56.486Z
City Park Hotel Baku,City Park Hotel Baku,Baku,"31B Tabriz Xaili Rza Oghlu, Bakı 1009, Azerbaijan",40.373886,49.8338068,994555559495,info@cityparkhotelbaku.az,,1504573772,,APPROVED,660a7210e4f5ddcab3cda201,,No,,,TIMS,,,,,,https://data.tourism.gov.az/proxy/stakeholder/getFile/20240401123631t-r0000196767,2024-04-01T08:36:32.051Z,2025-04-29T11:56:56.486Z
Cityland Hotel,Cityland Hotel,Baku,"Kamandar Ahmadov, Baku, Azerbaijan",40.386392,49.8620562,994552996510,Citylandbaku@gmail.com,,1503127271,,APPROVED,6614f312e4f5ddcab3cdb305,,No,,,TIMS,,,,,,https://data.tourism.gov.az/proxy/stakeholder/getFile/20240409114938t-r0000162996,2024-04-09T07:49:38.777Z,2025-04-29T11:56:56.486Z
Citymax Hotel,Citymax Hotel,Baku,"Islam Safarli Street, Baku, Azerbaijan",40.3733607,49.8347516,994552251012,Hotelcitymax01@gmail.com,,1008152261,,APPROVED,660a86eee4f5ddcab3cda224,,No,,,TIMS,,,,,,https://data.tourism.gov.az/proxy/stakeholder/getFile/20240401140534t-r0000199732,2024-04-01T10:05:34.737Z,2025-04-29T11:56:56.486Z
Clover Boutique Hotel,Clover Boutique Hotel,Baku,"Xaqani Küçəsi, Səbail, Bakı, Azerbaijan",40.3750177,49.8497838,994502658484,turalshabanov26@gmail.com,,1403134161,,APPROVED,65f414d5e4f5ddcab3cd8f84,,No,,,TIMS,,,,,,https://data.tourism.gov.az/proxy/stakeholder/getFile/20240315132853t-r0000182157,2024-03-15T09:28:53.649Z,2025-04-29T11:56:56.486Z
Co Pilot Hotel,Co Pilot Hotel,Baku,"İslam Səfərli, Baku, Azerbaijan",40.3775933,49.8330304,994506525373,copilothotel@gmail.com,,1102776132,,APPROVED,64c8f98014f58db1e98897a2,4,No,,,TIMS,,,,,,https://data.tourism.gov.az/proxy/stakeholder/getFile/20230515173252t-r0000143823,2023-08-01T12:24:32.494Z,2025-04-29T11:56:56.486Z
Colour,Colour,Baku,Badamdar Massiv 1 Döngə 4 10,85,6,+994506275757,penpero@mail.ru,,1308288702,,APPROVED,6981ef3f5a739acd753cebf2,,No,,,TIMS,,,,,,https://data.tourism.gov.az/proxy/stakeholder/getFile/20260204143443t-r0000157723,2026-02-03T12:51:11.198Z,2026-02-04T12:11:24.953Z
Consul hotel,Consul hotel,Baku,"Həsən Əliyev Küçəsi, Baku, Azerbaijan",40.4006917,49.8416733,994502521282,office@consulhotel.az,https://www.consulhotel.az,1800340301,3,APPROVED,65f2c89f28b53d1e386fbe89,,No,,,TIMS + azeritour.az,https://azeritour.az/consul_hotel_baku,"Consul Hotel — отель, который начал свою деятельность с 2006 года, и имеет статус трехзвездочного отеля в Баку. Расположение такое, что до центра Баку рукой подать. Рядом функционирует станция метро « Гянджлик «, на далеко расположен республиканский стадион имени «Тофика Бахрамова», также от других достопримечательностей города Баку.",,,,https://data.tourism.gov.az/proxy/stakeholder/getFile/20240314135126t-r0000199642,2024-03-14T09:51:27.270Z,2025-04-29T11:56:56.486Z
Courtyard by Marriott,Courtyard by Marriott,Baku,"Courtyard by Marriott Baku, Nasimi District, Alimardan Topchubashov, Baku, Azerbaijan",40.37645560000001,49.8345925,994123774040,eldar.alimuradov@absheronhotelgroup.com,https://www.marriott.com/en-us/hotels/gydcy,1405286891,,APPROVED,645c766f6506cef40b9dcf1c,,No,,,TIMS,,,,,,https://data.tourism.gov.az/proxy/stakeholder/getFile/20230511090031t-r0000177894,2023-05-11T05:00:31.295Z,2025-04-29T11:56:56.486Z
CİNEMA PLAZA HOTEL,CİNEMA PLAZA HOTEL,Baku,"Bakı, Azerbaijan",40.40926169999999,49.8670924,994702987818,RUSTAMOVA367@GMAIL.COM,,1502370792,,APPROVED,65f8324ae4f5ddcab3cd94b1,,No,,Şəhər Hoteli,TIMS,,,,,,https://data.tourism.gov.az/proxy/stakeholder/getFile/20240318162338t-r0000199123,2024-03-18T12:23:38.981Z,2025-04-29T11:56:56.486Z
DA VİNCİ HOTEL,DA VİNCİ HOTEL,Baku,"Veli Memmedov, Baku, Azerbaijan",40.3644535,49.8356291,994123103550,info@davincihotel.az,https://davincihotel.az/,6701092822,,APPROVED,6460e1669bff11407fb6927f,,No,,Butik Hotel,TIMS,,,1C,website_scan,1C,https://data.tourism.gov.az/proxy/stakeholder/getFile/20230514172558t-r0000137684,2023-05-14T13:25:58.631Z,2025-04-29T11:56:56.486Z
DAYS HOTEL BAKU,DAYS HOTEL BAKU,Baku,"28k Babək Prospekti, Baku, Azerbaijan",40.3901822,49.8910615,994123102720,namiq.aliyevcityhotels@gmail.com,https://bakudayshotel.com/,1402105982,,APPROVED,65f45ae7e4f5ddcab3cd911d,,No,,,TIMS + azeritour.az,https://azeritour.az/days_hotel_baku,"Days Hotel Baku — это отель для тех, кто хочет получить комфорт и отличный сервис находясь в Баку . Данный современный отель приглашает как путешественников так и бизнес людей, тут созданы идеальные условия. К вашим услугам комфортабельные номера, которые оснащены всеми необходимым оборудованием. Дружелюбный персонал, которые гарантируют вам идеальный сервис. Отель расположен недалеко от центра города, что делает его уникальным. До развлекательных центров, достопримечательностей и бизнес-центров рукой подать. Каждое утро вас ждет бесплатный завтрак, а повара ресторана «Рузи», приготовят для вас удивительные блюда международной кухни.",1C,website_scan,1C,https://data.tourism.gov.az/proxy/stakeholder/getFile/20240315182751t-r0000191018,2024-03-15T14:27:51.324Z,2025-04-29T11:56:56.486Z
DIPLOMAT HOTEL,DIPLOMAT HOTEL,Baku,"Bakı, Azerbaijan",40.40926169999999,49.8670924,994125961127,diplomathotelbaku@gmail.com,,1304579721,,APPROVED,65e86851e4f5ddcab3cd80ec,,No,,,TIMS + azeritour.az,https://azeritour.az/diplomat_hotel_baku,"Diplomat Hotel Baku — отель, который предоставляет качественные услуги, комфортабельный номера и расположен в центре города Баку . Данный отель имеет девятиэтажное здание, которое находится в близости от Дворца им. Гейдара Алиева, улицы Торговая, Бакинского бульвара, Старого города (Ичери Шехер). В любое время вы можете пройтись по городу пешком и знакомясь с достопримечательностями города. В ночное время вы можете спокойно прогуливться по Бакинскому бульвару и вдыхать аромат Каспия.",,,,https://data.tourism.gov.az/proxy/stakeholder/getFile/20240306165753t-r0000190152,2024-03-06T12:57:53.330Z,2025-04-29T11:56:56.486Z
Damla Hotel Baku,Damla Hotel Baku,Baku,"2949 Ramiz Quliyev, Baku, Azerbaijan",40.3707352,49.9389944,994503736736,damla_hotel@mail.ru,,2001151702,4,APPROVED,65e5959ae4f5ddcab3cd7ed6,,No,,Şəhər Hoteli,TIMS + azeritour.az,https://azeritour.az/duyma_hotel,"Duyma Hotel — это четырехзвездочный отель расположен в Габалинском районе . Точнее в селе Вандам, который окружен красивыми горами Кавказа. Это не просто отель, а спортивно-оздоровительный комплекс, который расположен на 1100 метров над уровнем моря. Общая площадь охватывает 5 гектаров, окружен зеленью и растительностью.",,,,https://data.tourism.gov.az/proxy/stakeholder/getFile/20240304133418t-r0000170013,2024-03-04T09:34:19.006Z,2025-04-29T11:56:56.486Z
Deluxe City Hotel,Deluxe City Hotel,Baku,"5a Rixard Zorge str, Baku, Azerbaijan",40.3755643,49.8563993,994554040049,deluxecityhotel@gmail.com,https://deluxecityhotel.az/,3102506941,,APPROVED,65ddda8fe4f5ddcab3cd78d7,,No,,,TIMS + azeritour.az,https://azeritour.az/deluxe_hotel_spa,"Deluxe Hotel — отель, который расположен рядом со станции метро Н. Нариманова. Имя говорит за себя, это комфортабельные и просторные номера со всеми услугами. Расстояние до международно аэропорта всего 27 км. Отель на данный момент отвечает всем европейским стандартам качества и сервиса. Deluxe Hotel имеет в арсенале 36 номеров, из которых: Deluxe Hotel 9 suit room 18 juniur suit room 9 standart room Гостям будет представлено в номерах международная телефонная связь, кабельное телевидение, LCD телевизор, кондиционер, сейф, джакузи, 24 часа обслуживания в номере, Wi-Fi, фен, пожарная система, химчистка, прачечная, утюг и гладильная.",1C,website_scan,1C,https://data.tourism.gov.az/proxy/stakeholder/getFile/20240227165023t-r0000144287,2024-02-27T12:50:23.939Z,2025-04-29T11:56:56.486Z
Deniz Inn Hotel,Deniz Inn Hotel,Baku,"Deniz Inn Boutique Hotel, Mirzə Şəfi Vazeh, Baku, Azerbaijan",40.3658568,49.8360262,994505246968,afsarakha@gmail.com,,1802836982,,APPROVED,660ce40fe4f5ddcab3cda588,,No,,,TIMS,,,,,,https://data.tourism.gov.az/proxy/stakeholder/getFile/20240403090726t-r0000158618,2024-04-03T05:07:27.090Z,2025-04-29T11:56:56.486Z
Dinamo Hotel,Dinamo Hotel,Baku,"32 Zarifa Aliyeva Street, Baku, Azerbaijan",40.3721637,49.8484035,994103772000,info@dinamohotelbaku.com,https://dinamohotelbaku.com/,1406580671,,APPROVED,661fbafae4f5ddcab3cdbc42,,No,,Şəhər Hoteli,TIMS,,,1C,website_scan,1C,https://data.tourism.gov.az/proxy/stakeholder/getFile/20240417160514t-r0000158295,2024-04-17T12:05:14.218Z,2025-04-29T11:56:56.486Z
Dondar Otel,Dondar Otel,Baku,"Baku, Azerbaijan",40.40926169999999,49.8670924,994513209191,dondarhotel@gmail.com,,1406133202,,APPROVED,65def15ce4f5ddcab3cd7a45,,No,,,TIMS,,,,,,https://data.tourism.gov.az/proxy/stakeholder/getFile/20240228123956t-r0000126404,2024-02-28T08:39:56.697Z,2025-04-29T11:56:56.486Z
Dreamland Golf Hotel,Dreamland Golf Hotel,Baku,Azerbaijan,40.143105,47.576927,994124041188,info@dreamlandgolfhotel.az,https://www.dreamlandgolfhotel.com,2900925511,,APPROVED,65bce328e7af87e5775bb7bf,,No,,,TIMS,,,1C,website_scan,1C,https://data.tourism.gov.az/proxy/stakeholder/getFile/20230515112334t-r0000149884,2024-02-02T12:42:16.654Z,2025-04-29T11:56:56.486Z
Du-Port,Du-Port,Baku,"Yusif Mammadaliyev Street, Baku, Azerbaijan",40.3703127,49.8397381,994775983358,hotel@duport.az,https://duport.az/az/contacts/,1007297592,,APPROVED,65b9f1f5e7af87e5775aa790,,No,,,TIMS + azeritour.az,https://azeritour.az/hotel_du_port,"Du Port Hotel идеально подойдет, если вы турист, и прибыли в Баку с целью осмотреть исторические достопримечательности. Данный отель находится в самом центре Баку, а это означает, что основные достопримечательности города совсем рядом. Также будет легко добираться до делового и торговых центров города. Это комфортный отель с высоким качеством сервиса. Рядом расположены «Площадь Фонтанов», « Девичья Башня «, «Старый город», « Дворец Ширваншахов » и другие достопримечательности города.",,,,https://data.tourism.gov.az/proxy/stakeholder/getFile/20230515160415t-r0000118594,2024-01-31T07:08:37.867Z,2025-04-29T11:56:56.486Z
EGOİST HOTEL,EGOİST HOTEL,Baku,"Baku, Azerbaijan",40.40926169999999,49.8670924,994513337575,ayxanagayev1989@gmail.com,,2907365132,,APPROVED,65df329ee4f5ddcab3cd7bff,,No,,Şəhər Hoteli,TIMS + azeritour.az,https://azeritour.az/egoist_hotel_baku/,"Egoist Hotel Baku — отель, расположен в Баку , и оказывает качественные услуги своим гостям. Отель находится в таком месте города, что туристу и бизнесмену будет комфортно. Если туристу будет легко добираться до достопримечательностей Баку , то бизнесмену до делового и торгового центра. В гостинице вы почувствуете уют, комфорт и тишину, все эти факторы позволят вам отдохнуть после тяжелого дня. Бутик-отель приглашает вас в свой просторный ресторан , в котором шеф-повар удивит и накормит блюдами национальной и европейской кухни.",,,,https://data.tourism.gov.az/proxy/stakeholder/getFile/20240228171822t-r0000134849,2024-02-28T13:18:22.285Z,2025-04-29T11:56:56.486Z
EKM,EKM,Baku,"42 Zahid Xəlilov, Bakı, Azerbaijan",40.37741949999999,49.8116326,994552557778,Kamraneyvazov194@gmail.com,,8100141152,,APPROVED,660bc5da646cbbbc85999123,,No,,,TIMS,,,,,,https://data.tourism.gov.az/proxy/stakeholder/getFile/20240311140855t-r0000160833,2024-04-02T08:46:18.946Z,2025-04-29T11:56:56.486Z
EL ROYAL HOTEL,EL ROYAL HOTEL,Baku,"Baku, Azerbaijan",40.40926169999999,49.8670924,994997849679,ayxanagayev1989@gmail.com,,6300306232,,APPROVED,65e5c1e3e4f5ddcab3cd7f23,,No,,,TIMS,,,,,,https://data.tourism.gov.az/proxy/stakeholder/getFile/20240304164315t-r0000134619,2024-03-04T12:43:15.509Z,2025-04-29T11:56:56.486Z
ELEON HOTEL,ELEON HOTEL,Baku,"Eleon Hotel, Əcəmi otel, Ali Mustafayev, Baku, Azerbaijan",40.4072508,49.8183249,994505378888,eleonhotel92@gmail.com,https://www.hotels.ru/rus/hotels/azerbaijan/baku,1202542001,,APPROVED,64662c9c9bff11407fb6ab98,,No,,,TIMS,,,,,,https://data.tourism.gov.az/proxy/stakeholder/getFile/20230518174811t-r0000163783,2023-05-18T13:48:12.051Z,2025-04-29T11:56:56.486Z
ELEVEN HOTEL BAKU,ELEVEN HOTEL BAKU,Baku,"11 İslam Səfərli, Baku, Azerbaijan",40.3718043,49.8352045,994775960959,elevenhotelbaku579@gmail.com,http://www.elevenhotelbaku.com,1100065882,,APPROVED,660d53e0e4f5ddcab3cda77b,,No,,Şəhər Hoteli,TIMS,,,1C,website_scan,1C,https://data.tourism.gov.az/proxy/stakeholder/getFile/20240403170432t-r0000159511,2024-04-03T13:04:32.895Z,2025-04-29T11:56:56.486Z
EMBLEM HOTEL,EMBLEM HOTEL,Baku,"Baku, Azerbaijan",40.40926169999999,49.8670924,994519927575,ayxanagayev1989@gmail.com,,2005395542,,APPROVED,65df26ebe4f5ddcab3cd7b67,,No,,Şəhər Hoteli,TIMS,,,,,,https://data.tourism.gov.az/proxy/stakeholder/getFile/20240228162827t-r0000198794,2024-02-28T12:28:27.189Z,2025-04-29T11:56:56.486Z
EMERALD HOTEL,EMERALD HOTEL,Baku,"Mehdi Abbasov, Nizami, Bakı, Azerbaijan",40.4145828,49.9260063,994773844444,rz_82@mail.ru,,2003123282,,APPROVED,66056b10646cbbbc85967b75,,No,,,TIMS + azeritour.az,https://azeritour.az/emerald_hotel_baku,"Hotel Emerald — Если вы желаете остановиться в гостинице которая расположена не далеко от международного аэропорта Баку , то будет в самый раз. Отель находится в 10 минутах езды от аэропорта, и столько же времени потребуется что бы добраться до делового центра Баку. Гостиница открывает свои взоры на новый, грандиозный Олимпийский стадион. На этой арене прошло открытие Летних Европейских игр 2015. Отель оснащен всем необходимым для комфортного пребывания как для деловых встреч так и отдыха. Hotel Emerald предложит вам разнообразные номера со всеми услугами, и оформленный в современном стиле. Вас ждет плавательный бассейн, фитнесс-центр, ресторан и отличный сервис. Номера отеля Hotel Emerald делятся на разные категории, и имеют площадь комнат от 25 до 45 кв.метров. У вас будет выбор среди таких номеров как: Executive Lux, Junoir Suite, Superior Room, Standart twin Room, Standart Single Room. В комнатах есть: Wi-Fi, цифровое телевидение с плоским экраном, личный сейф, мини-бар, городской телефон, чай и кофе (бесплатно), гладильная доска и утюг. Услуги Hotel Emerald Крытая парковка Интернет / Wi-fi Континентальный завтрак Закрытый бассейн Фитнесс центр Факс/Ксерокопирование Обслуживани",,,,https://data.tourism.gov.az/proxy/stakeholder/getFile/20240319164233t-r0000132585,2024-03-28T13:05:20.168Z,2025-04-29T11:56:56.486Z
EMPIRE HOTEL,EMPIRE HOTEL,Baku,"Khagani, Baku, Azerbaijan",40.4388508,49.8122552,994556555007,empirehotel2022@mail.ru,,6001885472,3,APPROVED,6461e0b69bff11407fb693cd,,No,,Şəhər Hoteli,TIMS + azeritour.az,https://azeritour.az/empire_hotel_baku,"The Empire Hotel — это современный трехзвездочный отель расположенный в самом центре Баку . От отеля до бакинского бульвара рукой подать, по вечерам дойти до бульвара нужно потратить несколько минут, и вы окажитесь на побережье Каспия. Также в любое время суток вы сможете посетить другие исторические памятники Баку, такие как Девичья Башня , Дворец Ширваншахов , Старый город (Ичери Шехер). Отель предлагает услуги встречи в аэропорту, и обязуется безопасно доставить до гостиницы. Также на территории имеется рестораны , кафе и бар.",,,,https://data.tourism.gov.az/proxy/stakeholder/getFile/20230515113518t-r0000196130,2023-05-15T07:35:18.865Z,2025-04-29T11:56:56.486Z
ESSAM DELUXE,ESSAM DELUXE,Baku,"Ehmed Recebli, Baku, Azerbaijan",40.4046587,49.8621874,994999442444,essamdeluxe@gmail.com,https://www.essamdeluxe.com/,1506182311,,APPROVED,65b79098ac6a950c2ed20e1f,,No,,Şəhər Hoteli,TIMS,,,1C,website_scan,1C,https://data.tourism.gov.az/proxy/stakeholder/getFile/20240129154840t-r0000118741,2024-01-29T11:48:40.622Z,2025-04-29T11:56:56.486Z
ETRO HOTEL,ETRO HOTEL,Baku,"40.4090916,49.8610662",40.409064,49.8608313,994508003909,esrefliilqam@gmail.com,,7200425542,,APPROVED,6467272be1dabc1a3a62b546,,No,,,TIMS,,,,,,https://data.tourism.gov.az/proxy/stakeholder/getFile/20230519113715t-r0000197767,2023-05-19T07:37:15.999Z,2025-04-29T11:56:56.486Z
East Legend Hotel,East Legend Hotel,Baku,"38 Xanlar küçəsi, Baku, Azerbaijan",40.3479164,49.8347343,994124916717,office@eastlegend.az,https://eastlegend.az/,1700728282,,APPROVED,64b78cd8c29cd31ed9781f94,,No,,Butik Hotel,TIMS + azeritour.az + azeritour.az,https://azeritour.az/east_legend_panorama_hotel/,"Dashtvend Hotel — это отель, который расположен в регионе Масаллы . А если быть точнее, то в поселке Арчива. К нему можно добраться если проезжать по автомагистральной дороге Масаллы-Яардымлы. Это не только курортный отель, но и туристический центр. Тут по-настоящему царит атмосфера туристического рая, которая находится недалеко от высоких Талышских гор. В отель Dashtvend Hotel приезжают отдыхать туристы из разных стран Европы и Америки. Также данная зона отдыха является одним из популярных среди граждан Азербайджана. Прекрасная природа и отличный сервис оставляют хорошее впечатления от отдыха в Масаллы. Территория комплекса Dashtvend Hotel составляет 7 гектаров, и на нем создано два замечательных искусственных озера. Рядом с озером есть все условия для отличного времяпровождения. В озерах можно увидеть редких птиц и рыб. По-мимо этого, можно арендовать лодку и проплыть по озеру, провести время за ловлей рыб. Номера отеля Dashtvend Hotel Отель в Масаллы предлагает вам 30 номеров, дизайн которых сделан в европейском стиле. Также, вы можете остановиться в одном из пяти двухэтажных коттеджей. Коттеджи удобные и просторные, что позволяет вселиться всей семьей либо группой. Первый этаж ",1C,website_scan,1C,https://data.tourism.gov.az/proxy/stakeholder/getFile/20230719111224t-r0000103783,2023-07-19T07:12:24.046Z,2025-04-29T11:56:56.486Z
Excelsior Hotel & Spa Baku,Excelsior Hotel & Spa Baku,Baku,"2 Heydər Əliyev prospekti, Baku, Azerbaijan",40.3918735,49.8686904,994124968000,Elvin.Rahimov@pmdhospitality.az,https://excelsior.az/en,1702551481,,APPROVED,6348fd94bb919d252b030996,,No,,Şəhər Hoteli,TIMS + azeritour.az,https://azeritour.az/ehkselsior_otel_baku,"Excelsior Hotel & SPA Baku — прекрассный отель, который находится в столице Азербайджана , в городе Баку. Отель расположен в 20 км от аэропорта имени Гейдара Алиева, в свою очередь Excelsior Baku возведен в центре города. Это означает что вам не придется тратить время чтобы добраться до торговых и деловых центров. Отель построен в классическом виде с изюминками роскоши. По истине вас ждет королевский прием 24 часа в сутки. Дизайн номеров напоминает королевскую резиденцию, каждая деталь проработана до мелочей. Роскошная мебель, комфорт, удобства не оставит ни кого равнодушным. Такого внимания к мелочам вы не встретите ни в одной гостинице мира. Администрация гостиницы делает все для удобного проживания постояльца. Во всех номерах оборудован климат контроль, огромные кровати, просторные ванны с душевыми кабинками и джакузи. Поммо этого спутниковое телевидение, что бы вам не было скучно, высокоскоростной интернет, электронный сейф, мини бар.",,,,https://data.tourism.gov.az/proxy/stakeholder/getFile/20221014101132t-r0000170729,2022-10-14T06:11:32.295Z,2025-04-29T11:56:56.486Z
FLAMINGO BAKU,FLAMINGO BAKU,Baku,"Hotel-Flamingo-Baku, Balababa Majidov Street, Baku, Azerbaijan",40.3800818,49.8260487,994125965602,hotel.flamingo18@gmail.com,,2005080471,,APPROVED,6458ff6f6506cef40b9dcb18,,No,,,TIMS,,,,,,https://data.tourism.gov.az/proxy/stakeholder/getFile/20230508175559t-r0000155193,2023-05-08T13:55:59.839Z,2025-04-29T11:56:56.486Z
FOUR SEASONS HOTEL,FOUR SEASONS HOTEL,Baku,"Neftchilar Avenue, Baku, Azerbaijan",40.3595068,49.8343602,994124042424,reservations.bku@fourseasons.com,https://www.fourseasons.com/baku/,1401428121,5,APPROVED,65d5d34b608f09acc91b5397,,No,,,TIMS + azeritour.az,https://azeritour.az/four_seasons_hotel_baku,"Four Seasons Hotel Baku — отель для тех, кто любит роскошь и отличный сервис. Пятизвездочный отель в Баку, даст вам эту возможность. В данном отеле вам предложат уровень сервиса и комфорт который присущи такому классу гостиниц. Отель расположен так что с окна вы сможете лицезреть на Каспийское море, а также на достопримечательности Баку, к примеру Дворец Ширваншахов . Что касается номеров то все они просторные, комфортные и оснащены всеми оборудованием, а современный дизайн комнат просто удивит вас. Ванные комнаты обделаны мрамором, и имеется все необходимое для ванных процедур.",1C,website_scan,1C,https://data.tourism.gov.az/proxy/stakeholder/getFile/20221013131604t-r0000136493,2024-02-21T10:41:15.363Z,2025-04-29T11:56:56.486Z
FOUR SEASONS HOTEL,FOUR SEASONS HOTEL,Baku,"Neftchilar Avenue, Baku, Azerbaijan",40.3595068,49.8343602,994124042424,reservations.bku@fourseasons.com,https://www.fourseasons.com/baku/,1401428121,,APPROVED,65d5d2b3608f09acc91b529c,5,No,,Şəhər Hoteli,TIMS,,,1C,website_scan,1C,https://data.tourism.gov.az/proxy/stakeholder/getFile/20221013131604t-r0000136493,2024-02-21T10:38:43.604Z,2025-04-29T11:56:56.486Z
Fairmont Baku Flame Towers,Fairmont Baku Flame Towers,Baku,"1 Mehdi Huseyn, Baku, Azerbaijan",40.454148,49.7382402,994125654848,baku@fairmont.com,https://www.fairmont.com/baku/,1701326141,A,APPROVED,6348fef3bb919d252b0309b1,5,No,,Şəhər Hoteli,TIMS,,,1C,website_scan,1C,https://data.tourism.gov.az/proxy/stakeholder/getFile/20221014101723t-r0000192383,2022-10-14T06:17:23.824Z,2025-04-29T11:56:56.486Z
Fly Inn Baku,Fly Inn Baku,Baku,"FLY INN BAKU, Azerbaijan",40.4605174,50.0541765,994124374949,i.gurbanov@flyinn.az,https://www.flyinn.az/,1200177041,,APPROVED,64c106c7c29cd31ed9783505,,No,,,TIMS,,,Oracle OPERA; 1C,website_scan,Oracle OPERA; 1C,https://data.tourism.gov.az/proxy/stakeholder/getFile/20230726154303t-r0000104566,2023-07-26T11:43:03.434Z,2025-04-29T11:56:56.486Z
GALLERY HOTEL BAKU,GALLERY HOTEL BAKU,Baku,"Sabit Orujov Street, Azerbaijan",40.3804241,49.8705486,994124968343,galleryhotel@rambler.ru,,6800315042,,APPROVED,6613aed81c96696a2b604d84,,No,,Şəhər Hoteli,TIMS,,,,,,https://data.tourism.gov.az/proxy/stakeholder/getFile/20240307155320t-r0000106846,2024-04-08T08:46:16.808Z,2025-04-29T11:56:56.486Z
GM City Hotel,GM City Hotel,Baku,"1/49 Əhməd Rəcəbli, Baku, Azerbaijan",40.4148478,49.8595842,994124648181,gmcityhotelbaku@gmail.com,,1500208522,,APPROVED,64b63373c29cd31ed97819aa,,No,,,TIMS,,,,,,https://data.tourism.gov.az/proxy/stakeholder/getFile/20230718103843t-r0000136706,2023-07-18T06:38:43.224Z,2025-04-29T11:56:56.486Z
GOLDEN CITY,GOLDEN CITY,Baku,"Fatali Khan Khoyski, Baku, Azerbaijan",40.4034306,49.8642139,994557420662,Goldencitybaku@yahoo.com,,1308199002,,APPROVED,65f41a0ae4f5ddcab3cd8f9a,,No,,,TIMS,,,,,,https://data.tourism.gov.az/proxy/stakeholder/getFile/20240315135106t-r0000147646,2024-03-15T09:51:06.223Z,2025-04-29T11:56:56.486Z
GOLDEN HORN APART,GOLDEN HORN APART,Baku,"36 Atatürk prospekti, Bakı, Azerbaijan",40.4101461,49.8480192,994505408855,info@goldenhornapart.az,https://goldenhornapart.az,1405755691,,APPROVED,65defb145e50885a61aa0958,,No,,,TIMS,,,,,,https://data.tourism.gov.az/proxy/stakeholder/getFile/20230714152434t-r0000113218,2024-02-28T09:21:24.697Z,2025-04-29T11:56:56.486Z
GRAND HOTEL,GRAND HOTEL,Baku,"66/67 Zərgərpalan, Bakı, Azerbaijan",40.3740277,49.8315026,994514000120,elnur.mehtiyev@bakugrandhotel.az,,1307775181,,APPROVED,64b12eafc29cd31ed978143e,,No,,,TIMS,,,,,,https://data.tourism.gov.az/proxy/stakeholder/getFile/20230714151703t-r0000199039,2023-07-14T11:17:03.941Z,2025-04-29T11:56:56.486Z
GRAND INN BAKU,GRAND INN BAKU,Baku,"4 Həsənoğlu, Baku, Azerbaijan",40.3975979,49.869707,994502742288,grandinnbaku@gmail.com,,1405265402,,APPROVED,65eedce1e4f5ddcab3cd82df,,No,,Şəhər Hoteli,TIMS,,,,,,https://data.tourism.gov.az/proxy/stakeholder/getFile/20240311142849t-r0000147693,2024-03-11T10:28:49.600Z,2025-04-29T11:56:56.486Z
GRAND MİDWAY HOTEL,GRAND MİDWAY HOTEL,Baku,"77 Nizami Street, Baku, Azerbaijan",40.37291,49.839585,994512777970,m.turhan@gmwhotel.az,https://gmwhotel.az/,1405546351,,APPROVED,667d4ef9a0a71505291ef6dd,3,No,,,TIMS,,,1C,website_scan,1C,https://data.tourism.gov.az/proxy/stakeholder/getFile/20230726204218t-r0000179272,2024-06-27T11:37:29.563Z,2025-04-29T11:56:56.486Z
GREEN HOTEL,GREEN HOTEL,Baku,"Baku, Azerbaijan",40.40926169999999,49.8670924,994702159966,ayxanagayev1989@gmail.com,,1306802852,,APPROVED,65df29fae4f5ddcab3cd7baf,,No,,Şəhər Hoteli,TIMS,,,,,,https://data.tourism.gov.az/proxy/stakeholder/getFile/20240228164130t-r0000182352,2024-02-28T12:41:30.436Z,2025-04-29T11:56:56.486Z
Golden Coast Hotel,Golden Coast Hotel,Baku,"14 Mikayil Mushfig, Baku, Azerbaijan",40.3659683,49.8210849,994124915200,fo@goldencoast.az,//http.www.goldencoast.az,1700141021,,APPROVED,65f969a0e4f5ddcab3cd99ab,,No,,,TIMS + azeritour.az + azeritour.az,https://azeritour.az/golden_coast_hotel_baku,"Old East Hotel — отель, который расположен в центральном районе города Баку. В самом центре туристического комплекса, в Старом городе. Именно удобное месторасположение привлекает иностранных туристов. Так как до делового и развлекательной части города можно пройти пешком.",,,,https://data.tourism.gov.az/proxy/stakeholder/getFile/20240319143200t-r0000100946,2024-03-19T10:32:00.843Z,2025-04-29T11:56:56.486Z
GoldenLife,GoldenLife,Baku,"Kral Hüseyn Küçesi, Baku, Azerbaijan",40.4083654,49.8437976,994516007575,hotelgoldenlife943@gmail.com,,2900507502,,APPROVED,646612479bff11407fb6aafa,,No,,,TIMS,,,,,,https://data.tourism.gov.az/proxy/stakeholder/getFile/20230518155551t-r0000163633,2023-05-18T11:55:51.655Z,2025-04-29T11:56:56.486Z
Graaf hotel,Graaf hotel,Baku,"15a Həsənoğlu, Baku, Azerbaijan",40.3980384,49.8684125,994555003650,A.Hasanov@graafhotel.om,https://www.graafhotel.com/,1403241642,,APPROVED,65df1e83e4f5ddcab3cd7b10,4,No,,,TIMS,,,,,,https://data.tourism.gov.az/proxy/stakeholder/getFile/20240228155234t-r0000191769,2024-02-28T11:52:35.630Z,2025-04-29T11:56:56.486Z
Grand Hotel Europe Baku,Grand Hotel Europe Baku,Baku,"22 Tbilisi prospekti, Bakı, Azerbaijan",40.3923814,49.8220657,994124907090,reception@grand-europe.az,,9900039271,,APPROVED,64bbb61fc29cd31ed9782c2f,,No,,Şəhər Hoteli,TIMS + azeritour.az,https://azeritour.az/grand_otel_evropa_baku,"Grand Hotel Europe относится к классу «люкс», и находится в нескольких минут от делового центра Баку. Такое расположение делает отель очень удобным. Отличный сервис и комфортный уют вам обеспечен. Гостиница предоставляет постояльцам на выбор из 96 номеров, делюкс и люкс, дизайн которых сделан со вкусом. Кроме этого вас ждет фитнес-центр, для деловых людей бизнес-центр, для развлечений ночной клуб, бар и ресторан. Номера в отеле Grand Hotel Europe Как уже говорилось выше дизайн всех номеров сделан со вкусом, они уютные и просторные. Делятся они на: Стандартные номера Люксы 2 Королевский номер с балконом Тут есть все необходимое для комфортного прибывания: Кондиционер с контролем Телефон Ванная комната Спутниковое ТВ Личный сейф Детекторы дыма Большинство из номеров имеют прекрасный вид на Каспий. Вы будете довольны обслуживанием и уютом. Также представляет услуги оздоровительного клуба Olympus, который в свою очередь предлагает вас тренажерный зал, в котором есть все современные тренажеры.",,,,https://data.tourism.gov.az/proxy/stakeholder/getFile/20230722145735t-r0000104484,2023-07-22T10:57:35.056Z,2025-04-29T11:56:56.486Z
Gəncəli Plaza Hotel,Gəncəli Plaza Hotel,Baku,"Baku, Azerbaijan",40.40926169999999,49.8670924,994124989290,info@ganjaliplaza.az,https://www.ganjaliplaza.az,2000067921,,APPROVED,6458a79e6506cef40b9dc944,,No,,Şəhər Hoteli,TIMS,,,1C,website_scan,1C,https://data.tourism.gov.az/proxy/stakeholder/getFile/20230508114114t-r0000138863,2023-05-08T07:41:18.157Z,2025-04-29T11:56:56.486Z
HARMONY HOTEL,HARMONY HOTEL,Baku,"Xəqani Rüstəmov, Baku, Azerbaijan",40.3839292,49.880029,994558000571,consulting.ab.group@gmail.com,,2007772432,,APPROVED,64c3aedbc29cd31ed9783d5a,,No,,,TIMS,,,,,,https://data.tourism.gov.az/proxy/stakeholder/getFile/20230728160442t-r0000158994,2023-07-28T12:04:43.254Z,2025-04-29T11:56:56.486Z
HAZZ HOTEL,HAZZ HOTEL,Baku,"Mirzə İbrahimov, Baku, Azerbaijan",40.3772455,49.8336677,994508002122,Hazzhotelbaku@gmail.com,,1505366072,,APPROVED,6461e4389bff11407fb69439,,No,,Şəhər Hoteli,TIMS,,,,,,https://data.tourism.gov.az/proxy/stakeholder/getFile/20230515115016t-r0000115613,2023-05-15T07:50:16.232Z,2025-04-29T11:56:56.486Z
HOME BOUTIQUE HOTEL,HOME BOUTIQUE HOTEL,Baku,"Nabat Aşurbəyova 202, Baku, Azerbaijan",40.3800774,49.8263122,994504442244,homeboutiquehotel@gmail.com,,1402980902,,APPROVED,645b86746506cef40b9dce49,,No,,Butik Hotel,TIMS + azeritour.az,https://azeritour.az/home-boutique-hotel/,"Home Boutique Hotel это новый бутик отель по адресу Мустафа Сабухи 202, который открылся в Баку. Недавно построенный отель сдан в эксплуатацию и уже принимает гостей. Номера Home Boutique Hotel Современный интерьер, дружелюбный персонал, изысканная кухня и доступные цены будут по нраву любому туристу. Дизайн, созданный в номерах, позволяет отдыхать гостям, и чувствовать себя как дома. Что касается номеров, то они однокомнатные. Площадь составляет до 25 кв.м. Номер уютный, позволяет поселиться с парой, включая ребенка. В комнатах отеля имеется удобная кровать и изысканный дизайн. Включает большой перечень услуг. К примеру сейф, телефон, интернет, ТВ и даже холодильник. Зимой номера обогреваются отоплением, а летом система кондиционирования. Также для приготовления чая, имеется необходимое оборудование. Для одежны предназначен специальный шкаф. Каждое утро, вас ждет континентальный завтрак. В ресторане есть огромный выбор различных блюд русской кухни. Для гостей функционирует бар и терраса. Местоположение позволяет прогуливаться по многим достопримечательностям Баку. До центра имени Гейдара Алиева всего 2 км. Детей можно отвести в зоопарк, который также расположен рядом. Также можно ",,,,https://data.tourism.gov.az/proxy/stakeholder/getFile/20230510155636t-r0000132837,2023-05-10T11:56:36.674Z,2025-04-29T11:56:56.486Z
HOTEL ARIVA,HOTEL ARIVA,Baku,"Hasan Salmani Street, Baku, Azerbaijan",40.3822802,49.8624647,994554900918,Konul86@hotmail.com,,1702298801,,APPROVED,64c80a8714f58db1e9887f46,4,No,,,TIMS + azeritour.az,https://azeritour.az/ariva_hotel_baku,"Ariva Hotel расположен в самом центре Баку , окна которых открываются на красивый город. Высокий уровень обслуживания, профессиональный персонал и простор порадует вас. Оснащен всеми необходимыми услугами. Комфортные номера, Спа-центр, сауна, парная, турецкая баня, бассейн, спорт-зал, разного вида массажи, из развлечений бильярд и теннис. А прекрасный ресторан порадует вас изысканными блюдами. Номерной фонд богат разнообразием. Комнаты очень яркие и комфортные: Стандартные комнаты Номера с 2, 3, и 4-я кроватями Полулюкс Люкс Для не курящих Услуги отеля Ariva Hotel Baku Кабельное ТВ Кондиционерная система (индивидуальная ) Фен для волос Мини-бар Личный электронный сейф Бесплатный интернет Пожарная система безопасности Круглосуточная услуга в номерах Телефонная сеть Химчистка и прачечная Бесплатно чай и кофе Встреча и проводы в аэропорту Также отель предлагает услуги фитнес и СПА-центра. В котором вы можете заняться спортом, насладиться массажами, попариться в сауне и в парилке, турецкая баня, окунуться в закрытый бассейн, поиграть с друзьями бильярд или теннис. Не забыли и бизнес-людей, для них есть конференц-зал со всеми необходимыми оборудованием и обученным персоналом.",,,,https://data.tourism.gov.az/proxy/stakeholder/getFile/20230731232455t-r0000166236,2023-07-31T19:24:55.470Z,2025-04-29T11:56:56.486Z
Hillside City Center Hotel,Hillside City Center Hotel,Baku,"13 Cəfərov qardaşları, Baku, Azerbaijan",40.36554599999999,49.828015,994124921606,hillsidehotelbaku@gmail.com,,1100974322,,APPROVED,65f1b227e4f5ddcab3cd8b84,,No,,Şəhər Hoteli,TIMS + azeritour.az,https://azeritour.az/chirag_plaza_otel,"Chirag Plaza Hotel & Business Center — поселившись в данном отеле, вы окажитесь в сказке. Он находится в самом центре Баку, и означает что до бизнес-центров города рукой подать. Огромный плюс отеле это его профессиональный сервис и дружелюбный персонал. Номера Chirag Plaza Hotel Очередной плюс отеля это номера. Они оснащены всеми оборудованием для того что бы вы чувствовали себя комфортно и уютно. Они разделяются на следующие классы Standard Double rooms Junior Executive suites Каждый из этих номеров оборудован плазменным телевизором и климатической установкой. Также имеется мини-бар и личный сейф. В ванной комнате есть все принадлежности, включая халат и тапочки. На ваш выбор с площадью от 34 до 75 кв. метров. Телевизор 40 дюймов Индивидуальный контроль климат Мини-бар Надежный сейф Телефон с возможностью прямого междугороднего и международного соединения Фен Ванные принадлежности Письменный стол Дизайн комнат сделан в теплых тонах, это придаст вам спокойствие и уют. Современная мебель и удобные кровати гарантирует хороший отдых. В стоимость входит завтрак.",,,,https://data.tourism.gov.az/proxy/stakeholder/getFile/20240313180319t-r0000192942,2024-03-13T14:03:19.166Z,2025-04-29T11:56:56.486Z
Hilton Baku,Hilton Baku,Baku,"1b Azadlıq prospekti, Baku, Azerbaijan",40.372888,49.8509111,994124645000,imfo@hilton.com,https://www.hilton.com/baku,1700599361,,APPROVED,65d87888608f09acc91ca6c9,,No,,,TIMS + azeritour.az,https://azeritour.az/hilton_otel_baku,"Hilton Hotel Baku отель, который расположен в центре города. И самое приятное то, что окна открываются на прекрасное Каспийское море. Как и многие отели Баку . Отель удачно расположен в Центре Баку, а так что рядом Каспий, до международного аэропорта имени Гейдара Алиева всего 30 минут езды, и в нескольких минутах ходьбы находится историческая крепость «Ичери Шехер». Выбрав в качестве поселения данный отель вы окажетесь в просторных и светлых номерах, которые оборудованы по всем стандартам. В номерах беспроводной интернет Wi-Fi, что дает вам работать у себя в комнате, а для бизнес людей есть специальные конференц залы и бизнес-центр. На 24-м этаже Hilton Hotel Baku на террасе можно пообедать, в ресторане Sky Grill, а на 25-м этаже можете выпить коктейль или охлаждающий напиток во вращающемся на 360 градусов баре. Доступен спа-центр, в котором можете провести лечебные процедуры, также есть тренажерный зал и закрытый бассейн.",,,,https://data.tourism.gov.az/proxy/stakeholder/getFile/20240223144617t-r0000116581,2024-02-23T10:50:48.989Z,2025-04-29T11:56:56.486Z
Holiday Inn,Holiday Inn,Baku,"5 Keykab Khanim Safaraliyeva, Baku, Azerbaijan",40.3756584,49.85884069999999,994125991100,info@hi-baku.com,https://www.ihg.com/holidayinn/hotels/us/en/baku,1400456451,B,APPROVED,64f1db96c29cd31ed9785afd,4,No,,Şəhər Hoteli,TIMS,,,,,,https://data.tourism.gov.az/proxy/stakeholder/getFile/20230901163950t-r0000120686,2023-09-01T12:39:50.605Z,2025-04-29T11:56:56.486Z
Home Suites Baku-Halal hotel,Home Suites Baku-Halal hotel,Baku,"Home Suites Baku-Halal Hotel, Khanlar Street, Baku, Azerbaijan",40.348572,49.8349193,994554373716,info@homesuitesbaku.com,https://homesuitesbaku.com/,5600687641,,APPROVED,65e03f9f5e50885a61aa7671,,No,,,TIMS,,,1C,website_scan,1C,https://data.tourism.gov.az/proxy/stakeholder/getFile/20230424150802t-r0000197909,2024-02-29T08:26:07.652Z,2025-04-29T11:56:56.486Z
Homebridge Hotel Apartments,Homebridge Hotel Apartments,Baku,"14 Salyan Highway, Baku, Azerbaijan",40.30441649999999,49.7777101,994515040013,info@homebridge.az,,1300410541,,APPROVED,65b379a8ac6a950c2ed20ba1,,No,,,TIMS + azeritour.az,https://azeritour.az/home_bridge_hotel_baku,"Homebridge Hotel Apartments — расположен у берегу моря, в посёлке Шихово, и поэтому от центра Баку в 10 минутах езды. Каждый посетитель будет имеет с окон превосходный вид на Каспийское море. Здание отеля имеет 5 этажей, и предоставляет широкий спектр услуг. К вашим услугам, кафе и рестораны, игровой зал, SPA центр, бассейн и многое другое.",,,,https://data.tourism.gov.az/proxy/stakeholder/getFile/20240126132144t-r0000105600,2024-01-26T09:21:44.475Z,2025-04-29T11:56:56.486Z
Hyatt Regency,Hyatt Regency,Baku,"2 İzmir küçəsi, Baku, Azerbaijan",40.38798449999999,49.8237997,+994124901234,nigar.shvechikova@hyatt.com,https://www.hyatt.com,9900067551,,APPROVED,6888d46734e6ed945fdcead2,,No,,,TIMS,,,,,,https://data.tourism.gov.az/proxy/stakeholder/getFile/20230731195723t-r0000168833,2025-07-29T14:02:15.594Z,2025-12-04T05:37:42.693Z
HİLLMOND HOTEL,HİLLMOND HOTEL,Baku,"Badamdar, Baku, Azerbaijan",40.332126,49.8039807,994519908079,bakuhillmondhotel@gmail.com,,1904919922,,APPROVED,64c75ed514f58db1e9884a1b,,No,,Şəhər Hoteli,TIMS,,,,,,https://data.tourism.gov.az/proxy/stakeholder/getFile/20230510212727t-r0000171597,2023-07-31T07:12:21.289Z,2025-04-29T11:56:56.486Z
IBIS BAKU CITY HOTEL,IBIS BAKU CITY HOTEL,Baku,"64 Xocalı prospekti, Baku, Azerbaijan",40.3828637,49.87504999999999,994124888999,ha1l0@accor.com,https://all.accor.com,1400708631,,APPROVED,674840a4e07639b4589a4941,3,No,,Şəhər Hoteli,TIMS,,,,,,https://data.tourism.gov.az/proxy/stakeholder/getFile/20230517112425t-r0000197045,2024-11-28T10:06:28.288Z,2025-04-29T11:56:56.486Z
ISTAMBUL GOLD,ISTAMBUL GOLD,Baku,"İstanbul Gold Hotel, Mirali Gashgai, Baku, Azerbaijan",40.3977916,49.841197,994552457844,Sarxan_Rasulov@mail.ru,,1405726361,,APPROVED,66053ecde4f5ddcab3cd9d0b,,No,,Şəhər Hoteli,TIMS,,,,,,https://data.tourism.gov.az/proxy/stakeholder/getFile/20240328135628t-r0000105273,2024-03-28T09:56:29.285Z,2025-04-29T11:56:56.486Z
IVY Garden Hotel,IVY Garden Hotel,Baku,"Jalil Mammadguluzadeh, Baku, Azerbaijan",40.3924633,49.8281893,994552080440,sales@ivygarden.az,,1505973001,,APPROVED,64c37e38c29cd31ed9783b23,,No,,,TIMS,,,,,,https://data.tourism.gov.az/proxy/stakeholder/getFile/20230728123712t-r0000187865,2023-07-28T08:37:12.936Z,2025-04-29T11:56:56.486Z
InterContinental Baku,InterContinental Baku,Baku,"31 Zərifə Əliyeva Küçəsi, Səbail, Bakı, Azerbaijan",40.3699435,49.8421683,994125259933,info@icbaku.com,,1501989691,A,APPROVED,6867aa77ae905d201d97b951,5,No,,Şəhər Hoteli,TIMS + azeritour.az,https://azeritour.az/dubai-international-hotel-baku/,Карта сайта,,,,https://data.tourism.gov.az/proxy/stakeholder/getFile/20221019094611t-r0000118675,2025-07-04T10:18:31.642Z,2025-10-31T06:36:30.957Z
JW MARRIOTT,JW MARRIOTT,Baku,"404 Azadliq Avenue, Baku, Azerbaijan",40.3932551,49.8412811,994124998888,movsum.mammadov@marriott.com,https://www.jwmarriottbaku.az/,1700992161,,APPROVED,64d0d8f914f58db1e9891b2f,5,No,,,TIMS,,,,,,https://data.tourism.gov.az/proxy/stakeholder/getFile/20230802153826t-r0000179290,2023-08-07T11:43:53.810Z,2025-04-29T11:56:56.486Z
Joyy Hotel,Joyy Hotel,Baku,"Baku, Azerbaijan, Rustam Rustamov 54q",40.4050832,49.9327001,994503694444,info@joyyhotel.com,https://joyyhotel.com,1805060912,,APPROVED,645a56a76506cef40b9dcb75,4,No,,,TIMS + azeritour.az,https://azeritour.az/joy_hotel_spa,"Joyy Hotel & Spa — отель, находится на расстоянии 8 км от центра Баку, на Низаминском районе, рядом с парком имени Гейдар Алиева. От гостиницы , которая открылась в 2016 году международного аэропорта 18 км. Предлагает все возможные услуги, такие как SPA-центр, ресторан, фитнес клуб и прекрасные номера. Гостеприимство на высоком уровне, которая присущи Азербайджану. Номера отеля Joyy Hotel & Spa Номера отеля имеют прекрасный дизайн, наивысший комфорт и большой перечень услуг. Все они делятся на несколько категорий. В общей сложности в отеле Joy Hotel & Spa 32 номера. Все номера оснащены кондиционерами, личным сейфом, спутниковым телевидением, LCD телевизором, бесплатный доступ интернету (Wi-Fi), прямую телефонную связь, противопожарная защита, отдельные душевые комнаты, ванные комнаты, сушилка и многое другое. 22 — Single Standard rooms — стандартный для одного человека (24 m²) 7 — Double Standard room — стандартный на два человека (24 m²) 3 — Suites Room — столовая+спальная (55 m²) Услуги отеля Имеется обслуживание номеров 24 часа. Обязательно посетите SPA-центр отеля Joy Hotel & Spa , котором доступна: турецкая баня, русская баня, крытый бассейн, фитнес-зал, джакузи. Не забудьте п",Oracle OPERA; 1C,website_scan,Oracle OPERA; 1C,https://data.tourism.gov.az/proxy/stakeholder/getFile/20230509182023t-r0000187340,2023-05-09T14:20:23.227Z,2025-04-29T11:56:56.486Z
KAPRİS OTEL,KAPRİS OTEL,Baku,"Baku, Azerbaijan",40.40926169999999,49.8670924,994508387575,ayxan.vn@mail.ru,,1405054612,,APPROVED,661fea7be4f5ddcab3cdbdd9,,No,,,TIMS,,,,,,https://data.tourism.gov.az/proxy/stakeholder/getFile/20240417192755t-r0000123203,2024-04-17T15:27:55.624Z,2025-04-29T11:56:56.486Z
KHAGANİ HOTEL,KHAGANİ HOTEL,Baku,"Xaqani Ticarət Mərkəzi, Khagani Street, Baku, Azerbaijan",40.3720959,49.8395788,994517699408,khaghanicenterhotel@gmail.com,,1304931802,,APPROVED,651fc61ac29cd31ed97868a1,1,No,,,TIMS,,,,,,https://data.tourism.gov.az/proxy/stakeholder/getFile/20231006123225t-r0000190953,2023-10-06T08:32:26.837Z,2025-04-29T11:56:56.486Z
KHAZAR GOLDEN BEACH,KHAZAR GOLDEN BEACH,Baku,"Bakı şəhəri, Mardakan, Azerbaijan",40.4432207,50.1137216,994502225511,behbudibra@gmail.com,,2005360242,,APPROVED,64c39edbc29cd31ed9783c6e,,No,,,TIMS + azeritour.az,https://azeritour.az/khazar_golden_beach_hotel,"Khazar Golden Beach Hotel — если вы решили посетить Баку и поселится у моря, то отель предоставит вам такую возможность. Данный отель расположен в поселке Мардаканы, и совсем близко Каспийское море. Комфортно тут будет как туристу так и для бизнес людей. Обученный персонал гостиницы отличается приветливостью, а само заведение высоким качеством услуг и отличной панорамой на море. Вы можете остановиться в одном из 12 люксовых номеров, каждая из которых имеет гостевую комнату и джакузи. Отель предлагает услуги фитнесс центра, есть сауна и большой бассейн. В общей сложности 49 номеров, оборудованы телефонной линией, мини-бар, фен, кабельное ТВ и многое другое.",,,,https://data.tourism.gov.az/proxy/stakeholder/getFile/20230728145627t-r0000107238,2023-07-28T10:56:27.425Z,2025-04-29T11:56:56.486Z
KILIM HOTEL,KILIM HOTEL,Baku,"Baku, Azerbaijan",40.40926169999999,49.8670924,994125042566,elchin.huseyn@yahoo.com,,1406776201,,APPROVED,66bdc2b4920d986c24775a3a,,No,,,TIMS,,,,,,https://data.tourism.gov.az/proxy/stakeholder/getFile/20240815125620t-r0000141498,2024-08-15T08:56:20.886Z,2026-01-07T19:16:45.463Z
KILIM OTEL,KILIM OTEL,Baku,"21/25 Sabir Street, Baku, Azerbaijan",40.3681752,49.8355223,+994103689622,elchin.huseyn@yahoo.com,,1407312072,,APPROVED,69a6a4b00954c909d51081f7,,No,,,TIMS,,,,,,https://data.tourism.gov.az/proxy/stakeholder/getFile/20260303130656t-r0000136519,2026-03-03T09:06:56.225Z,2026-03-12T12:37:56.504Z
Karat İnn Boutique,Karat İnn Boutique,Baku,"175 Süleyman Rəhimov küç., Baku, Azerbaijan",40.3798436,49.8448717,994517003818,karatinnboutiquehotel@gmail.com,https://karatinnhotel.az/,1308036912,5,APPROVED,660fec951c96696a2b5f8395,,No,,,TIMS + azeritour.az + azeritour.az + azeritour.az,https://azeritour.az/sultan_inn_butik_otel,Карта сайта,TravelLine; 1C,website_scan,TravelLine; 1C,https://data.tourism.gov.az/proxy/stakeholder/getFile/20240405121603t-r0000120096,2024-04-05T12:20:37.775Z,2025-04-29T11:56:56.486Z
Kichik Gala Hotel,,Baku,"| azeritour × Обратная связь Пляжи Хостелы Туристический сайт Азербайджана, новости туризма Меню сайта Главная Новости В",,,,,http://gmpg.org/xfn/11,,,,,,,,,azeritour.az,https://azeritour.az/kichik_gala_hotel,"Kichik Gala Hotel — это бутик-отель, который расположен в старой части города Баку — Ичери Шехер. Имеет незабываемый и прекрасный вид на Каспийское море. Это прекрасный отель, который соответствует всем международным стандартам. Гостиница бизнес класса расположен всего в 20 минутах езды от международного аэропорта имени «Гейдара Алиева». Также в нескольких шагах расположены важные деловые центры города. Это изысканный и элегантный отель находится в нескольких минутах ходьбы бакинского бульвара, от филармонии. Совсем рядом находится Девичья Башня и другие достопримечательности Баку. Номера Kichik Gala Hotel Номера очень комфортные и царит очаровательная атмосфера. Это уникальное заведения, в котором можно сочетать бизнес и отдых. Отель в «Старом Городе» предлагает 13 комфортабельных номеров с расслабляющими спальнями комнатами и с отличным панорамным видом. Гостиница предлагает комфортных 10 номеров люкс, 3 номера класса люк. В номерах индивидуальный контроль температуры, мини-бар, телефонная линия. Помимо этого, высокоскоростной беспроводной доступ в Интернет, международной связи и спутниковое ТВ каналами.",,,,,,
Kristal Hotel,Kristal Hotel,Baku,"Rəşid İsmayılov, Baku, Azerbaijan",40.4204577,49.8008583,994124062414,gm@kristalhotel.az,,1006817661,,APPROVED,6461dac49bff11407fb69360,,No,,,TIMS,,,,,,https://data.tourism.gov.az/proxy/stakeholder/getFile/20230515110956t-r0000191155,2023-05-15T07:09:56.266Z,2025-04-29T11:56:56.486Z
Kristal inn Hotel,Kristal inn Hotel,Baku,"Feyzulla Qasımzadə, Baku, Azerbaijan",40.3959837,49.8385519,994506004650,gm@kristalinnhotel.az,https://www.kristalinnhotel.az/,1405584291,,APPROVED,6461d8ac9bff11407fb6934d,,No,,,TIMS,,,1C,website_scan,1C,https://data.tourism.gov.az/proxy/stakeholder/getFile/20230515110100t-r0000183134,2023-05-15T07:01:00.408Z,2025-04-29T11:56:56.486Z
LA CASA NİZAMİ,LA CASA NİZAMİ,Baku,"Səbail, Baku, Azerbaijan",40.3335274,49.8250442,994507901414,consulting.ab.group@gmail.com,,2007684472,,APPROVED,64c3ab12c29cd31ed9783d2f,,No,,Qonaq evi,TIMS,,,,,,https://data.tourism.gov.az/proxy/stakeholder/getFile/20230728154833t-r0000134310,2023-07-28T11:48:34.016Z,2025-04-29T11:56:56.486Z
LA CORNE hotel,LA CORNE hotel,Baku,"Nərimanov, Baku, Azerbaijan",40.4091235,49.8647652,994554780444,ziya.aliyev@lacornehotel.com,,2906693542,,APPROVED,645e11a12356a677c8b6b0a0,,No,,,TIMS,,,,,,https://data.tourism.gov.az/proxy/stakeholder/getFile/20230510194227t-r0000149968,2023-05-12T10:14:57.653Z,2025-04-29T11:56:56.486Z
LAKE HOTEL,LAKE HOTEL,Baku,"Lake Hotel, Baku, Azerbaijan",40.4659889,49.79703319999999,994995772121,lake.hotel@mail.ru,,1007382642,,APPROVED,65f19cf528b53d1e386f5f02,,No,,Şəhər Hoteli,TIMS,,,,,,https://data.tourism.gov.az/proxy/stakeholder/getFile/20240313163253t-r0000110807,2024-03-13T12:32:53.449Z,2025-04-29T11:56:56.486Z
LARA HOTEL,LARA HOTEL,Baku,"1 Əhməd Rəcəbli, Nərimanov, Baku, Azerbaijan",40.4096019,49.862402,994705002464,rz_82@mail.ru,,1905443062,,APPROVED,657ff9c784147ef39f3c0cb0,,No,,,TIMS,,,,,,https://data.tourism.gov.az/proxy/stakeholder/getFile/20231218115031t-r0000115324,2023-12-18T07:50:31.061Z,2025-04-29T11:56:56.486Z
London Hotel,London Hotel,Baku,"21/26 Rasul Rza, Bakı, Azerbaijan",40.3725301,49.8387527,994557200707,sk7group@gmail.com,,1703612312,,APPROVED,661d238ce4f5ddcab3cdb5d0,,No,,Qonaq evi,TIMS,,,,,,https://data.tourism.gov.az/proxy/stakeholder/getFile/20240415165434t-r0000185850,2024-04-15T12:54:36.342Z,2025-04-29T11:56:56.486Z
MADISON,MADISON,Baku,"116c Azadliq Avenue, Baku, Azerbaijan",40.4016482,49.8379638,994506686633,info@madisonbaku.com,https://madisonbaku.com/az/,2905876812,,APPROVED,645de3ed2356a677c8b6a18c,,No,,Şəhər Hoteli,TIMS,,,,,,https://data.tourism.gov.az/proxy/stakeholder/getFile/20230511122347t-r0000193420,2023-05-12T06:59:57.770Z,2025-04-29T11:56:56.486Z
MARDAKAN VILLAGE,MARDAKAN VILLAGE,Baku,"Bakı şəhəri, Mərdəkan, Azerbaijan",40.4432207,50.1137216,994512337392,taxes@tmtxidmetleri.az,,1203326361,,APPROVED,64f9c45ec29cd31ed9785bf7,,No,,,TIMS,,,,,,https://data.tourism.gov.az/proxy/stakeholder/getFile/20230907163854t-r0000147114,2023-09-07T12:38:54.731Z,2025-04-29T11:56:56.486Z
MODERN HOTEL,MODERN HOTEL,Baku,"Modern Hotel - Baku, Mirali Gashgai, Baku, Azerbaijan",40.4026593,49.8393117,994502458844,Sarxan_Rasulov@mail.ru,,1405726361,4,APPROVED,661d29cae4f5ddcab3cdb66a,,No,,Şəhər Hoteli,TIMS + azeritour.az,https://azeritour.az/modern_hotel_baku,"Modern Hotel Baku — это четырехзвездочный отель который идеально подойдет как бизнесменам, так и туристов посещающих Баку. Прекрасное расположение отеля делает его удобным для всех гостей. Отель расположен на улице Мирали Гашгай, это центр Баку, что позволяет гостям комфортно добраться до международного аэропорта, до основных торговых и коммерческих центров города. Также туристам будет легко добирать до основных достопримечательностей Баку . Гостиница может похвастаться своими обставленными и комфортабельными номерами.",,,,https://data.tourism.gov.az/proxy/stakeholder/getFile/20240415172113t-r0000159603,2024-04-15T13:21:14.400Z,2025-04-29T11:56:56.486Z
MOLOKAN İNN HOTEL,MOLOKAN İNN HOTEL,Baku,"Molokan Inn Hotel, Baku, Azerbaijan",40.3716878,49.8410463,994124045123,info@molokaninn.az,https://molokaninn.az,1701096391,,APPROVED,64f075cdc29cd31ed9785ad9,,No,,Şəhər Hoteli,TIMS,,,1C,website_scan,1C,https://data.tourism.gov.az/proxy/stakeholder/getFile/20230831151317t-r0000120919,2023-08-31T11:13:17.670Z,2025-04-29T11:56:56.486Z
MY LİFE HOTEL,MY LİFE HOTEL,Baku,"Baku, Azerbaijan",40.40926169999999,49.8670924,994553757580,ayxanagayev1989@gmail.com,,0201276442,,APPROVED,65df0b06e4f5ddcab3cd7aa4,,No,,,TIMS,,,,,,https://data.tourism.gov.az/proxy/stakeholder/getFile/20240228142926t-r0000148586,2024-02-28T10:29:26.687Z,2025-04-29T11:56:56.486Z
Maajid Hotel,Maajid Hotel,Baku,"Maajid Hotel & Restaurant, Baku, Azerbaijan",40.3656386,49.8328125,994124922101,info@maajidhotel.az,http://www.maajidhotel.az,2005246272,,APPROVED,645d33529bff11407fb68d7b,,No,,Butik Hotel,TIMS,,,,,,https://data.tourism.gov.az/proxy/stakeholder/getFile/20230511222626t-r0000176395,2023-05-11T18:26:26.896Z,2025-04-29T11:56:56.486Z
Maestro Hotel Baku,Maestro Hotel Baku,Baku,"Bakı Avropa Liseyi, Leopold və Mstislav Rostropoviçlər, Bakı, Azərbaycan",40.3698114,49.8276783,994559180012,salesmaestrohotel@gmail.com,https://maestrohotel.az/,1405883731,,APPROVED,65e8529ce4f5ddcab3cd809a,,No,,,TIMS,,,,,,https://data.tourism.gov.az/proxy/stakeholder/getFile/20240306152516t-r0000154158,2024-03-06T11:25:16.617Z,2025-04-29T11:56:56.486Z
Manor Hotel,Manor Hotel,Baku,"Manor Hotel Baku 4 звезды, Шамиль Камилов 7, Baku, Azerbaijan",40.4092073,49.9659004,994125659499,Farid.abdullayev092@gmail.com,https://www.booking.com/hotel/az/manor-kirov,2603932172,,APPROVED,659d3361ac6a950c2ed20072,,No,,Şəhər Hoteli,TIMS,,,,,,https://data.tourism.gov.az/proxy/stakeholder/getFile/20240109155201t-r0000165246,2024-01-09T11:52:01.561Z,2025-04-29T11:56:56.486Z
Marine İnn Hotel Baku,Marine İnn Hotel Baku,Baku,"62 Neftchilar Avenue, Baku, Azerbaijan",40.37257710000001,49.85913129999999,994124980644,gm@marine-innbaku.com,,1703309981,,APPROVED,65dddb99e4f5ddcab3cd78f1,,No,,Şəhər Hoteli,TIMS,,,,,,https://data.tourism.gov.az/proxy/stakeholder/getFile/20240227165449t-r0000141934,2024-02-27T12:54:49.589Z,2025-04-29T11:56:56.486Z
Marriott Baku Boulevard Hotel,Marriott Baku Boulevard Hotel,Baku,"Xəqani Rüstəmov, Baku, Azerbaijan",40.3839292,49.880029,994512819923,info@boulevardhotel.com,https://marriott-hotels.marriott.com/,1402872891,,APPROVED,64b507c014f58db1e98608a0,5,No,,Şəhər Hoteli,TIMS,,,,,,https://data.tourism.gov.az/proxy/stakeholder/getFile/20230717132000t-r0000154085,2023-07-17T09:20:00.718Z,2025-04-29T11:56:56.486Z
Mensen Hotel,Mensen Hotel,Baku,"Mensen Hotel Baku, 2 Əhməd Rəcəbli, Baku, Azerbaijan",40.4095667,49.8616672,994555511851,mensenhotel@mail.ru,https://www.instagram.com/mensenhotelbaku/,1904791521,,APPROVED,65dc96cce4f5ddcab3cd779a,,No,,Şəhər Hoteli,TIMS,,,Oracle OPERA; 1C,website_scan,Oracle OPERA; 1C,https://data.tourism.gov.az/proxy/stakeholder/getFile/20240226174900t-r0000167832,2024-02-26T13:49:00.864Z,2025-04-29T11:56:56.486Z
"Mercure hotels, Accor","Mercure hotels, Accor",Baku,"Baku, Azerbaijan Ismayil Kutkashenli st 119",40.3727714,49.8208268,994125250405,kamran.kazimov@accor.com,https://all.accor.com/hotel/C0F2/index.en.shtml,2002724971,,APPROVED,65cdc3faac6a950c2ed21684,,No,,Şəhər Hoteli,TIMS,,,1C,website_scan,1C,https://data.tourism.gov.az/proxy/stakeholder/getFile/20240215115746t-r0000190566,2024-02-15T07:57:46.209Z,2025-04-29T11:56:56.486Z
Merida Hotel,Merida Hotel,Baku,"108 Mammad Araz, Baku, Azerbaijan",40.4067318,49.84584659999999,994502035575,info@merida.az,https://www.merida.az/,2000829212,,APPROVED,65ddc7fee4f5ddcab3cd7883,,No,,Şəhər Hoteli,TIMS,,,1C,website_scan,1C,https://data.tourism.gov.az/proxy/stakeholder/getFile/20240227153110t-r0000156898,2024-02-27T11:31:10.630Z,2025-04-29T11:56:56.486Z
MidCity Hotel,MidCity Hotel,Baku,"7 Şövkət Ələkbərova, Baku, Azerbaijan",40.3623676,49.8327136,994502822880,celalpma@gmail.com,,1703060332,,APPROVED,65f1ae1428b53d1e386f6bea,,No,,Qonaq evi,TIMS,,,,,,https://data.tourism.gov.az/proxy/stakeholder/getFile/20230517142414t-r0000158827,2024-03-13T13:45:56.013Z,2025-04-29T11:56:56.486Z
Midtown Hotel Baku,Midtown Hotel Baku,Baku,"103 Səməd Vurğun, Baku, Azerbaijan",40.3828908,49.8381816,994553101515,info@midtownhotel.az,http://www.midtownhotel.az/,1702529041,,APPROVED,66212a8a939c32557028af76,,No,,,TIMS,,,Oracle OPERA; 1C,website_scan,Oracle OPERA; 1C,https://data.tourism.gov.az/proxy/stakeholder/getFile/20230519180635t-r0000138574,2024-04-18T14:13:30.971Z,2025-10-31T08:01:29.301Z
Miraj hotel,Miraj hotel,Baku,"Hüseyn Cavid Prospekti, Baku, Azerbaijan",40.3754734,49.8158323,994125106951,info@mirajhotel.az,https://mirajhotel.az/,1801940652,,APPROVED,643a8891c7a6a5b6924fe31a,,No,,Şəhər Hoteli,TIMS,,,,,,https://data.tourism.gov.az/proxy/stakeholder/getFile/20230415152049t-r0000138215,2023-04-15T11:20:49.671Z,2025-04-29T11:56:56.486Z
Mirror Hotel,Mirror Hotel,Baku,"Tabriz Xaili Rza Oghlu, Baku, Azerbaijan",40.3732154,49.834137,994502518333,welcome@themirrorbaku.com,,1308754032,,APPROVED,66113b90e4f5ddcab3cdaeb3,,No,,Butik Hotel,TIMS,,,,,,https://data.tourism.gov.az/proxy/stakeholder/getFile/20240406160952t-r0000117814,2024-04-06T12:09:52.674Z,2025-04-29T11:56:56.486Z
Mont İnn Otel,Mont İnn Otel,Baku,"26 A Ağa Nemətulla, Baku, Azerbaijan",40.3976206,49.8779267,+994512481919,humayagayevar@gmail.com,,1008913992,,APPROVED,698375030362992fc775a733,,No,,,TIMS,,,,,,https://data.tourism.gov.az/proxy/stakeholder/getFile/20260220144447t-r0000167683,2026-02-04T16:34:11.451Z,2026-02-25T16:44:09.253Z
Moss Art Hotel,Moss Art Hotel,Baku,"15 İslam Səfərli, Baku 1005, Azerbaijan",40.3711152,49.8356501,994705950345,fidan.muradova@netfinance.az,https://booking.com/hotel/az/moss-art-boutique.en,1402420782,5,APPROVED,64bfcad6c29cd31ed97831b5,,No,,Şəhər Hoteli,TIMS + azeritour.az,https://azeritour.az/ambassador_hotel_baku,"Ambassador Hotel Baku — приглашает нас в иной мир, туда где вас ждет комфорт с одной стороны и роскошь с другой. Пятизвездочная гостиница Амбассадор Baku стоит на ряду с лучшими гостиницами своего уровня в Азербайджане. Со вкусом украшенные комнаты в европейском стиле так и манит нас остаться тут навсегда. Ambassador Hotel Baku предоставляет гостю на выбор из 58 невероятно красивых апартаментов, просторные, удобные комнаты которые оснащены с односпальной или с двуспальной кроватью, также в номерах присутствует двухместные диваны. Эти изящно оформленные номера имеют отличительно европейский дизайн. Независимо от того в каком номере Амбассадло вас поселили, у посетителя будет круглосуточный бесплатный интернет, кондиционер, Wi-Fi, кабельное телевидение с со многими международными каналами, мини-бар, сейф. В ванной джакузи, для деловых переговоров конференц-зал, фитнес-центр, бассейн. В ресторанах вы можете отведать кулинарные творения турецкой, национальной и европейской кухни. Ниже представим вам рестораны и бары, которые готовы к вашим услугам.",,,,https://data.tourism.gov.az/proxy/stakeholder/getFile/20230725171501t-r0000112570,2023-07-25T13:15:02.512Z,2025-04-29T11:56:56.486Z
Murad Otel,Murad Otel,Baku,"Sədərək T/M., Sədərək-Lökbatan yolu, Azerbaijan",40.326883,49.77863259999999,994507976344,ramid.maharramov@yahoo.com,,9900020171,,APPROVED,65f832ece4f5ddcab3cd94c9,,No,,Şəhər Hoteli,TIMS,,,,,,https://data.tourism.gov.az/proxy/stakeholder/getFile/20240318162620t-r0000180843,2024-03-18T12:26:20.938Z,2025-04-29T11:56:56.486Z
MİLDOM HOTEL,MİLDOM HOTEL,Baku,"Kaverochkin Street, Nəsimi, Baku, Azerbaijan",40.3884985,49.8470076,994124414732,info@mildomhotel.az,,1502372372,,APPROVED,647ef8e286e1d939b700f114,,No,,,TIMS,,,,,,https://data.tourism.gov.az/proxy/stakeholder/getFile/20230606131410t-r0000199473,2023-06-06T09:14:10.789Z,2025-04-29T11:56:56.486Z
MİRACLE,MİRACLE,Baku,"Baku, Azerbaijan",40.40926169999999,49.8670924,994705667579,raminbebisov@gmail.com,https://www.instagram.com/miracle_restaurant,3400341132,,APPROVED,66048006646cbbbc85961f6b,,No,,,TIMS,,,Oracle OPERA; 1C,website_scan,Oracle OPERA; 1C,https://data.tourism.gov.az/proxy/stakeholder/getFile/20240327141710t-r0000130379,2024-03-27T20:22:30.803Z,2025-04-29T11:56:56.486Z
NAR BOUTİQUE HOTEL,NAR BOUTİQUE HOTEL,Baku,"Nar Bouitique Hotel Badamdar, Baku, Azerbaijan",40.3430101,49.8116701,994552037773,boutiquehotelnar@gmail.com,,2007019291,,APPROVED,660d4e11e4f5ddcab3cda743,,No,,,TIMS,,,,,,https://data.tourism.gov.az/proxy/stakeholder/getFile/20240403163943t-r0000116634,2024-04-03T12:39:45.186Z,2025-04-29T11:56:56.486Z
NEMİ HOTEL,NEMİ HOTEL,Baku,"9 Mirzə İbrahimov, Baku, Azerbaijan",40.3727044,49.8354706,994125968265,welcome@nemiboutique.com,,1701282792,,APPROVED,64622ab59bff11407fb69845,,No,,,TIMS,,,,,,https://data.tourism.gov.az/proxy/stakeholder/getFile/20230515165101t-r0000188715,2023-05-15T12:51:01.400Z,2025-04-29T11:56:56.486Z
NEMİ MUSEUM,NEMİ MUSEUM,Baku,"18 Mirzə İbrahimov, Baku, Azerbaijan",40.3731746,49.8354966,994703081417,LIMANFKBAKU@GMAIL.COM,,1502315452,,APPROVED,65e03ba3e4f5ddcab3cd7ca3,,No,,Şəhər Hoteli,TIMS,,,,,,https://data.tourism.gov.az/proxy/stakeholder/getFile/20240229120907t-r0000181018,2024-02-29T08:09:07.402Z,2025-04-29T11:56:56.486Z
NEW BAKU HOTEL,NEW BAKU HOTEL,Baku,"Academician Hasan Aliyev Street, Baku, Azerbaijan",40.4006917,49.8416733,994124497380,newbakuhotel@gmail.com,,1403124911,,APPROVED,6448e41f6506cef40b9db402,,No,,,TIMS + azeritour.az,https://azeritour.az/new_baku_hotel,"New Baku hotel имеет очень удобное расположение, он находится недалеко от выставочного центра имени Гейдара Алиева. А также соседствует с русским, турецким и американским посольствами. Номера оформлены в хорошем дизайне, в спокойных тонах, оснащены роскошной мебелью, и в вашем распоряжении все необходимое оборудование, к примеру телевизор, кондиционер, мини-бар. В дизайне ванной комнаты использованы современные стили, для вас халат и фен. Номера New Baku hotel Стандартный одноместный Ст. двухместный с 1 кроватью или 2 отдельными кроватями Ст. трехместный и Люкс Стандартный одноместный номер в отеле довольно таки просторный и сделан в европейском стиле, общая площадь которой составляет 30 м2. В номере комната с душ кабинкой и со всеми принадлежностями, в комнате телевизор, мини-бар, персональный сейф, климат контроль, письменный стол, интернет и многое другое. Стандартный двухместный номер (Junior suite) имеет общую площадь 55 м2, оформлен в стильном декоре. Максимум имеет 3 односпальные кровати, диван и кресло. Плюс имеет тоже необходимое оборудование что и в стандартном номере. Стандартный трехместный номер и Люкс (King Suite) название говорит само за себя. По истине королевские а",,,,https://data.tourism.gov.az/proxy/stakeholder/getFile/20230426124311t-r0000145892,2023-04-26T08:43:11.706Z,2025-04-29T11:56:56.486Z
NRS HOTEL,NRS HOTEL,Baku,"NRS HOTEL, M.NERIMANOV, Baku, Azerbaijan",40.431275,49.8926086,994503997722,ayxanagayev1989@gmail.com,,2907255692,,APPROVED,65df39c7e4f5ddcab3cd7c39,,No,,,TIMS,,,,,,https://data.tourism.gov.az/proxy/stakeholder/getFile/20260202130243t-r0000169464,2024-02-28T13:48:55.297Z,2026-02-02T09:58:08.242Z
NUR HOTEL,NUR HOTEL,Baku,"Nur-2 Hotel, Baku, Azerbaijan",40.3476962,49.8348295,994102288764,consulting.ab.group@gmail.com,,1402537932,,APPROVED,65d5a72cac6a950c2ed21854,,No,,Qonaq evi,TIMS + azeritour.az,https://azeritour.az/nur_hotel,"Nur Hotel — это небольшой но очень уютный отель в центре Баку . Гостиница предоставляет 18 номеров с домашним уютом. Окна комнат открываются на красивый город и гавань. На территории расположена 2 бара и 2 ресторана, плюс Summer Surf Cafe расположенный на крыше здания с красивым обзором. Номера отеля Nur Hotel Индивидуальные тарифы на стойку, включая завтрак и без НДС 18% single rooms double rooms Triple Suites & apartment (апартаменты) Во всех номерах есть балкон с красивым видом на Баку, также есть кондиционер, душ, спутниковое телевидение, телефонная линия, мини-бар, чай и кофе и фен. Услуги отеля 24 часа сервис номеров 24 часа сервис ресепшин Автосервис Химчистка и прачечная Газеты и сувенирный магазин",,,,https://data.tourism.gov.az/proxy/stakeholder/getFile/20240221113300t-r0000197439,2024-02-21T07:33:00.665Z,2025-04-29T11:56:56.486Z
Neapol,Neapol,Baku,"14 Sumqayıt Şosesi, Bakı, Azerbaijan",40.4501849,49.7878721,994123487100,elgunehmedli@yandex.ru,,3100015271,,APPROVED,65e07683e4f5ddcab3cd7d93,,No,,,TIMS + azeritour.az,https://azeritour.az/neapol_hotel,"Neapol Hotel расположен по дороге Баку — Сумгаит, и предоставляет гостям широкий спектр услуг. Здание отеля имеет три этажа возведенный в современном стиле, имеет все необходимое для комфортного пребывания. Для вас созданы удобные номера, прекрасный ресторан , оборудованный конференц-зал и финтес-центр. Также имеется большой открытый и закрытый плавательный бассейн, летний и зимний бар, охраняемая парковка, услуги гида, химчистка и прачечная, сауна.",,,,https://data.tourism.gov.az/proxy/stakeholder/getFile/20240229162019t-r0000177883,2024-02-29T12:20:19.260Z,2025-04-29T11:56:56.486Z
Nobel Hotel,Nobel Hotel,Baku,"Nobel Hotel Baku, 8 November Avenue, Baku, Azerbaijan",40.3772999,49.8695181,994552191969,nobelbakuhotel@gmail.com,https://nobelhotelbaku.com/,2007093911,,APPROVED,643e978dc7a6a5b6924fe477,,No,,Şəhər Hoteli,TIMS,,,1C,website_scan,1C,https://data.tourism.gov.az/proxy/stakeholder/getFile/20230418171349t-r0000179159,2023-04-18T13:13:49.110Z,2025-04-29T11:56:56.486Z
Nord West Hotel,Nord West Hotel,Baku,"Tofiq Abbasov 36, Baku, Tofig Abbasov Street, Baku, Azerbaijan",40.4202781,49.9279422,+994558870844,nordwesthotel4@gmail.com,https://nordhotel.az/,6002364612,,APPROVED,697315e170a9384c4927b539,,No,,,TIMS,,,1C,website_scan,1C,https://data.tourism.gov.az/proxy/stakeholder/getFile/20260123103200t-r0000121946,2026-01-23T06:32:01.118Z,2026-02-04T06:08:33.980Z
NİCE LİFE HOTEL,NİCE LİFE HOTEL,Baku,"Baku, Azerbaijan",40.40926169999999,49.8670924,994504511000,ayxanagayev1989@gmail.com,,1602728692,,APPROVED,65df348be4f5ddcab3cd7c23,,No,,,TIMS,,,,,,https://data.tourism.gov.az/proxy/stakeholder/getFile/20240228172635t-r0000185432,2024-02-28T13:26:35.948Z,2025-04-29T11:56:56.486Z
NİNE HOTEL,NİNE HOTEL,Baku,"Narimanov, Baku, Azerbaijan",40.4091235,49.8647652,994515624195,nine.hotel19@gmail.com,,1007385682,,APPROVED,646214709bff11407fb6968f,,No,,Şəhər Hoteli,TIMS,,,,,,https://data.tourism.gov.az/proxy/stakeholder/getFile/20230515151600t-r0000158997,2023-05-15T11:16:00.866Z,2025-04-29T11:56:56.486Z
NİZAMİ HOTEL MMC,NİZAMİ HOTEL MMC,Baku,"Haji Zeynalabdin Taghiyev Street, Baku, Azerbaijan",40.369691,49.8395244,994124931193,nizamihotel@mail.ru,,1702712791,,APPROVED,6606a63fe4f5ddcab3cda069,,No,,,TIMS,,,,,,https://data.tourism.gov.az/proxy/stakeholder/getFile/20240329153005t-r0000127286,2024-03-29T11:30:07.912Z,2025-04-29T11:56:56.486Z
NİZAMİ STREET HOTEL,NİZAMİ STREET HOTEL,Baku,"Baku, Azerbaijan",40.40926169999999,49.8670924,994515730812,consulting.ab.group@gmail.com,,1703684481,,APPROVED,661fba67a19a8407d729b9a3,,No,,,TIMS + azeritour.az,https://azeritour.az/nizami_street_hotel,"Nizami Street Hotel — отель, расположен в одном из древних улиц Баку. Главная особенность гостиницы, сделать запоминающим прибытие туристов в город, которая имеет древнюю и богатую культуру. Рядом с отелем расположены исторические памятники Баку . В километре находится площадь Фонтанов, театр, «Старый город». До международного аэропорта Баку всего 19 км.",,,,https://data.tourism.gov.az/proxy/stakeholder/getFile/20240227141136t-r0000167161,2024-04-17T12:02:47.595Z,2025-04-29T11:56:56.486Z
OLD STREET BOUTİQUE HOTEL,OLD STREET BOUTİQUE HOTEL,Baku,"12 Sabir Street, Baku, Azerbaijan",40.3673931,49.8359959,994125058828,info@oldstreethotel.com,https://oldstreethotel.com/,1302423832,,APPROVED,643a8e71c7a6a5b6924fe32c,,No,,Butik Hotel,TIMS,,,1C,website_scan,1C,https://data.tourism.gov.az/proxy/stakeholder/getFile/20230415154553t-r0000175697,2023-04-15T11:45:53.432Z,2025-04-29T11:56:56.486Z
OPERA HOTEL,OPERA HOTEL,Baku,"178 Əhməd Rəcəbli, Baku, Azerbaijan",40.4097668,49.86249369999999,994552534362,cemsid.abdullazade@mail.ru,https://www.operahotel.az/,8200368702,,APPROVED,65e03f23e4f5ddcab3cd7cf0,,No,,,TIMS + azeritour.az,https://azeritour.az/opera_hotel/,"Opera Hotel — это отель, который расположен и принимает гостей в Баку . Расположение удачное, до аэропорта всего 20 км, а до центра города 15 минут езды. Профессиональный готов служить каждому посетителю. Если вы любитель классики и современности, то отель Opera вам придется по душе. Здание гостиницы имеет 4 этажа, в котором расположены 28 номеров, ресторан, SPA центр и многое другое.",,,,https://data.tourism.gov.az/proxy/stakeholder/getFile/20240229122403t-r0000148559,2024-02-29T08:24:03.875Z,2025-04-29T11:56:56.486Z
Old City İnn,Old City İnn,Baku,"16 Kiçik Qala Küçəsi, Hasanriz",40.1672656,46.5167026,994124971448,oldcityinnbaku@gmail.com,,1700367061,,APPROVED,660bbd16e4f5ddcab3cda329,,No,,,TIMS,,,,,,https://data.tourism.gov.az/proxy/stakeholder/getFile/20240402120854t-r0000182579,2024-04-02T08:08:54.218Z,2025-04-29T11:56:56.486Z
PANORAMA VİLLA LUX HOTEL,PANORAMA VİLLA LUX HOTEL,Baku,"Salyan Şossesi, Baku, Azerbaijan",40.3050145,49.7839949,994515360329,info@panoramahotel.az,https://panoramahotel.az/,2001447771,,APPROVED,6464bcd39bff11407fb6a6bf,,No,,,TIMS,,,,,,https://data.tourism.gov.az/proxy/stakeholder/getFile/20230517153859t-r0000125390,2023-05-17T11:38:59.708Z,2025-04-29T11:56:56.486Z
PILOT APART HOTEL,PILOT APART HOTEL,Baku,"Vaqif, Baku, Azerbaijan",40.3978084,49.8490782,994124411086,pilotgroup787@gmail.com,,7501033112,,APPROVED,6461d06b9bff11407fb69305,,No,,Şəhər Hoteli,TIMS,,,,,,https://data.tourism.gov.az/proxy/stakeholder/getFile/20230515102547t-r0000176726,2023-05-15T06:25:47.101Z,2025-04-29T11:56:56.486Z
PLANET İNN,PLANET İNN,Baku,"r c, 72 Naxçıvanski, Nizami, Bakı, Azerbaijan",40.406142,49.9558598,994123747471,togrul.qulamov@socar.az,,1304427392,,APPROVED,661f9aa4e4f5ddcab3cdbadf,,No,,Şəhər Hoteli,TIMS,,,,,,https://data.tourism.gov.az/proxy/stakeholder/getFile/20240417134716t-r0000136651,2024-04-17T09:47:16.922Z,2025-04-29T11:56:56.486Z
PORT,PORT,Baku,"Yusif Mammadaliyev Street, Baku, Azerbaijan",40.3703127,49.8397381,994505053440,info@porthotelbaku.com,https://porthotelbaku.com,4300711832,,APPROVED,64c78ad5c29cd31ed97844b2,,No,,,TIMS,,,,,,https://data.tourism.gov.az/proxy/stakeholder/getFile/20230731142005t-r0000145793,2023-07-31T10:20:05.872Z,2025-04-29T11:56:56.486Z
PORT HOTEL,PORT HOTEL,Baku,"Bakı, Azerbaijan",40.40926169999999,49.8670924,994517580707,porthotelalat@gmail.com,,1101225811,,APPROVED,64c39699c29cd31ed9783bef,,No,,,TIMS,,,,,,https://data.tourism.gov.az/proxy/stakeholder/getFile/20230728142113t-r0000174785,2023-07-28T10:21:13.216Z,2025-04-29T11:56:56.486Z
PORTO HOTEL,PORTO HOTEL,Baku,"40.409195,49.860695",40.4091712,49.8605978,994508240999,info@portohotel.az,,4003575772,,APPROVED,64672534e1dabc1a3a62b517,,No,,,TIMS,,,,,,https://data.tourism.gov.az/proxy/stakeholder/getFile/20230519112852t-r0000124830,2023-05-19T07:28:52.437Z,2025-04-29T11:56:56.486Z
Paradise Baku Hotel,Paradise Baku Hotel,Baku,"2/27 Əhməd Rəcəbli, Baku, Azerbaijan",40.4144446,49.85947239999999,994124648703,info@paradisebakuhotel.az,http://www.paradisebakuhotel.az,1300479811,,APPROVED,65c0c6a1ac6a950c2ed21460,,No,,,TIMS + azeritour.az,https://azeritour.az/paradise_baku_hotel,"Paradise Baku Hotel был основан в 2012 году, и расположен в нескольких минутах ходьбы от центра Баку. Изначально подразумевался как бизнес-отель. Со временем все изменилось. Благодаря трудолюбию и отзывчивостью персонала, в итоге стал излюбленным местом для местных и иностранных туристов. Гостиница в Баку расположена рядом Центра Гейдара Алиева, который является объектом уважения. Каждая деталь заведения была проработана страстно, и каждая комната заслуживает посещения. На территории гостиницы функционирует ресторан, в котором можно вкусно поесть.",1C,website_scan,1C,https://data.tourism.gov.az/proxy/stakeholder/getFile/20240205152937t-r0000106091,2024-02-05T11:29:37.580Z,2025-04-29T11:56:56.486Z
Parallel,Parallel,Baku,"15 Məhəmməd Naxçıvani, Bakı, Azerbaijan",40.3857034,49.8348185,994505271709,Parallelhotelbaku@gmail.com,,1305912211,,APPROVED,660bcbaf646cbbbc859996b7,,No,,,TIMS,,,,,,https://data.tourism.gov.az/proxy/stakeholder/getFile/20230714153802t-r0000138332,2024-04-02T09:11:11.866Z,2025-04-29T11:56:56.486Z
Parkside Hotel & Apartments,Parkside Hotel & Apartments,Baku,"30 Puşkin küçəsi, Baku, Azerbaijan",40.3791309,49.8515945,994124930193,fom@parksidebaku.com,https://parksidebaku.com/,2000181871,,APPROVED,65b8a590e7af87e5775a7802,5,No,,,TIMS,,,1C,website_scan,1C,https://data.tourism.gov.az/proxy/stakeholder/getFile/20240130101849t-r0000113932,2024-01-30T07:30:24.156Z,2025-04-29T11:56:56.486Z
Parkway Inn Hotel&SPA,Parkway Inn Hotel&SPA,Baku,"29 Cəfər Cabbarlı küçəsi, Baku, Azerbaijan",40.3820057,49.82955,994502446077,info@parkwayinn.az,https://www.parkwayinn.az,1007634132,,APPROVED,64621fe69bff11407fb69773,3,No,,Şəhər Hoteli,TIMS,,,1C,website_scan,1C,https://data.tourism.gov.az/proxy/stakeholder/getFile/20230515160453t-r0000160062,2023-05-15T12:04:54.193Z,2025-04-29T11:56:56.486Z
Passage Hotel,Passage Hotel,Baku,"Passage Boutique Hotel, Nizami Street, Baku, Azerbaijan",40.3712829,49.8335391,994554040051,passagehotelbaku@gmail.com,https://www.passagehotel.az/,3102762031,,APPROVED,65894cda79b9a29ec32dfa36,,No,,,TIMS,,,1C,website_scan,1C,https://data.tourism.gov.az/proxy/stakeholder/getFile/20231225133522t-r0000121787,2023-12-25T09:35:22.125Z,2025-04-29T11:56:56.486Z
Perla de Mar,Perla de Mar,Baku,"Icherisheher, Baku, Azerbaijan",40.366267,49.8349644,994558817234,oagaverdiyev@list.ru,https://perlademarhotel.com/,1502606492,,APPROVED,660e919ce4f5ddcab3cda90b,,No,,Şəhər Hoteli,TIMS,,,,,,https://data.tourism.gov.az/proxy/stakeholder/getFile/20240404154012t-r0000166890,2024-04-04T11:40:13.004Z,2025-04-29T11:56:56.486Z
Perron,Perron,Baku,"Zeynalabdin Taghiyev St, Baku, Azerbaijan",40.4422566,49.7584899,994557525051,rz_82@mail.ru,,1703087791,5,APPROVED,6606bc09646cbbbc85976dc7,,No,,,TIMS + azeritour.az,https://azeritour.az/crown_hotel_baku,"The Crown Hotel — это комфортабельный пятизвездочный отель расположенный на Баилово, всего 5 км отделяет отель с центром Баку. Гостиница оснащена новыми технологиями присущие для подобного класса отеля. Оказанный услуги, комфорт и местоположение делает гостиницу уникальной и привлекательной для бизнесменов и туристов. Вам придется преодолеть всего несколько минут, что бы оказаться вокруг достопримечательностей Баку и деловых центров города.",,,,https://data.tourism.gov.az/proxy/stakeholder/getFile/20240319165747t-r0000191841,2024-03-29T13:03:05.242Z,2025-04-29T11:56:56.486Z
Port Rivoli Hotel,Port Rivoli Hotel,Baku,"Keykab Khanim Safaraliyeva Street, Baku, Azerbaijan",40.3768915,49.858715,994703985353,mehman.ismayilov@portrivolihotel.az,https://portrivolihotel.az/,1504983271,,APPROVED,65df1d48e4f5ddcab3cd7ad3,,No,,,TIMS,,,1C,website_scan,1C,https://data.tourism.gov.az/proxy/stakeholder/getFile/20240228154720t-r0000145452,2024-02-28T11:47:20.460Z,2025-04-29T11:56:56.486Z
Porto,Porto,Baku,"40.409218,49.860665",40.4091712,49.8605978,994557330143,behbudovcavid@gmail.com,,7002682492,,APPROVED,64c219f2c29cd31ed9783707,,No,,,TIMS,,,,,,https://data.tourism.gov.az/proxy/stakeholder/getFile/20230727111706t-r0000132867,2023-07-27T07:17:06.704Z,2025-04-29T11:56:56.486Z
Premier Old Gates,Premier Old Gates,Baku,"Səbail rayonu , Kiçik qala 8/1",40.3335274,49.8250442,994519009884,info@oldgates.az,https://instagram.com/oldgatesbaku_,1401636951,,APPROVED,646487619bff11407fb6a49f,,No,,Şəhər Hoteli,TIMS,,,Oracle OPERA; 1C,website_scan,Oracle OPERA; 1C,https://data.tourism.gov.az/proxy/stakeholder/getFile/20230517115049t-r0000135510,2023-05-17T07:50:57.674Z,2025-04-29T11:56:56.486Z
Premier Palace Hotel Baku,Premier Palace Hotel Baku,Baku,"Premier Palace Baku, Academician Hasan Aliyev Street, Baku, Azerbaijan",40.3969804,49.8256951,994552191800,premierpalacebaku@gmail.com,https://premierpalacebaku.com/,1405589211,,APPROVED,643e9a1ac7a6a5b6924fe489,,No,,,TIMS,,,,,,https://data.tourism.gov.az/proxy/stakeholder/getFile/20230418172442t-r0000179332,2023-04-18T13:24:42.186Z,2025-04-29T11:56:56.486Z
Premier Qala,Premier Qala,Baku," Shamsi Rahimov Street 28 , Baku, Azerbaijan",40.4039907,49.8429593,994502958790,irina.rustamova@premiergroup.az,https://www.booking.com/hotel/az/premier.tr.html,6701500571,4,APPROVED,646353ecf48a4001f3a346ba,,No,,Şəhər Hoteli,TIMS + azeritour.az,https://azeritour.az/premier_hotel,"Premier Hotel — это четырехзвездочный отель, который расположен не далеко от станции метро «Гянджлик». От железнодорожного вокзала и от центра Баку , несколько минут езды. Персонал отеля очень дружелюбный, в гостинице царит покой и приятная обстановка. Заведение предлагает качественные услуги, сервис, а цены доброжелательные. Вестибюль Premier Hotel оформлен в приятном стиле, на стенах портреты азербайджанских художников, а также экзотические растения, которые вы ранее не видели, и все делает отель уникальным в своем роде. Также в вестибюле расположен сувенирный магазин, в котором вы сможете приобрести для близких людей памятные подарки. К вашим услугам, прачечная, сауна, бассейн, помощь получения визы, трансфер и многое другое.",,,,https://data.tourism.gov.az/proxy/stakeholder/getFile/20230516134809t-r0000107213,2023-05-16T09:59:08.567Z,2025-04-29T11:56:56.486Z
Prestige Boutigue hotel,Prestige Boutigue hotel,Baku,"Mirza Ibrahimov Street, Baku, Azerbaijan",40.3734857,49.8352419,994773470504,redleon133@gmail.com,,1502390692,,APPROVED,65240b93c29cd31ed9786a7b,,No,,,TIMS,,,,,,https://data.tourism.gov.az/proxy/stakeholder/getFile/20231009181754t-r0000123798,2023-10-09T14:17:55.955Z,2025-04-29T11:56:56.486Z
Promenade Hotel,Promenade Hotel,Baku,"PROMENADE HOTEL, Neftchilar Avenue, Baku, Azerbaijan",40.3648812,49.8364108,994125255500,info@resanthotels.az,https://www.resantgroup.az/,1500613121,,APPROVED,646c659a9bff11407fb6b500,,No,,,TIMS,,,,,,https://data.tourism.gov.az/proxy/stakeholder/getFile/20230523110458t-r0000151677,2023-05-23T07:04:58.296Z,2025-04-29T11:56:56.486Z
Pure Boutique Hotel,Pure Boutique Hotel,Baku,"Əhməd Rəcəbli, Baku, Azerbaijan",40.4088765,49.8641605,994517777979,vugar.ashrafli@gmail.com,,8303589252,,APPROVED,65d5e236ac6a950c2ed218e0,,No,,Butik Hotel,TIMS + azeritour.az + azeritour.az,https://azeritour.az/passage_boutique_hotel,"Museum Inn Boutique Hotel — это уютный отель в «Старом Городе» (Ичери Шехер). В самом центре исторического Баку . Это элегантный бутик-отель, который имеет индивидуальный подход к каждому клиенту. Вы окажитесь в сочетании старого мира с современной жизни. Отель предлагает восемь изысканных номеров со всеми удобствами. Номера разделены на следующие классы: Standart Single, Classic Double, Exesutive Suite. Все номера обустроены и имеют все необходимое для вашего отдыха. Цены на проживание варьирует в зависимости от типа номеров. В отеле расположен прекрасный ресторан , в котором приготовят настоящие национальные блюда, завтрак подается 08:00 — 11:00 Номера Museum Inn Boutique Hotel Бесплатный Wi-Fi Климат контроль Ванная комната с принадлежностями Фен Мини-бар и телефон Большой ЖК телевизор Балкон, джакузи и кухня в номере (Exesutive Suite)",,,,https://data.tourism.gov.az/proxy/stakeholder/getFile/20240221154454t-r0000115524,2024-02-21T11:44:54.764Z,2025-04-29T11:56:56.486Z
PİANO,PİANO,Baku,"3/17 Əhməd Rəcəbli, Nərimanov, Baku, Azerbaijan",40.4101968,49.8593074,994512906890,pianohotelbaku@gmail.com,https://pianohotel.az/,2602860632,,APPROVED,65b77c8aac6a950c2ed20d4a,,No,,,TIMS,,,,,,https://data.tourism.gov.az/proxy/stakeholder/getFile/20240129142306t-r0000185213,2024-01-29T10:23:06.230Z,2025-04-29T11:56:56.486Z
PİLOT HOTEL,PİLOT HOTEL,Baku,"Tarlan Aliyarbeyov Street, Baku, Azerbaijan",40.3692683,49.8388382,994124935348,pilot.hotelbaku@gmail.com,,1307126912,,APPROVED,646203cd9bff11407fb69548,,No,,Şəhər Hoteli,TIMS,,,,,,https://data.tourism.gov.az/proxy/stakeholder/getFile/20230515140501t-r0000198261,2023-05-15T10:05:01.368Z,2025-04-29T11:56:56.486Z
QIZ QALASI,QIZ QALASI,Baku,"Bakı, Azerbaijan",40.40926169999999,49.8670924,994506402794,RUSTAMOVA367@GMAIL.COM,,1502841322,,APPROVED,65f83541e4f5ddcab3cd94fe,,No,,,TIMS + azeritour.az,https://azeritour.az/giz_galasi_hotel,"Giz Galasi Hotel — отель, расположен в центре города Баку, в Ичери Шехер (Старый город). Рядом с Девичьей башней и бакинским бульваром. Рядом также расположены остальные достопримечательности Баку . Отель предлагает комфортные номера со всеми удобствами. Если поднимитесь на третий этаж отеля, то оттуда откроется шикарный вид на Каспийское море. На территории отеля имеется фитнес клуб и рестораны. Особенно хочется отметить ресторан на третьем этаже, который имеет восхитительный панорамный вид на город и на Каспий.",,,,https://data.tourism.gov.az/proxy/stakeholder/getFile/20240318163617t-r0000122323,2024-03-18T12:36:17.342Z,2025-04-29T11:56:56.486Z
Qala Stone,Qala Stone,Baku,"1/49 İlyas Əfəndiyev, Bakı, Azerbaijan, İcherisheher",40.366267,49.8349644,994516405081,qalahotelbaku@qalahotels.az,https://www.booking.com/hotel/az/qala-stone,1701942631,,APPROVED,6464d30335d9257678aaeea0,,No,,Şəhər Hoteli,TIMS,,,,,,https://data.tourism.gov.az/proxy/stakeholder/getFile/20230517171338t-r0000157542,2023-05-17T13:13:39.396Z,2025-04-29T11:56:56.486Z
Qorqud Hotel,Qorqud Hotel,Baku,"15 Xətai prospekti, Nərimanov, Bakı, Azerbaijan",40.3873984,49.8564743,994553005006,rz_82@mail.ru,,1603269802,4,APPROVED,6605690e646cbbbc859679e5,,No,,,TIMS + azeritour.az,https://azeritour.az/gorgud_plaza_hotel,"Gorgud Hotel & SPA — это комфортабельный четырехзвездочный отель, который расположен недалеко от железнодорожного вокзала «28 мая». Такое местоположение делает его уникальным, до достопримечательностям Баку рукой подать. Отель Горгуд предлагает гостям просторные номера, их в общем 60 штук, которые разделены на категории. В номерах есть все необходимое для отдыха, также качественный сервис. Отель предлагает такие услуги как СПА, конференц-зал, бассейн, тренажерный зал и так далее.",,,,https://data.tourism.gov.az/proxy/stakeholder/getFile/20240319162918t-r0000173506,2024-03-28T12:56:46.242Z,2025-04-29T11:56:56.486Z
RAHAT HOSTEL,RAHAT HOSTEL,Baku,"Rəşid İsmayılov küçəsi, Baku, Azerbaijan",40.425825,49.794146,994507504060,oktay1@yandex.ru,,3900500522,,APPROVED,6606752fe4f5ddcab3cd9fd7,,No,,,TIMS,,,,,,https://data.tourism.gov.az/proxy/stakeholder/getFile/20240329120047t-r0000133139,2024-03-29T08:00:47.854Z,2025-04-29T11:56:56.486Z
REGAL INN HOTEL,REGAL INN HOTEL,Baku,"Badamdar Şosesi, Bakı, Azerbaijan",40.3288287,49.8184025,994705118989,info@regalinnhotel.com,https://www.regalinnhotel.com/az,1405845081,,APPROVED,65dc4ed0608f09acc91d1c88,,No,,,TIMS,,,,,,https://data.tourism.gov.az/proxy/stakeholder/getFile/20230804153327t-r0000198505,2024-02-26T08:41:52.463Z,2025-04-29T11:56:56.486Z
RETRO,RETRO,Baku,"Beynəlmiləl, Azerbaijan",41.3305498,48.878692,994125531205,retrohotel01@gmail.com,,1701008561,,APPROVED,65f834d9e4f5ddcab3cd94e9,,No,,,TIMS,,,,,,https://data.tourism.gov.az/proxy/stakeholder/getFile/20240318163433t-r0000146154,2024-03-18T12:34:33.734Z,2025-04-29T11:56:56.486Z
ROSE İNN HOTEL AND RESTORAN,ROSE İNN HOTEL AND RESTORAN,Baku,"110 Məmməd Araz, Baku, Azerbaijan",40.4068614,49.84606549999999,994552535856,cemsid.abdullazade@mail.ru,,7501100362,,APPROVED,65e0448de4f5ddcab3cd7d28,,No,,,TIMS,,,,,,https://data.tourism.gov.az/proxy/stakeholder/getFile/20240229124709t-r0000181111,2024-02-29T08:47:09.277Z,2025-04-29T11:56:56.486Z
ROYAL ANTIQUE BOUTIQUE HOTEL AND RESTAURANT,ROYAL ANTIQUE BOUTIQUE HOTEL AND RESTAURANT,Baku,"Sebail rayonu, Baku, Azerbaijan",40.3335274,49.8250442,994515719748,aminarehimova4@gmail.com,,1304004632,,APPROVED,653b5f82c29cd31ed9787510,,No,,,TIMS,,,,,,https://data.tourism.gov.az/proxy/stakeholder/getFile/20231027105810t-r0000168736,2023-10-27T06:58:10.193Z,2025-04-29T11:56:56.486Z
ROYAL ANTIQUE BOUTIQUE HOTEL AND RESTAURANT,ROYAL ANTIQUE BOUTIQUE HOTEL AND RESTAURANT,Baku,"Sabayil, Baku, Azerbaijan",40.3335274,49.8250442,994516413572,aminarehimova4@gmail.com,,1000982412,,APPROVED,64d0a5b6c29cd31ed9784edf,,No,,,TIMS,,,,,,https://data.tourism.gov.az/proxy/stakeholder/getFile/20230807120510t-r0000196074,2023-08-07T08:05:10.572Z,2025-04-29T11:56:56.486Z
ROYAL SAPPHİRE HOTEL,ROYAL SAPPHİRE HOTEL,Baku,1023 BAKI ŞƏHƏRİ SƏBAİL RAYONU BADAMDAR ŞOSSESİ 6012-CI MƏHƏLLƏ M.92 C,40.3406709,49.8185187,994125025353,info@royalsapphirehotel.com,,1806189362,,APPROVED,64620a8a9bff11407fb695af,,No,,Şəhər Hoteli,TIMS,,,,,,https://data.tourism.gov.az/proxy/stakeholder/getFile/20230515143346t-r0000185374,2023-05-15T10:33:46.069Z,2025-04-29T11:56:56.486Z
RUSEL PARK  Hotel,RUSEL PARK  Hotel,Baku,"Heydər Əliyev prospekti, Baku, Azerbaijan",40.4122299,49.897579,994512742288,ruselhotel01@gmail.com,https://www.ruselpark.com/,1506151252,,APPROVED,65e85fa4e4f5ddcab3cd80bf,,No,,Şəhər Hoteli,TIMS,,,,,,https://data.tourism.gov.az/proxy/stakeholder/getFile/20240306162052t-r0000140003,2024-03-06T12:20:52.263Z,2025-04-29T11:56:56.486Z
Radisson Hotel Baku,Radisson Hotel Baku,Baku,"1 Azadlıq prospekti, Baku, Azerbaijan",40.37153139999999,49.8489344,994124906000,reception.baku@radisson.com,https://www.radissonhotels.com/radisson,1400053851,,APPROVED,65c21afcceb654c1531b54b4,4,No,,Şəhər Hoteli,TIMS,,,,,,https://data.tourism.gov.az/proxy/stakeholder/getFile/20240206152555t-r0000174314,2024-02-06T11:41:48.500Z,2025-04-29T11:56:56.486Z
Ramada By Wyndham Baku,Ramada By Wyndham Baku,Baku,"Ramada by Wyndham Baku, Baku, Azerbaijan",40.306343,49.80246349999999,994124977303,info@resanthotels.az,https://www.resantgroup.az/,1500613121,,APPROVED,646c62d09bff11407fb6b4de,,No,,,TIMS,,,,,,https://data.tourism.gov.az/proxy/stakeholder/getFile/20230523105304t-r0000171859,2023-05-23T06:53:04.554Z,2025-04-29T11:56:56.486Z
Raymond Hotel,Raymond Hotel,Baku,"Məmməd Araz, Baku, Azerbaijan",40.4070648,49.8462166,994706702020,maqsud14hm014@gmail.com,https://www.instagram.com/sunrisehotelbaku/?hl=en,2903193202,,APPROVED,64ca05f2c29cd31ed9784b1d,,No,,Şəhər Hoteli,TIMS,,,Oracle OPERA; 1C,website_scan,Oracle OPERA; 1C,https://data.tourism.gov.az/proxy/stakeholder/getFile/20230802112954t-r0000153449,2023-08-02T07:29:54.094Z,2025-04-29T11:56:56.486Z
Ritz Carlton,Ritz Carlton,Baku,"The Ritz-Carlton, Baku, Babek Ave, Baku, Azerbaijan",40.38887769999999,49.8648746,994124607777,reservations.baku@ritzcarlton.com,https://Ritzcarlton.com,1405575141,,APPROVED,64b53908c29cd31ed97818a5,,No,,,TIMS,,,1C,website_scan,1C,https://data.tourism.gov.az/proxy/stakeholder/getFile/20230717165016t-r0000181709,2023-07-17T12:50:16.466Z,2025-04-29T11:56:56.486Z
Riva Otel,Riva Otel,Baku,"86b Ziya Bünyadov prospekti, Baku, Azerbaijan",40.4255188,49.8790631,994703769696,innriva@gmail.com,,4101832322,,APPROVED,65f81fc0e4f5ddcab3cd930a,,No,,,TIMS,,,,,,https://data.tourism.gov.az/proxy/stakeholder/getFile/20260210143349t-r0000139166,2024-03-18T11:04:32.825Z,2026-02-11T11:10:29.031Z
Riviera,Riviera,Baku,"1 Qurban Abbasov, Bakı, Azerbaijan",40.3497472,49.83515879999999,994552911011,info@riviera.az,https://riviera.az/,1701563631,,APPROVED,65df26ede4f5ddcab3cd7b7c,,No,,,TIMS + azeritour.az,https://azeritour.az/hotel_riviera_baku,"Riviera Hotel это отель который расположен у Гавани Каспийского моря, в центре Баку . Гостиница предоставляет все услуги для комфортного отдыха бизнесменов и туристов. До Международного Аэропорта 30 минут езды, а рядом расположены развлекательные и торговые центры города. Отель имеет просторные и уютные комнаты, оформленные в европейском стиле. Riviera Hotel В отеле насчитывается 20 комфортабельных односпальных и двухспальных комнат, окна которых открываются на Каспий, также есть балконы, специально для курящих. Во всех номерах есть услуги которые описаны ниже. Фен и сейф Система индивидуального контроля температуры Просторный письменный стол Спутниковый ТВ Беспроводной интернет Wi-Fi Мини бар Обслуживание номеров 24 часа",1C,website_scan,1C,https://data.tourism.gov.az/proxy/stakeholder/getFile/20240228162828t-r0000158188,2024-02-28T12:28:29.055Z,2025-04-29T11:56:56.486Z
Rosemary Inn Hotel,Rosemary Inn Hotel,Baku,"8 Rixard Zorge str, Bakı, Azerbaijan",40.3756148,49.8566036,994554040048,afsarakha@gmail.com,,1703559111,,APPROVED,6603a540e4f5ddcab3cd9b58,,No,,,TIMS,,,,,,https://data.tourism.gov.az/proxy/stakeholder/getFile/20240327084904t-r0000159289,2024-03-27T04:49:04.129Z,2025-04-29T11:56:56.486Z
Royal otel,Royal otel,Baku,"2/12 Əhməd Rəcəbli, Baku, Azerbaijan",40.4122641,49.8618928,994124657501,info@royalhotel.az,https://royalhotel.az,1001162521,4,APPROVED,646079419bff11407fb69231,2,No,,,TIMS + azeritour.az + azeritour.az,https://azeritour.az/boyuk_gala_hotel,"Royal Hotel — это комфортный четырёхзвёздочный отель в городе Баку , который функционирует с 2012 года. Данный отель отвечает всеми международными стандартами. Расстояние до международного аэропорта всего в 20-ти минутах езды, до центра Баку еще меньше. Гостиничный комплекс имеет четыре этажа, а фасад имеет привлекательную внешность. Номера отеля Royal Hotel В отеле всего 42 удобных и просторных номеров с красивым дизайном. В номерах предусмотрены всё для вашего комфортного отдыха. Спальная и мягкая мебель, ванные аксессуары, большой телевизор со спутниковыми каналами, Помимо этого мини-бар, личный сейф, система охлаждения и отопления, нагреватели для чая и кофе, фен. (Suite) Двухкомнатные номера (Twin) Двухместные номера (Double) Двухместный номер Стандартные (Single) одноместные номера",,,,https://data.tourism.gov.az/proxy/stakeholder/getFile/20230514100137t-r0000183568,2023-05-14T06:01:37.955Z,2025-04-29T11:56:56.486Z
RİGS OTEL,RİGS OTEL,Baku,"63b Üzeyir Hacıbəyov, Baku, Azerbaijan",40.3745704,49.8508897,994513932121,rigshotels@gmail.com,https://rigshotel.az/,7702476972,,APPROVED,66040cfbe4f5ddcab3cd9c04,,No,,,TIMS + azeritour.az,https://azeritour.az/rigs-hotel-baku/,Карта сайта,1C,website_scan,1C,https://data.tourism.gov.az/proxy/stakeholder/getFile/20240327161137t-r0000136305,2024-03-27T12:11:39.126Z,2025-04-29T11:56:56.486Z
SAHİL HOSTEL & HOTEL,SAHİL HOSTEL & HOTEL,Baku,"Səməd Vurğun, Baku, Azerbaijan",40.3857429,49.8376769,994515749667,info@sahilhostel.com,https://www.sahilhostel.com/,1007525911,,APPROVED,65f44d26d0a5110fa5ccc7b7,,No,,Hostel,TIMS + azeritour.az,https://azeritour.az/sahil-hostel-hotel/,Карта сайта,,,,https://data.tourism.gov.az/proxy/stakeholder/getFile/20240315172507t-r0000143327,2024-03-15T13:29:10.052Z,2025-04-29T11:56:56.486Z
SAHİL HOTEL BAKU,SAHİL HOTEL BAKU,Baku,"2110 Xəqani Rüstəmov, Baku, Azerbaijan",40.3840605,49.8801445,994504444370,namiq.aliyevcityhotels@gmail.com,https://sahilhotel.az/,1402105982,,APPROVED,65f455e2e4f5ddcab3cd9100,,No,,Şəhər Hoteli,TIMS,,,,,,https://data.tourism.gov.az/proxy/stakeholder/getFile/20240315180626t-r0000187112,2024-03-15T14:06:26.392Z,2025-04-29T11:56:56.486Z
SAPPHIRE,SAPPHIRE,Baku,"23 Səməd Vurğun, Baku, Azerbaijan",40.3719263,49.8425331,994502298989,info@sapphire.az,https://sapphire.az/hotels/baku,1701276271,,APPROVED,65f166fae4f5ddcab3cd893c,,No,,Şəhər Hoteli,TIMS,,,,,,https://data.tourism.gov.az/proxy/stakeholder/getFile/20240313124234t-r0000183749,2024-03-13T08:42:34.047Z,2025-04-29T11:56:56.486Z
SEBAIL INN HOTEL,SEBAIL INN HOTEL,Baku,"Sebail inn Hotel, Badamdar Shosesi, Baku, Azerbaijan",40.3458052,49.8094875,994556388287,sebailinnhotel.az@gmail.com,,1702784851,,APPROVED,64632ecb25cb923be9db5a94,,No,,,TIMS + azeritour.az,https://azeritour.az/bayil_inn_hotel/,"Hotel Bayil Inn — отель, который расположен в центре города Баку. Местоположение порадует любого туриста, который остановится в данной гостинице. Отель расположен очень близко к побережью Каспийского моря и бакинского бульвара. Гостиница отличается уютом и качественным сервисом. В результате оставит о себе много положительных эмоций. Номера отеля Hotel Bayil Inn Вас ждут эксклюзивные номера с панорамным видом на Каспий и бульвар. Захватывающий ресторан, который порадует Вас блюдами европейской и национальной кухни. Квалифицированный и дружелюбный персонал здесь, чтобы ответить на все ваши вопросы и помогут вам почувствовать атмосферу гостеприимства и комфорта. К Вашим услугам такие номера. Standart Room, Standart Triple Room и Suite Room. Все эти номера имеют превосходный и уникальный вид на море и город.",,,,https://data.tourism.gov.az/proxy/stakeholder/getFile/20230516112043t-r0000108807,2023-05-16T07:20:43.800Z,2025-04-29T11:56:56.486Z
SEVEN HOTEL,SEVEN HOTEL,Baku,"Islam Safarli Street, Baku, Azerbaijan",40.3733607,49.8347516,994125943725,info@seven-hotel.az,,2005102472,,APPROVED,65f3ea42a48294054564e140,,No,,Butik Hotel,TIMS,,,,,,https://data.tourism.gov.az/proxy/stakeholder/getFile/20240315102714t-r0000117440,2024-03-15T06:27:14.578Z,2025-04-29T11:56:56.486Z
SHALİMAR BOUTİQUE HOTEL,SHALİMAR BOUTİQUE HOTEL,Baku,"Shalimar Boutique Hotel Baku, Haji Zeynalabdin Taghiyev Street, Baku, Azerbaijan",40.3693001,49.8397689,994554310000,shalimarboutiquehotelbaku@gmail.com,,1202080081,,APPROVED,64b799e3c29cd31ed9782049,,No,,,TIMS,,,,,,https://data.tourism.gov.az/proxy/stakeholder/getFile/20230719120801t-r0000196923,2023-07-19T08:08:03.011Z,2025-04-29T11:56:56.486Z
SKY HOTEL,SKY HOTEL,Baku,"40b Əhməd Rəcəbli, Nərimanov, Bakı, Azerbaijan",40.4092489,49.8643136,994552526246,consulting.ab.group@gmail.com,,1307391561,,APPROVED,64c3a314c29cd31ed9783cb1,,No,,Şəhər Hoteli,TIMS,,,,,,https://data.tourism.gov.az/proxy/stakeholder/getFile/20230728151428t-r0000142145,2023-07-28T11:14:28.659Z,2025-04-29T11:56:56.486Z
SMİTH HOTEL,SMİTH HOTEL,Baku,1072 BAKI NƏRİMANOV RAYONU KOROĞLU RIHİMOV EV 22 C,40.408915,49.8917156,994124657576,info@smithhotel.az,,2601590202,,APPROVED,6461fcb09bff11407fb69516,,No,,Şəhər Hoteli,TIMS,,,,,,https://data.tourism.gov.az/proxy/stakeholder/getFile/20230515133440t-r0000141647,2023-05-15T09:34:40.849Z,2025-04-29T11:56:56.486Z
SOLO HOTEL,SOLO HOTEL,Baku,"Mərdanov Qardaşları, Baku, Azerbaijan",40.372936,49.8403439,994125984444,consulting.ab.group@gmail.com,,8200396422,,APPROVED,65d5a34eac6a950c2ed2183d,,No,,Qonaq evi,TIMS,,,,,,https://data.tourism.gov.az/proxy/stakeholder/getFile/20240221111629t-r0000122196,2024-02-21T07:16:30.118Z,2025-04-29T11:56:56.486Z
SUN RİCE OTEL,SUN RİCE OTEL,Baku,"95 Mammad Araz, Baku, Azerbaijan",40.4068269,49.8446636,994704989595,maqsud14hm014@gmail.com,https://www.instagram.com/sunrisehotelbaku/?hl=en,1004278672,4,APPROVED,64be75d4c29cd31ed9782f42,,No,,Şəhər Hoteli,TIMS + azeritour.az,https://azeritour.az/sunrise_hotel/,"SunRise Baku Hotel это четырехзвездочный отель расположенный в центре города Баку. Выделяется гостиница своим классическим дизайном и с прекрасным интерьером. Это один из лучших отелей Баку своего класса. Также можно выделить его местоположение, которое будет по нраву любому гостю. Если вы активные человек и приехали в Баку для отдыха, то до достопримечательностям рукой подать. Совсем рядом находятся бизнес и развлекательные центры, торговые площадки и многое другое. Для удобства вы можете воспользоваться услугой заказа такси.",Oracle OPERA; 1C,website_scan,Oracle OPERA; 1C,https://data.tourism.gov.az/proxy/stakeholder/getFile/20230724170004t-r0000107668,2023-07-24T13:00:04.386Z,2025-04-29T11:56:56.486Z
SUPREME HOTEL,SUPREME HOTEL,Baku,"4 Bashir Bunyadov, Baku, Azerbaijan",40.4268222,49.9360661,994502736578,info@supremehotel.co,,2304839482,,APPROVED,64c36b72c29cd31ed9783a92,3,No,,,TIMS,,,,,,https://data.tourism.gov.az/proxy/stakeholder/getFile/20230728111706t-r0000173375,2023-07-28T07:17:06.188Z,2025-04-29T11:56:56.486Z
SWAN HOTEL,SWAN HOTEL,Baku,"Yasamal, Baku, Azerbaijan",40.3781403,49.8114542,994555822114,svan.hotel2022@gmail.com,,7201324812,,APPROVED,64c645a714f58db1e9884009,,No,,Şəhər Hoteli,TIMS + azeritour.az,https://azeritour.az/swan_hotel_baku,"Swan Hotel — это небольшой отель, расположенный в центре Баку . Гостиница расположена в здании, которое было построено 100 лет тому назад. И оно уже считается историческим памятником. Отель маленький, всего шесть номеров, тут царит уют и спокойствие. Это идеальное место для путешественников, так как до таких исторических памятников Баку рукой подать. Это Старый город, Бакинский бульвар, Дворец Ширваншахов , Девичья башня .",,,,https://data.tourism.gov.az/proxy/stakeholder/getFile/20230515093329t-r0000108953,2023-07-30T11:12:39.549Z,2025-04-29T11:56:56.486Z
Safran Hotel,Safran Hotel,Baku,"Ceyhun Hacıbəyli, Baku, Azerbaijan",40.3897317,49.8466783,994125640558,info@safranhotel.az,,1505792332,,APPROVED,647efce786e1d939b700f126,,No,,Şəhər Hoteli,TIMS + azeritour.az,https://azeritour.az/safran_hotel_baku,"Safran Hotel Baku — отель, расположен на территории под названием «Гянджлик». В нескольких минутах ходьбы от одноименного метро, также рядом находится стадион имени Тофика Бахрамова. Удачное расположение отеля делает его еще привлекательнее, так как до международного аэропорта всего 25 км, и в 5 км от центра Баку. В данном отеле будет комфортно как туристу так и для бизнесмена, для этого администрация создало все условия.",,,,https://data.tourism.gov.az/proxy/stakeholder/getFile/20230606133119t-r0000105972,2023-06-06T09:31:19.802Z,2025-04-29T11:56:56.486Z
Sahil inn Hotel,Sahil inn Hotel,Baku,"Bülbül Prospekti, Baku, Azerbaijan",40.375702,49.8429838,994125982042,delyajabarova@gmail.com,,1702256731,,APPROVED,65dda571e4f5ddcab3cd780a,,No,,,TIMS,,,,,,https://data.tourism.gov.az/proxy/stakeholder/getFile/20240227130345t-r0000130479,2024-02-27T09:03:45.856Z,2025-04-29T11:56:56.486Z
Sands of Time Hotel,Sands of Time Hotel,Baku,Baku 8 ci qala donge 30,40.40926169999999,49.8670924,994506808077,sandsoftimehotel@gmail.com,https://sandsoftime.az/,1404604522,,APPROVED,65f2d77d28b53d1e386ff8e7,,No,,Butik Hotel,TIMS,,,1C,website_scan,1C,https://data.tourism.gov.az/proxy/stakeholder/getFile/20240313113853t-r0000154837,2024-03-14T10:54:53.704Z,2025-04-29T11:56:56.486Z
Sapphire Bayil,Sapphire Bayil,Baku,"Mikayil Useynov küç., 3, Bakı, Azərbaycan AZ1003",40.3460192,49.8385909,994512076342,info.bayil@sapphire.az,https://www.sapphire.az/az/hotels/bayil,1701822021,,APPROVED,64c26cdb14f58db1e987e64e,,No,,Şəhər Hoteli,TIMS,,,,,,https://data.tourism.gov.az/proxy/stakeholder/getFile/20230523121019t-r0000114734,2023-07-27T13:10:51.547Z,2025-04-29T11:56:56.486Z
Sapphire City,Sapphire City,Baku,"Nizami küçəsi 64, Bakı, Azərbaycan. AZ1095",40.3722062,49.837733,994512076322,info.city@sapphire.az,https://www.sapphire.az/az/hotels/city,1701822021,,APPROVED,646c77a59bff11407fb6b58e,,No,,Şəhər Hoteli,TIMS,,,,,,https://data.tourism.gov.az/proxy/stakeholder/getFile/20230523122157t-r0000167779,2023-05-23T08:21:57.111Z,2025-04-29T11:56:56.486Z
Sapphire Inn,Sapphire Inn,Baku,"Həsən Abdullayev küçəsi 5, Bakı, Azərbaycan AZ1014",40.40926169999999,49.8670924,994512076332,info.inn@sapphire.az,https://www.sapphire.az/az/hotels/inn,1701822021,,APPROVED,646c7e88f50cc1c77dd69658,,No,,Şəhər Hoteli,TIMS,,,,,,https://data.tourism.gov.az/proxy/stakeholder/getFile/20230523124445t-r0000111948,2023-05-23T08:51:20.901Z,2025-04-29T11:56:56.486Z
Sapphire Marine,Sapphire Marine,Baku,"Namiq Quliyev, Bakı, Azərbaycan",40.3054469,49.8238024,994512076352,info.marine@sapphire.az,https://www.sapphire.az/az/hotels/marine,1701822021,,APPROVED,646c8185f50cc1c77dd69e86,,No,,,TIMS,,,,,,https://data.tourism.gov.az/proxy/stakeholder/getFile/20230523115511t-r0000190117,2023-05-23T09:04:05.861Z,2025-04-29T11:56:56.486Z
Sea Pearl Hotel,Sea Pearl Hotel,Baku,"Sea Pearl Hotel, Badamdar Shosesi, Baku, Azerbaijan",40.33438719999999,49.8103081,994552457844,Sarxan_Rasulov@mail.ru,,1405726361,,APPROVED,66058604e4f5ddcab3cd9e64,,No,,Şəhər Hoteli,TIMS,,,,,,https://data.tourism.gov.az/proxy/stakeholder/getFile/20240328190020t-r0000191529,2024-03-28T15:00:20.742Z,2025-04-29T11:56:56.486Z
Secret Hotel,Secret Hotel,Baku,"86b Ziya Bünyadov, Baku, Azerbaijan",40.4150838,49.8569238,994705630913,secret111@gmail.com,,3600084622,,APPROVED,65f84d08e4f5ddcab3cd965e,4,No,,,TIMS,,,,,,https://data.tourism.gov.az/proxy/stakeholder/getFile/20240318181742t-r0000132748,2024-03-18T14:17:44.537Z,2025-04-29T11:56:56.486Z
Seven Beauties,Seven Beauties,Baku,"Seven Beauties Hotel Spa Restaurant, Kichik Qala, Baku, Azerbaijan",40.3674985,49.8335759,994125059360,sevenbeautieshotel@gmail.com,,1502385932,,APPROVED,64c8c602c29cd31ed9784976,,No,,,TIMS,,,,,,https://data.tourism.gov.az/proxy/stakeholder/getFile/20230801124450t-r0000127146,2023-08-01T08:44:50.958Z,2025-04-29T11:56:56.486Z
Seven Rooms Boutique Hotel,Seven Rooms Boutique Hotel,Baku,"Icherisheher, Baku, Azerbaijan",40.366267,49.8349644,994125055901,info@sevenrooms.az,https://sevenrooms.az,1701096391,,APPROVED,65f821c6e4f5ddcab3cd934a,,No,,Qonaq evi,TIMS,,,1C,website_scan,1C,https://data.tourism.gov.az/proxy/stakeholder/getFile/20240318151310t-r0000115034,2024-03-18T11:13:10.073Z,2025-04-29T11:56:56.486Z
Shah Palace Hotel,Shah Palace Hotel,Baku,"Shah Palace Hotel, Kichik Qala, Baku, Azerbaijan",40.3680339,49.8363266,994124970405,info@resanthotels.az,https://www.resantgroup.az/,1500613121,,APPROVED,659e31ca376d1197132ae7fd,,No,,,TIMS + azeritour.az,https://azeritour.az/shah_palace_hotel,"Shah Palace Hotel — комфортный бютик в Баку открыл свои двери в историческую часть города Баку, в «Старый город. Архитектура удачно сочетает в себе классические и национальные узоры. Наш отель в Баку роскошно украшен натуральным деревом, мрамором и камнем. Специальная мебель и огни огни добавит чувство, как будто вы переместились в сказку «Тысяча и одна ночь». Shah Palace Hotel предлагает удобства как путешественнику так и для бизнес встреч, для любых целей есть все необходимые условия. Вас ждут комфортабельные номера разных категорий. оздоровительный и СПА центр, конференц зал, плюс достопримечательности Баку совсем рядом. Номера Shah Palace Hotel Shah Palace Hotel предлагает на выбор 35 элегантных номеров, которые идеально подходят для бизнеса или для размещения туристов в Баку. Есть 2 президентских люкса, 3 люкс номера, 2 номера полулюкс, стандарт и французские номера, с захватывающим видом на узкие исторические улицы «Ичери Шехер» (Старый город).",,,,https://data.tourism.gov.az/proxy/stakeholder/getFile/20230523110105t-r0000110228,2024-01-10T05:57:30.655Z,2025-04-29T11:56:56.486Z
Shahdag Mountain Resort,Shahdag Mountain Resort,Baku,"Shahdag Mountain Resort, Qusar, Azerbaijan",41.3217311,48.14856409999999,994123101110,info@shahdag.az,https://www.shahdag.az/,4700664781,B,APPROVED,66bdbbe9e16582eb630936c2,4,No,,Rezort Hotel,TIMS + azeritour.az,https://azeritour.az/shahdag-guba-hotel-spa,Карта сайта,1C,website_scan,1C,https://data.tourism.gov.az/proxy/stakeholder/getFile/20221013145358t-r0000197184,2024-08-15T08:27:21.539Z,2025-04-29T11:56:56.486Z
Sheraton Intourist,Sheraton Intourist,Baku,"Sheraton Baku Intourist, Baku, Azerbaijan",40.3541626,49.8335061,994123103310,central.reservation@absheronhotelgroup.com,https://www.absheronhotelgroup.com/,1402872911,5,APPROVED,65c08a9eac6a950c2ed213e9,5,No,,Şəhər Hoteli,TIMS + azeritour.az + azeritour.az,https://azeritour.az/intoutist_hotel_baku,"Sheraton Baku Airport Hotel — отель, который расположен рядом с международным аэропортом города Баку . Местоположение отеля очень удобное. Всего через несколько минут после приземления в аэропорту, вы окажитесь в шикарном номере отеля. С другой стороны вам не составит труда добраться до делового центра Баку, всего 15 минутах езды на машине и вы окажетесь в центре города. Сам Баку полон достопримечательностями , историческими памятниками, пляжами, огромное количество торговых центров, в которых вы найдете сувениры для близких. Шератон это первый отель в Баку принадлежащий сети Starwood Hotels and Resorts. Отель Sheraton Baku Airport Hotel расположенный в Баку имеет 205 номеров, включая 9 роскошных и шикарных люкс номеров. Есть огромное количество кафе, бар и ресторанов. Ресторан Flavours накормит вас блюдами средиземноморской кухни. Если вы хотите заняться спортом и заняться здоровьем, то загляните в СПА и финтес центр Gazelli. Там предложат массу услуг, включая сауну, парилку, бассейн с подогревом и массу других услуг для восстановления сил. Примите заряд энергией на следующий день.",Oracle OPERA; 1C,website_scan,Oracle OPERA; 1C,https://data.tourism.gov.az/proxy/stakeholder/getFile/20240205111334t-r0000180866,2024-02-05T07:13:34.704Z,2025-04-29T11:56:56.486Z
Sherlock Hotel Baku,Sherlock Hotel Baku,Baku,"Nizami Street, Baku, Azerbaijan",40.3722065,49.8377341,994502518301,welcome@sherlockhotelbaku.com,,1308754032,,APPROVED,660ff565e4f5ddcab3cdac45,,No,,Şəhər Hoteli,TIMS,,,,,,https://data.tourism.gov.az/proxy/stakeholder/getFile/20240405165813t-r0000140222,2024-04-05T12:58:13.725Z,2025-04-29T11:56:56.486Z
Shirvanshah Hotel,Shirvanshah Hotel,Baku,"Bakı şəhəri , Səbail rayonu , Qəsr 1/50",40.3335274,49.8250442,994502633837,info@shirvanshah.az,https://www.facebook.com/Shirvanshahhotelbaku/,1504664231,3,APPROVED,646372849bff11407fb6a060,,No,,Şəhər Hoteli,TIMS + azeritour.az + azeritour.az,https://azeritour.az/zirve_hotel_shahdag,"Shirvan Hotel & SPA расположился в центре города Шемаха , который является одним из древних городов не только Азербайджана. Расстояние от Баку 120 км, высота над уровнем моря 749 метра. Отель хорошо подойдет как туристам так и для бизнес людей. Тут есть все необходимые сервисы, СПА центр, ресторан, конференц-зал и многое другое. Номера отеля Shirvan Hotel & SPA В стоимость входит бесплатный завтрак и использование SPA центра. За дополнительную кровать придется заплатить еще 20 Azn. Гостиница имеет номера как одноместные так и двухместные, разделенные на такие классы как: Standart (одноместный) Junior Suit (одноместный, двухместный) King Suit (одноместный, двухместный)",Oracle OPERA; 1C,website_scan,Oracle OPERA; 1C,https://data.tourism.gov.az/proxy/stakeholder/getFile/20230516160938t-r0000170268,2023-05-16T12:09:40.042Z,2025-04-29T11:56:56.486Z
Sky Inn Guest House,Sky Inn Guest House,Baku,"Milli Aviasiya Akademiyası, Mərdəkan pr, Baku, Azerbaijan",40.4531952,50.0675043,994125565123,i.gurbanov@flyinn.az,https://skyinn.az/,1200177041,,APPROVED,64c1019bc29cd31ed9783433,,No,,"Kottec tipli yerləşmə vasitələri (Kottec, dağ evi, bungalov, chalet)",TIMS,,,,,,https://data.tourism.gov.az/proxy/stakeholder/getFile/20230726152059t-r0000165665,2023-07-26T11:20:59.118Z,2025-04-29T11:56:56.486Z
Soprano,Soprano,Baku,"129/110 Kazim Kazimzade Street, Baku, Azerbaijan",40.37822449999999,49.81865089999999,994553454580,aynur85@mail.ru,https://www.tripadvisor.ru/,2601122152,,APPROVED,6462418a9bff11407fb69ac8,,No,,Qonaq evi,TIMS,,,,,,https://data.tourism.gov.az/proxy/stakeholder/getFile/20230515182826t-r0000167898,2023-05-15T14:28:26.630Z,2025-04-29T11:56:56.486Z
Spring,Spring,Baku,"Novkhani Beach, Novxanı, Azerbaijan",40.5743714,49.7473762,994552223415,springhotel@bk.ru,,1008037931,5,APPROVED,65f93fd0e4f5ddcab3cd9800,,No,,Şəhər Hoteli,TIMS + azeritour.az,https://azeritour.az/spring-hotel/,Карта сайта,,,,https://data.tourism.gov.az/proxy/stakeholder/getFile/20240319113336t-r0000162819,2024-03-19T07:33:36.172Z,2025-04-29T11:56:56.486Z
THE CLOCK TOWER BAKU,THE CLOCK TOWER BAKU,Baku,"Baku, Azerbaijan",40.40926169999999,49.8670924,994555941121,ayxanagayev1989@gmail.com,,1805271962,,APPROVED,65df2e93e4f5ddcab3cd7be8,,No,,Şəhər Hoteli,TIMS,,,,,,https://data.tourism.gov.az/proxy/stakeholder/getFile/20240228170107t-r0000175868,2024-02-28T13:01:07.722Z,2025-04-29T11:56:56.486Z
THEATRUM HOTEL BAKU,THEATRUM HOTEL BAKU,Baku,"Theatrum Hotel Baku, Mardanov brothers, Baku, Azerbaijan",40.3723636,49.8406192,994125255525,info@resanthotels.az,https://www.resantgroup.az/,1500613121,,APPROVED,646c5d849bff11407fb6b4ad,,No,,,TIMS,,,,,,https://data.tourism.gov.az/proxy/stakeholder/getFile/20230523103028t-r0000191197,2023-05-23T06:30:28.255Z,2025-04-29T11:56:56.486Z
Teatro Boutique Hotel,Teatro Boutique Hotel,Baku,"Teatro Boutique Hotel, Ahmad Rajabli, Baku, Azerbaijan",40.4096019,49.86240189999999,994502302212,info@teatrohotel.az,https://teatrohotel.az/,7301961572,,APPROVED,658973e4aef6a5e292fd458d,,No,,,TIMS + azeritour.az + azeritour.az,https://azeritour.az/teatro_butik_hotel/,"Red Roof Boutique Hotel предлагает гостям комфортное размещение в городе Баку. В отеле есть открытый бассейн и великолепный вид на море, и гости могут насладиться отдыхом попивая коктейли в баре отеля.",TravelLine,website_scan,TravelLine,https://data.tourism.gov.az/proxy/stakeholder/getFile/20231225162156t-r0000115107,2023-12-25T12:21:56.100Z,2025-04-29T11:56:56.486Z
Teatro Rooms Hotel,Teatro Rooms Hotel,Baku,"3/12 Əhməd Rəcəbli, Baku, Azerbaijan",40.4030757,49.8685938,994508883100,rooms@teatrohotel.az,https://teatrohotel.az/,1003064072,,APPROVED,6589673dc3b8f0e93fc5f328,,No,,,TIMS,,,TravelLine,website_scan,TravelLine,https://data.tourism.gov.az/proxy/stakeholder/getFile/20231225152757t-r0000102513,2023-12-25T11:27:57.115Z,2025-04-29T11:56:56.486Z
The Landmark Hotel Baku,The Landmark Hotel Baku,Baku,"90a Nizami Street, Baku, Azerbaijan",40.37597900000001,49.851041,994124652000,info@thelandmarkhotel.az,https://www.thelandmarkhotel.az,1700271981,5,APPROVED,63480456bb919d252b030940,,No,,,TIMS + azeritour.az,https://azeritour.az/landmark_hotel,"The Landmark Hotel Baku является многофункциональным комплексом, расположенный в самом сердце делового центра Баку. Это огромный гостинечный комплекс, в котором есть абсолютно все. The Landmark Hotel Baku является сугубо индивидуализированной пятизвездочный бутик-отель, предлагающий номера, люксы и апартаменты. Все номера имеют высокие потолки и обилие естественного света. Панорамные окна открывается на городской пейзаж или на Каспийское море. Каждый номер оформлен в теплых тонах и имеет подлинные произведения азербайджанских художников. В номерах имеется бесплатный высокоскоростной доступ в Интернет и Wi-Fi, большой телевизор с плоским экраном, DVD-плеером и электронным сейфом. Крупногабаритных ванных комнатах есть пол с подогревом, глубокая ванна и отдельная душевая с тропическим душем. Апартаменты имеют площадь 85-100 кв.м., имеется своя кухня, отличный вид на море и город. Услуги отеля The Landmark Hotel Baku Отель был разработан так что бизнес люди будут чувствовать себя как у себя дома. Бесплатное использование компьютеров с доступом в Интернет, печати и сканирования документов доступно в Sky Lobby, бесплатные местные звонки. Гостей по прибытию в номере ждет напиток и свежие ",,,,https://data.tourism.gov.az/proxy/stakeholder/getFile/20221013162806t-r0000134828,2022-10-13T12:28:06.728Z,2025-04-29T11:56:56.486Z
The Merchant Baku,The Merchant Baku,Baku,"4/6 Əziz Əliyev küçəsi, Səbail, Bakı, Azerbaijan",40.367946,49.8378729,994123773901,kenan.mammadov@absheronhotelgroup.com,https://www.themerchantbaku.com/,1404118171,,APPROVED,65cdcf99608f09acc91a92c3,4,No,,Şəhər Hoteli,TIMS,,,1C,website_scan,1C,https://data.tourism.gov.az/proxy/stakeholder/getFile/20230719161657t-r0000155426,2024-02-15T08:47:21.005Z,2025-04-29T11:56:56.486Z
Two Seasons Boutique Hotel,Two Seasons Boutique Hotel,Baku,"5 Sabir Street, Baku, Azerbaijan",40.3671869,49.8355752,994552078090,info@twoseasons.az,,1503315121,,APPROVED,645df1b12356a677c8b6a2b3,,No,,Qonaq evi,TIMS,,,,,,https://data.tourism.gov.az/proxy/stakeholder/getFile/20230511103438t-r0000105321,2023-05-12T07:58:41.505Z,2025-04-29T11:56:56.486Z
TİTANİK HOTEL,TİTANİK HOTEL,Baku,"Baku, Azerbaijan",40.40926169999999,49.8670924,994705668383,ayxanagayev1989@gmail.com,,7000752532,,APPROVED,65df413ce4f5ddcab3cd7c66,,No,,,TIMS,,,,,,https://data.tourism.gov.az/proxy/stakeholder/getFile/20240228182044t-r0000159225,2024-02-28T14:20:44.786Z,2025-04-29T11:56:56.486Z
VEGAS HOTEL,VEGAS HOTEL,Baku,"Baku, Azerbaijan",40.40926169999999,49.8670924,994555656677,ayxanagayev1989@gmail.com,,1305479892,,APPROVED,65df1d50e4f5ddcab3cd7ae8,,No,,,TIMS,,,,,,https://data.tourism.gov.az/proxy/stakeholder/getFile/20240228154728t-r0000145883,2024-02-28T11:47:28.217Z,2025-04-29T11:56:56.486Z
VVHİTE HOTEL,VVHİTE HOTEL,Baku,"Mirali Gashgai, Baku, Azerbaijan",40.3924274,49.8433061,994508908238,Elshenshushayev2812@gmail.com,,2007184481,,APPROVED,661e56eb48ee1347e973fbd9,,No,,Şəhər Hoteli,TIMS,,,,,,https://data.tourism.gov.az/proxy/stakeholder/getFile/20240301155137t-r0000182712,2024-04-16T10:46:03.416Z,2025-04-29T11:56:56.486Z
Villa Bilgah Boutique Hotel,Villa Bilgah Boutique Hotel,Baku,"Villa Bilgah, Bakı, Azerbaijan",40.5843587,50.0236671,994775007080,hello@villabilgah.az,https://www.villabilgah.az,1301466052,,APPROVED,6697b117d0f3f05189a5914a,,No,,,TIMS,,,1C,website_scan,1C,https://data.tourism.gov.az/proxy/stakeholder/getFile/20240717155503t-r0000134247,2024-07-17T11:55:03.178Z,2025-04-29T11:56:56.486Z
Volga Hotel,Volga Hotel,Baku,"Xəlil Rza Ulutürk, Baku, Azerbaijan",40.4170365,49.9010554,994512446633,fuad.huseynov@astrakhangroup.az,https://astrakhangroup.az,1404098161,,APPROVED,661a788fe4f5ddcab3cdb4ba,,No,,,TIMS,,,1C,website_scan,1C,https://data.tourism.gov.az/proxy/stakeholder/getFile/20240413162031t-r0000197641,2024-04-13T12:20:31.083Z,2025-04-29T11:56:56.486Z
VİLLA İNN HOTEL,VİLLA İNN HOTEL,Baku,"Ceyhun Hacıbəyli, Baku, Azerbaijan",40.3897317,49.8466783,994558317575,villainnhotelbaku@gmail.com,,1805344102,,APPROVED,6461d5109bff11407fb6932f,,No,,Şəhər Hoteli,TIMS,,,,,,https://data.tourism.gov.az/proxy/stakeholder/getFile/20230515104536t-r0000172079,2023-05-15T06:45:36.437Z,2025-04-29T11:56:56.486Z
WYNDHAM GARDEN BAKU,WYNDHAM GARDEN BAKU,Baku,"Mikayıl Əliyev küçəsi, Baku, Azerbaijan",40.4301671,49.8503319,994125261515,azpetrol@azpetrol.com,https://azpetrol.az,1700166231,,APPROVED,65aa3961e7af87e577590432,,No,,Şəhər Hoteli,TIMS,,,1C,website_scan,1C,https://data.tourism.gov.az/proxy/stakeholder/getFile/20240108162353t-r0000184672,2024-01-19T08:57:05.555Z,2025-10-28T06:36:56.269Z
West Shine Hotel,West Shine Hotel,Baku,"Əhməd Rəcəbli, Baku, Azerbaijan",40.4088765,49.8641605,994554558242,sales@westshinehotel.com,https://westshinehotel.com/,1503845101,,APPROVED,694a94460c4c32bd4c511ed7,3,No,,Şəhər Hoteli,TIMS,,,1C,website_scan,1C,https://data.tourism.gov.az/proxy/stakeholder/getFile/20240307125451t-r0000139280,2025-12-23T13:08:22.841Z,2025-12-23T13:11:43.201Z
West inn Hotel Baku,West inn Hotel Baku,Baku,"12 Boyuk Qala, Baku, Azerbaijan",40.3658702,49.8357615,994107109919,westinnhotelbaku@gmail.com,,1700301672,,APPROVED,65802b7b84147ef39f3c0d1d,,No,,,TIMS,,,,,,https://data.tourism.gov.az/proxy/stakeholder/getFile/20231218152230t-r0000197247,2023-12-18T11:22:35.801Z,2025-04-29T11:56:56.486Z
White Boutique Hotel,White Boutique Hotel,Baku,"Nizami Street, Baku, Azerbaijan",40.3722065,49.8377341,994998151410,-boutiquehotelwhite@gmail.com,,7501033112,,APPROVED,64d2217e14f58db1e98932ca,,No,,,TIMS,,,,,,https://data.tourism.gov.az/proxy/stakeholder/getFile/20230515134724t-r0000130864,2023-08-08T11:05:34.770Z,2025-04-29T11:56:56.486Z
Wyndham Baku Hotel,Wyndham Baku Hotel,Baku,"Wyndham Baku, Alaskar Gayibov Street, Baku, Azerbaijan",40.41949930000001,49.8780712,994125670077,info@resanthotels.az,https://www.resantgroup.az/,1500613121,,APPROVED,646c67129bff11407fb6b510,,No,,,TIMS,,,,,,https://data.tourism.gov.az/proxy/stakeholder/getFile/20230523111114t-r0000178075,2023-05-23T07:11:14.086Z,2025-04-29T11:56:56.486Z
WİNTER PARK HOTEL BAKU,WİNTER PARK HOTEL BAKU,Baku,"Azer Əliyev, Azar Aliyev, Baku, Azerbaijan",40.398077,49.823767,994125999199,reservation@winterparkhotel.net,,1000599681,,APPROVED,65d4a0f5ac6a950c2ed21825,4,No,,,TIMS + azeritour.az,https://azeritour.az/winter_park_hotel_baku,"Winter Park Hotel Baku — расположение отеля, концепция и дизайн, предлагая престижный отдых и имеет сочетание социальных объектов, таких как роскошные номера, конференц-залы, ресторан и бар. Отель расположен в одном из самых экономически, социальных и культурных развитых районов города Баку. Расположение отеля обеспечивает прямой доступ ко всем деловым районам столицы. Здание было построено с учетом всех международных спецификаций.",,,,https://data.tourism.gov.az/proxy/stakeholder/getFile/20240220165413t-r0000101291,2024-02-20T12:54:13.245Z,2025-04-29T11:56:56.486Z
XƏZƏR İNCİ OTEL,XƏZƏR İNCİ OTEL,Baku,"Khazar Inji Hotel, Azerbaijan",40.5328599,50.105618,994512079700,info@khazarinji.az,https://khazarinji.az/,2907223992,,APPROVED,65e1a5aee4f5ddcab3cd7dc8,,No,,"Kottec tipli yerləşmə vasitələri (Kottec, dağ evi, bungalov, chalet)",TIMS,,,,,,https://data.tourism.gov.az/proxy/stakeholder/getFile/20240301135350t-r0000107346,2024-03-01T09:53:50.569Z,2025-04-29T11:56:56.486Z
ZAM ZAM HOTEL,ZAM ZAM HOTEL,Baku,"24 Qurban Abbasov, Baku, Azerbaijan",40.3499449,49.8346198,994702189842,ceyhunselimov1997@gmail.com,,1703398882,,APPROVED,6462149e9bff11407fb696a0,,No,,,TIMS,,,,,,https://data.tourism.gov.az/proxy/stakeholder/getFile/20230515151646t-r0000153666,2023-05-15T11:16:46.749Z,2025-04-29T11:56:56.486Z
ZİMMER OTEL,ZİMMER OTEL,Baku,"Tərlan Əliyarbəyov, Baku, Azerbaijan",40.3692683,49.8388382,994555508118,zimmerboutiquehotel@gmail.co,https://zimmerhotelbaku.com/,1905835472,,APPROVED,65f949ede4f5ddcab3cd98be,,No,,Butik Hotel,TIMS,,,1C,website_scan,1C,https://data.tourism.gov.az/proxy/stakeholder/getFile/20240319121645t-r0000125343,2024-03-19T08:16:45.394Z,2025-04-29T11:56:56.486Z
ibis Baku City Hotel,ibis Baku City Hotel,Baku,"64 Xocalı prospekti, Baku, Azerbaijan",40.3828637,49.87504999999999,994124888999,ha1l0@accor.com,https://all.accor.com,1400708631,,APPROVED,65c1cf1de7af87e5775c3a69,3,No,,Şəhər Hoteli,TIMS,,,1C,website_scan,1C,https://data.tourism.gov.az/proxy/stakeholder/getFile/20230510141248t-r0000132423,2024-02-06T06:18:05.963Z,2025-04-29T11:56:56.486Z
liman,liman,Baku,"1 Şeyx Şamil Küçəsi, Səbail, Bakı, Azerbaijan",40.3661365,49.82991639999999,994558567456,limanhotelbaku@gmail.com,,1502315452,,APPROVED,65df059ce4f5ddcab3cd7a87,,No,,Şəhər Hoteli,TIMS,,,,,,https://data.tourism.gov.az/proxy/stakeholder/getFile/20240228140620t-r0000145125,2024-02-28T10:06:20.083Z,2025-04-29T11:56:56.486Z
ÇİNARLI OTEL,ÇİNARLI OTEL,Baku,"Sulutəpə qəsəbəsi, Baku, Azerbaijan",40.4299589,49.77267579999999,994507419494,cinarliotel@gmail.com,,1000844302,,APPROVED,65e966aa28b53d1e386d3f94,,No,,Şəhər Hoteli,TIMS,,,,,,https://data.tourism.gov.az/proxy/stakeholder/getFile/20240302093755t-r0000130172,2024-03-07T07:03:06.567Z,2025-04-29T11:56:56.486Z
İRIS HOTEL,İRIS HOTEL,Baku,"176 Salatin Asgarova, Bakı 1010",40.3826288,49.8483429,994124415353,info@irishotelbaku.com,https://irishotelbaku.com/ru-ru/,1406331381,,APPROVED,652e688ec29cd31ed9786fe8,,No,,Şəhər Hoteli,TIMS + azeritour.az,https://azeritour.az/irshad_hotel,"Irshad hotel — отель, который расположен в центре Баку, в 10 минутах от городского бульвара и достопримечательностям Баку . Местоположение отеля очень удобен как для делового пребывания в городе, или же отдыхая как турист. Гостиница расположена в 25 минутах от международного аэропорта, рядом с Российским и Американским посольствами. Комфортабельные номера, приветливый и дружелюбный персонал, делает отель очень привлекательным для гостей города.",1C,website_scan,1C,https://data.tourism.gov.az/proxy/stakeholder/getFile/20231017145718t-r0000137691,2023-10-17T10:57:18.635Z,2026-02-03T08:11:32.087Z
ŞAH MEHMANXANA,ŞAH MEHMANXANA,Baku,"Binəqədi, Baku, Azerbaijan",40.4742778,49.8255553,994502284411,faridmammadov.e@gmail.com,,1006002882,,APPROVED,64c76f8cc29cd31ed9784320,,No,,,TIMS,,,,,,https://data.tourism.gov.az/proxy/stakeholder/getFile/20230731122340t-r0000186535,2023-07-31T08:23:40.280Z,2025-04-29T11:56:56.486Z
Azpetrol,Azpetrol,Balakən,"Balakan, Azerbaijan",41.7037509,46.4044213,994124886751,azpetrol@azpetrol.com,https://azpetrol.az,1700166231,,APPROVED,646c5b489bff11407fb6b49b,,No,,Qonaq evi,TIMS,,,1C,website_scan,1C,https://data.tourism.gov.az/proxy/stakeholder/getFile/20230523102056t-r0000140925,2023-05-23T06:20:56.462Z,2025-04-29T11:56:56.486Z
Balakən Olimpiya İdman Kompleksi,Balakən Olimpiya İdman Kompleksi,Balakən,"Balakən, Azerbaijan",41.7037509,46.4044213,994707445566,balakenoik@mys.az,,3800303511,,APPROVED,66323585e4f5ddcab3cdd3d1,,No,,Qonaq evi,TIMS,,,,,,https://data.tourism.gov.az/proxy/stakeholder/getFile/20240501162853t-r0000127519,2024-05-01T12:28:53.740Z,2025-04-29T11:56:56.486Z
Mehdi,Mehdi,Balakən,"Balakən, Azerbaijan",41.7037509,46.4044213,994242953589,masteruno315@gmail.com,,3800023871,,APPROVED,6467788c9bff11407fb6b03e,,No,,Hostel,TIMS,,,,,,https://data.tourism.gov.az/proxy/stakeholder/getFile/20230519172428t-r0000182018,2023-05-19T13:24:28.869Z,2025-04-29T11:56:56.486Z
Qubek Hotel,Qubek Hotel,Balakən,"11 Səttar Gözəlov küçəsi, Balakən, Azerbaijan",41.7209098,46.4190183,994704929272,qubek.hotel@mail.ru,,9900077081,,APPROVED,64c3b5ddc29cd31ed9783d82,,No,,Şəhər Hoteli,TIMS,,,,,,https://data.tourism.gov.az/proxy/stakeholder/getFile/20230728163437t-r0000158777,2023-07-28T12:34:37.730Z,2025-04-29T11:56:56.486Z
Azpetrol,Azpetrol,Beyləqan,"Beyləqan-Daşburun Yolu, Shafag, Azerbaijan",39.7858536,47.6411114,994125854104,azpetrol@azpetrol.com,https://azpetrol.az,1700166231,,APPROVED,64670ab59bff11407fb6ac16,,No,,"Kottec tipli yerləşmə vasitələri (Kottec, dağ evi, bungalov, chalet)",TIMS,,,1C,website_scan,1C,https://data.tourism.gov.az/proxy/stakeholder/getFile/20230519093549t-r0000183005,2023-05-19T05:35:49.397Z,2025-04-29T11:56:56.486Z
Baza Hotel Spa,Baza Hotel Spa,Beyləqan,"Baza Hotel & Spa, Mil, Beyləqan, Azerbaijan",39.6466621,47.6921718,994504444606,sadiqnicat527@gmail.com,https://instagram.com/bazahotelspa,3900003292,,APPROVED,65f2ebe8e4f5ddcab3cd8df2,,No,,,TIMS,,,Oracle OPERA; 1C,website_scan,Oracle OPERA; 1C,https://data.tourism.gov.az/proxy/stakeholder/getFile/20240314162200t-r0000181599,2024-03-14T12:22:00.441Z,2025-04-29T11:56:56.486Z
Beyləqan Naftalan Otel,Beyləqan Naftalan Otel,Beyləqan,"Beylagan, Azerbaijan",39.7723073,47.6154166,994506168700,sadiqovvuqar70@mail.ru,,3900234132,,APPROVED,67b029035bf51b32bd0dafc1,,No,,Şəhər Hoteli,TIMS,,,,,,https://data.tourism.gov.az/proxy/stakeholder/getFile/20240314172003t-r0000137842,2025-02-15T05:41:23.649Z,2025-04-29T11:56:56.486Z
Beyləqan Otel,Beyləqan Otel,Beyləqan,"S.İmrəliyev, Beyləqan, Azerbaijan",39.7673767,47.6120478,994517045747,beylaqan_otel@mail.ru,,3900163292,,APPROVED,65eedd3328b53d1e386ddae1,,No,,Şəhər Hoteli,TIMS,,,,,,https://data.tourism.gov.az/proxy/stakeholder/getFile/20240311143011t-r0000156194,2024-03-11T10:30:11.497Z,2025-04-29T11:56:56.486Z
Grand Hotel,Grand Hotel,Beyləqan,"Kral Şadlıq Sarayı, Beyləqan, Azerbaijan",39.7818177,47.63405969999999,994504838389,ziyasafarov09@gmail.com,,3901055402,,APPROVED,66694947e4f5ddcab3cdf1da,,No,,Şəhər Hoteli,TIMS + azeritour.az,https://azeritour.az/grand_hotel_baku,"Grand Hotel Baku расположен в центре города Баку. Местоположение настолько удобное, что рядом находятся деловые и развлекательные центры. Вы будете чувствовать себя как дома, так как Вас примут с высоким качеством сервиса. Пройдясь 10 минутах пешком через Площадь Анефть, ВЫ окажитесь у Приморского Бульвара. Номера и услуги Grand Hotel Baku Вам предложат поселиться в одних из номеров Standart и Junior Suit, которые имеют современный стиль и все необходимое для отдыха. Мини-бар, кондиционер и телевизор. Бар и ресторан Сервис (24 часа) Услуга Laundry Бесплатный интернет Wi-Fi",,,,https://data.tourism.gov.az/proxy/stakeholder/getFile/20240612110751t-r0000190646,2024-06-12T07:07:51.529Z,2025-04-29T11:56:56.486Z
Biləsuvar Olimpiya İdman Kompleksi,Biləsuvar Olimpiya İdman Kompleksi,Biləsuvar,"Biləsuvar Olimpiya Kompleksi, Heydar Aliyev, Bilasuvar, Azerbaijan",39.4430439,48.5464169,994507856010,bilasuvar-oik@mail.ru,,4100320991,,APPROVED,661e5517e4f5ddcab3cdb8ba,,No,,Hostel,TIMS,,,,,,https://data.tourism.gov.az/proxy/stakeholder/getFile/20240416143815t-r0000171653,2024-04-16T10:38:15.397Z,2025-04-29T11:56:56.486Z
Hotel Muğan,Hotel Muğan,Biləsuvar,"45 Heydar Aliyev, Bilasuvar, Azerbaijan",39.4553898,48.5458161,994777114545,hotel.mugan@gmail.com,,4100016661,,APPROVED,64eaf3f8c29cd31ed978598e,,No,,Hostel,TIMS,,,,,,https://data.tourism.gov.az/proxy/stakeholder/getFile/20230827105800t-r0000119583,2023-08-27T06:58:00.847Z,2025-04-29T11:56:56.486Z
Zirvə Hotel,Zirvə Hotel,Biləsuvar,"Zirve Hotel, Heydar Aliyev, Bil@suvar, Biləsuvar, Azerbaijan",39.4445515,48.5475567,994777214643,ilqar.amanov71@mail.ru,,4100883872,,APPROVED,662f589be4f5ddcab3cdccbb,,No,,Şəhər Hoteli,TIMS,,,,,,https://data.tourism.gov.az/proxy/stakeholder/getFile/20240429122147t-r0000163322,2024-04-29T08:21:47.334Z,2025-04-29T11:56:56.486Z
Buta,Buta,Bərdə,"Buta İstirahət Mərkəzi, Qasım bəy Zakir, Barda, Azerbaijan",40.3679689,47.1322153,994202082020,butahotel1@gmail.com,,4000311962,,APPROVED,65f03f83e4f5ddcab3cd8664,,No,,Şəhər Hoteli,TIMS + azeritour.az,https://azeritour.az/buta_hotel_baku,"Buta Hotel — это отель, находится в Баку и имеет отличное местоположение как для бизнесмена так и для туриста. Отель расположен в самом центре Баку, рядом c Дворцом Ширваншахов . Данное местоположение делает его привлекательным, во первых вы почувствуете древний Баку, и в нескольких минутах ходьбы находятся достопримечательности Баку .",,,,https://data.tourism.gov.az/proxy/stakeholder/getFile/20240312154155t-r0000103938,2024-03-12T11:41:55.488Z,2025-04-29T11:56:56.486Z
Bərdə Otel,Bərdə Otel,Bərdə,"Heydər Əliyev Prospekti, Bərdə, Azerbaijan",40.3763665,47.1262824,994507555538,murad.muradov.1972@mail.ru,,4000168421,,APPROVED,6538c69fc29cd31ed97873d1,,No,,Şəhər Hoteli,TIMS,,,,,,https://data.tourism.gov.az/proxy/stakeholder/getFile/20231025114119t-r0000155701,2023-10-25T07:41:19.611Z,2025-04-29T11:56:56.486Z
Günəş Hotel,Günəş Hotel,Bərdə,"Günəş Motel, Bərdə, Azerbaijan",40.4012773,47.1239843,994505627161,misihaciyev82@gmail.com,,4000436652,,APPROVED,6662a9cd84751e9e565c6fe0,,No,,Şəhər Hoteli,TIMS,,,,,,https://data.tourism.gov.az/proxy/stakeholder/getFile/20240607102846t-r0000109464,2024-06-07T06:33:49.469Z,2025-04-29T11:56:56.486Z
Kral otel,Kral otel,Bərdə,"Kral Hotel, Barda, Azerbaijan",40.3717278,47.1327939,994504578634,nurus3675516@mail.ru,,4004062992,,APPROVED,6666b98d84751e9e565ce269,,No,,Hostel,TIMS,,,,,,https://data.tourism.gov.az/proxy/stakeholder/getFile/20240610123005t-r0000132606,2024-06-10T08:30:05.520Z,2025-04-29T11:56:56.486Z
PRİNS,PRİNS,Bərdə,"Bərdə, Azerbaijan",40.3706555,47.1378909,994507204183,medineeliyeva33@gmail.com,,4003477592,,APPROVED,6515127314f58db1e98c7769,,No,,Hostel,TIMS,,,,,,https://data.tourism.gov.az/proxy/stakeholder/getFile/20230927113952t-r0000143998,2023-09-28T05:43:15.846Z,2025-04-29T11:56:56.486Z
Qarabağ Hotel,Qarabağ Hotel,Bərdə,"Qarabag otel, Yevlax-Bərdə-Ağdam Yolu, Barda, Azerbaijan",40.3817634,47.135091,994505447007,6honeygain@gmail.com,,4003746482,,APPROVED,6666c1a8e4f5ddcab3cdf005,,No,,Şəhər Hoteli,TIMS,,,,,,https://data.tourism.gov.az/proxy/stakeholder/getFile/20240610130440t-r0000102303,2024-06-10T09:04:40.550Z,2025-04-29T11:56:56.486Z
Cəlilabad Olimpiya İdman Kompleksi,Cəlilabad Olimpiya İdman Kompleksi,Cəlilabad,"Cəlilabad Olimpiya İdman Kompleksi, Алят-Астара-граница с Ираном, Jelilabad, Azerbaijan",39.231882,48.5180081,994506685611,celilabadoik@gmail.com,,8301107011,,APPROVED,661e63bce4f5ddcab3cdb915,,No,,Şəhər Hoteli,TIMS,,,,,,https://data.tourism.gov.az/proxy/stakeholder/getFile/20240416154044t-r0000109406,2024-04-16T11:40:44.266Z,2025-04-29T11:56:56.486Z
Cənub Naftalan Sağlamlıq və istirahət mərkəzi MMC,Cənub Naftalan Sağlamlıq və istirahət mərkəzi MMC,Cəlilabad,"Hotel-Cəlilabad, Jelilabad, Azerbaijan",39.2092084,48.5043138,994505165257,elnurmammadoff1@gmail.com,,8300007321,,APPROVED,6628fb3869944a1075bd9472,,No,,,TIMS,,,,,,https://data.tourism.gov.az/proxy/stakeholder/getFile/20240131102538t-r0000148137,2024-04-24T12:29:44.715Z,2025-04-29T11:56:56.486Z
Daşkəsən GTİM,Daşkəsən GTİM,Daşkəsən,"Khoshbulag, Azerbaijan",40.4559483,46.0291035,994559699600,elkhan682@gmail.com,,4900175151,,APPROVED,6555c8b7c77bbf46b8c59fcc,,No,,Şəhər Hoteli,TIMS,,,,,,https://data.tourism.gov.az/proxy/stakeholder/getFile/20231116114559t-r0000133662,2023-11-16T07:45:59.178Z,2025-04-29T11:56:56.486Z
KƏRƏMLİ  Hotel,KƏRƏMLİ  Hotel,Daşkəsən,"Bayan, Daşkəsən, Azerbaijan",40.5550232,46.1498216,994553560756,keremliotel@gmail.com,https://www.keremliotel.az,2301653562,,APPROVED,6662c37ae4f5ddcab3cdedc1,,No,,Şəhər Hoteli,TIMS,,,,,,https://data.tourism.gov.az/proxy/stakeholder/getFile/20240607122322t-r0000163886,2024-06-07T08:23:22.569Z,2025-04-29T11:56:56.486Z
Versal otel,Versal otel,Daşkəsən,"Daşkəsən rayonu, Azerbaijan",40.4225174,46.0073362,994708705656,Versalotel@mail.ru,https://www.Versalotel.az,4900522172,,APPROVED,65a1386dac6a950c2ed2045e,,No,,Şəhər Hoteli,TIMS,,,,,,https://data.tourism.gov.az/proxy/stakeholder/getFile/20240112170237t-r0000197513,2024-01-12T13:02:37.517Z,2025-04-29T11:56:56.486Z
Evim Hotel,Evim Hotel,Füzuli,"79 Qurban Namazəliyev Küçəsi, Horadiz, Azerbaijan",39.4502261,47.3313755,994517370019,evim_otel@mail.ru,,7500906732,,APPROVED,65e810b6e4f5ddcab3cd8076,,No,,Şəhər Hoteli,TIMS,,,,,,https://data.tourism.gov.az/proxy/stakeholder/getFile/20240306104406t-r0000188796,2024-03-06T06:44:06.164Z,2025-04-29T11:56:56.486Z
Sənan,Sənan,Füzuli,"Sənan Otel, Arayatlı, Füzuli, Azerbaijan",39.47809549999999,47.3630242,994508340708,senan-otel@mail.ru,,7500566332,,APPROVED,65f2c4fbe4f5ddcab3cd8d21,,No,,Qonaq evi,TIMS,,,,,,https://data.tourism.gov.az/proxy/stakeholder/getFile/20240314133554t-r0000176355,2024-03-14T09:35:55.011Z,2025-04-29T11:56:56.486Z
Zəfər Hotel,Zəfər Hotel,Füzuli,"ZƏFƏR HOTEL, Horadiz, Azerbaijan",39.4455009,47.3456498,994505353300,rauf.zalov82@mail.ru,,7500617382,,APPROVED,6605505ce4f5ddcab3cd9d43,,No,,Şəhər Hoteli,TIMS,,,,,,https://data.tourism.gov.az/proxy/stakeholder/getFile/20240328151124t-r0000169353,2024-03-28T11:11:24.341Z,2025-04-29T11:56:56.486Z
"""BLESS HOTEL COTTAGE""","""BLESS HOTEL COTTAGE""",Gabala,"Qəbələ, Azerbaijan",40.9981633,47.8699826,+994242043858,elsevera.mammadov@gmail.com,https://gabalablesshotel.az/,4402630941,,APPROVED,68fb459810f944d56cfcaed6,,No,,,TIMS,,,1C,website_scan,1C,https://data.tourism.gov.az/proxy/stakeholder/getFile/20251024132336t-r0000111148,2025-10-24T09:23:36.155Z,2025-10-31T06:25:27.126Z
Azərbaycan Udi Ocağı,Azərbaycan Udi Ocağı,Gabala,"Qabala, Azerbaijan",40.9981633,47.8699826,994507762801,anatolijasirov8@gmail.com,,4400642602,,APPROVED,66f5307e2dfbbc7a1411af9c,,No,,"Kottec tipli yerləşmə vasitələri (Kottec, dağ evi, bungalov, chalet)",TIMS,,,,,,https://data.tourism.gov.az/proxy/stakeholder/getFile/20240926135926t-r0000147470,2024-09-26T09:59:27.005Z,2025-04-29T11:56:56.486Z
Bliss Hotel Restaurant Gabala,Bliss Hotel Restaurant Gabala,Gabala,"Qəbələ rayon Vəndam qəsəbəsi, Nohurqishlaq, Azerbaijan",40.9537132,47.9142619,994515849191,rauf.murselli@gmail.com,,4402002242,,APPROVED,660bf2dae4f5ddcab3cda486,,No,,Butik Hotel,TIMS,,,,,,https://data.tourism.gov.az/proxy/stakeholder/getFile/20240402155817t-r0000170347,2024-04-02T11:58:18.020Z,2025-04-29T11:56:56.486Z
Buta qonaq evi,Buta qonaq evi,Gabala,"Qəbələ, Azerbaijan",40.9981633,47.8699826,994502034477,namiqagamirzeyev01@gmail.com,,1400759852,,APPROVED,66e40f0d920d986c2477735f,,No,,"Kottec tipli yerləşmə vasitələri (Kottec, dağ evi, bungalov, chalet)",TIMS,,,,,,https://data.tourism.gov.az/proxy/stakeholder/getFile/20240913140813t-r0000133924,2024-09-13T10:08:13.494Z,2025-04-29T11:56:56.486Z
Cavanşir Otel,Cavanşir Otel,Gabala,"Zərifə Əliyeva adına park, R9، Qəbələ, Azerbaijan",40.9768364,47.8573307,994503200247,cavansirotel@gmail.com,,4400027292,,APPROVED,6644b0dee4f5ddcab3cde136,,No,,Şəhər Hoteli,TIMS,,,,,,https://data.tourism.gov.az/proxy/stakeholder/getFile/20240515165558t-r0000109475,2024-05-15T12:55:58.252Z,2025-04-29T11:56:56.486Z
Chenot Palace Gabala,Chenot Palace Gabala,Gabala,"Chenot Palace Gabala, Azerbaijan",40.9583118,47.8929427,994242054411,reservation@chenotpalacegabala.com,http://www.chenotpalacegabala.com,4401116811,,APPROVED,65a0dc18f2d0ec4af7347447,,No,,,TIMS,,,,,,https://data.tourism.gov.az/proxy/stakeholder/getFile/20221010153522t-r0000130810,2024-01-12T06:28:40.331Z,2025-04-29T11:56:56.486Z
Chenot Palace Gabala,Chenot Palace Gabala,Gabala,"Chenot Palace Gabala, Azerbaijan",40.9583118,47.8929427,994242054411,namig.mammadov@chenotpalacegabala.com,http://www.chenotpalacegabala.com,4401116811,,APPROVED,645cf3082356a677c8b693ec,5,No,,Rezort Hotel,TIMS,,,,,,https://data.tourism.gov.az/proxy/stakeholder/getFile/20221010153522t-r0000130810,2023-05-11T13:52:08.712Z,2025-04-29T11:56:56.486Z
Dream House,Dream House,Gabala,"Vəndam, Qəbələ, Azerbaijan",40.9361418,47.9508455,994506666111,Khayall.hasanov@gmail.com,,1803023862,,APPROVED,64bfcad414f58db1e987954e,,No,,,TIMS,,,,,,https://data.tourism.gov.az/proxy/stakeholder/getFile/20230724121900t-r0000131098,2023-07-25T13:15:00.615Z,2025-04-29T11:56:56.486Z
Fontan Restoran Qəbələ,Fontan Restoran Qəbələ,Gabala,"Elçin Kərimov, Gebele, Azerbaijan",40.9775808,47.8324245,994508225588,info@restoranfontan.az,https://restoranfontan.az/,4401584972,,APPROVED,664227d2e4f5ddcab3cde06c,,No,,Qonaq evi,TIMS,,,,,,https://data.tourism.gov.az/proxy/stakeholder/getFile/20240513184642t-r0000189434,2024-05-13T14:46:42.085Z,2025-04-29T11:56:56.486Z
Gabala Garden Hotel,Gabala Garden Hotel,Gabala,"Elçin Kərimov, Qəbələ, Azerbaijan",40.9775808,47.8324245,994242054350,xalis.agayev@ggh.az,https://gabalagardenhotel.az,4401597022,,APPROVED,65f15bbb28b53d1e386f0beb,,No,,Şəhər Hoteli,TIMS,,,1C,website_scan,1C,https://data.tourism.gov.az/proxy/stakeholder/getFile/20230513144531t-r0000155336,2024-03-13T07:54:35.294Z,2025-04-29T11:56:56.486Z
Gabala Karvansaray Hotel,Gabala Karvansaray Hotel,Gabala,"20 Elçin Kərimov, Gebele, Azerbaijan",40.9697301,47.8334912,+994502892523,gm@gabalakarvansarayhotel.com,https://www.gabalakarvansarayhotel.az/,4402649891,,APPROVED,69313d7010f944d56cfcbb07,,No,,,TIMS,,,1C,website_scan,1C,https://data.tourism.gov.az/proxy/stakeholder/getFile/20251204115112t-r0000176824,2025-12-04T07:51:12.946Z,2025-12-08T13:39:42.828Z
Hill Chalet Hotel&Resort,Hill Chalet Hotel&Resort,Gabala,"Hill Chalet Hotel Gabala, Mikayil Abdullayev küç, Gebele, Azerbaijan",41.0004586,47.8589402,+994503185252,sales@hillchalet.az,https://hillchalet.az/,1702067702,,APPROVED,693fd07110f944d56cfcbe70,,No,,,TIMS,,,1C,website_scan,1C,https://data.tourism.gov.az/proxy/stakeholder/getFile/20251215131009t-r0000142127,2025-12-15T09:10:09.955Z,2025-12-16T05:30:11.282Z
Karvan Hotel,Karvan Hotel,Gabala,Qəbələ Şəhər Həzi Aslanov 47,40.9981633,47.8699826,994552237722,karvanhotel47@gmail.com,,4401292862,,APPROVED,65f824e9e4f5ddcab3cd93f1,,No,,Şəhər Hoteli,TIMS + azeritour.az,https://azeritour.az/karat_inn_hotel_baku,"Karat Inn Hotel Baku — отель, расположен в центре Баку , не далеко от станции метро 28 мая. Рядом есть парк имени Гейдара Алиева и Концертного зала. Пятиэтажный отель расположен в тихом и в чистом районе города. Всего в нескольких минутах ходьбы, доступны основные достопримечательности Баку . Данное местоположение отеля делает его удобным как для туристов так и для бизнесменов.",,,,https://data.tourism.gov.az/proxy/stakeholder/getFile/20240318152633t-r0000139134,2024-03-18T11:26:33.896Z,2025-04-29T11:56:56.486Z
Kaspıa Yeddi Gozel Hotel Gabala,,Gabala,email не будет опубликован,,,,,http://gmpg.org/xfn/11,,3,,,,,,,azeritour.az,https://azeritour.az/qafqaz-yeddi-gozel-resort-hotel,Карта сайта,,,,,,
Kəhran Hotel,Kəhran Hotel,Gabala,"Konqres Mərkəz, Ismayil bay Gutgashinli Road, Qəbələ, Azerbaijan",41.0043925,47.8715341,994505113636,kahranqabala@gmail.com,,4402384732,,APPROVED,66309933e4f5ddcab3cdcd56,,No,,Şəhər Hoteli,TIMS,,,,,,https://data.tourism.gov.az/proxy/stakeholder/getFile/20240430110939t-r0000196418,2024-04-30T07:09:39.193Z,2025-04-29T11:56:56.486Z
Lakeside Hotel&Spa,Lakeside Hotel&Spa,Gabala,"Nohurqışlaq, Azerbaijan",40.9432074,47.8982587,994502473606,info@lakeside.az,https://lakeside.az,1801532172,,APPROVED,660fc5273d479d56fe761636,,No,,Şəhər Hoteli,TIMS,,,,,,https://data.tourism.gov.az/proxy/stakeholder/getFile/20240403123343t-r0000178481,2024-04-05T09:32:23.323Z,2025-04-29T11:56:56.486Z
Myrent,Myrent,Gabala,"Qəbələ, Azerbaijan",40.9981633,47.8699826,994552904045,gabaladeluxe@gmail.com,Http://myrent.az,4401065332,,APPROVED,65f4aa7ce4f5ddcab3cd9153,,No,,,TIMS,,,,,,https://data.tourism.gov.az/proxy/stakeholder/getFile/20240316000722t-r0000117780,2024-03-15T20:07:24.265Z,2025-04-29T11:56:56.486Z
Nohur Hotel,Nohur Hotel,Gabala,"Nohurqışlaq, Azerbaijan",40.9432074,47.8982587,994508020303,nohurgolhotel@gmail.com,,2007079682,,APPROVED,665430f5e4f5ddcab3cde8e5,,No,,"Kottec tipli yerləşmə vasitələri (Kottec, dağ evi, bungalov, chalet)",TIMS,,,,,,https://data.tourism.gov.az/proxy/stakeholder/getFile/20240527110629t-r0000112730,2024-05-27T07:06:29.781Z,2025-04-29T11:56:56.486Z
Qafqaz,Qafqaz,Gabala,"Tufandag Mountain Resort, Duruca kəndi, Gebele, Azerbaijan",40.9981633,47.8699826,994123101191,reservations@ghg.az,https://tufandag.com,4401286751,,APPROVED,64770502336901b35e3d41db,,No,,,TIMS,,,1C,website_scan,1C,https://data.tourism.gov.az/proxy/stakeholder/getFile/20230531122746t-r0000100703,2023-05-31T08:27:46.539Z,2025-04-29T11:56:56.486Z
Qafqaz Resort Hotel,Qafqaz Resort Hotel,Gabala,"İsmayıl bəy Qutqaşınlı, Gebele, Qabala, Azerbaijan",40.997151,47.8753846,994123101191,rasul.murasgulov@ghg.az,,4401286751,5,APPROVED,66349c28bb33c7f473102106,,No,,Şəhər Hoteli,TIMS + azeritour.az + azeritour.az + azeritour.az,https://azeritour.az/qafqaz_resore_hotel,"Qafqaz Point Hotel это пятизвездочный отель в Баку , который был построен и сдан в эксплуатацию в 2009 году. Местоположение отеля можно считать удачным, до центра города и достопримечательностей Баку рукой подать. Также находится в 15 минутах езды от Международного аэропорта.",,,,https://data.tourism.gov.az/proxy/stakeholder/getFile/20240502160721t-r0000173978,2024-05-03T08:11:20.127Z,2025-04-29T11:56:56.486Z
Qafqaz Riverside Hotel,Qafqaz Riverside Hotel,Gabala,"İsmayıl Bəy Qutqaşınlı, Qəbələ, Azerbaijan",40.997151,47.8753846,994123101191,rasul.murasgulov@ghg.az,,4401286751,5,APPROVED,66338281b9703651848fa372,,No,,Şəhər Hoteli,TIMS + azeritour.az,https://azeritour.az/qafqaz_riverside_hotel,Карта сайта,,,,https://data.tourism.gov.az/proxy/stakeholder/getFile/20240502153635t-r0000184165,2024-05-02T12:09:37.133Z,2025-04-29T11:56:56.486Z
Qafqaz Tufandağ Hotel,Qafqaz Tufandağ Hotel,Gabala,"İsmayıl bəy Qutqaşınlı, Gebele, Qabala, Azerbaijan",40.997151,47.8753846,994123101191,rasul.murasgulov@ghg.az,,4401286751,,APPROVED,663498d6bb33c7f473101efd,,No,,,TIMS,,,,,,https://data.tourism.gov.az/proxy/stakeholder/getFile/20240502155932t-r0000147056,2024-05-03T07:57:10.191Z,2025-04-29T11:56:56.486Z
QƏBƏLƏ ATICILIQ KLUBU MMC,QƏBƏLƏ ATICILIQ KLUBU MMC,Gabala,"Bum, Qabala, Azerbaijan",41.0105091,47.775153,994502905080,shooting.club@ghg.az,,1402159311,,APPROVED,65f02be4e4f5ddcab3cd85ad,,No,,Şəhər Hoteli,TIMS,,,,,,https://data.tourism.gov.az/proxy/stakeholder/getFile/20240312141812t-r0000153471,2024-03-12T10:18:12.519Z,2025-04-29T11:56:56.486Z
QƏBƏLƏ OLİMPİYA İDMAN KOMPLEKSİ,QƏBƏLƏ OLİMPİYA İDMAN KOMPLEKSİ,Gabala,"28 May, Qəbələ, Azerbaijan",40.9847073,47.8397672,994519256735,gabala_olimpiya@mail.ru,,4400562611,,APPROVED,66347c56e4f5ddcab3cdd8d2,,No,,"Kottec tipli yerləşmə vasitələri (Kottec, dağ evi, bungalov, chalet)",TIMS,,,,,,https://data.tourism.gov.az/proxy/stakeholder/getFile/20240503095534t-r0000140954,2024-05-03T05:55:34.176Z,2025-04-29T11:56:56.486Z
Qəbələ City Otel,Qəbələ City Otel,Gabala,"Heydər Əliyev, Qəbələ, Azerbaijan",40.9795537,47.8491322,994242054375,sales@cityhotelgabala.com,,4401591052,,APPROVED,65f177db28b53d1e386f24fd,,No,,Şəhər Hoteli,TIMS,,,,,,https://data.tourism.gov.az/proxy/stakeholder/getFile/20230515112934t-r0000187036,2024-03-13T09:54:35.617Z,2025-04-29T11:56:56.486Z
Qəbələ Xanlar Restaurant & Resort,Qəbələ Xanlar Restaurant & Resort,Gabala,"Qəbələ Əyləncə Mərkəzi, I.B.Qutqaşınlı, Gebele, Azerbaijan",40.9747509,47.8434532,994505363634,info@rqabalaxanlar.az,https://qabalaxanlar.az,4400008201,,APPROVED,666803a9e4f5ddcab3cdf113,,No,,"Kottec tipli yerləşmə vasitələri (Kottec, dağ evi, bungalov, chalet)",TIMS,,,,,,https://data.tourism.gov.az/proxy/stakeholder/getFile/20240611115833t-r0000163111,2024-06-11T07:58:33.058Z,2025-04-29T11:56:56.486Z
Qəbələ Yeddi Gözəl Otel,Qəbələ Yeddi Gözəl Otel,Gabala,"Qabala Yeddi Gozel Hotel, Qaramaryam-Ismayilli-Shaki Highway, Qabala, Qəbələ, Azerbaijan",40.95137649999999,47.9275721,994508561677,info@qabalayeddigozelhotel.com,,4400594162,,APPROVED,65f2a9fa28b53d1e386f7eff,,No,,Şəhər Hoteli,TIMS,,,,,,https://data.tourism.gov.az/proxy/stakeholder/getFile/20240313123746t-r0000127581,2024-03-14T07:40:42.090Z,2025-04-29T11:56:56.486Z
Semerana İstirahət Mərkəzi,Semerana İstirahət Mərkəzi,Gabala,"Vəndam, Azerbaijan",40.9361418,47.9508455,994502085059,semeranahotel@gmail.com,,4400248041,,APPROVED,663378b1e4f5ddcab3cdd6db,,No,,"Kottec tipli yerləşmə vasitələri (Kottec, dağ evi, bungalov, chalet)",TIMS,,,,,,https://data.tourism.gov.az/proxy/stakeholder/getFile/20240502152745t-r0000126258,2024-05-02T11:27:45.423Z,2025-04-29T11:56:56.486Z
Thermal Resort Hotel,Thermal Resort Hotel,Gabala,"Qəbələ, Azerbaijan",40.9981633,47.8699826,994513106666,elcin.samadov@hospitalica.az,,4402479022,3,APPROVED,671781862dfbbc7a1411baf8,,No,,Şəhər Hoteli,TIMS + azeritour.az,https://azeritour.az/terrace-hotel-baku/,"Terrace Hotel — трёхзвёздочный отель в Баку . Отель Terrace, состоящий из 10 красиво оформленных номеров, предлагает отличное качество и обслуживание, а также потрясающую террасу с панорамным видом на город Баку. Наши гости, находясь вдали от дома, могут полностью насладиться комфортом, теплом и истинным азербайджанским гостеприимством. Отель расположен в деловом районе Баку, а большинство основных достопримечательностей — в 2,5 км или 10 минутах езды от отеля. Номера отеля Terrace Hotel Номера отеля в Баку приятные, и имеют ряд услуг. К прмиеру, они полностью оснащены мебелью. Также прилагается бесплатный Wi-Fi. Можно отметить трансфер из аэрпорта по вашему запросу. Помимо всего вас ждет бесплатный завтрак и парковка. Комнаты оборудованы персональным кондиционером, спутниковым телевидением, халатом и отдельными балконами. Двухместный номер с отдельным балконом Номер Твин с отдельным балконом Трехместный / семейный номер с отдельным балконом",,,,https://data.tourism.gov.az/proxy/stakeholder/getFile/20241022144214t-r0000171208,2024-10-22T10:42:14.347Z,2025-04-29T11:56:56.486Z
WHITE BOUTIQUE OTEL,WHITE BOUTIQUE OTEL,Gabala,"Qəbələ, Azerbaijan",40.9981633,47.8699826,994508798888,ehmedsefer246@gmail.com,,1506686412,,APPROVED,66d6f32e920d986c2477694f,,No,,Şəhər Hoteli,TIMS,,,,,,https://data.tourism.gov.az/proxy/stakeholder/getFile/20240903152950t-r0000116955,2024-09-03T11:29:50.597Z,2025-04-29T11:56:56.486Z
Xəzər İstirahət Mərkəzi,Xəzər İstirahət Mərkəzi,Gabala,"Vəndam kəndi, Vandam, Azerbaijan",40.966553,47.9509816,994506366484,qebelexezer@gmail.com,,1001692222,,APPROVED,66471550e4f5ddcab3cde1e2,,No,,"Kottec tipli yerləşmə vasitələri (Kottec, dağ evi, bungalov, chalet)",TIMS,,,,,,https://data.tourism.gov.az/proxy/stakeholder/getFile/20240517122904t-r0000195349,2024-05-17T08:29:04.533Z,2025-04-29T11:56:56.486Z
Ətçi Otel Restoran,Ətçi Otel Restoran,Gabala,"Zarağan, Qəbələ, Azerbaijan",40.9381678,47.81303630000001,994517212410,emilehmedov307@gmail.com,,1304510172,,APPROVED,663ddb17e4f5ddcab3cdde25,,No,,"Kottec tipli yerləşmə vasitələri (Kottec, dağ evi, bungalov, chalet)",TIMS,,,,,,https://data.tourism.gov.az/proxy/stakeholder/getFile/20240510123015t-r0000107555,2024-05-10T08:30:15.754Z,2025-04-29T11:56:56.486Z
"""Şəfa İst"" MMC","""Şəfa İst"" MMC",Goranboy,"Cinli Boluslu, Azerbaijan",40.634386,46.8556011,994555655940,isi.mirzeyev15@gmail.com,,6100243901,,APPROVED,65af6cbdac6a950c2ed20a46,,No,,Sanatoriya,TIMS,,,,,,https://data.tourism.gov.az/proxy/stakeholder/getFile/20240123113733t-r0000152698,2024-01-23T07:37:33.337Z,2025-04-29T11:56:56.486Z
Gold Gülüstan,Gold Gülüstan,Goranboy,"GORANBOY yuxari Agcakend, Aşağı Ağcakənd",40.3926282,46.4958391,994516251188,nihad.abisov26@icloud.com,,6101908702,,APPROVED,66c479d3e16582eb63097f90,,No,,"Kottec tipli yerləşmə vasitələri (Kottec, dağ evi, bungalov, chalet)",TIMS,,,,,,https://data.tourism.gov.az/proxy/stakeholder/getFile/20240820151114t-r0000164646,2024-08-20T11:11:15.467Z,2025-04-29T11:56:56.486Z
Goranboy Olimpiya Idman Kompleksi (Hotel),Goranboy Olimpiya Idman Kompleksi (Hotel),Goranboy,"Goranboy, Azerbaijan",40.60731639999999,46.7807131,994707548484,goranboyoik@mys.az,https://mys.gov.az/qurumlar/olimpiya-idman-kompl,6101884561,,APPROVED,64677605f50cc1c77dd5ea73,,No,,Şəhər Hoteli,TIMS,,,,,,https://data.tourism.gov.az/proxy/stakeholder/getFile/20230519171201t-r0000167049,2023-05-19T13:13:41.889Z,2025-04-29T11:56:56.486Z
Piramida Ailəvi İstirahət Mərkəzi,Piramida Ailəvi İstirahət Mərkəzi,Goranboy,Aşağı Ağcakənd,40.4206911,46.5649921,994504293460,farahim83@mail.ru,,8000011952,,APPROVED,65cf0966ac6a950c2ed2174e,,No,,Qonaq evi,TIMS,,,,,,https://data.tourism.gov.az/proxy/stakeholder/getFile/20240216110614t-r0000188781,2024-02-16T07:06:14.355Z,2025-04-29T11:56:56.486Z
Qala Hotel,Qala Hotel,Goranboy,"Heydər Əliyev, Goranboy, Azerbaijan",40.6101031,46.7928316,994504417242,qala_hotel@mail.ru,,6101740481,,APPROVED,65dd86aae4f5ddcab3cd77c9,,No,,Şəhər Hoteli,TIMS,,,,,,https://data.tourism.gov.az/proxy/stakeholder/getFile/20240227105225t-r0000114647,2024-02-27T06:52:26.044Z,2025-04-29T11:56:56.486Z
"""RETRO"" İSTİRAHƏT MƏRKƏZİ","""RETRO"" İSTİRAHƏT MƏRKƏZİ",Guba,"Quba, Azerbaijan",41.3643024,48.5260928,994552127123,retro.holging@gmail.ru,,1701008561,,APPROVED,660d23b3079b57c3c0e0afb2,,No,,,TIMS,,,,,,https://data.tourism.gov.az/proxy/stakeholder/getFile/20240403133859t-r0000162458,2024-04-03T09:38:59.167Z,2025-04-29T11:56:56.486Z
Alfa-M motel,Alfa-M motel,Guba,"Quba, Azerbaijan",41.3643024,48.5260928,+994707220040,zhrbqsmv74@gmail.com,https://www.instagram.com/motel_alfa_m_quba_aze/,4500299012,,APPROVED,696e15bf10f944d56cfce2c4,,No,,,TIMS,,,Oracle OPERA; 1C,website_scan,Oracle OPERA; 1C,https://data.tourism.gov.az/proxy/stakeholder/getFile/20260119153007t-r0000139401,2026-01-19T11:30:07.473Z,2026-01-19T11:35:07.079Z
Almabağı Hotel&Villas,Almabağı Hotel&Villas,Guba,"3 Quba-Qəçrəş yolu, Quba, Azerbaijan",41.335734,48.4024904,994502540501,sales@almabagi.az,https://www.almabagi.az/,4501230232,,APPROVED,66193c989cd7be25efc3c6da,,No,,Şəhər Hoteli,TIMS,,,1C,website_scan,1C,https://data.tourism.gov.az/proxy/stakeholder/getFile/20240412175223t-r0000112550,2024-04-12T13:52:24.492Z,2025-04-29T11:56:56.486Z
Arena Hotel Guba,Arena Hotel Guba,Guba,"Quba, Azerbaijan",41.3643024,48.5260928,+994105501919,javid.seyidov@arenahotels.az,https://arenahotels.az/,1501516911,,APPROVED,697b3a9970a9384c4927ba80,,No,,,TIMS,,,1C,website_scan,1C,https://data.tourism.gov.az/proxy/stakeholder/getFile/20260129144649t-r0000161395,2026-01-29T10:46:49.244Z,2026-01-29T11:20:45.789Z
Aynur Hotel and Restourant,Aynur Hotel and Restourant,Guba,"Aynur Hotel&Restaurant, Quba, Azerbaijan",41.346878,48.45232,994503107973,tahirmuradov.1983@gmail.com,,4500017082,,APPROVED,66683d2684751e9e565d608f,,No,,,TIMS,,,,,,https://data.tourism.gov.az/proxy/stakeholder/getFile/20231002123051t-r0000133174,2024-06-11T12:03:50.333Z,2025-04-29T11:56:56.486Z
Aynur Hotel and Restourant,Aynur Hotel and Restourant,Guba,"Quba-Qəçrəş yolu, Qechresh, Azerbaijan",41.3340662,48.3997116,994506024040,info@aynurresort.com,,4501598772,,APPROVED,6644a014e4f5ddcab3cde120,,No,,Şəhər Hoteli,TIMS,,,,,,https://data.tourism.gov.az/proxy/stakeholder/getFile/20240515154420t-r0000164927,2024-05-15T11:44:20.055Z,2025-04-29T11:56:56.486Z
Aynurqala Resort,Aynurqala Resort,Guba,"Qəçrəş meşəsi (istirahət zonası), Quba, Azerbaijan",41.3465611,48.4495178,994995100011,guba@gmail.com,https://www.instagram.com/aynurqala.resort/,4500175372,,APPROVED,66c439f6920d986c24775cf4,,No,,,TIMS,,,Oracle OPERA; 1C,website_scan,Oracle OPERA; 1C,https://data.tourism.gov.az/proxy/stakeholder/getFile/20240820103846t-r0000136158,2024-08-20T06:38:46.722Z,2025-04-29T11:56:56.486Z
Bərpa Spa Mərkəzi,Bərpa Spa Mərkəzi,Guba,"Heydər Əliyev prospekti, Quba, Azerbaijan",41.3611028,48.5108777,994503134530,berpaspamerkezi@gmail.com,,4502618041,,APPROVED,646215029bff11407fb696b2,,No,,,TIMS,,,,,,https://data.tourism.gov.az/proxy/stakeholder/getFile/20230515151826t-r0000147424,2023-05-15T11:18:26.426Z,2025-04-29T11:56:56.486Z
Dağ havası,Dağ havası,Guba,"Afurca, Quba, Azerbaijan",41.1626111,48.6165726,994708794040,info@daghavasi.com,,4500260422,,APPROVED,66065608e4f5ddcab3cd9ee0,,No,,,TIMS,,,,,,https://data.tourism.gov.az/proxy/stakeholder/getFile/20240329094752t-r0000102923,2024-03-29T05:47:52.691Z,2025-04-29T11:56:56.486Z
GOLD HOTEL QUBA,GOLD HOTEL QUBA,Guba,"9 Fətəlixan küçəsi, Red Village, Quba, Azerbaijan",41.3688713,48.5126714,994516352753,goldhotelquba@gmail.com,,4502343462,,APPROVED,65f1aa6f28b53d1e386f6503,,No,,Şəhər Hoteli,TIMS,,,,,,https://data.tourism.gov.az/proxy/stakeholder/getFile/20240313141005t-r0000110300,2024-03-13T13:30:23.721Z,2025-04-29T11:56:56.486Z
Maajid Quba Hotel,Maajid Quba Hotel,Guba,"Maajid Quba Hotel & Sanatorium, Quba, Azerbaijan",41.27108010000001,48.3313155,994774922120,infoquba@maajidhotel.az,http://www.maajidhotel.az,2001653662,,APPROVED,645e55cd9bff11407fb690d8,,No,,,TIMS,,,,,,https://data.tourism.gov.az/proxy/stakeholder/getFile/20230512190549t-r0000107438,2023-05-12T15:05:49.425Z,2025-04-29T11:56:56.486Z
Macara Village Resort & Lake Park,Macara Village Resort & Lake Park,Guba,"Macara Village Resort, Quba, Azerbaijan",41.305001,48.569308,994123110177,sales@macaraclub.az,https://macaraclub.az/,4501341671,,APPROVED,64b77f9314f58db1e9867300,,No,,Rezort Hotel,TIMS,,,,,,https://data.tourism.gov.az/proxy/stakeholder/getFile/20230718160133t-r0000178613,2023-07-19T06:15:47.317Z,2025-04-29T11:56:56.486Z
Mountain Breeze Resort,Mountain Breeze Resort,Guba,"Qırızdəhnə, Quba, Azerbaijan",41.2375803,48.30498310000001,994519993999,mountain.breeze@mail.com,https://www.instagram.com/mountain_breeze_resort_/,4503092432,,APPROVED,66bdedfd920d986c24775aa7,,No,,Şəhər Hoteli,TIMS,,,Oracle OPERA; 1C,website_scan,Oracle OPERA; 1C,https://data.tourism.gov.az/proxy/stakeholder/getFile/20240815160101t-r0000168711,2024-08-15T12:01:01.420Z,2025-04-29T11:56:56.486Z
Məsdərgah Ailəvi İstirahət Kompleksi,Məsdərgah Ailəvi İstirahət Kompleksi,Guba,"Quba-Qəçrəş yolu, Qechresh, Azerbaijan",41.3340662,48.3997116,994777324040,bayramov.elvir@mail.ru,https://www.instagram.com/mestdargah/,4502737582,,APPROVED,66bdb26c920d986c247758dd,,No,,Şəhər Hoteli,TIMS,,,Oracle OPERA; 1C,website_scan,Oracle OPERA; 1C,https://data.tourism.gov.az/proxy/stakeholder/getFile/20240815114652t-r0000100131,2024-08-15T07:46:52.412Z,2025-04-29T11:56:56.486Z
Nur İstirahət Mərkəzi,Nur İstirahət Mərkəzi,Guba,"Afurca, Azerbaijan",41.1626111,48.6165726,+994703058282,huseynovruslan998@gmail.com,,4503559362,,APPROVED,692999fc71daca78b73a31ad,,No,,,TIMS,,,,,,https://data.tourism.gov.az/proxy/stakeholder/getFile/20251128162008t-r0000171040,2025-11-28T12:47:56.385Z,2025-12-01T05:30:13.560Z
Panoramic Hotel,Panoramic Hotel,Guba,"Qırızdəhnə, Azerbaijan",41.2375803,48.30498310000001,994055588809,sekereliyevsalik029@gmail.com,https://www.instagram.com/panoramic.guba/,4700708952,,APPROVED,66e2a559920d986c247771f1,,No,,Şəhər Hoteli,TIMS,,,Oracle OPERA; 1C,website_scan,Oracle OPERA; 1C,https://data.tourism.gov.az/proxy/stakeholder/getFile/20240912122457t-r0000182408,2024-09-12T08:24:57.808Z,2025-04-29T11:56:56.486Z
Park Orman,Park Orman,Guba,quba qecres yolu,41.3532372,48.4769978,994704400440,rustam.h_1984@mail.ru,,4100313552,,APPROVED,66bc9b55e16582eb63089b31,,No,,,TIMS,,,,,,https://data.tourism.gov.az/proxy/stakeholder/getFile/20240326132359t-r0000146040,2024-08-14T11:56:05.748Z,2025-04-29T11:56:56.486Z
Quba Cənnət Bağı İstirahət Zonası,Quba Cənnət Bağı İstirahət Zonası,Guba,"""CƏNNƏT BAĞI"" Quba istirahət mərkəzi, I Nugadi, Azerbaijan",41.3097064,48.5391865,994502001986,info@cbgroup.az,https://cbgroup.az/az/,7800002431,,APPROVED,652400a9c29cd31ed9786a57,,No,,,TIMS,,,Oracle OPERA,website_scan,Oracle OPERA,https://data.tourism.gov.az/proxy/stakeholder/getFile/20231009173121t-r0000182320,2023-10-09T13:31:21.556Z,2025-04-29T11:56:56.486Z
Quba Palace Hotel,Quba Palace Hotel,Guba,"Əski İqrığ, Azerbaijan",41.3209664,48.5119163,994124043434,info@qubapalace.com,https://qubapalace.com/,1004672541,,APPROVED,6467515de1dabc1a3a62dfe9,,No,,,TIMS,,,1C,website_scan,1C,https://data.tourism.gov.az/proxy/stakeholder/getFile/20221015170345t-r0000136591,2023-05-19T10:37:17.909Z,2025-04-29T11:56:56.486Z
Quba Plaza Restourant and Hotel,Quba Plaza Restourant and Hotel,Guba,"Quba-Qəçrəş yolu, Qechresh, Azerbaijan",41.3340662,48.3997116,994503041090,g2521666@gmail.com,,4503194292,,APPROVED,663b780ae4f5ddcab3cddd41,,No,,Şəhər Hoteli,TIMS,,,,,,https://data.tourism.gov.az/proxy/stakeholder/getFile/20240508170306t-r0000195985,2024-05-08T13:03:06.550Z,2025-04-29T11:56:56.486Z
Quba Vadi Chalet Hotel,Quba Vadi Chalet Hotel,Guba,"Küsnətqazma, Azerbaijan",41.2670876,48.3312529,994706163131,info@qubavadichalet.az,http://qubavadichalet.az/,4501647982,,APPROVED,66e2c8bd4802fe54233c431a,4,No,,,TIMS,,,,,,https://data.tourism.gov.az/proxy/stakeholder/getFile/20230416192803t-r0000176402,2024-09-12T10:55:57.166Z,2025-04-29T11:56:56.486Z
Randevue Hotel and Restaurant,Randevue Hotel and Restaurant,Guba,"Quba, Azerbaijan",41.3643024,48.5260928,994513447230,nagiyevnuru60@gmail.com,https://www.instagram.com/randevue.quba/,5900006172,,APPROVED,6697b0b6d0f3f05189a59134,,No,,Şəhər Hoteli,TIMS,,,Oracle OPERA; 1C,website_scan,Oracle OPERA; 1C,https://data.tourism.gov.az/proxy/stakeholder/getFile/20240717155326t-r0000180037,2024-07-17T11:53:26.687Z,2025-04-29T11:56:56.486Z
River Hotel and Restaurant,River Hotel and Restaurant,Guba,"Quba, Azerbaijan",41.3643024,48.5260928,+994705054040,Manafov.elnur1992@mail.ru,,4502566872,,APPROVED,69317a7710f944d56cfcbb2c,,No,,,TIMS + azeritour.az,https://azeritour.az/regnum-hotel-restaurant,"Regnum Hotel & Restaurant — это курортный отель на берегу моря. Гостиница расположена в городе Сумгайыт , несколько километров от Баку. Лето уже почти на носу, и многие уже начали планировать свой отдых. Таким образом, вы можете забронировать номер в отеле Regnum. Трехэтажный отель расположен в Сумгайыте с 28 номерами. Семь номеров относится к категории Twin, 21 к категории Double. В общем 14 номеров имеет восхитительный вид на море. На первом этаже здания есть ресторан, банкетный зал и конференц-зал. Стоимость номеров колеблется, зависит от панорамы с окон и площади комнат. В цену входит бесплатный завтрак. Во всех номерах есть кондиционер, телевизор с плоским экраном, обогреватель и ванная комната. Услуги Regnum Hotel & Restaurant Отель на побережья моря предлагает множество услуг. Есть детская площадка для ваших малышей. Вы можете посетить ресторан насладиться изысканными блюдами. После насыщенного дня не забудьте заглянуть в бар и заказать разнообразные коктейли. Ресеппш отеля работает круглосуточно. К услугам также относится и аренда велосипедов и автомобилей. И самое главное, Regnum Hotel & Restaurant имеет частный пляж.",,,,https://data.tourism.gov.az/proxy/stakeholder/getFile/20251204161135t-r0000177094,2025-12-04T12:11:35.515Z,2025-12-08T13:36:39.821Z
Soyuq Bulaq İstirahət Mərkəzi,Soyuq Bulaq İstirahət Mərkəzi,Guba,"Qəçrəş meşəsi (istirahət zonası), Quba, Azerbaijan",41.3465611,48.4495178,994506402851,umid035@mail.ru,,4501208742,,APPROVED,663e15cbe4f5ddcab3cdde9c,,No,,Şəhər Hoteli,TIMS,,,,,,https://data.tourism.gov.az/proxy/stakeholder/getFile/20240510164043t-r0000110299,2024-05-10T12:40:43.195Z,2025-04-29T11:56:56.486Z
Uyut Hotel and Restourant,Uyut Hotel and Restourant,Guba,"Quba-Qəçrəş yolu, Qechresh, Azerbaijan",41.3340662,48.3997116,994502057522,sakhavat3@gmai.com,,7000438522,,APPROVED,663b6f84e4f5ddcab3cddd2b,,No,,Şəhər Hoteli,TIMS,,,,,,https://data.tourism.gov.az/proxy/stakeholder/getFile/20240508162644t-r0000115554,2024-05-08T12:26:44.407Z,2025-04-29T11:56:56.486Z
Vələs Garden,Vələs Garden,Guba,"Qəçrəş, Qechresh, Azerbaijan",41.3128125,48.3786875,994504601111,anarhaciyev192@gmail.com,https://www.instagram.com/veles.garden/?hl=en,4501674802,,APPROVED,6527a64f14f58db1e98cf9f5,,No,,Rezort Hotel,TIMS,,,Oracle OPERA; 1C,website_scan,Oracle OPERA; 1C,https://data.tourism.gov.az/proxy/stakeholder/getFile/20231012113858t-r0000188182,2023-10-12T07:54:55.342Z,2025-04-29T11:56:56.486Z
Xınalıq Qonaq Evi,Xınalıq Qonaq Evi,Guba,"Quba, Azerbaijan",41.3643024,48.5260928,994233354445,xinaliqotel@mail.ru,,4500279372,,APPROVED,65128f1fc29cd31ed978626e,,No,,"Kottec tipli yerləşmə vasitələri (Kottec, dağ evi, bungalov, chalet)",TIMS,,,,,,https://data.tourism.gov.az/proxy/stakeholder/getFile/20230926115823t-r0000134053,2023-09-26T07:58:23.362Z,2025-04-29T11:56:56.486Z
ŞAHDAĞ,ŞAHDAĞ,Guba,"66 Yusif Qasımov, Quba, Azerbaijan",41.3623032,48.5027118,994506666033,reception@shahdaghotel.az,https://www.qubasanatorium.az,4500264531,,APPROVED,6937f64d71daca78b73a77c3,,No,,,TIMS,,,,,,https://data.tourism.gov.az/proxy/stakeholder/getFile/20230728152833t-r0000152686,2025-12-09T10:13:33.238Z,2025-12-16T05:29:54.943Z
ŞANE,ŞANE,Guba,"Quba, Azerbaijan",41.3643024,48.5260928,994519616171,vip.arzu.agayeva@mail.ru,,1402755472,,APPROVED,652925fc14f58db1e98d32e2,,No,,,TIMS,,,,,,https://data.tourism.gov.az/proxy/stakeholder/getFile/20231013151123t-r0000154874,2023-10-13T11:11:56.000Z,2025-04-29T11:56:56.486Z
Şah Quba,Şah Quba,Guba,"4 Quba-Qəçrəş yolu, Qechresh, Azerbaijan",41.335734,48.4024904,994999111188,sahquba@gmail.com,,4500600132,,APPROVED,660fde85e4f5ddcab3cdab9a,,No,,Şəhər Hoteli,TIMS + azeritour.az,https://azeritour.az/sane_hotel,"Shane Hotel Quba расположен в одном из живописных регионов Азербайджана, в Городе Губа . Будь то летом или зимой Губа прекрасна, и хочется остаться там навсегда. Данный отель был сдан в эксплуатацию в 2014 году, здание отеля имеет три этажа, в котором 27 комфортабельных номеров. Из которых 11 двухкомнатных (с высоким сервисом) и 16 однокомнатных. Все комнаты обустроены мягкой мебелью, с изысканным дизайном и цветом.",,,,https://data.tourism.gov.az/proxy/stakeholder/getFile/20240405152037t-r0000187236,2024-04-05T11:20:37.237Z,2025-04-29T11:56:56.486Z
Şah Əsəri,Şah Əsəri,Guba,"Küsnət, Quba, Azerbaijan",41.2740208,48.3237605,994503897171,giblaliyeva.turan@hotmail.com,,2701685042,,APPROVED,660e6615e4f5ddcab3cda7f5,,No,,,TIMS,,,,,,https://data.tourism.gov.az/proxy/stakeholder/getFile/20240404123429t-r0000134267,2024-04-04T08:34:29.795Z,2025-04-29T11:56:56.486Z
"""QUSAR GÖL"" RESTORANI","""QUSAR GÖL"" RESTORANI",Gusar,"Qusar, Azerbaijan",41.4266886,48.4345577,994516459520,nizamiibrahimli60@mail.ru,,1502301941,,APPROVED,64ba45f2c29cd31ed978299f,,No,,,TIMS,,,,,,https://data.tourism.gov.az/proxy/stakeholder/getFile/20230721124642t-r0000189080,2023-07-21T08:46:42.673Z,2025-04-29T11:56:56.486Z
"""İLK İNN "" HOTEL","""İLK İNN "" HOTEL",Gusar,"106 Heydər Əliyev, Qusar, Azerbaijan",41.4253953,48.4319845,994508770038,sabina89sultanova@gmail.com,,1406361802,,APPROVED,645e21149bff11407fb68ed4,,No,,,TIMS,,,,,,https://data.tourism.gov.az/proxy/stakeholder/getFile/20230512152052t-r0000129795,2023-05-12T11:20:52.097Z,2025-04-29T11:56:56.486Z
Ahval Otel,Ahval Otel,Gusar,"Ahval, Chilegir, Azerbaijan",41.39353500000001,48.363124,994552058599,baxtiyargasanov@gmail.com,,4701646132,,APPROVED,643c41c6c7a6a5b6924fe35b,,No,,,TIMS,,,,,,https://data.tourism.gov.az/proxy/stakeholder/getFile/20230416224318t-r0000102601,2023-04-16T18:43:18.956Z,2025-04-29T11:56:56.486Z
Arena Otel,Arena Otel,Gusar,"Qusar, Azerbaijan",41.4266886,48.4345577,994515510054,qusar.olimpik@gmail.com,,4700869181,4,APPROVED,66338dcbe4f5ddcab3cdd7fc,,No,,,TIMS + azeritour.az,https://azeritour.az/abu_arena_otel,"Abu Arena hotel не может похвастаться большим числом номеров как к примеру другие гостиницы Баку . Не смотря на это, отличается домашним уютом, качественным сервисом и наличием многими видами развлечений. По истине заслужено гостиница носит статус четырехзвездочного комплекса, так как полностью удовлетворяет данный статус предоставляемыми услугами. Отель находится в нескольких минутах от центра города что делает заведение тихой и спокойной. Тем самым, обеспечивая туристу спокойный отдых. Abu Arena предоставляет постояльцам разные услуги. Есть хорошая возможность для проведения конференций или красочных банкетов. Комнаты отдыха, развлечения, шикарный бильярдный зал, фитнес центр. Предоставляют также и платные услуги, такие как прачечная, охрана, химчистка.",,,,https://data.tourism.gov.az/proxy/stakeholder/getFile/20240502165747t-r0000162616,2024-05-02T12:57:47.780Z,2025-04-29T11:56:56.486Z
Art İstiarhət Mərkəzi,Art İstiarhət Mərkəzi,Gusar,"Qusar, Azerbaijan",41.4266886,48.4345577,994553331929,yagadadashov@gmai.com,,1602327002,,APPROVED,6633938be4f5ddcab3cdd83c,,No,,,TIMS,,,,,,https://data.tourism.gov.az/proxy/stakeholder/getFile/20240502172219t-r0000162217,2024-05-02T13:22:19.665Z,2025-04-29T11:56:56.486Z
Azpetrol,Azpetrol,Gusar,"Samur, Qusar, Azerbaijan",41.63514,48.44011279999999,994233890324,azpetrol@azpetrol.com,https://azpetrol.az,1700166231,,APPROVED,646705a29bff11407fb6abe8,,No,,"Kottec tipli yerləşmə vasitələri (Kottec, dağ evi, bungalov, chalet)",TIMS,,,1C,website_scan,1C,https://data.tourism.gov.az/proxy/stakeholder/getFile/20230519091410t-r0000191904,2023-05-19T05:14:10.624Z,2025-04-29T11:56:56.486Z
CHATEAU QUSAR,CHATEAU QUSAR,Gusar,"Çiləgir, Qusar, Azerbaijan",41.3960212,48.3678412,994470648776,muhasibtest@gmail.com,,1300693241,,APPROVED,66348704e4f5ddcab3cdd94c,,No,,Şəhər Hoteli,TIMS,,,,,,https://data.tourism.gov.az/proxy/stakeholder/getFile/20240503104108t-r0000143648,2024-05-03T06:41:09.002Z,2025-04-29T11:56:56.486Z
Gacha Gooch Forest,Gacha Gooch Forest,Gusar,"Sahil, Qusar, Azerbaijan",41.4205436,48.4275807,+994556520352,qacaquc@gmail.com,https://gacha-gooch.az/,4501212452,,APPROVED,6977594270a9384c4927b6f1,,No,,,TIMS,,,1C,website_scan,1C,https://data.tourism.gov.az/proxy/stakeholder/getFile/20260126160834t-r0000149776,2026-01-26T12:08:34.977Z,2026-01-29T12:03:00.037Z
Hello Qusar,Hello Qusar,Gusar,"Çingiz Qurbanov, Qusar, Azerbaijan",41.40867009999999,48.39621289999999,994502719376,ramil_bagirov85@mail.ru,,2900640972,,APPROVED,660a50ace4f5ddcab3cda1aa,,No,,,TIMS,,,,,,https://data.tourism.gov.az/proxy/stakeholder/getFile/20240401101404t-r0000129687,2024-04-01T06:14:04.429Z,2025-04-29T11:56:56.486Z
Hilltop Hotel,Hilltop Hotel,Gusar,"Qusar, Azerbaijan",41.4266886,48.4345577,+994559069366,narmin.rzayeva.2000@mail.ru,,4701836102,,APPROVED,69a693fa0954c909d510811b,,No,,,TIMS,,,,,,https://data.tourism.gov.az/proxy/stakeholder/getFile/20260303115538t-r0000102949,2026-03-03T07:55:38.601Z,2026-03-12T12:39:16.345Z
"Hotel ""Classic""","Hotel ""Classic""",Gusar,"Qusar, Azerbaijan",41.4266886,48.4345577,994502273020,Classic.hotel.qusar@gmail.com,,4701690462,,APPROVED,64e8e4aec29cd31ed9785935,,No,,,TIMS,,,,,,https://data.tourism.gov.az/proxy/stakeholder/getFile/20230825212814t-r0000109294,2023-08-25T17:28:14.788Z,2025-04-29T11:56:56.486Z
HİLL PARK,HİLL PARK,Gusar,"QUSAR RAYONU, ÇİLƏGİR",41.3960212,48.3678412,+994774500500,inf@hillpark.az,https://hillpark.az/,1501200082,,APPROVED,696a09eb10f944d56cfce0be,,No,,,TIMS,,,1C,website_scan,1C,https://data.tourism.gov.az/proxy/stakeholder/getFile/20260116135035t-r0000110636,2026-01-16T09:50:35.297Z,2026-01-16T13:15:09.336Z
Ladera Resort Qusar,Ladera Resort Qusar,Gusar,"Qusar, Azerbaijan",41.4266886,48.4345577,994505917757,info@ladera.az,,1002050892,,APPROVED,651fc351c29cd31ed978688b,,No,,,TIMS,,,,,,https://data.tourism.gov.az/proxy/stakeholder/getFile/20231006122031t-r0000180706,2023-10-06T08:20:33.152Z,2025-04-29T11:56:56.486Z
Mount Way Hotel,Mount Way Hotel,Gusar,"Zindanmuruq, Qusar, Azerbaijan",41.3296866,48.1888138,994123110151,a.zeynalov@gmail.com,https://www.instagram.com/mountwayqusar/,2007327472,,APPROVED,65f028f9e4f5ddcab3cd8585,,No,,,TIMS,,,Oracle OPERA; 1C,website_scan,Oracle OPERA; 1C,https://data.tourism.gov.az/proxy/stakeholder/getFile/20240312140545t-r0000107762,2024-03-12T10:05:45.529Z,2025-04-29T11:56:56.486Z
OLD TOWN,OLD TOWN,Gusar,"Fakhraddin Musayev Street, Qusar, Azerbaijan",41.4232393,48.4249808,+994554110405,maharramlivusal25@gmail.com,,1501620492,,APPROVED,697dc2885a739acd753ce768,,No,,,TIMS,,,,,,https://data.tourism.gov.az/proxy/stakeholder/getFile/20260131125120t-r0000100886,2026-01-31T08:51:20.877Z,2026-02-02T10:01:28.678Z
PARK CHALET,PARK CHALET,Gusar,"Park Chalet, Shahdag, Autograph Collection, Azerbaijan",41.319593,48.134169,994123102020,zaur.piroglanov@absheronhotelgroup.com,https://www.shahdag.az/az#,1402634221,,APPROVED,64b4f330c29cd31ed97815d3,,No,,,TIMS + azeritour.az,https://azeritour.az/park_chalet_hotel_shahdag,Карта сайта,1C,website_scan,1C,https://data.tourism.gov.az/proxy/stakeholder/getFile/20230717115216t-r0000103620,2023-07-17T07:52:16.371Z,2025-04-29T11:56:56.486Z
PARK QUSAR İSTİRAHƏT MƏRKƏZİ,PARK QUSAR İSTİRAHƏT MƏRKƏZİ,Gusar,"Əniq, Qusar, Azerbaijan",41.3363399,48.2240925,994554243333,Chief.Accountant@deluxeparkqusar.com,,1505502861,,APPROVED,65240416c29cd31ed9786a69,4,No,,,TIMS,,,,,,https://data.tourism.gov.az/proxy/stakeholder/getFile/20231009174558t-r0000195820,2023-10-09T13:45:58.308Z,2025-04-29T11:56:56.486Z
Pik Palace,Pik Palace,Gusar,"Pik Palace, Shahdag, Autograph Collection, Azerbaijan",41.318179,48.135354,994123102010,zaur.piroglanov@absheronhotelgroup.com,https://www.shahdag.az/az,1402634221,,APPROVED,6465d7d29bff11407fb6a822,,No,,,TIMS,,,1C,website_scan,1C,https://data.tourism.gov.az/proxy/stakeholder/getFile/20230518114625t-r0000151921,2023-05-18T07:46:26.007Z,2025-04-29T11:56:56.486Z
Qusar Qala,Qusar Qala,Gusar,"Gusar district, Gayakand village, Azerbaijan",41.4206965,48.1766522,994508900707,qusarqala@gmail.com,,1307768431,,APPROVED,64b100cb14f58db1e985d319,,No,,Rezort Hotel,TIMS,,,,,,https://data.tourism.gov.az/proxy/stakeholder/getFile/20230502102439t-r0000179727,2023-07-14T08:01:15.054Z,2026-01-16T14:34:01.921Z
RIVER VIEW VILLAS,RIVER VIEW VILLAS,Gusar,"Çiləgir, Qusar, Azerbaijan",41.3960212,48.3678412,994999833883,Efshan.Veyselova@Dline.az,,1406258302,,APPROVED,6633969ce4f5ddcab3cdd85f,,No,,,TIMS,,,,,,https://data.tourism.gov.az/proxy/stakeholder/getFile/20240502173524t-r0000177644,2024-05-02T13:35:24.264Z,2025-04-29T11:56:56.486Z
Selena Resort,Selena Resort,Gusar,"Aşıq Nüsrət, Qusar, Azerbaijan",41.4367937,48.4439749,994702691994,selena.resort@gmail.com,,4700919592,,APPROVED,643d0a9cc7a6a5b6924fe389,,No,,,TIMS,,,,,,https://data.tourism.gov.az/proxy/stakeholder/getFile/20230417130012t-r0000111945,2023-04-17T09:00:12.490Z,2025-04-29T11:56:56.486Z
Shahdag Mountain Resort,Shahdag Mountain Resort,Gusar,"Shahdag Mountain Resort, Qusar, Azerbaijan",41.3217311,48.14856409999999,994123101110,info@shahdag.az,https://www.shahdag.az/,4700664781,B,APPROVED,6440fe2615182a7ac0a259b7,,No,,,TIMS,,,1C,website_scan,1C,https://data.tourism.gov.az/proxy/stakeholder/getFile/20221013145358t-r0000197184,2023-04-20T08:56:06.188Z,2026-01-26T07:12:07.342Z
Status Hotel,Status Hotel,Gusar,"6 Qusar-Xudat R-5, Qusar, Azerbaijan",41.4315686,48.4437818,994773353838,statushotel@mail.ru,https://planetofhotels.com/azerbaydzhan/gusar,4700011691,,APPROVED,6526852ac29cd31ed9786b05,,No,,,TIMS,,,,,,https://data.tourism.gov.az/proxy/stakeholder/getFile/20231011152114t-r0000115953,2023-10-11T11:21:14.129Z,2025-04-29T11:56:56.486Z
XUTOROK,XUTOROK,Gusar,"Qusar, Azerbaijan",41.4266886,48.4345577,994507060905,logan-45@mail.ru,,4700714652,,APPROVED,6509464ec29cd31ed978604a,,No,,,TIMS,,,,,,https://data.tourism.gov.az/proxy/stakeholder/getFile/20230919105717t-r0000148977,2023-09-19T06:57:18.027Z,2025-04-29T11:56:56.486Z
Zam Zam Hotel,Zam Zam Hotel,Gusar,"Qusar, Azerbaijan",41.4266886,48.4345577,994775000047,eswa222@mail.ru,,4701541192,,APPROVED,6634d418e4f5ddcab3cddab4,,No,,,TIMS,,,,,,https://data.tourism.gov.az/proxy/stakeholder/getFile/20240503161000t-r0000123326,2024-05-03T12:10:00.584Z,2025-04-29T11:56:56.486Z
ZƏNGƏZUR İSTİRAHƏT MƏRKƏZİ,ZƏNGƏZUR İSTİRAHƏT MƏRKƏZİ,Gusar,"Çiləgir, Qusar, Qusar, Azərbaycan",41.3960212,48.3678412,+994502442400,Resulbabaverdiyev@gmail.com,,2903743732,,APPROVED,69771ce470a9384c4927b6bd,,No,,,TIMS,,,,,,https://data.tourism.gov.az/proxy/stakeholder/getFile/20260126115100t-r0000166607,2026-01-26T07:51:00.832Z,2026-01-26T07:53:58.038Z
Arena Hotel Goygol,Arena Hotel Goygol,Göygöl,"Goygol, Azerbaijan",40.5895257,46.3271378,994556773641,goygol.olympic@gmail.com,,7600387791,,APPROVED,6785115ee07639b4589e2cdd,,No,,Rezort Hotel,TIMS,,,,,,https://data.tourism.gov.az/proxy/stakeholder/getFile/20231115104358t-r0000176584,2025-01-13T13:13:02.136Z,2025-04-29T11:56:56.486Z
AĞRI DAĞ İSTİRAHƏT MƏRKƏZİ,AĞRI DAĞ İSTİRAHƏT MƏRKƏZİ,Göygöl,"Göygöl Rayonu, Azerbaijan",40.5595378,46.3314953,994552528956,agridag@mail.ru,https://www.agrıdag.az,7601204242,,APPROVED,65bccfa5ac6a950c2ed212f3,,No,,,TIMS,,,,,,https://data.tourism.gov.az/proxy/stakeholder/getFile/20240202151901t-r0000159222,2024-02-02T11:19:01.444Z,2025-04-29T11:56:56.486Z
Böyük Aşırım Hotel,Böyük Aşırım Hotel,Göygöl,"Goygol, Azerbaijan",40.5895257,46.3271378,994559135959,boyukashr@gmail.com,https://www.boyukashrm.az,5800445142,,APPROVED,66c867de920d986c24775fe4,,No,,Şəhər Hoteli,TIMS,,,,,,https://data.tourism.gov.az/proxy/stakeholder/getFile/20240823144342t-r0000168848,2024-08-23T10:43:42.848Z,2025-04-29T11:56:56.486Z
CƏNNƏT MƏKAN,CƏNNƏT MƏKAN,Göygöl,"Cennet Mekan, Toghanali, Göygöl, Azerbaijan",40.4428128,46.3306636,994707300003,Zulfurehimov1@gmail.com,https://www.cennetmekan.az,7600697142,,APPROVED,6572f97b38019bc04b2c48eb,,No,,Şəhər Hoteli,TIMS,,,,,,https://data.tourism.gov.az/proxy/stakeholder/getFile/20231208150947t-r0000131829,2023-12-08T11:09:47.516Z,2025-04-29T11:56:56.486Z
Göygöl Lake Resort,Göygöl Lake Resort,Göygöl,"Göygöl Rayonu, Azerbaijan",40.5008523,46.3454855,994512296477,info@goygolresort.az,https://www.goygollake.com,1702564221,,APPROVED,657ac16553a4ef3902a8adff,,No,,Şəhər Hoteli,TIMS,,,,,,https://data.tourism.gov.az/proxy/stakeholder/getFile/20231214124837t-r0000166215,2023-12-14T08:48:37.647Z,2025-04-29T11:56:56.486Z
Helenendorf,Helenendorf,Göygöl,"Göygöl, Azerbaijan",40.5895257,46.3271378,994506046416,www.tamerlan1033@gmail.com,https://www.Helenendorfotelaz,2304432362,,APPROVED,655f0e34a4d31fd91f9e0023,,No,,Şəhər Hoteli,TIMS,,,,,,https://data.tourism.gov.az/proxy/stakeholder/getFile/20231123123252t-r0000178492,2023-11-23T08:32:52.752Z,2025-04-29T11:56:56.486Z
Lukoil motel Balçılı,Lukoil motel Balçılı,Göygöl,"Göygöl Rayonu, Azerbaijan",40.5595378,46.3314953,994502503477,www.Lukoilmotel@gmail.com,https://Lukoilmotel.com,2007898601,,APPROVED,66221b42e4f5ddcab3cdc1c3,,No,,Hostel,TIMS,,,,,,https://data.tourism.gov.az/proxy/stakeholder/getFile/20240419112034t-r0000154371,2024-04-19T07:20:34.712Z,2025-04-29T11:56:56.486Z
Miracle Garden,Miracle Garden,Göygöl,"MİRACLE GARDEN İstirahət Mərkəzi, Toğanalı kəndi, Goygol, Azerbaijan",40.4576344,46.3283006,994702001043,ilkinbayramov022@gmail.com,,1802569542,,APPROVED,66b8d6de920d986c24775812,,No,,,TIMS,,,,,,https://data.tourism.gov.az/proxy/stakeholder/getFile/20240811192102t-r0000188915,2024-08-11T15:21:02.981Z,2025-04-29T11:56:56.486Z
Nağıl Bağı,Nağıl Bağı,Göygöl,"Goygol, Azerbaijan",40.5895257,46.3271378,994502669990,nagilbagi@mail.ru,https://www.nagılbagı.az,7601258372,,APPROVED,65a6658eac6a950c2ed2058f,,No,,,TIMS,,,,,,https://data.tourism.gov.az/proxy/stakeholder/getFile/20240116151630t-r0000130381,2024-01-16T11:16:30.591Z,2025-04-29T11:56:56.486Z
GÖYÇAY OLİMPİYA İDMAN KOMPLEKSİ,GÖYÇAY OLİMPİYA İDMAN KOMPLEKSİ,Göyçay,"Göyçay, Azerbaijan",40.6236168,47.74030339999999,994507946999,goycay.oik@gmail.com,,6000461841,,APPROVED,6634a126e4f5ddcab3cdda1d,,No,,Şəhər Hoteli,TIMS,,,,,,https://data.tourism.gov.az/proxy/stakeholder/getFile/20240503123238t-r0000142446,2024-05-03T08:32:38.422Z,2025-04-29T11:56:56.486Z
NAR TRAVEL MMC,NAR TRAVEL MMC,Göyçay,"Goychay, Azerbaijan",40.6236168,47.74030339999999,994702202411,narhotelfo@yandex.ru,https://narhotel.az/contacts/,6001289291,,APPROVED,65f02e66e4f5ddcab3cd85c4,,No,,Şəhər Hoteli,TIMS,,,,,,https://data.tourism.gov.az/proxy/stakeholder/getFile/20240312142854t-r0000162503,2024-03-12T10:28:54.390Z,2025-04-29T11:56:56.486Z
River Ditch hotel,River Ditch hotel,Göyçay,"Göyçay Rayonu, Azerbaijan",40.6236168,47.74030339999999,994552450756,river_ditch_hotel@mail.ru,,6001699632,,APPROVED,65f1549928b53d1e386ef003,,No,,Şəhər Hoteli,TIMS,,,,,,https://data.tourism.gov.az/proxy/stakeholder/getFile/20240312174141t-r0000129048,2024-03-13T07:24:09.692Z,2025-04-29T11:56:56.486Z
Rəvan S motel,Rəvan S motel,Göyçay,"Göyçay, Azerbaijan",40.6236168,47.74030339999999,994505820101,revans@gmail.com,,6000442862,,APPROVED,6661a2a9e4f5ddcab3cded46,,No,,Şəhər Hoteli,TIMS,,,,,,https://data.tourism.gov.az/proxy/stakeholder/getFile/20240606155105t-r0000179869,2024-06-06T11:51:05.414Z,2025-04-29T11:56:56.486Z
Çinar mehmanxanası,Çinar mehmanxanası,Göyçay,"Göyçay, Azerbaijan",40.6236168,47.74030339999999,994772501727,rehmankhalilov@gmail.com,,2907127132,,APPROVED,66214aa8939c32557028b081,,No,,Şəhər Hoteli,TIMS,,,,,,https://data.tourism.gov.az/proxy/stakeholder/getFile/20240318233726t-r0000104532,2024-04-18T16:30:32.893Z,2025-04-29T11:56:56.486Z
AŞAĞI NARZAN,AŞAĞI NARZAN,Gədəbəy,"Slavyanka, Azerbaijan",40.6570449,45.80875020000001,994503352599,ahiskakalasi@mail.ru,https://narzan.az,5900769652,,APPROVED,66265ffe9e6d00814b808287,,No,,Qonaq evi,TIMS,,,,,,https://data.tourism.gov.az/proxy/stakeholder/getFile/20240422170254t-r0000157412,2024-04-22T13:02:54.407Z,2025-04-29T11:56:56.486Z
Eldorado,Eldorado,Gədəbəy,Azerbaijan,40.143105,47.576927,994552098113,info@ozgedebey.com,https://www.Eldarado.az,5900106061,,APPROVED,655d9d57c77bbf46b8c5a1b9,,No,,Şəhər Hoteli,TIMS + azeritour.az,https://azeritour.az/eldorado_hotel_gedebey,"Eldorado Hotel Gədəbəy это отель расположенный в районе Гедабек , и пропагандирует горный туризм. Гостиница расположена у подножья Малого Кавказского Хребта, и находится 1500 метров над уровнем моря. Для удобства гостей, администрация отеля подготовила все необходимые условия. Не смотря на расположение, отель готов предоставить услуги для бизнес людей, организуя конференц зал для переговоров. Из сервиса можно отметить закрытый и открытый ресторан, бар, спортивный зал, дискотека, бильярдный зал, сауну и развлечения для детей. Номера отеля Eldorado Hotel Gədəbəy Гостиница в Гедабеке предоставляет несколько классов номеров. 1-1-3 комнатные номера представлены: Single, Junior и VIP.",,,,https://data.tourism.gov.az/proxy/stakeholder/getFile/20231122101903t-r0000156822,2023-11-22T06:19:03.192Z,2025-04-29T11:56:56.486Z
Goyce otel,Goyce otel,Gədəbəy,"Gədəbəy, Azerbaijan",40.5699639,45.8106883,994506268050,www.gedebeypaotel@gmail.com,https://www.gedebeygoceoteli.com/,2003468342,,APPROVED,661e76f5e4f5ddcab3cdb964,,No,,Qonaq evi,TIMS,,,,,,https://data.tourism.gov.az/proxy/stakeholder/getFile/20240416170245t-r0000156291,2024-04-16T13:02:45.490Z,2025-04-29T11:56:56.486Z
Knyazli,Knyazli,Gədəbəy,Gədəbəy rayonu Kiçik qaramurad kəndi,40.5545967,45.6698359,994506004303,knyazlihotel@gmail.com,https://knyazli.com,5900933881,,APPROVED,654654c708b71ae6eee74f05,,No,,,TIMS,,,1C,website_scan,1C,https://data.tourism.gov.az/proxy/stakeholder/getFile/20231023152044t-r0000167106,2023-11-04T14:27:19.798Z,2025-04-29T11:56:56.486Z
Meh Otel,Meh Otel,Gədəbəy,"Gədəbəy, Azerbaijan",40.5699639,45.8106883,994513222458,mehhotelslavyanka@gmail.com,https://www.mehotel.az,5900716032,,APPROVED,65b9f902ac6a950c2ed211af,,No,,Şəhər Hoteli,TIMS,,,,,,https://data.tourism.gov.az/proxy/stakeholder/getFile/20240131113842t-r0000188252,2024-01-31T07:38:42.534Z,2025-04-29T11:56:56.486Z
Mehmanxana,Mehmanxana,Gədəbəy,"Gədəbəy, Azerbaijan",40.5699639,45.8106883,994505841500,www.mehmanxana@gmail.com,https://www.Gədəbəymehmanxana.az,5900127981,,APPROVED,657bfefce9727a0043d86487,,No,,Şəhər Hoteli,TIMS,,,,,,https://data.tourism.gov.az/proxy/stakeholder/getFile/20231120162605t-r0000118707,2023-12-15T07:23:40.900Z,2025-04-29T11:56:56.486Z
NARZAN,NARZAN,Gədəbəy,"Gədəbəy Saratovka, Gədəbəy, Gərgər, Azerbaijan",40.5536987,45.7412185,994503085555,Ilknur88@gmail.com,https://www.narzan.com,8503373732,,APPROVED,664f2534e4f5ddcab3cde61b,,No,,,TIMS,,,,,,https://data.tourism.gov.az/proxy/stakeholder/getFile/20240523151500t-r0000183411,2024-05-23T11:15:00.272Z,2025-04-29T11:56:56.486Z
Tursu otel,Tursu otel,Gədəbəy,"Gədəbəy, Azerbaijan",40.5699639,45.8106883,994994503425,turshsu@gmail.com,https://www.turssu.com,1800522972,,APPROVED,661f7c2de4f5ddcab3cdbab7,,No,,Qonaq evi,TIMS,,,,,,https://data.tourism.gov.az/proxy/stakeholder/getFile/20240417113717t-r0000157354,2024-04-17T07:37:17.654Z,2025-04-29T11:56:56.486Z
"""KARVANSARAY"" OTEL","""KARVANSARAY"" OTEL",Gəncə,Gəncə-Yevlax şosesi 2,40.6196638,47.1500324,994502827759,karvan-saray@ya.ru,,2300843731,4,APPROVED,6450ccf36506cef40b9dbd68,,No,,Şəhər Hoteli,TIMS + azeritour.az + azeritour.az,https://azeritour.az/qafqaz_karvansaray_hotel,"Karvansaray Hotel Ganja — четырёхзвёздочный отель, находится в одном из древних городов Азербайджана, в городе Гянджа. До центра Гянджа всего 2 км, в 5 км от гостиницы расположена железнодорожная станция, до аэропорта всего 25 км.",,,,https://data.tourism.gov.az/proxy/stakeholder/getFile/20230502124227t-r0000162885,2023-05-02T08:42:27.138Z,2025-04-29T11:56:56.486Z
Alov otel,Alov otel,Gəncə,"Gence, Azerbaijan",40.6878581,46.3723313,994503352599,alovotel@mail.ru,https://www.Alovotel.az,2302136662,,APPROVED,65bcd701ac6a950c2ed2130d,,No,,,TIMS,,,,,,https://data.tourism.gov.az/proxy/stakeholder/getFile/20240202155025t-r0000188775,2024-02-02T11:50:25.188Z,2025-04-29T11:56:56.486Z
Amin Otel,Amin Otel,Gəncə,"Kapital Bank - Qərb filialı, 2 saylı Gəncə “ASAN xidmət” mərkəzində, Ganja, Azerbaijan",40.6968229,46.3289277,994552442641,kepez1960@mail.ru,https://tourism.gov.az,5900504862,,APPROVED,65706391672a1c529b1197ed,,No,,Şəhər Hoteli,TIMS,,,,,,https://data.tourism.gov.az/proxy/stakeholder/getFile/20231105182242t-r0000165443,2023-12-06T12:05:37.504Z,2025-04-29T11:56:56.486Z
Azpetrol,Azpetrol,Gəncə,"Poçt AZ2001, Ganja, Azerbaijan",40.6898776,46.36592030000001,994222570092,azpetrol@azpetrol.com,https://azpetrol.az,1700166231,,APPROVED,64660e1101ed5490c3af1568,,No,,"Kottec tipli yerləşmə vasitələri (Kottec, dağ evi, bungalov, chalet)",TIMS,,,1C,website_scan,1C,https://data.tourism.gov.az/proxy/stakeholder/getFile/20230518120854t-r0000155173,2023-05-18T11:37:53.911Z,2025-04-29T11:56:56.486Z
Baku Hotel,Baku Hotel,Gəncə,"Gəncə, Azerbaijan",40.6878581,46.3723313,994506983333,u.suleymanova@bakuhotelganja.az,http://bakuhotelganja.az,2305332271,,APPROVED,6571ab8214f9d6f9d6ba1535,3,No,,Şəhər Hoteli,TIMS,,,1C,website_scan,1C,https://data.tourism.gov.az/proxy/stakeholder/getFile/20230502154015t-r0000113736,2023-12-07T11:24:50.775Z,2025-04-29T11:56:56.486Z
Cinema Boutique Hotel,Cinema Boutique Hotel,Gəncə,"Gəncə, Azerbaijan",40.6878581,46.3723313,994554438080,elwansalimov@gmail.com,,2304364862,,APPROVED,646219f425cb923be9db1116,,No,,Şəhər Hoteli,TIMS,,,,,,https://data.tourism.gov.az/proxy/stakeholder/getFile/20230501114225t-r0000121629,2023-05-15T11:39:32.664Z,2025-04-29T11:56:56.486Z
Daşlı Qala Hotel,Daşlı Qala Hotel,Gəncə,"22 Şeyx Bahəddin, Gəncə, Azerbaijan",40.6791166,46.362455,994993138111,www.info@dashligalahotel.az,https://www.dashligalahotel.az,2304306871,,APPROVED,66619f4be4f5ddcab3cded18,,No,,Şəhər Hoteli,TIMS,,,,,,https://data.tourism.gov.az/proxy/stakeholder/getFile/20240606153643t-r0000113669,2024-06-06T11:36:44.005Z,2025-04-29T11:56:56.486Z
Delfin qonaq evi,Delfin qonaq evi,Gəncə,"Gence, Azerbaijan",40.6878581,46.3723313,994518279955,delfinqonaqevi@gmail.com,https://www.delfinqonaqevi.az,6900297442,,APPROVED,66336c84e4f5ddcab3cdd6b0,,No,,"Kottec tipli yerləşmə vasitələri (Kottec, dağ evi, bungalov, chalet)",TIMS,,,,,,https://data.tourism.gov.az/proxy/stakeholder/getFile/20240502143548t-r0000124078,2024-05-02T10:35:48.692Z,2025-04-29T11:56:56.486Z
Deluxe Hotel Ganja,Deluxe Hotel Ganja,Gəncə,"254 Nizami Ganjavi Street, Ganja, Azerbaijan",40.6848768,46.3506276,994503569000,Info@deluxehotelganja.com,https://deluxehotelganja.com/,2305753061,,APPROVED,655b26fac77bbf46b8c5a103,,No,,Şəhər Hoteli,TIMS + azeritour.az + azeritour.az,https://azeritour.az/gence_hotel,"Delux Hotel Ganja — это отель который находится в городе Гянджа, город — история, в котором есть иного исторических памятников. Из года в год в Гянджу стягиваются туристы не только с регионов Азербайджана но и с соседних стран. Отель причисляется к числу роскошным, предлагает большой выбор комфортабельных номеров с стильным дизайном и со всеми услугами.",1C,website_scan,1C,https://data.tourism.gov.az/proxy/stakeholder/getFile/20231120132930t-r0000172036,2023-11-20T09:29:30.291Z,2025-04-29T11:56:56.486Z
ELOTEL,ELOTEL,Gəncə,"126 Uzeyir Hajibeyov, Ganja, Azerbaijan",40.6878581,46.3723313,994557551522,akademu@inbox.ru,Http://Elhotel.com,2300328611,,APPROVED,656f039073ee3e334f17dbcc,,No,,Şəhər Hoteli,TIMS,,,,,,https://data.tourism.gov.az/proxy/stakeholder/getFile/20230505120206t-r0000160037,2023-12-05T11:03:44.466Z,2025-04-29T11:56:56.486Z
Emon hotel,Emon hotel,Gəncə,"Florensiya Ailevi Restoran, Şah İsmayıl Prospekti, Ganja, Azerbaijan",40.6906968,46.3825926,994557932003,www.emonhotel@mail.ru,https://emonhotel.az,2300178851,,APPROVED,6465c9539bff11407fb6a7db,,No,,Şəhər Hoteli,TIMS,,,,,,https://data.tourism.gov.az/proxy/stakeholder/getFile/20230518104435t-r0000106553,2023-05-18T06:44:35.723Z,2025-04-29T11:56:56.486Z
FFF Hostel,FFF Hostel,Gəncə,"Gence, Azerbaijan",40.6878581,46.3723313,994507823646,q.kenana1980@mail.ru,https://www.fffhostel.az,2202171272,,APPROVED,65448945c29cd31ed9787ba9,,No,,Şəhər Hoteli,TIMS,,,,,,https://data.tourism.gov.az/proxy/stakeholder/getFile/20231103094645t-r0000106163,2023-11-03T05:46:45.653Z,2025-04-29T11:56:56.486Z
GENCEHOSTEL2,GENCEHOSTEL2,Gəncə,"Əttarlar, Gəncə, Azerbaijan",40.6808064,46.3675222,994555420219,ganjahostel2@gmail.com,https://www.gencehostel2.com,2302634252,,APPROVED,66275427e4f5ddcab3cdc596,,No,,Hostel,TIMS,,,,,,https://data.tourism.gov.az/proxy/stakeholder/getFile/20240423102439t-r0000189045,2024-04-23T06:24:39.093Z,2025-04-29T11:56:56.486Z
Grandhostel,Grandhostel,Gəncə,"Vəli Xuluflu, Ganja, Azerbaijan",40.6913283,46.3814935,994222550500,grandhostelganja@gmail.com,https://www.qrandqafqazhostel.com,2304144101,,APPROVED,64672d3b9bff11407fb6ac65,,No,,Hostel,TIMS,,,,,,https://data.tourism.gov.az/proxy/stakeholder/getFile/20230519120306t-r0000113022,2023-05-19T08:03:07.489Z,2025-04-29T11:56:56.486Z
GƏNCƏ OLİMPİYA İDMAN KOMPLEKSİ,GƏNCƏ OLİMPİYA İDMAN KOMPLEKSİ,Gəncə,"Gence, Azerbaijan",40.6878581,46.3723313,994556343850,genceox0@gmail.com,https://www.genceidmanaz,2302533571,,APPROVED,65a8cc78ac6a950c2ed2081b,,No,,Hostel,TIMS,,,,,,https://data.tourism.gov.az/proxy/stakeholder/getFile/20240118110008t-r0000144772,2024-01-18T07:00:08.844Z,2025-04-29T11:56:56.486Z
Gəncə Hostel,Gəncə Hostel,Gəncə,"Gəncə Restoranı, Azadliq Avenue, Baku, Azerbaijan",40.4053551,49.8367192,994552558557,kepez1960@mail.ru,https://tourism.gov.az,5900504862,,APPROVED,657062a5672a1c529b1197c4,,No,,Şəhər Hoteli,TIMS,,,,,,https://data.tourism.gov.az/proxy/stakeholder/getFile/20231105173040t-r0000180586,2023-12-06T12:01:41.366Z,2025-04-29T11:56:56.486Z
Gəncə otel,Gəncə otel,Gəncə,"155 Heydər Əliyev prospekti, Baku, Azerbaijan",40.4123404,49.89646,994222565106,info@gancahotel.com,https://gancahotel.com,2300020851,,APPROVED,656f0f05672a1c529b112f99,,No,,Şəhər Hoteli,TIMS,,,,,,https://data.tourism.gov.az/proxy/stakeholder/getFile/20230512113225t-r0000173842,2023-12-05T11:52:37.125Z,2025-04-29T11:56:56.486Z
Hostel,Hostel,Gəncə,"Gəncə, Azerbaijan",40.6878581,46.3723313,+994554894777,farid.hostel.ganja@gmail.com,,2304628302,,APPROVED,688bbc8334e6ed945fdcefb1,,No,,,TIMS,,,,,,https://data.tourism.gov.az/proxy/stakeholder/getFile/20250729163230t-r0000104382,2025-07-31T18:57:07.089Z,2025-10-31T06:23:09.278Z
Imperial Motel,Imperial Motel,Gəncə,imperial gəncə,40.6922355,46.36634859999999,994776177017,sevda.mahmudova.76@mail.ru,https://imperial-ganja.bookeder.com/,2304475632,,APPROVED,65658f2aa4d31fd91f9e0659,,No,,Motel,TIMS,,,,,,https://data.tourism.gov.az/proxy/stakeholder/getFile/20231128105642t-r0000110759,2023-11-28T06:56:42.144Z,2025-04-29T11:56:56.486Z
LEON HOTEL SPA,LEON HOTEL SPA,Gəncə,"Ruziqar Qasimov Kucesi, Ganja, Azerbaijan",40.6862233,46.3627446,994997052020,info@leonhotelganja.com,,2305710501,,APPROVED,687f695034e6ed945fdcc4b8,,No,,Şəhər Hoteli,TIMS,,,,,,https://data.tourism.gov.az/proxy/stakeholder/getFile/20231011155244t-r0000171809,2025-07-22T10:34:56.556Z,2025-10-31T06:35:39.087Z
MY WAY OTEL,MY WAY OTEL,Gəncə,"Gəncə Memorial Hospital, Gəncə, Azerbaijan",40.6833256,46.3852565,994507280701,hotelsmyway@gmail.com,,2305020411,,APPROVED,656ebe2873ee3e334f17d79e,,No,,Şəhər Hoteli,TIMS,,,,,,https://data.tourism.gov.az/proxy/stakeholder/getFile/20231205100736t-r0000112436,2023-12-05T06:07:36.722Z,2025-04-29T11:56:56.486Z
Manqal Hostel,Manqal Hostel,Gəncə,"Gəncə, Azerbaijan",40.6878581,46.3723313,994504229191,Manqalhostel@gmail.com,https://www.Manqalhostel.az,2301019722,,APPROVED,661d1f0b48ee1347e973ba15,,No,,Hostel,TIMS,,,,,,https://data.tourism.gov.az/proxy/stakeholder/getFile/20240123162339t-r0000132332,2024-04-15T12:35:23.858Z,2025-04-29T11:56:56.486Z
Motel,Motel,Gəncə,"Gəncə, Azerbaijan",40.6878581,46.3723313,+994502035566,arif--1967@mail.ru,,2300245152,,APPROVED,68e3620b10f944d56cfca9ae,,No,,,TIMS,,,,,,https://data.tourism.gov.az/proxy/stakeholder/getFile/20251006103035t-r0000166157,2025-10-06T06:30:35.805Z,2025-10-31T06:25:59.323Z
NBUTİK HOTEL,NBUTİK HOTEL,Gəncə,"Mirzə Ələkbər Sabir Küçəsi, Azerbaijan",39.9869263,46.9366002,994777228899,infoguesthouse@mail.ru,,2304323042,4,APPROVED,652d90af14f58db1e98d56cf,,No,,Şəhər Hoteli,TIMS + azeritour.az,https://azeritour.az/aef_hotel,"AEF-Butik Hotel — это уютный четырехзвездочный отель , который расположился в поселке Бадамдар. Здание построено в классическом стиле, имеет пять этажей. Всего 20 номеров, все они уютные, комфортные и предоставляют ряд услуг. AEF Hotel предоставляет ряд услуг. Отель предлагает образцы национальной и международной кухни, свежие напитки и многое другое.",,,,https://data.tourism.gov.az/proxy/stakeholder/getFile/20230513000702t-r0000176217,2023-10-16T19:36:15.288Z,2025-04-29T11:56:56.486Z
Old city ganja,Old city ganja,Gəncə,"Gəncə şəhəri, Ganja, Azerbaijan",40.68795,46.3723626,994503858184,oldcithotelganja@gmail.com,https://www.oldcithotelganja.az,1302316632,,APPROVED,65439ffcc29cd31ed9787b97,,No,,Şəhər Hoteli,TIMS,,,,,,https://data.tourism.gov.az/proxy/stakeholder/getFile/20231102171124t-r0000156170,2023-11-02T13:11:24.832Z,2025-04-29T11:56:56.486Z
Premium Hotel Gəncə,Premium Hotel Gəncə,Gəncə,"Gəncə, Azerbaijan",40.6878581,46.3723313,+994702668002,info@premiumhotel.az,https://premiumhotel.az/,2305185851,,APPROVED,6463daca35d9257678aab3f8,4,No,,Butik Hotel,TIMS,,,Booking.com (OTA listing); 1C,website_scan,Booking.com (OTA listing); 1C,https://data.tourism.gov.az/proxy/stakeholder/getFile/20230502105749t-r0000113370,2023-05-16T19:34:34.373Z,2026-01-12T08:40:22.015Z
QALA HOSTEL,QALA HOSTEL,Gəncə,"Əttarlar, Ganja, Azerbaijan",40.6808064,46.3675222,994559290030,qalahostel@gmail.com,https://qalahostel.az,2304306871,,APPROVED,6464c8d19bff11407fb6a734,,No,,Şəhər Hoteli,TIMS,,,1C,website_scan,1C,https://data.tourism.gov.az/proxy/stakeholder/getFile/20230517163009t-r0000146355,2023-05-17T12:30:09.296Z,2025-04-29T11:56:56.486Z
RAHAT HOSTEL,RAHAT HOSTEL,Gəncə,"Gəncə, Azerbaijan",40.6878581,46.3723313,994107122020,rahathostel20@gmail.com,,2001091332,,APPROVED,6537bc60c29cd31ed9787348,,No,,Hostel,TIMS,,,,,,https://data.tourism.gov.az/proxy/stakeholder/getFile/20231024164520t-r0000114599,2023-10-24T12:45:20.773Z,2025-04-29T11:56:56.486Z
VIS PALM HOTEL,VIS PALM HOTEL,Gəncə,"Gəncə şəhəri, Ş.İ.Xətai prospekti,3-cü mikrorayon,7 №-li binanın cənub-şərq tərəfi",40.3785234,49.9451039,994505440544,info@vispalmhotel.com,,2304972691,,APPROVED,6453d7026506cef40b9dc78f,,No,,Şəhər Hoteli,TIMS,,,,,,https://data.tourism.gov.az/proxy/stakeholder/getFile/20230504200210t-r0000150895,2023-05-04T16:02:10.976Z,2025-04-29T11:56:56.486Z
VM Hostel,VM Hostel,Gəncə,"Cavadxan, Ganja, Azerbaijan",40.6772339,46.3569571,994507932127,vmhostell@gmail.com,,2301012552,,APPROVED,652b028414f58db1e98d4f8f,,No,,,TIMS,,,,,,https://data.tourism.gov.az/proxy/stakeholder/getFile/20230714120344t-r0000193701,2023-10-14T21:05:08.963Z,2025-04-29T11:56:56.486Z
VM Hostel,VM Hostel,Gəncə,"Sota Rustaveli 42, Straseni, Moldova",47.1395257,28.6145613,994507932127,vmhostell@gmail.com,https://vm-hostel.business.site/,2304184981,,APPROVED,645173406506cef40b9dc027,,No,,Hostel,TIMS,,,,,,https://data.tourism.gov.az/proxy/stakeholder/getFile/20230503003200t-r0000158254,2023-05-02T20:32:00.136Z,2025-04-29T11:56:56.486Z
Vego Hotel,Vego Hotel,Gəncə,"Cavad xan küçəsi, Gəncə, Azerbaijan",40.6745044,46.3601969,994502711448,info@vegohotel.com,https://www.vegohotel.com/home.html,2302262281,,APPROVED,6555d33cc77bbf46b8c5a008,,No,,Şəhər Hoteli,TIMS + azeritour.az,https://azeritour.az/vego_hotel,"Vego Hotel Ganja — отель, который находится в городе Гянджа Азербайджанской республики . Гостиница является главным туристическим объектом города. На территории отеля есть ресторан, сауна, турецкая баня, конференц и банкетные залы. Город Гянджа богат достопримечательностями и историческими памятниками, так что туристу будет очень интересно. Номера отеля Vego Hotel Ganja Отель в Гянджа предлагает туристам и бизнесменам 33 комфортабельных номеров. Из них Suit (4), Junior Suit (1), Deluxe (2) и 26 стандартных одноместных и двухместных номеров. Площадь номеров разная, в зависимости от типа, варьируется от 31-65 кв.м. В комнатах есть все необходимое для комфортного пребывания.",1C,website_scan,1C,https://data.tourism.gov.az/proxy/stakeholder/getFile/20231116123052t-r0000192134,2023-11-16T08:30:52.280Z,2025-04-29T11:56:56.486Z
Vego Hotel,Vego Hotel,Gəncə,"38 Cavadxan, Ganja, Azerbaijan",40.6753858,46.3602727,994502711450,info@vegohotel.com,,2304492062,,APPROVED,6464bdae9bff11407fb6a6d1,,No,,,TIMS,,,,,,https://data.tourism.gov.az/proxy/stakeholder/getFile/20230517154238t-r0000114968,2023-05-17T11:42:38.293Z,2025-04-29T11:56:56.486Z
Xəmsə hostel,Xəmsə hostel,Gəncə,"Gence, Azerbaijan",40.6878581,46.3723313,994559932800,xemsehostel@gmail.com,https://www.xemsehostel.az,2305045192,,APPROVED,6634c4960744dc6c769131b7,,No,,Hostel,TIMS,,,,,,https://data.tourism.gov.az/proxy/stakeholder/getFile/20240503150350t-r0000114277,2024-05-03T11:03:50.292Z,2025-04-29T11:56:56.486Z
likoy motel,likoy motel,Gəncə,"Karabakh, Ganja, Azerbaijan",40.6529794,46.3700861,994505995134,www.sariyevismayl165@gmail.com,https://www.Gencemotel.az,5800323922,,APPROVED,65435a0e08b71ae6eee73285,,No,,Şəhər Hoteli,TIMS,,,,,,https://data.tourism.gov.az/proxy/stakeholder/getFile/20231102121115t-r0000166665,2023-11-02T08:13:02.422Z,2025-04-29T11:56:56.486Z
"""Rahat"" istirahət mərkəzi","""Rahat"" istirahət mərkəzi",Khachmaz,"Xaçmaz Rayonu, Azerbaijan",41.481364,48.7825102,994773197575,rahat.otel.nabran@gmail.com,,1400870632,,APPROVED,64b8f2cdc29cd31ed97825c1,,No,,Şəhər Hoteli,TIMS,,,,,,https://data.tourism.gov.az/proxy/stakeholder/getFile/20230720123941t-r0000132332,2023-07-20T08:39:41.973Z,2025-04-29T11:56:56.486Z
"""ULDUZ""  OTEL","""ULDUZ""  OTEL",Khachmaz,"Xaçmaz, Azerbaijan",41.4591168,48.80206260000001,994505930444,kamalazaliyeva@gmail.com,,7700962882,,APPROVED,647e20f186e1d939b700f0d5,,No,,Şəhər Hoteli,TIMS,,,,,,https://data.tourism.gov.az/proxy/stakeholder/getFile/20230605215249t-r0000156658,2023-06-05T17:52:49.312Z,2025-04-29T11:56:56.486Z
Atlant İstirahət Mərkəzi,Atlant İstirahət Mərkəzi,Khachmaz,"Atlant İstirahət Mərkəzi, Khachmaz, Azerbaijan",41.7435842,48.7039112,994502226624,atlant.nabran@gmail.com,https://www.instagram.com/atlant_nabran/,2604714972,,APPROVED,66ec107f920d986c247776ba,,No,,Şəhər Hoteli,TIMS,,,Oracle OPERA; 1C,website_scan,Oracle OPERA; 1C,https://data.tourism.gov.az/proxy/stakeholder/getFile/20240919155231t-r0000147102,2024-09-19T11:52:31.173Z,2025-04-29T11:56:56.486Z
El Faro Hotel,El Faro Hotel,Khachmaz,Nabran,41.7589248,48.6930071,994552259865,info@elfaro.az,http://www.elfaro.az,1504817311,,APPROVED,646cc1719bff11407fb6b770,,No,,Şəhər Hoteli,TIMS,,,,,,https://data.tourism.gov.az/proxy/stakeholder/getFile/20230523173649t-r0000169349,2023-05-23T13:36:49.225Z,2025-04-29T11:56:56.486Z
Elit Hotel and Restaurant,Elit Hotel and Restaurant,Khachmaz,"Xaçmaz, Azerbaijan",41.4591168,48.80206260000001,994555381111,elithotel2020@mail.ru,https://www.instagram.com/elitotel.khachmaz/,7100421012,,APPROVED,66d80e8b920d986c24776ade,,No,,Şəhər Hoteli,TIMS,,,Oracle OPERA; 1C,website_scan,Oracle OPERA; 1C,https://data.tourism.gov.az/proxy/stakeholder/getFile/20240904113851t-r0000141315,2024-09-04T07:38:51.308Z,2025-04-29T11:56:56.486Z
MaralGöl Ailəvi istirahət mərkəzi,MaralGöl Ailəvi istirahət mərkəzi,Khachmaz,"Maral Gol restaurant and hotel, Nabran, Xaçmaz, Azerbaijan",41.765484,48.6733306,994773371383,maralgol2020@mail.com,https://www.instagram.com/maralgol_nabran/,7700251562,,APPROVED,66deaf004802fe54233c094e,,No,,Şəhər Hoteli,TIMS,,,Oracle OPERA; 1C,website_scan,Oracle OPERA; 1C,https://data.tourism.gov.az/proxy/stakeholder/getFile/20240909121704t-r0000135755,2024-09-09T08:17:04.567Z,2025-04-29T11:56:56.486Z
Nurel Hotel,Nurel Hotel,Khachmaz,"Qobuqiraqi, Khachmaz, Azerbaijan",41.4400171,48.81113910000001,994705659505,nemethasanov01@gmail.com,,7701508312,,APPROVED,65f8214ee4f5ddcab3cd9337,,No,,Şəhər Hoteli,TIMS,,,,,,https://data.tourism.gov.az/proxy/stakeholder/getFile/20240318151110t-r0000165717,2024-03-18T11:11:10.445Z,2025-04-29T11:56:56.486Z
OBER LUX HOTEL and Resort,OBER LUX HOTEL and Resort,Khachmaz,"Seyidlikendleri, Xaçmaz, Azerbaijan",41.7047719,48.7316337,994506885555,oberluxhotel@gmail.com,https://www.instagram.com/oberlux_nabran?/,1406460751,,APPROVED,66d97fa9920d986c24776d76,,No,,Şəhər Hoteli,TIMS,,,Oracle OPERA; 1C,website_scan,Oracle OPERA; 1C,https://data.tourism.gov.az/proxy/stakeholder/getFile/20240905135345t-r0000115441,2024-09-05T09:53:45.047Z,2025-04-29T11:56:56.486Z
Palma İstirahət Mərkəzi,Palma İstirahət Mərkəzi,Khachmaz,"Seyidlikendleri, Xaçmaz, Azerbaijan",41.7047719,48.7316337,994502504090,info@palma.az,https://www.instagram.com/palma_nabran/,7700122341,,APPROVED,66d988f7920d986c24776ddd,,No,,Şəhər Hoteli,TIMS,,,Oracle OPERA; 1C,website_scan,Oracle OPERA; 1C,https://data.tourism.gov.az/proxy/stakeholder/getFile/20240905143327t-r0000126464,2024-09-05T10:33:27.499Z,2025-04-29T11:56:56.486Z
River Inn Resort & Spa,River Inn Resort & Spa,Khachmaz,"Nabran, Azerbaijan",41.7589248,48.6930071,994502569940,i.gurbanov@flyinn.az,https://www.riverinn.az/,1200177041,,APPROVED,64c10553c29cd31ed978349d,,No,,,TIMS,,,1C,website_scan,1C,https://data.tourism.gov.az/proxy/stakeholder/getFile/20230726153651t-r0000131253,2023-07-26T11:36:51.695Z,2025-04-29T11:56:56.486Z
Vogue Hotel,Vogue Hotel,Khachmaz,"Seyidlikendleri, Azerbaijan",41.7047719,48.7316337,994502633333,info@voguehotel.az,https://voguehotel.az/,1702346941,,APPROVED,651e9bd2c29cd31ed97866cc,4,No,,,TIMS,,,1C,website_scan,1C,https://data.tourism.gov.az/proxy/stakeholder/getFile/20260108140833t-r0000168032,2023-10-05T11:19:46.160Z,2026-01-16T14:10:53.645Z
Çoban Bulaq Mehmanxanası,Çoban Bulaq Mehmanxanası,Khachmaz,"Qusarcay, Azerbaijan",41.570145,48.7289427,994507975599,pirmuradov57@mail.ru,https://www.instagram.com/coban_bulaq/,7703075622,,APPROVED,66d84aa4920d986c24776cb5,,No,,Şəhər Hoteli,TIMS,,,Oracle OPERA; 1C,website_scan,Oracle OPERA; 1C,https://data.tourism.gov.az/proxy/stakeholder/getFile/20240904155516t-r0000138775,2024-09-04T11:55:16.934Z,2025-04-29T11:56:56.486Z
Çoban Bulaq İstirahət Mərkəzi,Çoban Bulaq İstirahət Mərkəzi,Khachmaz,"Qusarcay, Azerbaijan",41.570145,48.7289427,994507975599,pirmuradov57@mail.ru,https://www.instagram.com/chobanbulaq.resort/,7703498252,,APPROVED,66d84774920d986c24776c6e,,No,,Şəhər Hoteli,TIMS,,,Oracle OPERA; 1C,website_scan,Oracle OPERA; 1C,https://data.tourism.gov.az/proxy/stakeholder/getFile/20240904154140t-r0000188642,2024-09-04T11:41:40.675Z,2025-04-29T11:56:56.486Z
İsti Su,İsti Su,Khachmaz,"Xaçmaz, Azerbaijan",41.4591168,48.80206260000001,994503462371,tizruteyyub0@gmail.com,,7700068912,,APPROVED,65e6fdd4e4f5ddcab3cd8018,,No,,Şəhər Hoteli,TIMS,,,,,,https://data.tourism.gov.az/proxy/stakeholder/getFile/20240305151116t-r0000176805,2024-03-05T11:11:16.797Z,2025-04-29T11:56:56.486Z
Azpetrol,Azpetrol,Kürdəmir,"3325 İmişli - Kürdəmir yolu, Imishli, Azerbaijan",39.8691543,48.0874206,994125850607,azpetrol@azpetrol.com,https://azpetrol.az,1700166231,,APPROVED,64660d2b9bff11407fb6aa22,,No,,"Kottec tipli yerləşmə vasitələri (Kottec, dağ evi, bungalov, chalet)",TIMS,,,1C,website_scan,1C,https://data.tourism.gov.az/proxy/stakeholder/getFile/20230518153403t-r0000160324,2023-05-18T11:34:03.535Z,2025-04-29T11:56:56.486Z
Cavid Hotel,Cavid Hotel,Kürdəmir,"61 Bakı, Kürdəmir, Azerbaijan",40.3385507,48.1424117,994554060999,qaribovjavid@yahoo.com.tr,,5701191732,,APPROVED,65cf549fac6a950c2ed217ab,,No,,Şəhər Hoteli,TIMS,,,,,,https://data.tourism.gov.az/proxy/stakeholder/getFile/20240216162709t-r0000176721,2024-02-16T12:27:11.113Z,2025-04-29T11:56:56.486Z
Elit,Elit,Kürdəmir,"13 Babək, Kürdəmir, Azerbaijan",40.3463622,48.1606023,994503325727,ilham.yusibov.68@mail.ru,,5700277331,4,APPROVED,653fabf7c29cd31ed978789d,,No,,Şəhər Hoteli,TIMS + azeritour.az,https://azeritour.az/elite_hotel_baku,"ELITE Hotel Baku — это четырехзвездочный отель, удобно расположен всего в нескольких минут езды от международного аэропорта Баку. В свою очередь недалеко от центра города Баку. Отель Elite является частью торгово-развлекательного центра «Elite». Включает в себя самый большой супермаркет Азербайджана, с набором ресторанов и спортивно-развлекательного центра. Отель ELITE Hotel Baku предлагает 66 Deluxe-номеров, плюс 5 комнаты класса «люкс» с комфортабельными номерами, индивидуальным контролем температуры, мини-бар, спутниковое телевидение. Наши номера большие, просторные и оборудованные всем необходимым, для комфортного проживания. В отеле Elite все делается, чтобы ваше пребывание было максимально комфортным, а ваш бизнес успешным. Мы обеспечиваем нашим гостям прием и проводы в аэропорту, 24 часовое обслуживание номеров, ресторан и бар работают круглосуточно и, наконец, оздоровительный клуб. Для деловых встреч два конференц-зала, интернет-клуб. Услуги отеля ELITE Hotel Baku В номерах 24-часа горячая и холодная воды, кондиционер (тепло / холод), служба безопасности. Безлимитный Интернет сервис для наших клиентов бесплатно (Интернет-зал). Полный комплекс услуг прачечной. В стоимость но",,,,https://data.tourism.gov.az/proxy/stakeholder/getFile/20231030171327t-r0000187679,2023-10-30T13:13:27.677Z,2025-04-29T11:56:56.486Z
Emil MOTEL,Emil MOTEL,Kürdəmir,"Kürdəmir, Azerbaijan",40.3698651,48.1644626,994516184598,mahmudovemil087087@gmail.com,,5700325212,,APPROVED,653ba1dfc29cd31ed9787650,,No,,Şəhər Hoteli,TIMS,,,,,,https://data.tourism.gov.az/proxy/stakeholder/getFile/20231027154119t-r0000123390,2023-10-27T11:41:19.187Z,2025-04-29T11:56:56.486Z
Kurdəmir OİK,Kurdəmir OİK,Kürdəmir,"Kürdəmir, Azerbaijan",40.3698651,48.1644626,994503118575,kurdemiroik@mys.az,,5700282931,,APPROVED,661d1693e4f5ddcab3cdb55d,,No,,"Kottec tipli yerləşmə vasitələri (Kottec, dağ evi, bungalov, chalet)",TIMS,,,,,,https://data.tourism.gov.az/proxy/stakeholder/getFile/20240415155915t-r0000120897,2024-04-15T11:59:15.604Z,2025-04-29T11:56:56.486Z
Ulusu Sanatoriyası,Ulusu Sanatoriyası,Kürdəmir,"Mollakənd, Kürdəmir, Azerbaijan",40.1229375,48.0992119,994507347848,naz.aghayeva@gmail.com,,1001036901,,APPROVED,66c57a8e920d986c24775e4c,,No,,"Kottec tipli yerləşmə vasitələri (Kottec, dağ evi, bungalov, chalet)",TIMS,,,,,,https://data.tourism.gov.az/proxy/stakeholder/getFile/20240821092637t-r0000169357,2024-08-21T05:26:38.903Z,2025-04-29T11:56:56.486Z
Uğur Motel,Uğur Motel,Kürdəmir,"Kürdəmir, Azerbaijan",40.3698651,48.1644626,994558157200,ugurhotel@mail.ru,,1602452932,,APPROVED,653b8cdec29cd31ed978761f,,No,,Motel,TIMS,,,,,,https://data.tourism.gov.az/proxy/stakeholder/getFile/20231027141142t-r0000123983,2023-10-27T10:11:42.878Z,2025-04-29T11:56:56.486Z
Yeni Motel,Yeni Motel,Kürdəmir,"Kürdəmir, Azerbaijan",40.3698651,48.1644626,994504706581,i.ragiyev522@gmail.com,,5700330382,,APPROVED,653baf5cc29cd31ed978772e,,No,,Qonaq evi,TIMS,,,,,,https://data.tourism.gov.az/proxy/stakeholder/getFile/20231027163851t-r0000178936,2023-10-27T12:38:52.016Z,2025-04-29T11:56:56.486Z
Çıraq Hotel,Çıraq Hotel,Kürdəmir,"Bakı-Ələt-Qazax-Gürcüstan, Atakişili, Kurdamir, Azerbaijan",40.3313079,48.1673044,994507302100,soltan.yusifov.93@mail.ru,,5701181512,,APPROVED,653b7c9ac29cd31ed978760b,,No,,Şəhər Hoteli,TIMS,,,,,,https://data.tourism.gov.az/proxy/stakeholder/getFile/20231027130218t-r0000104715,2023-10-27T09:02:18.438Z,2025-04-29T11:56:56.486Z
ŞAH Hotel,ŞAH Hotel,Kürdəmir,Kürdəmir rayonu ,40.2453265,48.1764003,994503658911,anuhiyev@mail.ru,,5700607512,,APPROVED,658567765e6df8b90c0dec7a,,No,,Şəhər Hoteli,TIMS,,,,,,https://data.tourism.gov.az/proxy/stakeholder/getFile/20231222143950t-r0000190566,2023-12-22T10:39:50.789Z,2025-04-29T11:56:56.486Z
"""AEROZONE"" hostel","""AEROZONE"" hostel",Lankaran,"Şilavar kəndi, Lənkəran, Azərbaycan",38.7560273,48.8302795,994516945070,ceyhun-hemidov86@mail.ru,,2603059302,,APPROVED,6630a9ae433768f30eec8639,,No,,,TIMS,,,,,,https://data.tourism.gov.az/proxy/stakeholder/getFile/20230828135504t-r0000163348,2024-04-30T08:19:58.815Z,2025-04-29T11:56:56.486Z
"""Mayak"" Hostel","""Mayak"" Hostel",Lankaran,"5, H.Aliyev Avenue, Lankaran, Azerbaijan",38.7528669,48.8475015,994252551673,tbrizmmmdov723@gmail.com,,2603142622,,APPROVED,650d4e3ec29cd31ed9786196,,No,,Hostel,TIMS,,,,,,https://data.tourism.gov.az/proxy/stakeholder/getFile/20230922122014t-r0000193611,2023-09-22T08:20:14.333Z,2025-04-29T11:56:56.486Z
"""Qızıl Tac"" Hotel","""Qızıl Tac"" Hotel",Lankaran,"3 M. Nəsirli, Lənkəran, Azerbaijan",38.7524084,48.8513022,994252552244,eliyevelcin558@gmail.com,,2600324252,,APPROVED,65111ec6c29cd31ed978621a,,No,,Hostel,TIMS,,,,,,https://data.tourism.gov.az/proxy/stakeholder/getFile/20230925094646t-r0000160543,2023-09-25T05:46:46.654Z,2025-04-29T11:56:56.486Z
Aysberq,Aysberq,Lankaran,"Iceberg Hotel, S. Bayramov, Lənkəran, Azerbaijan",38.7499186,48.85985600000001,994513144906,abbasovbahaddin610@gmail.com,,2601417322,,APPROVED,661e7e3ce4f5ddcab3cdb9cb,,No,,Hostel,TIMS,,,,,,https://data.tourism.gov.az/proxy/stakeholder/getFile/20240416173348t-r0000186874,2024-04-16T13:33:48.078Z,2025-04-29T11:56:56.486Z
Basharu Resort,Basharu Resort,Lankaran,"Lənkəran, Azerbaijan",38.7528669,48.8475015,994504232332,basharu2003@gmail.com,,2600198801,,APPROVED,6470ab51336901b35e3d4151,,No,,Qonaq evi,TIMS,,,,,,https://data.tourism.gov.az/proxy/stakeholder/getFile/20230526165129t-r0000114510,2023-05-26T12:51:29.282Z,2025-04-29T11:56:56.486Z
Cənnət Xıl İstrahət Mərkəzi,Cənnət Xıl İstrahət Mərkəzi,Lankaran,"Cənnət Xıl, Osakücə, Azerbaijan",38.8124658,48.6942465,994503392595,cennetxil@mail.ru,,2600059192,,APPROVED,666c3ec5e4f5ddcab3cdf624,,No,,"Kottec tipli yerləşmə vasitələri (Kottec, dağ evi, bungalov, chalet)",TIMS,,,,,,https://data.tourism.gov.az/proxy/stakeholder/getFile/20240614165949t-r0000125778,2024-06-14T12:59:49.566Z,2025-04-29T11:56:56.486Z
DAD House,DAD House,Lankaran,"DAD house Lankaran, Lankaran, Azerbaijan",38.753136,48.771854,+994102122424,residence@dadhouse.az,https://dadresidence.az/,1404891061,,APPROVED,686fa2b41ccc314f05ab8412,,No,,,TIMS,,,1C,website_scan,1C,https://data.tourism.gov.az/proxy/stakeholder/getFile/20250710152332t-r0000131221,2025-07-10T11:23:32.300Z,2025-10-31T06:09:13.618Z
Forrest Hostel & Qonaq evi,Forrest Hostel & Qonaq evi,Lankaran,"Lankaran City, Azerbaijan",38.7528669,48.8475015,994252550511,forrest042@gmail.com,,2600284882,,APPROVED,64f1e5d4c29cd31ed9785b0f,,No,,Hostel,TIMS,,,,,,https://data.tourism.gov.az/proxy/stakeholder/getFile/20230901172332t-r0000113087,2023-09-01T13:23:32.431Z,2025-04-29T11:56:56.486Z
Green Forest,Green Forest,Lankaran,"Daştatük Kənd Yolu, Lənkəran rayon, Azerbaijan",38.6580165,48.7863252,994552289491,Greenforest.ienkeran@gmail.com,,2600464352,,APPROVED,646262779bff11407fb69b28,,No,,Qonaq evi,TIMS,,,,,,https://data.tourism.gov.az/proxy/stakeholder/getFile/20230515204855t-r0000198621,2023-05-15T16:48:55.088Z,2025-04-29T11:56:56.486Z
HİRKAN PARK HOTEL,HİRKAN PARK HOTEL,Lankaran,"Bürcəli Kənd Yolu, Lənkəran, Azerbaijan",38.66335,48.7956629,994516945050,hirkanparkhotel@mail.ru,,2601610342,,APPROVED,643e6701c7a6a5b6924fe45b,3,No,,Rezort Hotel,TIMS,,,,,,https://data.tourism.gov.az/proxy/stakeholder/getFile/20230418134641t-r0000194332,2023-04-18T09:46:41.668Z,2025-04-29T11:56:56.486Z
Khazar Palace Hotel Lankaran,Khazar Palace Hotel Lankaran,Lankaran,"Aşağı Nüvədi, Lənkəran, Azerbaijan",38.7128317,48.8591166,994557548787,xezerpalacehotel@gmail.com,https://www.instagram.com/khazar_palace_lankaran/,2601556632,4,APPROVED,64e320ccc29cd31ed9785478,,No,,Rezort Hotel,TIMS + azeritour.az + azeritour.az,https://azeritour.az/xan_lenkoran_hotel,"Kaspıa Sahil Hotel Lankaran — это четырехзвездочный отель, расположенный недалеко от города Ленкорань . Отель, построенный на берегу Каспия, работает с 2008 года. Данный отель это выбор для тех, кто едет в Ленкорань, у которого есть специальный пляж, вкусная еда и свежий воздух. Коттеджи, построенные в виде уютных домов, дают вам прекрасную возможность отдохнуть с семьей. Из отеля легко добраться до достопримечательностей Ленкорани. Номера отеля Kaspıa Sahil Hotel Lankaran — Standard Double/Twin (двухместный номер) — это идеальный номер для тех, кто хочет отдохнуть на побережье по разумной цене в соответствии с современными стандартами отеля. В этих номерах также есть открытый балкон. — Senior Suite — Спальня спроектирована для отдыха и оснащена удобной мебелью. В этих номерах также есть балкон, имеющий захватывающий вид на море. Все представленные номера имеют максимум удобств и инвентарем необходимым для комфортного пребывания. Баня (душевая кабина) Система центрального отопления и охлаждения Сейф Интернет Телефонная линия Спутниковое ТВ Мини-бар Фен Гостиница предлагает гостям ресторан «Хазар» в котором подаются самые вкусные блюда Азербайджанской и международной кухни. Бар «Хаз",Oracle OPERA; 1C,website_scan,Oracle OPERA; 1C,https://data.tourism.gov.az/proxy/stakeholder/getFile/20230821123108t-r0000115798,2023-08-21T08:31:08.803Z,2025-04-29T11:56:56.486Z
LANKARAN SPRINGS WELLNESS RESORT,LANKARAN SPRINGS WELLNESS RESORT,Lankaran,"Haftoni, Lənkəran, Azerbaijan",38.7629181,48.76389229999999,994512359600,rashad.karimzada@pmdhospitality.az,https://lankaransprings.az,1403006141,,APPROVED,635152fd27f47e8d817ea463,5,No,,Rezort Hotel,TIMS,,,1C,website_scan,1C,https://data.tourism.gov.az/proxy/stakeholder/getFile/20221017145623t-r0000111509,2022-10-20T13:54:05.353Z,2025-04-29T11:56:56.486Z
Luxe Lankaran Hotel,Luxe Lankaran Hotel,Lankaran,"Luxe Lankaran Hotel, Qala Xiyabanı, Lankaran, Azerbaijan",38.7561917,48.8554287,994518406042,luxelankaran@gmail.com,,0400226232,,APPROVED,643dc0a84a416eb5ca415781,3,No,,Şəhər Hoteli,TIMS + azeritour.az,https://azeritour.az/luxe_lankaran_hotel,"Luxe Lankaran Hotel совершенно новый отель в городе Ленкорань , который отвечает всем мировым стандартам. Команда отеля состоит из специалистов, которые сделают ваш отдых незабываемым. Вас ждет качественный сервис, комфортабельные номера, стильный дизайн и тишина. Что касается расположения, то отель Luxe Lankaran Hotel находится в самом центре Ленкорани. Всего в пяти минутах от железнодорожного вокзала, напротив Государственного Драматического Театра, и это не единственные достопримечательности Ленкорани. Вы столкнетесь с западом и востоком, старинные традиции и современный стиль. Luxe Lankaran Hotel предлагает вам стильные номера, которые обставлены дорогой мебелью и обстановкой, окна которых открываются на тихую улицу или на главную площадь. Также вам предлагается посетить превосходный ресторан, где вам подадут настоящие блюда восточной и западной кухни. Зарядитесь энергией в СПА центре, для наших дам есть косметический салон. Также по вашему желанию сотрудники отеля организуют незабываемую экскурсию по достопримечательностям Ленкорани.",,,,https://data.tourism.gov.az/proxy/stakeholder/getFile/20230417163420t-r0000112341,2023-04-17T21:56:56.254Z,2025-04-29T11:56:56.486Z
Lənkəran Olimpiya İdman Kompleksi,Lənkəran Olimpiya İdman Kompleksi,Lankaran,"Lənkəran Olimpiya idman Kompleksi, Sütəmurdov, Azerbaijan",38.7362907,48.8580313,994512072050,lenkeranoik@mys.az,,2602932781,,APPROVED,66110e7de4f5ddcab3cdad38,,No,,Şəhər Hoteli,TIMS,,,,,,https://data.tourism.gov.az/proxy/stakeholder/getFile/20240406125733t-r0000116900,2024-04-06T08:57:33.268Z,2025-04-29T11:56:56.486Z
MANDARİN OTEL,MANDARİN OTEL,Lankaran,"Göyşaban Kəndi, Lənkəran rayon, Azerbaijan",38.8056111,48.8293948,994252545335,xaliqcahangirov2577@gmail.com,,2600989142,,APPROVED,64620ff99bff11407fb69648,,No,,Qonaq evi,TIMS,,,,,,https://data.tourism.gov.az/proxy/stakeholder/getFile/20230515145657t-r0000168876,2023-05-15T10:56:57.519Z,2025-04-29T11:56:56.486Z
Mirvarim boutique hotel,Mirvarim boutique hotel,Lankaran,"Mirvarim Ailəvi Restoran, Lankaran Railway Station, Lankaran, Azerbaijan",38.7598966,48.85612769999999,994513910595,abbasovayar92@gmail.com,,2604815092,,APPROVED,66ec26a3920d986c2477773c,,No,,Şəhər Hoteli,TIMS + azeritour.az,https://azeritour.az/miraj_inn_hotel_baku,"Miraj Inn Boutique Hotel расположен в центральной части города Баку, на расстоянии 20 км находится международный аэропорт имени Гейдара Алиева, и в 15 км от железнодорожной станции. Расстояние до ближайшей станции метро «Эльмляр Академиясы» всего 500 метров. Рядом также расположены Гусейн Джавид парк, Бакинский Государственный Университет, Азербайджанский Университет Архитектуры и Строительства, Азербайджанского Технического Университета.",,,,https://data.tourism.gov.az/proxy/stakeholder/getFile/20240919172659t-r0000194208,2024-09-19T13:26:59.491Z,2025-04-29T11:56:56.486Z
Mona Hotel and Cottages,Mona Hotel and Cottages,Lankaran,"Carnaval Hotel, Lankaran, Azerbaijan",38.7345167,48.8623054,994709114200,monahotelandcottages@gmail.com,,2603753231,,APPROVED,64ff248514f58db1e98b65a3,,No,,Şəhər Hoteli,TIMS,,,,,,https://data.tourism.gov.az/proxy/stakeholder/getFile/20230818170758t-r0000130510,2023-09-11T14:30:29.702Z,2025-04-29T11:56:56.486Z
Nilado Green,Nilado Green,Lankaran,"İstisu, Lənkəran rayon, Azerbaijan",38.7956789,48.7343993,994107170042,yashilchay2013@gmail.com,,2603103872,,APPROVED,64521acc6506cef40b9dc122,,No,,Qonaq evi,TIMS,,,,,,https://data.tourism.gov.az/proxy/stakeholder/getFile/20230503122652t-r0000107336,2023-05-03T08:26:52.361Z,2025-07-07T10:19:14.711Z
Palıdlı Sahil,Palıdlı Sahil,Lankaran,"Sütəmurdov, Azerbaijan",38.7401112,48.8564717,994503653666,info@palidli.tmweb.ru,https://palidli.az/,2600173161,,APPROVED,6463863b9bff11407fb6a2c0,,No,,Şəhər Hoteli,TIMS,,,1C,website_scan,1C,https://data.tourism.gov.az/proxy/stakeholder/getFile/20230516173347t-r0000153237,2023-05-16T13:33:47.434Z,2025-04-29T11:56:56.486Z
Riva Hill,Riva Hill,Lankaran,"Riva Hill Resort, RVO KENDI, Lankaran, Azerbaijan",38.709156,48.7540026,994507740000,reservation.rivahillresort@gmail.com,https://rivahillresort.az/,2601606482,,APPROVED,6439456bc7a6a5b6924fe2f3,,No,,Şəhər Hoteli,TIMS,,,,,,https://data.tourism.gov.az/proxy/stakeholder/getFile/20230414162203t-r0000111088,2023-04-14T12:22:03.824Z,2025-04-29T11:56:56.486Z
Salyut hostel,Salyut hostel,Lankaran,"3a Qala Xiyabanı, Lənkəran, Azerbaijan",38.7576059,48.8542006,994559950042,salyuthotel1@gmail.com,,2602858632,,APPROVED,6467657f9bff11407fb6afb0,,No,,Hostel,TIMS,,,,,,https://data.tourism.gov.az/proxy/stakeholder/getFile/20230519160311t-r0000196842,2023-05-19T12:03:11.983Z,2025-04-29T11:56:56.486Z
Starway Hotel MMC,Starway Hotel MMC,Lankaran,"Lənkaran Rayon Haftoni Qəsəbəsi tam orta Məktəbi, Lankaran, Azerbaijan",38.7601688,48.7660787,994505997979,starwayhotelmmc@inbox.ru,https://www.instagram.com/starway_hotel_lenkaran/,2602705661,,APPROVED,64608c189bff11407fb69243,,No,,Şəhər Hoteli,TIMS,,,Oracle OPERA; 1C,website_scan,Oracle OPERA; 1C,https://data.tourism.gov.az/proxy/stakeholder/getFile/20230514112200t-r0000106839,2023-05-14T07:22:00.761Z,2025-04-29T11:56:56.486Z
Sultan Hostel,Sultan Hostel,Lankaran,"Sultan Şadlıq sarayı, Şəhidlər Xiyabanı, Lankaran, Azerbaijan",38.7756646,48.8318228,994502105125,ssultanov007@gmail.com,,2601631292,,APPROVED,66694547e4f5ddcab3cdf1af,,No,,Hostel,TIMS,,,,,,https://data.tourism.gov.az/proxy/stakeholder/getFile/20240612105047t-r0000163036,2024-06-12T06:50:47.441Z,2025-04-29T11:56:56.486Z
Səda Hotel,Səda Hotel,Lankaran,"M. Nəsirli, Lankaran, Azerbaijan",38.7527821,48.8518342,994252551664,mehman969a@gmail.com,,2600066932,,APPROVED,6463661a9bff11407fb69f2f,,No,,Hostel,TIMS,,,,,,https://data.tourism.gov.az/proxy/stakeholder/getFile/20230516151642t-r0000187198,2023-05-16T11:16:42.853Z,2025-04-29T11:56:56.486Z
Xan Lənkəran MMC,Xan Lənkəran MMC,Lankaran,"Lənkəran şəhəri, L",38.7528669,48.8475015,994503905446,xanlankaran@gmail.com,,2600710561,,APPROVED,64621d3c9bff11407fb6973d,,No,,Butik Hotel,TIMS,,,,,,https://data.tourism.gov.az/proxy/stakeholder/getFile/20230515155332t-r0000184713,2023-05-15T11:53:32.051Z,2025-04-29T11:56:56.486Z
Xanbulan İstirahət Mərkəzi,Xanbulan İstirahət Mərkəzi,Lankaran,"Hirkan, Lənkəran, Azerbaijan",38.6601416,48.8042263,994503450815,xanbulan.hotel@gmail.com,,2600252231,,APPROVED,6465fe399bff11407fb6a8e1,,No,,Qonaq evi,TIMS,,,,,,https://data.tourism.gov.az/proxy/stakeholder/getFile/20230518143017t-r0000139039,2023-05-18T10:30:17.613Z,2025-04-29T11:56:56.486Z
Şah saray hotel,Şah saray hotel,Lankaran,"Lənkəran rayon, Azerbaijan",38.6862484,48.79128679999999,994502441168,hesenlihafiz2@gmail.com,,2600964751,,APPROVED,6462329c9bff11407fb698e0,,No,,,TIMS,,,,,,https://data.tourism.gov.az/proxy/stakeholder/getFile/20230515172444t-r0000199752,2023-05-15T13:24:44.272Z,2025-04-29T11:56:56.486Z
"""Həyat"" İstirahət Mərkəzi","""Həyat"" İstirahət Mərkəzi",Lerik,"Hamarmeşə, Lerik Rayonu, Azərbaycan",38.7574517,48.5959436,994505979750,elnuresedzade.79@gmail.com,,6300098782,,APPROVED,64e31edcc29cd31ed9785467,,No,,,TIMS,,,,,,https://data.tourism.gov.az/proxy/stakeholder/getFile/20230821122252t-r0000114718,2023-08-21T08:22:52.101Z,2025-04-29T11:56:56.486Z
9 Qardaş istirahət mərkəzi,9 Qardaş istirahət mərkəzi,Lerik,"""9 Qardaş"" İstirahət Mərkəzi, Lerik, Azerbaijan",38.655668,48.3478746,994502079595,9qardas@gmail.com,,6301040902,,APPROVED,666af673e4f5ddcab3cdf447,,No,,"Kottec tipli yerləşmə vasitələri (Kottec, dağ evi, bungalov, chalet)",TIMS,,,,,,https://data.tourism.gov.az/proxy/stakeholder/getFile/20240613173859t-r0000161967,2024-06-13T13:38:59.259Z,2025-04-29T11:56:56.486Z
BUTA LERİK HOTEL,BUTA LERİK HOTEL,Lerik,"Lerik, Azerbaijan",38.7736192,48.4151483,994508653232,cavid_stg5@yahoo.com,,1600987652,,APPROVED,6669ac0b84751e9e565db19e,,No,,,TIMS,,,,,,https://data.tourism.gov.az/proxy/stakeholder/getFile/20240612171101t-r0000131623,2024-06-12T14:09:15.231Z,2025-04-29T11:56:56.486Z
Cənub Turizm İstirahət Mərkəzi,Cənub Turizm İstirahət Mərkəzi,Lerik,"Lerik Rayounu, Peştətük kəndi",38.7736192,48.4151483,994504333636,reception@gmail.com.az,https://cenub.com.az/,2603010901,,APPROVED,6463476e9bff11407fb69db6,,No,,"Kottec tipli yerləşmə vasitələri (Kottec, dağ evi, bungalov, chalet)",TIMS,,,,,,https://data.tourism.gov.az/proxy/stakeholder/getFile/20230516130550t-r0000169804,2023-05-16T09:05:50.179Z,2025-04-29T11:56:56.486Z
Lerik Hotel,Lerik Hotel,Lerik,"Hotel Lerik, Lerik, Azerbaijan",38.7754756,48.41909889999999,994702204935,agasehriyar0@gmail.com,,6300177852,,APPROVED,666995c8e4f5ddcab3cdf307,,No,,Hostel,TIMS,,,,,,https://data.tourism.gov.az/proxy/stakeholder/getFile/20240612163416t-r0000106162,2024-06-12T12:34:16.300Z,2025-04-29T11:56:56.486Z
Meşəbəyi Sanator-Kurort ve Turizm Mərkəzi,Meşəbəyi Sanator-Kurort ve Turizm Mərkəzi,Lerik,"Meşəbəyi.Ailəvi İstirahət Mərkəzi.Lənkəran, R48, Azerbaijan",38.7434452,48.60822959999999,994502298707,mesebeyiist@gmail.com,,6300002861,,APPROVED,66323319e4f5ddcab3cdd3b4,,No,,Sanatoriya,TIMS,,,,,,https://data.tourism.gov.az/proxy/stakeholder/getFile/20240501161833t-r0000133108,2024-05-01T12:18:33.128Z,2025-04-29T11:56:56.486Z
Məlaz istirahət mərkəzi,Məlaz istirahət mərkəzi,Lerik,"Məlaz Restoran&Hotel, Kəndi, Azerbaijan",38.7347177,48.6574004,994503287955,azadmelikov@mail.ru,,6300014252,,APPROVED,667d4ba3fc166e6e14e9ed25,,No,,Qonaq evi,TIMS,,,,,,https://data.tourism.gov.az/proxy/stakeholder/getFile/20240627152314t-r0000186614,2024-06-27T11:23:15.014Z,2025-04-29T11:56:56.486Z
Qala istirahət mərkəzi,Qala istirahət mərkəzi,Lerik,"Qala Istirahet Merkezi, QALA ISDRAHET MERKEZI Qala isdrahet merkezi, Lerik, Azerbaijan",38.7736192,48.4151483,994502000453,tagiyevtural885@gmail.com,,6300295112,,APPROVED,666bf104e4f5ddcab3cdf4c0,,No,,Qonaq evi,TIMS,,,,,,https://data.tourism.gov.az/proxy/stakeholder/getFile/20240614112803t-r0000153869,2024-06-14T07:28:04.030Z,2025-04-29T11:56:56.486Z
Relax Resort and Spa Hotel MMC,Relax Resort and Spa Hotel MMC,Lerik,"Lerik Rayonu, Azerbaijan",38.7736192,48.4151483,994502504788,info@relaxlerik.az,https://www.relax.com.az/,1603477791,,APPROVED,6466238e9bff11407fb6ab6b,,No,,Rezort Hotel,TIMS,,,,,,https://data.tourism.gov.az/proxy/stakeholder/getFile/20230518170934t-r0000136789,2023-05-18T13:09:34.169Z,2025-04-29T11:56:56.486Z
Sərin Məkan istirahət mərkəzi,Sərin Məkan istirahət mərkəzi,Lerik,"Serin Mekan Lerik, Khush, Azerbaijan",38.7623769,48.5810293,994514145454,faridalekperov920@gmail.com,,2604185391,,APPROVED,6662d3aae4f5ddcab3cdee36,,No,,"Kottec tipli yerləşmə vasitələri (Kottec, dağ evi, bungalov, chalet)",TIMS,,,,,,https://data.tourism.gov.az/proxy/stakeholder/getFile/20240607133226t-r0000119969,2024-06-07T09:32:26.432Z,2025-04-29T11:56:56.486Z
Xəyal ailəvi istirahət mərkəzi,Xəyal ailəvi istirahət mərkəzi,Lerik,"Xəyal istirahət mərkəzi, Bibiyani, Azerbaijan",38.7715204,48.56394299999999,994506864256,azadnezerov230@gmail.com,,6300040952,,APPROVED,66695ce8e4f5ddcab3cdf23c,,No,,"Kottec tipli yerləşmə vasitələri (Kottec, dağ evi, bungalov, chalet)",TIMS,,,,,,https://data.tourism.gov.az/proxy/stakeholder/getFile/20240612123136t-r0000189779,2024-06-12T08:31:36.902Z,2025-04-29T11:56:56.486Z
ADU Piramida istirahət mərkəzi,ADU Piramida istirahət mərkəzi,Masallı,"Qəriblər, Masallı, Azerbaijan",38.9979377,48.5958693,994705638586,abdullaqasanov@mail.ru,,4101991792,,APPROVED,6662fdcae4f5ddcab3cdeeed,,No,,Qonaq evi,TIMS,,,,,,https://data.tourism.gov.az/proxy/stakeholder/getFile/20240607163210t-r0000140392,2024-06-07T12:32:10.287Z,2025-04-29T11:56:56.486Z
AİLƏ SEVİNC SANATORİYASI,AİLƏ SEVİNC SANATORİYASI,Masallı,"Qəriblər, Masallı, Azerbaijan",38.9979377,48.5958693,994502222841,abdullaqasanov@mail.ru,,6400091231,,APPROVED,6662faabe4f5ddcab3cdeec2,,No,,Sanatoriya,TIMS,,,,,,https://data.tourism.gov.az/proxy/stakeholder/getFile/20240607161851t-r0000185752,2024-06-07T12:18:51.979Z,2025-04-29T11:56:56.486Z
BABA BULAĞI,BABA BULAĞI,Masallı,"Mahmudavar, Azerbaijan",38.8981043,48.6982516,994502243544,zemane.babayeva@gmail.com,http://www.bababulagi.com,6403950001,,APPROVED,645b4aeb6506cef40b9dcc79,,No,,"Kottec tipli yerləşmə vasitələri (Kottec, dağ evi, bungalov, chalet)",TIMS,,,1C,website_scan,1C,https://data.tourism.gov.az/proxy/stakeholder/getFile/20230510114233t-r0000176300,2023-05-10T07:42:35.854Z,2025-04-29T11:56:56.486Z
Beş qardaş ailəvi istirahət mərkəzi,Beş qardaş ailəvi istirahət mərkəzi,Masallı,"Qəriblər, Masallı, Azerbaijan",38.9979377,48.5958693,994515083090,abdullaqasanov@mail.ru,,6400172552,,APPROVED,666950d5e4f5ddcab3cdf1f0,,No,,Qonaq evi,TIMS,,,,,,https://data.tourism.gov.az/proxy/stakeholder/getFile/20240612114005t-r0000157600,2024-06-12T07:40:05.362Z,2025-04-29T11:56:56.486Z
DƏMİRAĞAC,DƏMİRAĞAC,Masallı,"Qəriblər kənd tam orta məktəbi, Masalli, Azerbaijan",38.9994565,48.594956,994552220454,muhasibatliqxidmeti.az@gmail.com,,6400379481,,APPROVED,64c76361c29cd31ed97841ef,,No,,"Kottec tipli yerləşmə vasitələri (Kottec, dağ evi, bungalov, chalet)",TIMS,,,,,,https://data.tourism.gov.az/proxy/stakeholder/getFile/20230731113145t-r0000189264,2023-07-31T07:31:45.067Z,2025-04-29T11:56:56.486Z
Gülüstan İstirahət Mərkəzi,Gülüstan İstirahət Mərkəzi,Masallı,"Qəriblər, Masallı, Azerbaijan",38.9979377,48.5958693,994515555380,abdulla_qasanov@mail.ru,,6404262932,,APPROVED,6662cbb584751e9e565c7f23,,No,,"Kottec tipli yerləşmə vasitələri (Kottec, dağ evi, bungalov, chalet)",TIMS,,,,,,https://data.tourism.gov.az/proxy/stakeholder/getFile/20240607124938t-r0000127843,2024-06-07T08:58:29.975Z,2025-04-29T11:56:56.486Z
Karal Hotel,Karal Hotel,Masallı,"8 M. Talışxanov, Masalli, Azerbaijan",39.0210407,48.6805809,994519444423,abdulla_qasanov@mail.ru,,6401288432,,APPROVED,66113d701c96696a2b600010,,No,,Şəhər Hoteli,TIMS,,,,,,https://data.tourism.gov.az/proxy/stakeholder/getFile/20230904214838t-r0000172866,2024-04-06T12:17:52.101Z,2025-04-29T11:56:56.486Z
Nağıl Dünyası,Nağıl Dünyası,Masallı,"Qəriblər, Masallı, Azerbaijan",38.9979377,48.5958693,994519590001,mirzeyev.n123@gmail.com,,6400677161,,APPROVED,66630b10e4f5ddcab3cdef1c,,No,,"Kottec tipli yerləşmə vasitələri (Kottec, dağ evi, bungalov, chalet)",TIMS,,,,,,https://data.tourism.gov.az/proxy/stakeholder/getFile/20240607172848t-r0000107527,2024-06-07T13:28:48.961Z,2025-04-29T11:56:56.486Z
Orand ailəvi istrahət mərkəzi,Orand ailəvi istrahət mərkəzi,Masallı,"Qəriblər, Masallı, Azerbaijan",38.9979377,48.5958693,994503291428,cabbar.melikov@icloud.com,,1900304622,,APPROVED,66696f32e4f5ddcab3cdf267,,No,,Qonaq evi,TIMS,,,,,,https://data.tourism.gov.az/proxy/stakeholder/getFile/20240612134938t-r0000129322,2024-06-12T09:49:38.706Z,2025-04-29T11:56:56.486Z
Planet istirahət mərkəzi,Planet istirahət mərkəzi,Masallı,"Planet Ailevi Istirahet Merkezi, R47, Masalli, Azerbaijan",38.9720663,48.5482366,994506533434,yox@mail.ru,,6400844862,,APPROVED,666bf2a7e4f5ddcab3cdf500,,No,,"Kottec tipli yerləşmə vasitələri (Kottec, dağ evi, bungalov, chalet)",TIMS,,,,,,https://data.tourism.gov.az/proxy/stakeholder/getFile/20240614113503t-r0000186004,2024-06-14T07:35:03.967Z,2025-04-29T11:56:56.486Z
QAMO istriahət mərkəzi,QAMO istriahət mərkəzi,Masallı,"Qamo İstirahət Mərkəzi, Azerbaijan",38.8971048,48.6364961,994506534747,abdullaqasanov@mail.ru,,6400811832,,APPROVED,666be6a1e4f5ddcab3cdf45d,,No,,"Kottec tipli yerləşmə vasitələri (Kottec, dağ evi, bungalov, chalet)",TIMS,,,,,,https://data.tourism.gov.az/proxy/stakeholder/getFile/20240614104345t-r0000193266,2024-06-14T06:43:45.848Z,2025-04-29T11:56:56.486Z
Qala istirahət mərkəzi,Qala istirahət mərkəzi,Masallı,"Qəriblər, Masallı, Azerbaijan",38.9979377,48.5958693,994503526052,info@ocg.az,,6400127712,,APPROVED,66699355e4f5ddcab3cdf2df,,No,,Qonaq evi,TIMS,,,,,,https://data.tourism.gov.az/proxy/stakeholder/getFile/20240612162349t-r0000167365,2024-06-12T12:23:49.844Z,2025-04-29T11:56:56.486Z
Retro istirahət mərkəzi,Retro istirahət mərkəzi,Masallı,"RETRO Ailəvi istirahət mərkəzi, Retro istirahət mərkəzi, Yardimli yolu, Masalli, Masallı, Azerbaijan",38.9779498,48.55598120000001,994506353434,retro2012@gmail.com,,6400844862,,APPROVED,666bf4fce4f5ddcab3cdf549,,No,,"Kottec tipli yerləşmə vasitələri (Kottec, dağ evi, bungalov, chalet)",TIMS,,,,,,https://data.tourism.gov.az/proxy/stakeholder/getFile/20240614114500t-r0000157863,2024-06-14T07:45:00.174Z,2025-04-29T11:56:56.486Z
Rexo istirahət mərkəzi,Rexo istirahət mərkəzi,Masallı,"Qəriblər, Masallı, Azerbaijan",38.9979377,48.5958693,994516994444,abdullaqasanov@mail.ru,,6403812692,,APPROVED,666bee7ae4f5ddcab3cdf4a9,,No,,"Kottec tipli yerləşmə vasitələri (Kottec, dağ evi, bungalov, chalet)",TIMS,,,,,,https://data.tourism.gov.az/proxy/stakeholder/getFile/20240614111714t-r0000193373,2024-06-14T07:17:14.710Z,2025-04-29T11:56:56.486Z
Viləş Palace Hotel,Viləş Palace Hotel,Masallı,"Vilesh Palace Hotel, Masalli, Azerbaijan",38.9882067,48.5834215,994502220212,Vilesh.hotel@gmail.com,,6403253142,,APPROVED,660fef48e4f5ddcab3cdac08,,No,,Şəhər Hoteli,TIMS + azeritour.az,https://azeritour.az/vilesh_palace_hotel,"Vilesh Palace Hotel расположен на гористой территории в курортной зоне района Масаллы , в селе Гарыблыяр . Отель находится рядом с целебным источником Истису, в нижней части Талышских гор. Вы будете иметь незабываемый отдых с удивительным гостеприимством. Отличительная черта Масаллы является то, что у вас есть много возможностей для приятного пребывания. Комплекс занимает большую территорию, в частности одно трехэтажное. На первом этаже которого размещены рестораны.",,,,https://data.tourism.gov.az/proxy/stakeholder/getFile/20240405163208t-r0000146097,2024-04-05T12:32:08.349Z,2025-04-29T11:56:56.486Z
Viləş STV,Viləş STV,Masallı,"Viləş-STV aTim, Yeyankand, Azerbaijan",38.9870848,48.5806281,994503614665,ulvi_memmedli1996@mail.ru,,6400031791,,APPROVED,666bf8e1e4f5ddcab3cdf577,,No,,"Kottec tipli yerləşmə vasitələri (Kottec, dağ evi, bungalov, chalet)",TIMS,,,,,,https://data.tourism.gov.az/proxy/stakeholder/getFile/20240614120137t-r0000174172,2024-06-14T08:01:37.646Z,2025-04-29T11:56:56.486Z
Yeddi Bulaq İstirahət Mərkəzi,Yeddi Bulaq İstirahət Mərkəzi,Masallı,"Qəriblər, Masallı, Azerbaijan",38.9979377,48.5958693,994518378909,abdullaqasanov@mail.ru,,6400008432,,APPROVED,6662f0b5e4f5ddcab3cdee90,,No,,Qonaq evi,TIMS,,,,,,https://data.tourism.gov.az/proxy/stakeholder/getFile/20240607153621t-r0000185710,2024-06-07T11:36:21.615Z,2025-04-29T11:56:56.486Z
masalli hotel/masalli sufresi,masalli hotel/masalli sufresi,Masallı,"Masallı Hotel Mehmanxana, H. Aliyev, Masalli, Azerbaijan",39.033931,48.6666059,994502998300,masallihotel@gmail.com,https://masallihotel.az,6400106591,,APPROVED,6437b6d1c7a6a5b6924fe216,,No,,Şəhər Hoteli,TIMS,,,,,,https://data.tourism.gov.az/proxy/stakeholder/getFile/20230413120121t-r0000111453,2023-04-13T08:01:21.804Z,2025-04-29T11:56:56.486Z
Çənlibel istirahət mərkəzi,Çənlibel istirahət mərkəzi,Masallı,"Qəriblər, Masallı, Azerbaijan",38.9979377,48.5958693,994507594244,abdullaqasanov@mail.ru,,6400481092,,APPROVED,6662e31ae4f5ddcab3cdee4e,,No,,"Kottec tipli yerləşmə vasitələri (Kottec, dağ evi, bungalov, chalet)",TIMS,,,,,,https://data.tourism.gov.az/proxy/stakeholder/getFile/20240607143818t-r0000172763,2024-06-07T10:38:18.189Z,2025-04-29T11:56:56.486Z
AP HOTEL,AP HOTEL,Mingachevir,"Mingechaur, Azerbaijan",40.7702563,47.0496015,994554861620,turalqehramanov2@gmail.com,,1402018832,,APPROVED,6528ce58c29cd31ed9786d28,,No,,Şəhər Hoteli,TIMS,,,,,,https://data.tourism.gov.az/proxy/stakeholder/getFile/20231013085800t-r0000189415,2023-10-13T04:58:00.636Z,2025-04-29T11:56:56.486Z
Agsaray Deluxe Hotel & Spa,Agsaray Deluxe Hotel & Spa,Mingachevir,"Agsaray Deluxe Hotel&SPA, Ganja Avenue, Mingecevir, Azerbaijan",40.7690642,47.0356159,994502001988,info@agsarayhotel.az,https://www.instagram.com/agsaraydeluxe.hotel/,7800009861,,APPROVED,6527e31d14f58db1e98d2708,,No,,Şəhər Hoteli,TIMS + azeritour.az,https://azeritour.az/agsaray_deluxe_hotel,"Agsaray Deluxe Hotel — это люксовый отель, который расположен в городе Мингечевир (Азербайджан). Расположенный на правом берегу реки Кура, имеет прекрасную природу и чистый воздух. От отеля до центра города всего 1.5 км, до пляжа 1.1 км, до ближайшего международного аэропорта 94 км, расположенный в городе Гянджа.",Oracle OPERA; 1C,website_scan,Oracle OPERA; 1C,https://data.tourism.gov.az/proxy/stakeholder/getFile/20231009165438t-r0000147378,2023-10-12T12:14:21.130Z,2025-04-29T11:56:56.486Z
Avtovağzal Hotel,Avtovağzal Hotel,Mingachevir,"Heydər Əliyev prospekti, Mingecevir, Azerbaijan",40.7578036,47.0798753,994515348394,khaligmemmedli@gmail.com,,1406094342,,APPROVED,65cca6adac6a950c2ed2164d,,No,,Motel,TIMS,,,,,,https://data.tourism.gov.az/proxy/stakeholder/getFile/20240214154028t-r0000161983,2024-02-14T11:40:29.041Z,2025-04-29T11:56:56.486Z
Azpetrol,Azpetrol,Mingachevir,"Yevlax, Azerbaijan",40.6196638,47.1500324,994242750080,azpetrol@azpetrol.com,https://azpetrol.az,1700166231,,APPROVED,677b9cdce07639b4589cd10e,,No,,Qonaq evi,TIMS,,,1C,website_scan,1C,https://data.tourism.gov.az/proxy/stakeholder/getFile/20230518122941t-r0000118400,2025-01-06T09:05:32.234Z,2025-04-29T11:56:56.486Z
Birinci Hotel,Birinci Hotel,Mingachevir,"Mingəçevir, Azerbaijan",40.7704075,47.0501531,+994559710909,hasanovfirdovsi85@gmail.com,,2701962722,,APPROVED,693fee0a10f944d56cfcbe89,,No,,"Kottec tipli yerləşmə vasitələri (Kottec, dağ evi, bungalov, chalet)",TIMS,,,,,,https://data.tourism.gov.az/proxy/stakeholder/getFile/20251215151625t-r0000125150,2025-12-15T11:16:26.007Z,2025-12-17T05:29:36.511Z
Buta Motel,Buta Motel,Mingachevir,"Puşkin, Mingecevir, Azerbaijan",40.7691736,47.0589821,994708414545,helelik2015@gmail.com,,2700432402,,APPROVED,65c4b9d7ac6a950c2ed215d7,,No,,Motel,TIMS,,,,,,https://data.tourism.gov.az/proxy/stakeholder/getFile/20240208152407t-r0000124308,2024-02-08T11:24:07.676Z,2025-04-29T11:56:56.486Z
Evim Hotel,Evim Hotel,Mingachevir,"Mingəçevir, Azerbaijan",40.7702563,47.0496015,994702459945,rufet123@gmail.com,,2700616112,,APPROVED,6673c9c1aeeff6a3badbbdab,,No,,Qonaq evi,TIMS,,,,,,https://data.tourism.gov.az/proxy/stakeholder/getFile/20240620101227t-r0000127019,2024-06-20T06:18:41.450Z,2025-04-29T11:56:56.486Z
GOLD Hotel,GOLD Hotel,Mingachevir,"Mingəçevir, Azerbaijan",40.7702563,47.0496015,994998535153,ismayilovperviz896@gmail.com,,2700710852,,APPROVED,65cf4646ac6a950c2ed21793,,No,,Qonaq evi,TIMS,,,,,,https://data.tourism.gov.az/proxy/stakeholder/getFile/20240216152556t-r0000182684,2024-02-16T11:25:58.236Z,2025-04-29T11:56:56.486Z
HARMONY HOTEL,HARMONY HOTEL,Mingachevir,"Mingəçevir, Azerbaijan",40.7702563,47.0496015,994552419786,shalibaba966@mail.ru,,3201085432,,APPROVED,66615b8384751e9e565c4991,,No,,Şəhər Hoteli,TIMS,,,,,,https://data.tourism.gov.az/proxy/stakeholder/getFile/20240606103438t-r0000164872,2024-06-06T06:47:31.335Z,2025-10-17T06:56:55.186Z
Kür Hotel,Kür Hotel,Mingachevir,"98a İslamzadə küçəsi, Mingəçevir, Azerbaijan",40.7707193,47.0403088,994242730313,fo.manager@kurhotel.az,https://kurhotel.az/,2700603111,,APPROVED,646739169bff11407fb6aca4,,No,,Şəhər Hoteli,TIMS,,,,,,https://data.tourism.gov.az/proxy/stakeholder/getFile/20230519125342t-r0000146227,2023-05-19T08:53:42.272Z,2025-04-29T11:56:56.486Z
MRT Hotel,MRT Hotel,Mingachevir,"Mingəçevir, Azerbaijan",40.7702563,47.0496015,994559710909,hotelmrt@gmail.com,,2700318691,,APPROVED,65ef01a5e4f5ddcab3cd8391,,No,,Şəhər Hoteli,TIMS,,,,,,https://data.tourism.gov.az/proxy/stakeholder/getFile/20240311170541t-r0000175189,2024-03-11T13:05:41.764Z,2025-04-29T11:56:56.486Z
Mingəçevir Hostel,Mingəçevir Hostel,Mingachevir,"Mingəçevir, Azerbaijan",40.7702563,47.0496015,994504523208,moskvaarif516@gmail.com,,2701937352,,APPROVED,6666b213e4f5ddcab3cdef97,,No,,Qonaq evi,TIMS,,,,,,https://data.tourism.gov.az/proxy/stakeholder/getFile/20240610115811t-r0000166043,2024-06-10T07:58:11.445Z,2025-04-29T11:56:56.486Z
Miraj Motel,Miraj Motel,Mingachevir,"Heydər Əliyev prospekti, Mingəçevir, Azerbaijan",40.7675235,47.0560136,994555405624,qurbanovatamella@gmail.com,,2700652882,,APPROVED,662267cee4f5ddcab3cdc34b,,No,,Qonaq evi,TIMS,,,,,,https://data.tourism.gov.az/proxy/stakeholder/getFile/20240419164710t-r0000198564,2024-04-19T12:47:10.730Z,2025-04-29T11:56:56.486Z
My Way Hostel,My Way Hostel,Mingachevir,"Təbriz, Mingecevir, Azerbaijan",40.7714012,47.0207441,994502026462,yoxdu@mail.ru,,2700408102,,APPROVED,6523a0a4c29cd31ed9786938,,No,,Hostel,TIMS,,,,,,https://data.tourism.gov.az/proxy/stakeholder/getFile/20231009104140t-r0000130004,2023-10-09T06:41:40.063Z,2025-04-29T11:56:56.486Z
Osmanoğlu motel,Osmanoğlu motel,Mingachevir,"Mingəçevir, Azerbaijan",40.7702563,47.0496015,994558999994,qasimovosman019@gmail.com,,2701526802,,APPROVED,65420dcfc29cd31ed9787ac1,,No,,Qonaq evi,TIMS,,,,,,https://data.tourism.gov.az/proxy/stakeholder/getFile/20231101123527t-r0000173168,2023-11-01T08:35:27.973Z,2025-04-29T11:56:56.486Z
Qala otel,Qala otel,Mingachevir,"27 İslamzadə küçəsi, Mingəçevir, Azerbaijan",40.7667398,47.04045379999999,994702600045,mubariz26111976@gmail.com,,2700847342,,APPROVED,65168cd5c29cd31ed9786308,,No,,Qonaq evi,TIMS,,,,,,https://data.tourism.gov.az/proxy/stakeholder/getFile/20230929123741t-r0000188976,2023-09-29T08:37:41.973Z,2025-04-29T11:56:56.486Z
River Side Hotel,River Side Hotel,Mingachevir,"Huseynov Street, Mingecevir, Azerbaijan",40.7713583,47.0460627,994557444590,otel.riverside@gmail.com,https://www.riverside.az/,2700112961,,APPROVED,646781f99bff11407fb6b05a,,No,,Şəhər Hoteli,TIMS,,,,,,https://data.tourism.gov.az/proxy/stakeholder/getFile/20230519180441t-r0000186128,2023-05-19T14:04:41.252Z,2025-04-29T11:56:56.486Z
Səməni firması,Səməni firması,Mingachevir,"11 Hüseynov küçəsi, Mingecevir, Azerbaijan",40.7713583,47.0460627,994502472998,semenihotel@gmail.com,,2700020481,,APPROVED,6528c84314f58db1e98d290a,,No,,Şəhər Hoteli,TIMS,,,,,,https://data.tourism.gov.az/proxy/stakeholder/getFile/20231013083203t-r0000121371,2023-10-13T04:32:03.699Z,2025-04-29T11:56:56.486Z
Sərin Hotel,Sərin Hotel,Mingachevir,"Mingəçevir, Azerbaijan",40.7702563,47.0496015,994553824202,elcinsuleymanov5085@gmail.com,,2700404792,,APPROVED,6662c655e4f5ddcab3cdedef,,No,,Şəhər Hoteli,TIMS + azeritour.az,https://azeritour.az/serin_hotel,"Serin Hotel — это не просто комфортабельный отель, но и большой оздоровительный комплекс. В свободное время вы сможете заняться своим здоровьем. Также SPA салон со всеми услугами, фитнес-центр, отличный бассейн, финская баня, и все это в одном отеле. Гостиница предоставляет качественные услуги, люксовые номера, к каждому посетителю индивидуальный подход. А шикарный ресторан угостит вас изысканными блюдами. Еще одно отличие от других отелей в том что, отель предлагает вам экскурсионные поездки не только по достопримечательностям Баку, но и Азербайджана. Любителям рыбалки предложат получить такое удовольствие, а если вы любите природу и поскакать верхом на лошади, то вас не оставят без внимания. Также у вас есть шанс заказать индивидуальные экскурсии. К примеру по Баку, посетить Старый город (Ичери Шехер), Храм огнепоклонников, Дворец Ширваншахов, и другие достопримечательности Баку.",,,,https://data.tourism.gov.az/proxy/stakeholder/getFile/20240607123533t-r0000180504,2024-06-07T08:35:33.148Z,2025-04-29T11:56:56.486Z
Vətən motel,Vətən motel,Mingachevir,"Gəncə prospekti, Mingəçevir, Azerbaijan",40.7696767,47.02817,994555831070,aliyar_mammadov@mail.ru,,2700405862,,APPROVED,6540e6dbc29cd31ed9787984,,No,,"Kottec tipli yerləşmə vasitələri (Kottec, dağ evi, bungalov, chalet)",TIMS,,,,,,https://data.tourism.gov.az/proxy/stakeholder/getFile/20231031153659t-r0000118115,2023-10-31T11:36:59.249Z,2025-04-29T11:56:56.486Z
Wood Hotel,Wood Hotel,Mingachevir,"Mingecevir, Azerbaijan",40.7702563,47.0496015,994559710909,hotelmrt@gmail.com,,2700318691,,APPROVED,65ef0069e4f5ddcab3cd836b,,No,,Qonaq evi,TIMS,,,,,,https://data.tourism.gov.az/proxy/stakeholder/getFile/20240311170025t-r0000194797,2024-03-11T13:00:25.476Z,2025-04-29T11:56:56.486Z
"""Kəpəz"" sanatoriyası","""Kəpəz"" sanatoriyası",Naftalan,"Naftalan, Azerbaijan",40.5075632,46.8239786,994553083020,naftalankapaz1@mail.ru,,1000240441,,APPROVED,661e2bcde4f5ddcab3cdb767,,No,,Şəhər Hoteli,TIMS,,,,,,https://data.tourism.gov.az/proxy/stakeholder/getFile/20240416114205t-r0000179873,2024-04-16T07:42:05.370Z,2025-04-29T11:56:56.486Z
Bosfor Hotel Baku,,Naftalan,"| azeritour × Обратная связь Пляжи Хостелы Туристический сайт Азербайджана, новости туризма Меню сайта Главная Новости В",,,,,http://gmpg.org/xfn/11,,,,,,,,,azeritour.az,https://azeritour.az/bosfor_hotel_baku/,"Bosfor Hotel Baku это небольшой отель для тех кто ценит свое время. Отель сочетает в себе культуры запада и востока и готов принять вас с азербайджанским гостеприимством. До международного аэропорта всего 20 км, проехав несколько минут вы окажитесь в уютных номерах. Гостиница предоставляет качественные услуги бизнесменам и путешественникам. Номера имеют приятный дизайн, не смотря что располагается в центре Баку, вы ощутите спокойствие. Раз уж заговорили о местоположении, то совсем рядом находятся главные достопримечательности Баку .",,,,,,
Chinar Hotel & Spa Naftalan,Chinar Hotel & Spa Naftalan,Naftalan,"Şirvan küç., Naftalan, Azerbaijan",40.5003713,46.8267079,994223521000,Bakhram.Makinskiy@chinarhotel.com,https://chinarhotel.az/en,1500855511,B,APPROVED,646b328df50cc1c77dd642b5,5,No,,Rezort Hotel,TIMS + azeritour.az + azeritour.az,https://azeritour.az/chinar_hotel_spa_naftalan,Карта сайта,,,,https://data.tourism.gov.az/proxy/stakeholder/getFile/20230522125543t-r0000111314,2023-05-22T09:14:53.133Z,2025-04-29T11:56:56.486Z
GOLD NAFTALAN,GOLD NAFTALAN,Naftalan,"Naftalan, Azerbaijan",40.5075632,46.8239786,994505592584,gold.naftalan21@mail.ru,https://www.goldnaftalan.az,2800153431,,APPROVED,65a4e010ac6a950c2ed20475,3,No,,,TIMS,,,,,,https://data.tourism.gov.az/proxy/stakeholder/getFile/20240115113440t-r0000134512,2024-01-15T07:34:40.177Z,2025-04-29T11:56:56.486Z
Garabagh Resort & SPA,Garabagh Resort & SPA,Naftalan,"12 Shirvan, Naftalan 4600",40.5075632,46.8239786,994502545090,reservation@garabaghotel.az,https://garabaghotel.az/en,1501192151,,APPROVED,646b76c79bff11407fb6b3c6,,No,,Şəhər Hoteli,TIMS,,,,,,https://data.tourism.gov.az/proxy/stakeholder/getFile/20230522180558t-r0000104469,2023-05-22T14:05:59.026Z,2025-04-29T11:56:56.486Z
Gashalti Health Hotel,Gashalti Health Hotel,Naftalan,"Naftalan, Azerbaijan",40.5075632,46.8239786,994502958600,kamil.hasanli@gashalti.az,https://gashalti.az/,1600755221,,APPROVED,647066d4336901b35e3d40e3,,No,,Şəhər Hoteli,TIMS + azeritour.az,https://azeritour.az/naftalan_hotel_by_bixos,"Gashalti Health Hotel Naftalan расположен в городе Нафталан . Расстояние до Баку 350 км, до города Гянджа 50 км. Гостиница построена на площади 5000 м2 и состоит из трех корпусов. Это не просто шикарный отель со всеми удобствами и отличным сервисом. Главной его отличием является лечебные ванные процедуры, которые славятся на весь мир. С помощью нефтяных лечебных ван Нафталана, вы можете поправить свое здоровье, так как именно эти процедуры могут излечить более 40 видов болезней. Gashalti Health Hotel Naftalan предлагает вам королевский прием, комфортабельные номера, сьюты и виллы. По мимо отдыха вы можете заняться спортом. В отеле есть все условия для занятия спортом. Также предлагает вам СПА центр, со всеми процедурами. Европейские и азиатские массажи придадут вам легкости и свежести. Персонал состоит из профессиональных мастеров своего дела. Фитнес клуб имеет на вооружении все тренажеры, которые способствуют поднятия физического духа. Рестораны и бары побалуют вас коктейлями и блюдами национальной и международной кухни. В плане развлечений вас ждут бильярдный зал, теннисный корт, спортивные площадки, видео игровые залы, 3D кинотеатры, можете взять в аренду велосипед и многое друг",,,,https://data.tourism.gov.az/proxy/stakeholder/getFile/20230526115916t-r0000123762,2023-05-26T07:59:16.414Z,2025-04-29T11:56:56.486Z
KARVAN SANATORİUM,KARVAN SANATORİUM,Naftalan,"Şirvan küç., Naftalan, Azerbaijan",40.498875,46.8196964,994103110001,office.karvanhotel@gmail.com,https://www.karvansanatoriyası.az,2800026611,,APPROVED,6530c8ffc29cd31ed9787115,,No,,Şəhər Hoteli,TIMS,,,,,,https://data.tourism.gov.az/proxy/stakeholder/getFile/20231019101319t-r0000129680,2023-10-19T06:13:19.729Z,2025-04-29T11:56:56.486Z
KƏPƏZ FİRMASI,KƏPƏZ FİRMASI,Naftalan,"7 Nizami, Naftalan, Azerbaijan",40.5053882,46.8223618,994552708888,naftalankapaz1@mail.ru,https://kepez.com,2800103672,,APPROVED,645dd45b9bff11407fb68d9e,,No,,,TIMS,,,,,,https://data.tourism.gov.az/proxy/stakeholder/getFile/20230512095331t-r0000106758,2023-05-12T05:53:31.361Z,2025-04-29T11:56:56.486Z
Nafta hotel,Nafta hotel,Naftalan,"Naftalan, Azerbaijan",40.5075632,46.8239786,994994102257,www.nazif.latifov@nafta.az,https://www.naftahotel.az,8500343801,,APPROVED,66c49197920d986c24775de4,,No,,Şəhər Hoteli,TIMS,,,,,,https://data.tourism.gov.az/proxy/stakeholder/getFile/20240820165239t-r0000122989,2024-08-20T12:52:39.858Z,2025-04-29T11:56:56.486Z
Naftalan Murov Mərkəzi Sanatoriyası,Naftalan Murov Mərkəzi Sanatoriyası,Naftalan,"Naftalan, Azerbaijan",40.5075632,46.8239786,994102252323,info@naftalanmurov.az,https://naftalanmurov.az,1905198461,,APPROVED,65a78122ac6a950c2ed20693,,No,,Şəhər Hoteli,TIMS,,,,,,https://data.tourism.gov.az/proxy/stakeholder/getFile/20240117112626t-r0000164324,2024-01-17T07:26:26.228Z,2025-04-29T11:56:56.486Z
Nur Naftalan,Nur Naftalan,Naftalan,"Nur Naftalan, Ş.Qurbanov küç, Naftalan, Azerbaijan",40.5041909,46.8296649,994997010105,nurnaftalan46@gmail.com,,1405051271,,APPROVED,6465c8b59bff11407fb6a7c4,,No,,Şəhər Hoteli,TIMS,,,,,,https://data.tourism.gov.az/proxy/stakeholder/getFile/20230518104157t-r0000153624,2023-05-18T06:41:57.684Z,2025-04-29T11:56:56.486Z
Safasanatoriya,Safasanatoriya,Naftalan,"31 Şirvan küç., Naftalan, Azerbaijan",40.498875,46.8196964,994503955255,vamiraslanov66@mail.ru,https://www.safasanatoriyası.az,2800127831,,APPROVED,659fbbfdac6a950c2ed20313,,No,,Şəhər Hoteli,TIMS,,,,,,https://data.tourism.gov.az/proxy/stakeholder/getFile/20240111135925t-r0000183065,2024-01-11T09:59:25.267Z,2025-04-29T11:56:56.486Z
Sun City Naftalan,Sun City Naftalan,Naftalan,"11 Nizami, Naftalan, Azerbaijan",40.5053882,46.8223618,994102558444,suncitynhotel@gmail.com,http://suncityhotel.az,2800170271,,APPROVED,646b6da79bff11407fb6b2d9,,No,,Şəhər Hoteli,TIMS,,,,,,https://data.tourism.gov.az/proxy/stakeholder/getFile/20230522172703t-r0000183387,2023-05-22T13:27:03.612Z,2025-04-29T11:56:56.486Z
Hotel Neftçala Olimpiya İdman Kompleksi,Hotel Neftçala Olimpiya İdman Kompleksi,Neftçala,Neftçala Olimpiya İdman Kompleksi,39.3716608,49.2434236,994702550047,neftcalaolimpiyaidmankompleksi@gmail.com,,6501567141,,APPROVED,65f80dfbe4f5ddcab3cd9269,,No,,Qonaq evi,TIMS,,,,,,https://data.tourism.gov.az/proxy/stakeholder/getFile/20240318134843t-r0000124571,2024-03-18T09:48:43.202Z,2025-04-29T11:56:56.486Z
Su Səsi Ailəvi İstirahət Mərkəzi,Su Səsi Ailəvi İstirahət Mərkəzi,Ordubad,"Dizə, Ordubad, Azerbaijan",38.9305367,45.9255363,+994504999832,huseynsalehoghlu@gmail.com,,0400496752,,APPROVED,68c017ae10f944d56cfca4d9,,No,,,TIMS,,,,,,https://data.tourism.gov.az/proxy/stakeholder/getFile/20250909160358t-r0000131639,2025-09-09T12:03:58.381Z,2025-10-31T06:25:02.729Z
AFRA HOTEL,AFRA HOTEL,Oğuz,"20 Yanvar, Baku, Azerbaijan",40.4124852,49.8084538,994242153409,afraotel09@gmail.com,,2000132361,,APPROVED,65d5d99bac6a950c2ed218bc,,No,,Hostel,TIMS + azeritour.az,https://azeritour.az/afra_hotel_5_star_oguz,"Afra Hotel Oğuz Böyük Qafqaz dağlarının ətəyində yerləşən çox gözəl mənzərəsi olan şəhərin səs küyündən və narahatçiliqindan uzaqda möhtəşəm bir oteldir. Otelin təqdim etdiyi 34 otaq və 4 villa, bununla yanaşi gülərüz personal qonaqların gözəl istirahəti üçün hər bir şəraiti təqdim edir. Təqdim olunan villalar, ailə və dostlar ilə istirahət etdikdə ideal bir seçimdir. AFRA Hotel qonaqlarına bir neçə restoran da təqdim edir. Azərbaycan və dünya mətbəxinin gözəl nemətlərini otelin restoranlarında dada bilərsininiz. Otel tərəfindən qrup və şirkət tədbirləri üçün də hər bir şərait təqdim olunur.",,,,https://data.tourism.gov.az/proxy/stakeholder/getFile/20240221150811t-r0000166039,2024-02-21T11:08:11.568Z,2025-04-29T11:56:56.486Z
Elysium Hotel,Elysium Hotel,Oğuz,"Elysium Hotel & Restaurant, Oğuz, Azerbaijan",41.0527845,47.4205856,994516797979,elysiumhotelrestaurant@gmail.com,https://planetofhotels.com/tr/azerbaycan/oguz,1307124922,,APPROVED,650d9b3ec29cd31ed97861ec,,No,,Şəhər Hoteli,TIMS,,,,,,https://data.tourism.gov.az/proxy/stakeholder/getFile/20230922174845t-r0000199894,2023-09-22T13:48:46.026Z,2025-04-29T11:56:56.486Z
Korifey Hotel,Korifey Hotel,Oğuz,"Oğuz, Azerbaijan",41.0727924,47.4650672,994703070010,semedov0010@gmail.com,,6600505382,,APPROVED,65f7efbee4f5ddcab3cd91ea,,No,,Hostel,TIMS,,,,,,https://data.tourism.gov.az/proxy/stakeholder/getFile/20240318113942t-r0000172591,2024-03-18T07:39:42.105Z,2025-04-29T11:56:56.486Z
LT Hotel,LT Hotel,Oğuz,"Oğuz, Azerbaijan",41.0727924,47.4650672,994703900094,Nihat.semedov@mail.ru,,6600344222,,APPROVED,65f15bc3e4f5ddcab3cd88b9,,No,,,TIMS,,,,,,https://data.tourism.gov.az/proxy/stakeholder/getFile/20240313115443t-r0000184664,2024-03-13T07:54:43.526Z,2025-04-29T11:56:56.486Z
Lt Hotel Oguz,Lt Hotel Oguz,Oğuz,oguz rayonu me,41.0727924,47.4650672,994505903773,ltoteloguz@gmail.com,,6600401812,,APPROVED,6501a8aac29cd31ed9785f49,,No,,Şəhər Hoteli,TIMS,,,,,,https://data.tourism.gov.az/proxy/stakeholder/getFile/20230913161850t-r0000192556,2023-09-13T12:18:50.194Z,2025-04-29T11:56:56.486Z
MAQNOLİA MOTEL,MAQNOLİA MOTEL,Oğuz,"Oğuz, Azerbaijan",41.0727924,47.4650672,994242153770,alfaomega.91@mail.ru,,6600750972,,APPROVED,65efff0128b53d1e386e1b73,,No,,Hostel,TIMS,,,,,,https://data.tourism.gov.az/proxy/stakeholder/getFile/20240224101858t-r0000131676,2024-03-12T07:06:41.532Z,2025-04-29T11:56:56.486Z
Oğuz OİK,Oğuz OİK,Oğuz,"Oğuz, Azerbaijan",41.0727924,47.4650672,994706252503,oguz.oik@mail.ru,,6600153591,,APPROVED,665ebaefe4f5ddcab3cdebd6,,No,,Qonaq evi,TIMS,,,,,,https://data.tourism.gov.az/proxy/stakeholder/getFile/20240604105751t-r0000113398,2024-06-04T06:57:51.797Z,2025-04-29T11:56:56.486Z
PANORAMA RESORT OGUZ,PANORAMA RESORT OGUZ,Oğuz,"Oghuz, Azerbaijan",41.0199661,47.467423,994242153923,panoramaoteloguz@gmail.com,http://www.panoramaoguzhotel.net/,6600485242,,APPROVED,6606cd3e646cbbbc8597f980,,No,,,TIMS,,,,,,https://data.tourism.gov.az/proxy/stakeholder/getFile/20230515093909t-r0000163359,2024-03-29T14:16:30.570Z,2025-04-29T11:56:56.486Z
Qaynama ailəvi istirahət mərkəzi,Qaynama ailəvi istirahət mərkəzi,Oğuz,"Bayan, Oğuz, Azerbaijan",41.0262049,47.4459355,994506255550,soyubov_elcin@mail.ru,,6600330562,,APPROVED,65cf1da8ac6a950c2ed21764,,No,,Hostel,TIMS,,,,,,https://data.tourism.gov.az/proxy/stakeholder/getFile/20240216123240t-r0000193601,2024-02-16T08:32:40.087Z,2025-04-29T11:56:56.486Z
SƏMA,SƏMA,Oğuz,"Səma Hotel, Oghuz, Azerbaijan",41.0598634,47.4621449,994507941194,Sema.otel53608@mail.ru,https://yandex.az/maps/org/235676060546,6600131852,,APPROVED,650d53a9c29cd31ed97861a8,,No,,Şəhər Hoteli,TIMS,,,1C,website_scan,1C,https://data.tourism.gov.az/proxy/stakeholder/getFile/20230922124321t-r0000192507,2023-09-22T08:43:21.140Z,2025-04-29T11:56:56.486Z
Alp Hotel,Alp Hotel,Qax,"Heydər Əliyev prospekti, Qax, Azerbaijan",41.4280825,46.9504484,994502060893,alphotel2572@gmail.com,,4300124262,,APPROVED,65d924e9e4f5ddcab3cd7659,,No,,"Kottec tipli yerləşmə vasitələri (Kottec, dağ evi, bungalov, chalet)",TIMS,,,,,,https://data.tourism.gov.az/proxy/stakeholder/getFile/20240224030617t-r0000142106,2024-02-23T23:06:17.431Z,2025-04-29T11:56:56.486Z
BERGS OTEL,BERGS OTEL,Qax,"Qax-İlisu, Qakh, Azerbaijan",41.4378203,46.980291,994024256431,xalmaga@gmail.com,https://bergs.az/,4300296212,,APPROVED,644b86f56506cef40b9db82a,,No,,Rezort Hotel,TIMS,,,1C,website_scan,1C,https://data.tourism.gov.az/proxy/stakeholder/getFile/20230428124229t-r0000154478,2023-04-28T08:42:29.710Z,2025-04-29T11:56:56.486Z
BEŞBULAQ,BEŞBULAQ,Qax,"Ilisu, Azerbaijan",41.4683322,47.0603465,994515177363,mehdi-texas@mail.ru,,5100987932,,APPROVED,65eee1c7e4f5ddcab3cd8306,,No,,Hostel,TIMS,,,,,,https://data.tourism.gov.az/proxy/stakeholder/getFile/20240311144943t-r0000171933,2024-03-11T10:49:43.763Z,2025-04-29T11:56:56.486Z
Buzbulaq İstirahət Mərkəzi,Buzbulaq İstirahət Mərkəzi,Qax,"Qaşqaçay, Azerbaijan",41.3785459,47.026658,994702914944,ezizov571@gmail.com,,4300489892,,APPROVED,666aa05fe4f5ddcab3cdf3c7,,No,,Butik Hotel,TIMS,,,,,,https://data.tourism.gov.az/proxy/stakeholder/getFile/20240613113143t-r0000194408,2024-06-13T07:31:43.583Z,2025-04-29T11:56:56.486Z
EDEN PARK otel,EDEN PARK otel,Qax,"Eden Park Hotel Ilisu, Qakh, Azerbaijan",41.4543056,47.0102258,994503248441,maqsudov.salah@mail.ru,,0300293922,,APPROVED,65d44dcbac6a950c2ed2180c,,No,,Şəhər Hoteli,TIMS + azeritour.az,https://azeritour.az/eden_park_hotel_qax,"Eden Park hotel Qax — если вы не признаете ничего кроме элитного отдыха , то вам стоит обратить внимание на данный комплекс. Эта зона отдыха относится к категории элитных и располагается в Гахе — самом живописном регионе Азербайджана. Зона отдыха находится на территории курортной зоны Илису . Отличное расположение это одно из достоинств данного комплекса. Кроме этого есть у неё и другие плюсы. Здесь преобладает прекрасный микроклимат.",,,,https://data.tourism.gov.az/proxy/stakeholder/getFile/20240220105923t-r0000141827,2024-02-20T06:59:23.617Z,2025-04-29T11:56:56.486Z
El Resort,El Resort,Qax,"Heydər Əliyev prospekti, Qax, Azerbaijan",41.4280825,46.9504484,994704455202,info@elresort.az,https://www.elresort.az/,4300197931,,APPROVED,646218049bff11407fb69702,,No,,Rezort Hotel,TIMS,,,,,,https://data.tourism.gov.az/proxy/stakeholder/getFile/20230515153116t-r0000138205,2023-05-15T11:31:16.356Z,2025-04-29T11:56:56.486Z
Hilltop Heaven,Hilltop Heaven,Qax,"Qax-İlisu, Qakh, Azerbaijan",41.4378203,46.980291,994505448131,hiiltopheaven.2020@gmail.com,,4301270272,,APPROVED,6666e973e4f5ddcab3cdf072,,No,,Apart Hotel/Rezidens Hotel,TIMS,,,,,,https://data.tourism.gov.az/proxy/stakeholder/getFile/20240610155427t-r0000195636,2024-06-10T11:54:27.950Z,2025-04-29T11:56:56.486Z
Laçın Qaya İM,Laçın Qaya İM,Qax,"Ilisu, Azerbaijan",41.4683322,47.0603465,994553433382,rasmiyya.aliyeva@mail.ru,,5101453512,,APPROVED,665d78b8e4f5ddcab3cdeb1c,,No,,Hostel,TIMS,,,,,,https://data.tourism.gov.az/proxy/stakeholder/getFile/20240603120304t-r0000197861,2024-06-03T08:03:04.495Z,2025-04-29T11:56:56.486Z
MF Park Hotel,MF Park Hotel,Qax,"İlisu, Qax, Azerbaijan",41.4683322,47.0603465,994772771100,Amaf78@mail.ru,,4300164192,,APPROVED,65f93eabe4f5ddcab3cd97cb,,No,,Qonaq evi,TIMS + azeritour.az,https://azeritour.az/mugan-park-hotel/,"Mugan Park Hotel — отель, расположен в Сабирабадском районе. Одной из самых плодородных земель Азербайджана. Это уютный и роскошный отель, который примет как деловых людей так и туристов. Отель расположен в центре Сабирабада, на проспекте Гейдара Алиева 73А. Гостиница обеспечивает быструю связь с различными деловыми и официальными местами в этом районе. Номера отеля Mugan Park Hotel 16 восхитительно оформленных номеров, в котором есть все необходимые удобства, присуще роскошным отелям. Во всех номерах есть центральная система климат-контроля с индивидуальным климат-контролем. Элегантные, стандартные и VIP-номера в отеле, как правило, оформлены в европейском и восточном стиле. В комнатах созданы все удобства для комфортного пребывания. Номера оснащены кондиционером, высокоскоростным доступом в Интернет, международным кабельным телевидением, сейфом и мини-баром. Также присутствуют роскошные ванные комнаты. Muğan Park Hotel — отличное место, в котором услуги в течение 24 часов. Отель в Сабирабаде предлагает захватывающие кулинарные изыски от традиционной турецкой, европейской и европейской кухни. Гостиница оставит отличное впечатление с его высоким уровнем обслуживания.",,,,https://data.tourism.gov.az/proxy/stakeholder/getFile/20240319112843t-r0000140613,2024-03-19T07:28:43.685Z,2025-04-29T11:56:56.486Z
Qax Hostel,Qax Hostel,Qax,"Qax, Azerbaijan",41.4206827,46.9320184,994559682832,tahmina59@mail.ru,https://www.google.com/maps/place/Qax+Hostel,4300346902,,APPROVED,64c8f968c29cd31ed9784a36,,No,,Hostel,TIMS,,,Oracle OPERA; 1C,website_scan,Oracle OPERA; 1C,https://data.tourism.gov.az/proxy/stakeholder/getFile/20230801162408t-r0000189558,2023-08-01T12:24:08.511Z,2025-04-29T11:56:56.486Z
Qax Olimpiya İdman Kompleksi,Qax Olimpiya İdman Kompleksi,Qax,"Qax, Azerbaijan",41.4206827,46.9320184,994557553464,qax.oik@gmail.com,,4300369021,,APPROVED,661e629fe4f5ddcab3cdb900,,No,,Qonaq evi,TIMS,,,,,,https://data.tourism.gov.az/proxy/stakeholder/getFile/20240416153559t-r0000125029,2024-04-16T11:35:59.828Z,2025-04-29T11:56:56.486Z
Qax Resort,Qax Resort,Qax,"Qaxbaş, Qax, Azerbaijan",41.433716,46.9714136,994553783034,qalaba-kft@mail.ru,,4301273202,,APPROVED,665eddb0e4f5ddcab3cdec2f,,No,,Hostel,TIMS,,,,,,https://data.tourism.gov.az/proxy/stakeholder/getFile/20240604132608t-r0000132986,2024-06-04T09:26:08.201Z,2025-04-29T11:56:56.486Z
Qaxbaş Kənd Turizm Evi,Qaxbaş Kənd Turizm Evi,Qax,"Qaxbaş, Qakh, Azerbaijan",41.433716,46.9714136,994242542477,qaxbashturizm@gmail.com,,4300117232,,APPROVED,65f153afe4f5ddcab3cd87bf,,No,,Qonaq evi,TIMS,,,,,,https://data.tourism.gov.az/proxy/stakeholder/getFile/20240313112015t-r0000190989,2024-03-13T07:20:15.797Z,2025-04-29T11:56:56.486Z
Qədim Qafqaz,Qədim Qafqaz,Qax,"Vaqif Eyvazov str., Qakh, Azerbaijan",41.4161171,46.9150424,994552515051,qedim.qafqaz@gmail.com,https://www.instagram.com/qedimqafqaz_restaurant,4300014152,,APPROVED,646261e69bff11407fb69b17,,No,,Hostel,TIMS,,,Oracle OPERA; 1C,website_scan,Oracle OPERA; 1C,https://data.tourism.gov.az/proxy/stakeholder/getFile/20230515204630t-r0000160309,2023-05-15T16:46:30.511Z,2025-04-29T11:56:56.486Z
RamRamay,RamRamay,Qax,"QAX, Qakh, Azerbaijan",41.4206827,46.9320184,994507446644,Payiz74@mail.ru,,4300039362,,APPROVED,65880f7c3c915a199d289e4e,,No,,Qonaq evi,TIMS,,,,,,https://data.tourism.gov.az/proxy/stakeholder/getFile/20230719001608t-r0000126786,2023-12-24T11:01:16.912Z,2025-04-29T11:56:56.486Z
Səngər Qala,Səngər Qala,Qax,"Ilisu, Azerbaijan",41.4683322,47.0603465,994519305505,info.sangarqala@gmail.com,,5100482502,,APPROVED,64686f3ff50cc1c77dd5f25e,,No,,Rezort Hotel,TIMS,,,,,,https://data.tourism.gov.az/proxy/stakeholder/getFile/20230514125500t-r0000170870,2023-05-20T06:57:03.473Z,2025-04-29T11:56:56.486Z
ULUDAG TURİZM VƏ İSTİRAHƏT KOMPLEKSİ M.M.C.,ULUDAG TURİZM VƏ İSTİRAHƏT KOMPLEKSİ M.M.C.,Qax,Azerbaijan,40.143105,47.576927,994702880636,info@ilisu-uludag.com,http://ilisu-uludag.com,4300101991,,APPROVED,646c7e59f50cc1c77dd695c2,,No,,Rezort Hotel,TIMS,,,1C,website_scan,1C,https://data.tourism.gov.az/proxy/stakeholder/getFile/20230523124922t-r0000157613,2023-05-23T08:50:33.115Z,2025-04-29T11:56:56.486Z
Ulu İstirahət Mərkəzi,Ulu İstirahət Mərkəzi,Qax,"İlisu, Qax, Azerbaijan",41.4683322,47.0603465,994775115050,ibrahim.bayramov29@gmail.com,,4300196582,,APPROVED,663a24e7e4f5ddcab3cddc41,,No,,Qonaq evi,TIMS,,,,,,https://data.tourism.gov.az/proxy/stakeholder/getFile/20240507165607t-r0000148680,2024-05-07T12:56:07.708Z,2025-04-29T11:56:56.486Z
Yeni Bakı Hotel,Yeni Bakı Hotel,Qax,"Qaxbaş, Qax, Azerbaijan",41.433716,46.9714136,994702063430,elsnnzirov@gmail.com,,4300441052,,APPROVED,66c4309a920d986c24775c9d,,No,,Hostel,TIMS,,,,,,https://data.tourism.gov.az/proxy/stakeholder/getFile/20240820095850t-r0000131243,2024-08-20T05:58:50.536Z,2025-04-29T11:56:56.486Z
Yurd Otel,Yurd Otel,Qax,"Yurd Hotel, Azerbaijan",41.45631729999999,47.0168294,994702504575,info@yurdhotel.az,http://www.yurdhotel.az,4300197931,,APPROVED,65015efcc29cd31ed9785eb2,,No,,Rezort Hotel,TIMS,,,,,,https://data.tourism.gov.az/proxy/stakeholder/getFile/20230913110428t-r0000130679,2023-09-13T07:04:28.328Z,2025-04-29T11:56:56.486Z
İlisu Pansionatı,İlisu Pansionatı,Qax,"Ilisu, Azerbaijan",41.4683322,47.0603465,994503285615,ilisuresort@rambler.ru,,4300261731,,APPROVED,65f15433e4f5ddcab3cd87d4,,No,,Qonaq evi,TIMS,,,,,,https://data.tourism.gov.az/proxy/stakeholder/getFile/20240313112227t-r0000148649,2024-03-13T07:22:27.336Z,2025-04-29T11:56:56.486Z
ŞİMŞƏK otel restoran,ŞİMŞƏK otel restoran,Qax,"Qax.Agcay, Agchay, Azerbaijan",41.4532741,46.99251950000001,994559154001,tofigmm619@gmail.com,,1201642892,,APPROVED,65f156fce4f5ddcab3cd8835,,No,,Qonaq evi,TIMS,,,,,,https://data.tourism.gov.az/proxy/stakeholder/getFile/20240313113420t-r0000179311,2024-03-13T07:34:20.411Z,2025-04-29T11:56:56.486Z
Avey Motel,Avey Motel,Qazax,"Avey Motel, Gazakh, Azerbaijan",41.1420234,45.3223616,994502776678,aveymotel64@mail.ru,https://www.facebook.com/aveymotel/,4201017002,,APPROVED,655b44a6c77bbf46b8c5a12e,,No,,Motel,TIMS,,,Oracle OPERA; 1C,website_scan,Oracle OPERA; 1C,https://data.tourism.gov.az/proxy/stakeholder/getFile/20231120153606t-r0000163606,2023-11-20T11:36:06.895Z,2025-04-29T11:56:56.486Z
Azpetrol,Azpetrol,Qazax,"Qazax, Azerbaijan",41.0971074,45.3516331,994124886751,azpetrol@azpetrol.com,https://azpetrol.az,1700166231,,APPROVED,646c5a0d9bff11407fb6b48b,,No,,Qonaq evi,TIMS,,,1C,website_scan,1C,https://data.tourism.gov.az/proxy/stakeholder/getFile/20230523101541t-r0000113778,2023-05-23T06:15:41.891Z,2025-04-29T11:56:56.486Z
GÖYƏZƏN HOSTEL,GÖYƏZƏN HOSTEL,Qazax,"6/1 Səməd Vurğun Küçəsi, Gazakh, Qazax, Azerbaijan",41.0913946,45.3663977,994506229750,goyezenmmc@mail.ru,,4200101291,,APPROVED,6555b081c77bbf46b8c59f8b,,No,,Şəhər Hoteli,TIMS,,,,,,https://data.tourism.gov.az/proxy/stakeholder/getFile/20231116100241t-r0000140513,2023-11-16T06:02:41.530Z,2025-04-29T11:56:56.486Z
Mehrimah Otel,Mehrimah Otel,Qazax,"Qazax, Azerbaijan",41.0971074,45.3516331,994503286915,mehmah@gmail.com,https://www.Mehrimahotel.com,4200275921,,APPROVED,66210595e4f5ddcab3cdc034,,No,,Şəhər Hoteli,TIMS,,,,,,https://data.tourism.gov.az/proxy/stakeholder/getFile/20240418153549t-r0000159232,2024-04-18T11:35:49.715Z,2025-04-29T11:56:56.486Z
Motel,Motel,Qazax,"Qazax, Azerbaijan",41.0971074,45.3516331,994558346699,Ulfat-1981@mail.ru,https://www.siruspro.az,1703279191,,APPROVED,65d85bd8e4f5ddcab3cd75c9,,No,,Hostel,TIMS,,,,,,https://data.tourism.gov.az/proxy/stakeholder/getFile/20240223124824t-r0000142656,2024-02-23T08:48:24.454Z,2025-04-29T11:56:56.486Z
Nur əsma otel,Nur əsma otel,Qazax,"Qazax, Azerbaijan",41.0971074,45.3516331,994554056072,www.ekjej6422@gmail.com,https://www.nuresmaotel.az,4200234922,,APPROVED,65a5283dac6a950c2ed20517,,No,,Şəhər Hoteli,TIMS,,,,,,https://data.tourism.gov.az/proxy/stakeholder/getFile/20240115164237t-r0000133383,2024-01-15T12:42:37.208Z,2025-04-29T11:56:56.486Z
Qala otel,Qala otel,Qazax,"Qazax, Azerbaijan",41.0971074,45.3516331,994505410100,kamranveliyev036@gmail.com,https://www.qalaotel.az,4200326282,,APPROVED,65aa6829ac6a950c2ed20921,,No,,Düşərgə yerləri,TIMS,,,,,,https://data.tourism.gov.az/proxy/stakeholder/getFile/20240119161641t-r0000102794,2024-01-19T12:16:41.270Z,2025-04-29T11:56:56.486Z
Qazax Olimpiya İdman Kompleksi,Qazax Olimpiya İdman Kompleksi,Qazax,"Xanlıqlar, Azerbaijan",41.0656348,45.303466,994702955400,idmankompleksi@gmail.com,https://mys.gov.az/qurumlar/olimpiya-idman,4201032671,,APPROVED,646b64869bff11407fb6b28e,,No,,,TIMS,,,,,,https://data.tourism.gov.az/proxy/stakeholder/getFile/20230522164806t-r0000184901,2023-05-22T12:48:06.493Z,2025-04-29T11:56:56.486Z
Qazax hotel,Qazax hotel,Qazax,"Qazax, Azerbaijan",41.0971074,45.3516331,994558850960,qazaxotel@mail.ru,https://www.qazaxotel.az,4200689812,,APPROVED,65a636bcac6a950c2ed2053b,,No,,Şəhər Hoteli,TIMS,,,,,,https://data.tourism.gov.az/proxy/stakeholder/getFile/20240116115644t-r0000157773,2024-01-16T07:56:44.743Z,2025-04-29T11:56:56.486Z
Sınıq Körpü hotel,Sınıq Körpü hotel,Qazax,"Qazax, Azerbaijan",41.0971074,45.3516331,994552004035,sinikkorpu@mail.ru,https://www.sınıqkorpu.az,4200334661,,APPROVED,65b204c9ac6a950c2ed20ae8,,No,,Qonaq evi,TIMS,,,,,,https://data.tourism.gov.az/proxy/stakeholder/getFile/20240125105049t-r0000102792,2024-01-25T06:50:49.651Z,2025-04-29T11:56:56.486Z
HUNTER VILLA,HUNTER VILLA,Saatlı,"Hunter villa, Saatlı, Azerbaijan",39.9330439,48.3452742,994515190245,mircavan.k@gmail.com,,6701087912,,APPROVED,646f00e19bff11407fb6b913,,No,,Qonaq evi,TIMS,,,,,,https://data.tourism.gov.az/proxy/stakeholder/getFile/20230525103201t-r0000141712,2023-05-25T06:32:01.743Z,2025-04-29T11:56:56.486Z
Saatlı Olimpiya İdman Kompleksi,Saatlı Olimpiya İdman Kompleksi,Saatlı,"Saatli Rayon Olimpiya Idman Kompleksi, Saatli, Azerbaijan",39.9449119,48.3496908,994502101850,saatli.r.idman.kompleksi@gmail.com,,6701186581,,APPROVED,6620c574e4f5ddcab3cdbe54,,No,,Qonaq evi,TIMS,,,,,,https://data.tourism.gov.az/proxy/stakeholder/getFile/20240418110212t-r0000165760,2024-04-18T07:02:12.454Z,2025-04-29T11:56:56.486Z
Sabirabad Olimpiya İdman Kompleksi,Sabirabad Olimpiya İdman Kompleksi,Sabirabad,"Olimpiya kompleksi, Sabirabad, Azerbaijan",39.9827927,48.4988129,994508205445,sabirabadoikmmc@mail.ru,,6800467071,,APPROVED,66114dc9e4f5ddcab3cdaf75,,No,,Hostel,TIMS,,,,,,https://data.tourism.gov.az/proxy/stakeholder/getFile/20240406172737t-r0000193121,2024-04-06T13:27:37.529Z,2025-04-29T11:56:56.486Z
Kür hotel,Kür hotel,Salyan,"Ə. Qasımzadə, Salyan, Azerbaijan",39.5993779,48.9899681,994505083030,hotelkur@mail.ru,,7000036151,4,APPROVED,64e37b4714f58db1e989d3d1,,No,,Şəhər Hoteli,TIMS + azeritour.az,https://azeritour.az/kur_hotel,"Kur Hotel — это четырёхзвёздочный отель, который находится в городе Мингечевир. Всего в минуту езды от центра города, на берегу реки Кура. В пяти минутах от гостиницы расположен превосходный пляж. Можно с уверенностью сказать, что данный отель считается курортным. Администрация гостиницы предлагает восхитительный и качественный сервис, который отвечает международным стандартам. Вам будут доступны прекрасные номера, качественное обслуживание, фитнес-центр, зал гимнастики, олимпийский бассейн, лобби-бар. К тому же вы можете расслабиться посетив СПА-центр, в который входит, сауна, парная, массажный зал и многое другое. Если пожелаете то вы можете заняться ловлей рыбы на реке Кура, или же покататься на лодке.",,,,https://data.tourism.gov.az/proxy/stakeholder/getFile/20230821185711t-r0000116867,2023-08-21T14:57:11.890Z,2025-04-29T11:56:56.486Z
"""GÖY QURŞAĞI"" İSTİRAHƏT MƏRKƏZİ","""GÖY QURŞAĞI"" İSTİRAHƏT MƏRKƏZİ",Shamakhi,"Dədəgünəş, Şamaxı, Azerbaijan",40.7116406,48.57306819999999,994507197646,hassgroup.az@gmail.com,,8400100592,,APPROVED,65f4279be4f5ddcab3cd9013,,No,,"Kottec tipli yerləşmə vasitələri (Kottec, dağ evi, bungalov, chalet)",TIMS,,,,,,https://data.tourism.gov.az/proxy/stakeholder/getFile/20240315144859t-r0000122809,2024-03-15T10:48:59.440Z,2025-04-29T11:56:56.486Z
"""STAR OTEL""","""STAR OTEL""",Shamakhi,"Çuxuryurd, Şamaxı, Azerbaijan",40.7104441,48.63233109999999,994516363333,neylan.soylu34@gmail.com,,8400254632,,APPROVED,65f3fd69e4f5ddcab3cd8f3e,,No,,,TIMS,,,,,,https://data.tourism.gov.az/proxy/stakeholder/getFile/20240315114857t-r0000175764,2024-03-15T07:48:57.133Z,2025-04-29T11:56:56.486Z
Cənnət Bağı,Cənnət Bağı,Shamakhi,"Pirqulu, Şamaxı, Azerbaijan",40.7854134,48.5936035,994103952656,selimovselim108@gmail.com,,8400316692,,APPROVED,6708e2382dfbbc7a1411b4c4,,No,,"Kottec tipli yerləşmə vasitələri (Kottec, dağ evi, bungalov, chalet)",TIMS,,,,,,https://data.tourism.gov.az/proxy/stakeholder/getFile/20241011123048t-r0000179609,2024-10-11T08:30:48.518Z,2025-04-29T11:56:56.486Z
DEMİRCHİ,DEMİRCHİ,Shamakhi,"Pirqulu-Dəmirçi, Pirkuli, Azerbaijan",40.7888171,48.5939973,994502550555,demirchi.mmc@gmail.com,https://www.instagram.com/richmond_demirchi/,1306440711,,APPROVED,664e01dfe4f5ddcab3cde542,,No,,,TIMS,,,Oracle OPERA; 1C,website_scan,Oracle OPERA; 1C,https://data.tourism.gov.az/proxy/stakeholder/getFile/20240522183159t-r0000135707,2024-05-22T14:31:59.430Z,2025-04-29T11:56:56.486Z
Dağlar Qoynunda,Dağlar Qoynunda,Shamakhi,"Avaxıl, Şamaxı, Azerbaijan",40.7971924,48.5628446,994502465566,ulviyy.safarova@inbox.ru,,2900412111,,APPROVED,6708f5272dfbbc7a1411b52b,,No,,"Kottec tipli yerləşmə vasitələri (Kottec, dağ evi, bungalov, chalet)",TIMS,,,,,,https://data.tourism.gov.az/proxy/stakeholder/getFile/20241011135135t-r0000102067,2024-10-11T09:51:35.152Z,2025-04-29T11:56:56.486Z
Fortuna Ailəvi Istirahət Mərkəzi,Fortuna Ailəvi Istirahət Mərkəzi,Shamakhi,"Şamaxı-Pirqulu, Melham, Azerbaijan",40.6922591,48.6351627,994503810181,hilalbekirov@mail.ru,https://shorturl.at/joRY7,8400005901,,APPROVED,663b3f170744dc6c7691c459,,No,,,TIMS,,,,,,https://data.tourism.gov.az/proxy/stakeholder/getFile/20240508130007t-r0000172340,2024-05-08T09:00:07.838Z,2025-04-29T11:56:56.486Z
Gözəl Məkan İstirahət Mərkəzi,Gözəl Məkan İstirahət Mərkəzi,Shamakhi,Şamaxı pirqulu,40.7854134,48.5936035,994556209906,goyerchinn@gmail.com,,8400243902,,APPROVED,664d9f07e4f5ddcab3cde4ae,,No,,,TIMS,,,,,,https://data.tourism.gov.az/proxy/stakeholder/getFile/20240522113015t-r0000187283,2024-05-22T07:30:15.697Z,2025-04-29T11:56:56.486Z
QOŞA BULAQ AİLƏVİ İSTİRAHƏT MƏRKƏZİ,QOŞA BULAQ AİLƏVİ İSTİRAHƏT MƏRKƏZİ,Shamakhi,"Avaxıl, Şamaxı, Azerbaijan",40.7971924,48.5628446,994516109911,murvetqedimli@gmail.com,,8400614652,,APPROVED,665ed531e4f5ddcab3cdec17,,No,,Qonaq evi,TIMS,,,,,,https://data.tourism.gov.az/proxy/stakeholder/getFile/20240604124953t-r0000157315,2024-06-04T08:49:53.936Z,2025-04-29T11:56:56.486Z
Qızıl Daş,Qızıl Daş,Shamakhi,"Avaxıl, Şamaxı, Azerbaijan",40.7971924,48.5628446,994506669999,ruslan583750@mail.ru,,4800173152,,APPROVED,67052c1f2dfbbc7a1411b195,,No,,Qonaq evi,TIMS,,,,,,https://data.tourism.gov.az/proxy/stakeholder/getFile/20241008165703t-r0000156295,2024-10-08T12:57:03.701Z,2025-04-29T11:56:56.486Z
Rose park ailəvi istirahət mərkəzi,Rose park ailəvi istirahət mərkəzi,Shamakhi,"Çuxuryurd, Şamaxı, Azerbaijan",40.7104441,48.63233109999999,994552218980,orxan.iov85@gmail.com,,8401126672,,APPROVED,663b68dde4f5ddcab3cddd12,,No,,,TIMS,,,,,,https://data.tourism.gov.az/proxy/stakeholder/getFile/20240508155821t-r0000160396,2024-05-08T11:58:21.744Z,2025-04-29T11:56:56.486Z
SAVALAN İSTİRAHƏT MƏRKƏZİ,SAVALAN İSTİRAHƏT MƏRKƏZİ,Shamakhi,"Şamaxı şəhəri, Shamakhi, Azerbaijan",40.6322588,48.6252573,994996270707,namiqmikayilov73@gmail.com,,8400276372,,APPROVED,6620cd4c4dcc33f5bde205ad,,No,,"Kottec tipli yerləşmə vasitələri (Kottec, dağ evi, bungalov, chalet)",TIMS,,,,,,https://data.tourism.gov.az/proxy/stakeholder/getFile/20240329213501t-r0000110109,2024-04-18T07:35:40.931Z,2025-04-29T11:56:56.486Z
Sadaxlı,Sadaxlı,Shamakhi,"Avaxıl, Şamaxı, Azerbaijan",40.7971924,48.5628446,994507353135,kenanmirzayev90@gmail.com,https://shorturl.at/qrAY0,1505138722,5,APPROVED,6639f2cee4f5ddcab3cddbe7,,No,,Qonaq evi,TIMS + azeritour.az,https://azeritour.az/shagdag_hotel_spa,"Shagdag Hotel & Spa — Если Вы отдыхайте в Гусарах, и хотите посетить туристических комплекс Шахдаг, то милости просим в отель. Отель имеет 5 звезд, принимает гостей как летом так и зимой. Современный стиль с местным колоритом, качественный сервис, комфортабельные номера и многое другое ждет Вас и ваших близких. Огромный выбор ресторанов и бар, море развлечений, SPA центр, катание на лыжах, канатная дорога.",,,,https://data.tourism.gov.az/proxy/stakeholder/getFile/20240507132222t-r0000179779,2024-05-07T09:22:22.989Z,2025-04-29T11:56:56.486Z
Shamakhi Palace Sharadil Hotel,Shamakhi Palace Sharadil Hotel,Shamakhi,"Şərədil, Şamaxı, Azerbaijan",40.6205985,48.4740469,994502958740,Suleyman.Mammadov@pmdhospitality.az,https://shamakhipalace.az,8400518331,,APPROVED,64f58310c29cd31ed9785b26,,No,,,TIMS,,,1C,website_scan,1C,https://data.tourism.gov.az/proxy/stakeholder/getFile/20230904111112t-r0000181967,2023-09-04T07:11:12.184Z,2025-04-29T11:56:56.486Z
Sultan Məkan,Sultan Məkan,Shamakhi,"Çuxuryurd, Şamaxı, Azerbaijan",40.7104441,48.63233109999999,994514505050,baxtiyar.aliyev@yahoo.com,https://shorturl.at/abyH3,2000175912,,APPROVED,663a0eb4e4f5ddcab3cddbff,,No,,,TIMS,,,,,,https://data.tourism.gov.az/proxy/stakeholder/getFile/20240507152124t-r0000157639,2024-05-07T11:21:24.749Z,2025-04-29T11:56:56.486Z
Sərin Dağ,Sərin Dağ,Shamakhi,"Avaxıl, Şamaxı, Azerbaijan",40.7971924,48.5628446,994552027009,anar352anar@gmail.com,,8400481062,,APPROVED,670528b22dfbbc7a1411b17c,,No,,Qonaq evi,TIMS,,,,,,https://data.tourism.gov.az/proxy/stakeholder/getFile/20241008164225t-r0000133591,2024-10-08T12:42:26.034Z,2025-04-29T11:56:56.486Z
pirqulu,pirqulu,Shamakhi,"Qədim Məkan, Pirqulu, Azerbaijan",40.7854134,48.5936035,994558000617,pirqulu056@mail.ru,https://www.instagram.com/pirqulu_restaurant/,8400456382,,APPROVED,663db7ec0744dc6c7691eea0,,No,,Qonaq evi,TIMS,,,Oracle OPERA; 1C,website_scan,Oracle OPERA; 1C,https://data.tourism.gov.az/proxy/stakeholder/getFile/20240510100012t-r0000137847,2024-05-10T06:00:12.798Z,2025-04-29T11:56:56.486Z
Şamaxı Avtovağzal hotel,Şamaxı Avtovağzal hotel,Shamakhi,"Şamaxı, Azerbaijan",40.63187310000001,48.6363801,994503369999,nuriyye1288@mail.ru,,8400036812,,APPROVED,663b462ae4f5ddcab3cddcd8,,No,,"Kottec tipli yerləşmə vasitələri (Kottec, dağ evi, bungalov, chalet)",TIMS,,,,,,https://data.tourism.gov.az/proxy/stakeholder/getFile/20240508133018t-r0000196476,2024-05-08T09:30:18.875Z,2025-04-29T11:56:56.486Z
Art Hotel By ABAD guest,Art Hotel By ABAD guest,Sheki,"Şəki Xan Sarayı (The Palace of Shaki Khans), Sheki, Azerbaijan",41.2044097,47.1976291,994502129223,mammadovanar1@gmail.com,https://www.instagram.com/art_hotel_by_abadguest,1003650161,,APPROVED,65f0095428b53d1e386e1dd8,,No,,Qonaq evi,TIMS,,,Oracle OPERA; 1C,website_scan,Oracle OPERA; 1C,https://data.tourism.gov.az/proxy/stakeholder/getFile/20240312112217t-r0000186861,2024-03-12T07:50:44.798Z,2025-04-29T11:56:56.486Z
Azpetrol,Azpetrol,Sheki,"Şəki, Şəki, Azerbaijan",41.1974753,47.1571241,994242452202,azpetrol@azpetrol.com,https://azpetrol.az,1700166231,,APPROVED,6467086a9bff11407fb6abf8,,No,,Qonaq evi,TIMS,,,1C,website_scan,1C,https://data.tourism.gov.az/proxy/stakeholder/getFile/20230519092602t-r0000154621,2023-05-19T05:26:02.271Z,2025-04-29T11:56:56.486Z
Central Hostel,Central Hostel,Sheki,"22 Heydər Əliyev prospekti, Şəki, Azerbaijan",41.2037784,47.179488,994512512525,info@centralhostel.az,,3000693572,,APPROVED,65014af1c29cd31ed9785e6e,,No,,Hostel,TIMS,,,,,,https://data.tourism.gov.az/proxy/stakeholder/getFile/20230913093857t-r0000123745,2023-09-13T05:38:57.306Z,2025-04-29T11:56:56.486Z
Cənnət Bağı İstirahət Mərkəzi,Cənnət Bağı İstirahət Mərkəzi,Sheki,"Kish, Azerbaijan",41.2522466,47.1918835,994503392200,mustafavusal8@gmail.com,,3000415082,,APPROVED,65f97da5e4f5ddcab3cd9a53,,No,,"Kottec tipli yerləşmə vasitələri (Kottec, dağ evi, bungalov, chalet)",TIMS,,,,,,https://data.tourism.gov.az/proxy/stakeholder/getFile/20240319155725t-r0000141226,2024-03-19T11:57:25.513Z,2025-04-29T11:56:56.486Z
Dost Evi Motel,Dost Evi Motel,Sheki,"Aydın Məmmədov küçəsi, Sheki, Azerbaijan",41.1932677,47.1702582,994558048497,xeyalhuseynov@gmail.com,,3003749072,,APPROVED,66d6bd562e4b3dfc7a96afb8,,No,,,TIMS,,,,,,https://data.tourism.gov.az/proxy/stakeholder/getFile/20240903113850t-r0000106265,2024-09-03T07:40:06.318Z,2025-04-29T11:56:56.486Z
Fgarden,Fgarden,Sheki,"F-Garden Hotel Sheki, S.Mümtaz, Sheki, Azerbaijan",41.218605,47.16907519999999,994507550100,fgardenhotel@gmail.com,http://www.fgardenhotel.com,3000608652,,APPROVED,6437e1cdc7a6a5b6924fe23c,,No,,Qonaq evi,TIMS,,,1C,website_scan,1C,https://data.tourism.gov.az/proxy/stakeholder/getFile/20230413150445t-r0000120831,2023-04-13T11:04:45.622Z,2025-04-29T11:56:56.486Z
Friends House,Friends House,Sheki,"S.Kazımov 1, S.kazımov küçəsi, Şəki, Azerbaijan",41.1974753,47.1571241,994557807889,Friendshousesheki@gmail.com,https://planetofhotels.com/en/friends-house,3001920212,,APPROVED,659fa6a5ac6a950c2ed202a6,,No,,Qonaq evi,TIMS,,,,,,https://data.tourism.gov.az/proxy/stakeholder/getFile/20240111122821t-r0000171027,2024-01-11T08:28:21.692Z,2025-04-29T11:56:56.486Z
Hilal boutique hotel,Hilal boutique hotel,Sheki,"Salman Mumtaz, Sheki, Azerbaijan",41.185363,47.1594805,994559779968,haciabdulla@mail.ru,Https://haciabdulla@mail.ru,3000973342,,APPROVED,6516b83bc29cd31ed9786329,,No,,Qonaq evi,TIMS + azeritour.az,https://azeritour.az/royal-boutique-hotel/,"Royal Boutique Hotel — это бутик отель, который функционирует в Баку. До центра города примерно 8 км. Добраться до основных достопримечательностей Баку очень легко. До центра можно доехать любым доступным способом. Рядом с отелем есть станция метро «Нефтчиляр». Проехав 15-20 минут езды и вы окажитесь центральной части. Также, можно воспользоваться автобусом или же такси. Отель Royal Boutique Hotel действует в отельной системе страны более 10-и лет. За это время, гостиница может похвастаться высоким качеством услуг и дружелюбным персоналом. С языковым барьером у Вас проблем не возникнут. Так как персонал говорит на русском, турецком, азербайджанском и английском языках. Номера отеля Royal Boutique Hotel Бутик-отель имеет в своих владениях 19 комнат со всеми первостепенными удобствами. В каждой комнате имеются по две кровати. Комнаты оборудованы кондиционером и отопительной системой. Помимо этого, предоставляются номера для некурящих. Если ВЫ приехали со своим питомцем, то отель не запрещает размещение домашних животных. Для этого, вы должны предварительно послать запрос. В любом случае, нужно обговаривать заранее. Услуги отеля Трансфер от и до аэропорта Уборка номеров (ежедневно) Бе",,,,https://data.tourism.gov.az/proxy/stakeholder/getFile/20230929154250t-r0000162504,2023-09-29T11:42:51.388Z,2025-04-29T11:56:56.486Z
Inci Design Hotel,,Sheki,"| azeritour × Обратная связь Пляжи Хостелы Туристический сайт Азербайджана, новости туризма Меню сайта Главная Новости В",,,,,http://gmpg.org/xfn/11,,,,,,,,,azeritour.az,https://azeritour.az/inci_design_hotel,"Inci Design Hotel — данный превосходный отель расположен в городе Шеки, Азербайджан, и функционирует с 2016 года. Отель предлагает гостям высокий сервис обслуживания, комфортабельные номера со всеми удобствами. Также на территории гостиницы Inci Design Hotel функционирует ресторан İnci Restoran , который богат блюдами международной кухни и высоким уровнем сервиса. Гостиница в Шеки , предоставляет 3 вида номеров класса «King Suit»",,,,,,
Karvansaray mehmanxana kompleksi,Karvansaray mehmanxana kompleksi,Sheki,"M.F.Axundzadə adına Şəki şəhər Mədəniyyət Mərkəzi, Sheki, Azerbaijan",41.2007971,47.1759516,994557555570,reseil_karvan@mail.ru,https://www.instagram.com/karvansaray_sheki/,3002746232,,APPROVED,64c7ac1214f58db1e9886fa4,,No,,Qonaq evi,TIMS,,,Oracle OPERA; 1C,website_scan,Oracle OPERA; 1C,https://data.tourism.gov.az/proxy/stakeholder/getFile/20230731164154t-r0000165827,2023-07-31T12:41:54.614Z,2025-04-29T11:56:56.486Z
Kiş Adası Resort&Restauant,Kiş Adası Resort&Restauant,Sheki,"Kiş yolu, Şəki, Azerbaijan",41.2415988,47.186536,994702505424,shergar555@gmail.com,https://www.instagram.com/kishadasi/,1300007372,,APPROVED,646486a99bff11407fb6a48e,,No,,,TIMS,,,Oracle OPERA; 1C,website_scan,Oracle OPERA; 1C,https://data.tourism.gov.az/proxy/stakeholder/getFile/20230517114753t-r0000150362,2023-05-17T07:47:53.597Z,2025-04-29T11:56:56.486Z
Küngüt Hotel Resort,Küngüt Hotel Resort,Sheki,"Şəki, Azerbaijan",41.1974753,47.1571241,994553253633,prvz552014@gmail.com,,3000544602,,APPROVED,65f1a294e4f5ddcab3cd8ae3,,No,,Qonaq evi,TIMS + azeritour.az,https://azeritour.az/kungut-hotel-resort/,Карта сайта,,,,https://data.tourism.gov.az/proxy/stakeholder/getFile/20240313165652t-r0000136361,2024-03-13T12:56:52.357Z,2025-04-29T11:56:56.486Z
MInAli Bouqtiue Hotel,MInAli Bouqtiue Hotel,Sheki,"11/15 F.Axundov, Sheki, Azerbaijan",41.1974753,47.1571241,994504920044,minaliboutiquehotel@gmail.com,,3000322242,,APPROVED,6515c5c9c29cd31ed97862f6,3,No,,Butik Hotel,TIMS,,,,,,https://data.tourism.gov.az/proxy/stakeholder/getFile/20230928222825t-r0000149064,2023-09-28T18:28:25.564Z,2025-04-29T11:56:56.486Z
Macara Sheki City Hotel,Macara Sheki City Hotel,Sheki,"Macara Sheki City Hotel, Shahriyar street, Sheki, Azerbaijan",41.2041908,47.1743451,994702061177,sheki@macaraclub.az,https://sheki.macaraclub.az/,4501341671,,APPROVED,64b68561c29cd31ed9781db8,,No,,Şəhər Hoteli,TIMS,,,,,,https://data.tourism.gov.az/proxy/stakeholder/getFile/20230718162817t-r0000139491,2023-07-18T12:28:17.558Z,2025-04-29T11:56:56.486Z
Marxal Resort & Spa,Marxal Resort & Spa,Sheki,"Marxal Resort & Spa, Sheki, Azerbaijan",41.2450726,47.20247819999999,994125853585,mori.karimov@marxalresort.az,https://www.marxalresort.az/,3001594271,,APPROVED,6347f466d649b181b2a926c1,5,No,,Rezort Hotel,TIMS,,,TravelLine; 1C,website_scan,TravelLine; 1C,https://data.tourism.gov.az/proxy/stakeholder/getFile/20221013152006t-r0000102552,2022-10-13T11:20:06.692Z,2025-04-29T11:56:56.486Z
Məkan Motel Restoran,Məkan Motel Restoran,Sheki,"Şəki, Azerbaijan",41.1974753,47.1571241,994554347464,vergullahnesibov@gmail.com,,3000115712,,APPROVED,6605237de4f5ddcab3cd9cad,,No,,Qonaq evi,TIMS,,,,,,https://data.tourism.gov.az/proxy/stakeholder/getFile/20240328115957t-r0000141231,2024-03-28T07:59:57.366Z,2025-04-29T11:56:56.486Z
Narın Qala,Narın Qala,Sheki,"Şəki Rayonu kiş kəndi, Kiş yolu, Sheki, Azerbaijan",41.2534194,47.188824,994508297770,narinqalahotel@gmail.com,https://narinqalahotel.com/,2701309622,,APPROVED,65df0bfde4f5ddcab3cd7ab9,,No,,Qonaq evi,TIMS,,,1C,website_scan,1C,https://data.tourism.gov.az/proxy/stakeholder/getFile/20240228143333t-r0000104549,2024-02-28T10:33:33.443Z,2025-04-29T11:56:56.486Z
OTEL SERVİS,OTEL SERVİS,Sheki,"123 Zərifə Əliyeva, Şəki, Azerbaijan",41.154295,47.1919058,994506555054,sadiqlinailnazim@gmail.com,,3000854472,,APPROVED,64ff152ec29cd31ed9785d9f,,No,,Motel,TIMS,,,,,,https://data.tourism.gov.az/proxy/stakeholder/getFile/20230911172501t-r0000130163,2023-09-11T13:25:02.006Z,2025-04-29T11:56:56.486Z
Old Town Sheki,Old Town Sheki,Sheki,"Şəki, Azerbaijan",41.1974753,47.1571241,994514666234,old.town.sheki2019@gmail.com,,1006165941,,APPROVED,66c2f412920d986c24775abf,,No,,Qonaq evi,TIMS,,,,,,https://data.tourism.gov.az/proxy/stakeholder/getFile/20240819112818t-r0000184288,2024-08-19T07:28:18.530Z,2025-04-29T11:56:56.486Z
QONAQ EVİ,QONAQ EVİ,Sheki,"118 Zərifə Əliyeva, Sheki, Azerbaijan",41.1574988,47.1786246,994557326061,naib.nbyv.nn@gmail.com,,3001694982,,APPROVED,646633ed9bff11407fb6abb4,,No,,Hostel,TIMS,,,,,,https://data.tourism.gov.az/proxy/stakeholder/getFile/20230518181925t-r0000155114,2023-05-18T14:19:25.485Z,2025-04-29T11:56:56.486Z
Qədim Nuxa Hotel və Restoran,Qədim Nuxa Hotel və Restoran,Sheki,"5 Hüseyn Əkbərov, Şəki, Azerbaijan",41.2026968,47.194846,994552230444,hesim670@gmail.com,,3000297582,,APPROVED,65f93c2ce4f5ddcab3cd973b,,No,,Şəhər Hoteli,TIMS,,,,,,https://data.tourism.gov.az/proxy/stakeholder/getFile/20240319111804t-r0000122497,2024-03-19T07:18:04.929Z,2025-04-29T11:56:56.486Z
Ruma Qala Hotel,Ruma Qala Hotel,Sheki,"Şəki şəhəri , Nakam , ev 7A",41.1974753,47.1571241,994502958795,info@rumaqala.az,https://instagram.com/qalahotel_shaki,3001957761,,APPROVED,64638e269bff11407fb6a343,,No,,Şəhər Hoteli,TIMS,,,Oracle OPERA; 1C,website_scan,Oracle OPERA; 1C,https://data.tourism.gov.az/proxy/stakeholder/getFile/20230516180732t-r0000153606,2023-05-16T14:07:34.585Z,2025-04-29T11:56:56.486Z
Sahil Pansionatı,Sahil Pansionatı,Sheki,"Salman Mumtaz, Sheki, Azerbaijan",41.185363,47.1594805,994242445491,sahil.pansionat@gmail.com,,3000126571,,APPROVED,66e7e85c4802fe54233c548d,,No,,Hostel,TIMS,,,,,,https://data.tourism.gov.az/proxy/stakeholder/getFile/20240916121212t-r0000188941,2024-09-16T08:12:12.276Z,2025-04-29T11:56:56.486Z
Sheki Palace Hotel,Sheki Palace Hotel,Sheki,"Sheki Palace Hotel, Mirza Fatali Akhundzada, Şəki, Azerbaijan",41.2004218,47.1952556,994242449044,info@resanthotels.az,https://www.resantgroup.az/,1500613121,3,APPROVED,646c67f49bff11407fb6b520,,No,,Qonaq evi,TIMS + azeritour.az + azeritour.az,https://azeritour.az/business_place_hotel,"Sheki Palace Hotel — это прекрасный и комфортабельный. Находится на просторах исторического региона Шеки . Побывав тут,вы окунетесь в уникальную историю города. Архитектура отеля удачно сочетает в себе современный стиль, классические и национальные узоры. Гостиница украшена мрамором и интересными камнями. В Sheki Palace Hotel будет комфортно как бизнесмену так и путешественнику, для каждого гостя созданы все условия. На территории отеля есть просторный ресторан, фитнес и конференц зал. Номера отеля Sheki Palace Hotel Отель предлагает на выбор гостям из 46 комфортабельных номеров со всеми удобствами. К вашим услугам: 22 стандартных номеров, 10 двухместных, 6 трехместных, 4 Junior Suite, два полулюкса, 1 семейный люкс, 1 представительский, 1 президентский и 8 стандартных номеров для курящих. Услуги Завтрак в номер Оплата картами Visa/Master Время въезда 14:00 Время выезда 12:00 Ресторан Фитнес Конференц зал Отель в Шеки приглашает вас на завтрак, обед и ужин в свой просторный ресторан Şəbəkə , который имеет 50 посадочных мест. Также есть летний ресторан «Teras», который подходит для романтических ужинов, перед вами открывается прекрасный пейзаж Больших Кавказских гор, ресторан имеет ",,,,https://data.tourism.gov.az/proxy/stakeholder/getFile/20230523111500t-r0000169540,2023-05-23T07:15:00.400Z,2025-04-29T11:56:56.486Z
Stop Hotel,Stop Hotel,Sheki,"Salman Mumtaz, Sheki, Azerbaijan",41.185363,47.1594805,994556725544,fmammadli9@gmail.com,,3000013141,,APPROVED,667909aeebd0ad7d06e7e165,,No,,,TIMS,,,,,,https://data.tourism.gov.az/proxy/stakeholder/getFile/20240305120550t-r0000193041,2024-06-24T05:52:46.850Z,2025-04-29T11:56:56.486Z
Tulpan,Tulpan,Sheki,Şəki şəh. Bəxtiyar Vahabzadə 125,41.1974753,47.1571241,994512993388,tulpanhotel@gmail.com,,3000011562,,APPROVED,6458b8746506cef40b9dc978,,No,,Hostel,TIMS,,,,,,https://data.tourism.gov.az/proxy/stakeholder/getFile/20230508125307t-r0000191695,2023-05-08T08:53:08.018Z,2025-04-29T11:56:56.486Z
Tübram Hotel,Tübram Hotel,Sheki,"Şəki, Azerbaijan İzzət Həmidov",41.1943396,47.1759452,994503376705,talib1690@mail.ru,,3000027902,,APPROVED,6639dd1ce4f5ddcab3cddbbc,,No,,Hostel,TIMS,,,,,,https://data.tourism.gov.az/proxy/stakeholder/getFile/20240507114948t-r0000106699,2024-05-07T07:49:48.666Z,2025-04-29T11:56:56.486Z
Yaffle inn Shaki Boutique Hotel & Restaurant,Yaffle inn Shaki Boutique Hotel & Restaurant,Sheki,"Yaffle Inn Shaki Boutique Hotel and Restaurant, Heydar Aliyev Avenue, Sheki, Azerbaijan",41.204288,47.1779493,994505112081,yaffle.inn@gmail.com,,1304312252,,APPROVED,6500310cc29cd31ed9785e02,,No,,Butik Hotel,TIMS,,,,,,https://data.tourism.gov.az/proxy/stakeholder/getFile/20230912133612t-r0000164904,2023-09-12T09:36:12.088Z,2025-04-29T11:56:56.486Z
İssam Hotel,İssam Hotel,Sheki,"Şəki, Azerbaijan",41.1974753,47.1571241,994552248781,admin@issam.az,,3003093802,,APPROVED,66322d06e4f5ddcab3cdd388,,No,,Butik Hotel,TIMS + azeritour.az,https://azeritour.az/issam_hotel_spa/,"Отель Issam Hotel & Spa расположен в Шеки , среди величественных гор. Это не просто отель а центр здоровья, так как Вы можете совместить отдых и параллельно заняться своим здоровьем. Цент начал функционировать с 2012 года, и с тех пор оказывает высокий и широкий спектр услуг. По мимо правильных физических упражнений, вам также окажут медицинские и оздоровительные услуги. На территории комплекса имеется большой бассейн, отдельный фитнес зал, сауна, парная а также услуги массажиста. Что касается персонала, то профессиональные работники готовы обслужить вас в любое время года и суток.",,,,https://data.tourism.gov.az/proxy/stakeholder/getFile/20240501155238t-r0000193841,2024-05-01T11:52:38.559Z,2025-04-29T11:56:56.486Z
ŞƏKİ PARK İSTİRAHƏT MƏRKƏZİ,ŞƏKİ PARK İSTİRAHƏT MƏRKƏZİ,Sheki,"Bəxtiyar Vahabzadə, Şəki rayonu, Azerbaijan",41.2142621,47.1170219,994506550803,shekipark2015@mail.ru,,1402868641,,APPROVED,644a72ff6506cef40b9db7dc,3,No,,,TIMS,,,,,,https://data.tourism.gov.az/proxy/stakeholder/getFile/20230427170503t-r0000114260,2023-04-27T13:05:03.418Z,2025-04-29T11:56:56.486Z
Şəki Olimpiya İdman Kompleksi,Şəki Olimpiya İdman Kompleksi,Sheki,"Şəki, Azerbaijan",41.1974753,47.1571241,994105752525,shekiolimpiyahotelresort@gmail.com,,3001651861,,APPROVED,664b011de4f5ddcab3cde283,,No,,Rezort Hotel,TIMS,,,,,,https://data.tourism.gov.az/proxy/stakeholder/getFile/20240520115156t-r0000146965,2024-05-20T07:51:57.155Z,2025-04-29T11:56:56.486Z
Şəki Saray Hotel,Şəki Saray Hotel,Sheki,"187 Məmmədəmin Rəsulzadə prospekti, Sheki, Azerbaijan",41.2028627,47.1779875,994705134344,ramal.seyidov.sheki@gmail.com,,3003335202,4,APPROVED,65f9889a646cbbbc85952aa8,,No,,Qonaq evi,TIMS + azeritour.az,https://azeritour.az/sheki_saray_otel,"Sheki Saray Hotel — отличное решение, если вы собрались посетить регион Шеки . Данный отель расположен очень удачно, во первых совсем не далеко, всего в 200 метрах находится от Шекинского городского парка. Также, совсем рядом находится «Старый город Шеки». Вы будете чувствовать себя комфортно среди Кавказских гор, вдыхая ежедневно чистый горный воздух. В 100 км от города, находится международный аэропорт в Закатала , а в 30 км железнодорожный вокзал Шеки. Сам отель Sheki Saray имеет статус четырехзвездочного, класса « люкс «, сервис на высоком уровне, также как и оформление и обслуживание номеров. На территории гостиницы Sheki Saray есть ресторан, бар, великолепный сад, детская площадка и многое другое.",,,,https://data.tourism.gov.az/proxy/stakeholder/getFile/20230506134151t-r0000153681,2024-03-19T12:44:10.883Z,2025-04-29T11:56:56.486Z
Şəki Yaylası İstirahət Mərkəzi,Şəki Yaylası İstirahət Mərkəzi,Sheki,"Baş Kəldək, Azerbaijan",41.1636947,47.3341581,994507672200,shekiyaylasi@gmail.com,,1600593122,,APPROVED,66d6fd27920d986c24776999,,No,,Rezort Hotel,TIMS,,,,,,https://data.tourism.gov.az/proxy/stakeholder/getFile/20240903161223t-r0000188548,2024-09-03T12:12:23.079Z,2025-04-29T11:56:56.486Z
MARIANA TRENCH HOTEL,MARIANA TRENCH HOTEL,Sumqayit,"Novxani, Baku, Azerbaijan",40.52564330000001,49.7831634,994775851616,marianatrenchnovxani@gmail.com,,2904395852,,APPROVED,65951162ac6a950c2ed1f9d4,5,No,,,TIMS,,,,,,https://data.tourism.gov.az/proxy/stakeholder/getFile/20240103114850t-r0000107174,2024-01-03T07:48:50.193Z,2025-04-29T11:56:56.486Z
Qonaq evi -3 otaq,Qonaq evi -3 otaq,Sumqayit,"Mirvari City, Sumqayit, Azerbaijan",40.5856027,49.6880672,+994506255880,uabbasova@gmail.com,,4600390442,,APPROVED,68e8b49c10f944d56cfca9d4,,No,,,TIMS,,,,,,https://data.tourism.gov.az/proxy/stakeholder/getFile/20251010112411t-r0000182505,2025-10-10T07:24:12.171Z,2025-10-30T05:27:09.318Z
Regnum Hotel,Regnum Hotel,Sumqayit,"Regnum Hotel Baku, Sumqayit, Azerbaijan",40.5761611,49.70988209999999,994512793939,regnumhotelbaku@gmail.com,,1008352992,,APPROVED,65f84ea2e4f5ddcab3cd9675,,No,,Rezort Hotel,TIMS,,,,,,https://data.tourism.gov.az/proxy/stakeholder/getFile/20240318182434t-r0000171299,2024-03-18T14:24:34.938Z,2025-04-29T11:56:56.486Z
SUMQAYIT PLAZA HOTEL MMC,SUMQAYIT PLAZA HOTEL MMC,Sumqayit,"65 Sülh küçəsi, Sumqayit, Azerbaijan",40.5856919,49.6669396,+994505250539,sumqayitplazahotel@gmail.com,,1803157291,,APPROVED,6981e9115a739acd753cebc9,,No,,,TIMS + azeritour.az,https://azeritour.az/sumgayit_plaza_hotel,"Sumgayit Plaza Hotel — это отель, который функционирует в городе Сумгайыт. Он входит в сеть отелей Selective Hotels Swiss. Данный отель считается самым большим отелем Сумгайыта.",,,,https://data.tourism.gov.az/proxy/stakeholder/getFile/20260203162449t-r0000128014,2026-02-03T12:24:49.791Z,2026-02-04T06:12:38.494Z
planetofhotels,planetofhotels,Sumqayit,"Saray-Novxanı Yolu, Sumqayit, Azerbaijan",40.528894,49.7288075,994512397575,hotelbosmannovxani@gmail.com,https://planetofhotels.com,2001975481,,APPROVED,64c113e4c29cd31ed978358b,,No,,,TIMS,,,,,,https://data.tourism.gov.az/proxy/stakeholder/getFile/20230726163900t-r0000157023,2023-07-26T12:39:00.502Z,2025-04-29T11:56:56.486Z
AVDIOĞLULAR HOTEL RESTORAN,AVDIOĞLULAR HOTEL RESTORAN,Tovuz,"Qazıqulu, Tovuz, Azerbaijan",40.9717747,45.6162587,994554890085,ismayilovorxan500@gmail.com,,7300148712,,APPROVED,6461d5019bff11407fb69321,,No,,Şəhər Hoteli,TIMS,,,,,,https://data.tourism.gov.az/proxy/stakeholder/getFile/20230515104519t-r0000173670,2023-05-15T06:45:21.597Z,2025-04-29T11:56:56.486Z
Ayan Palace Otel,Ayan Palace Otel,Tovuz,"Tovuz Rayonu, Azerbaijan",41.13582170000001,45.8531835,994502299009,ayanpalacehotel@mail.ru,https://www.ayanpalace.az/,1502017922,5,APPROVED,656dba3c0fef7735a857013b,,No,,Şəhər Hoteli,TIMS + azeritour.az + azeritour.az,https://azeritour.az/karvan_palace_hotel_resort,"Ayan Palace Hotel — это пятизвездочный комфортабельный отель расположенный в городе Товуз, Азербайджан. Отель расположен на шоссе Баку-Тбилиси, считающихся основной частью древнего Великого Шелкового Пути. Рядом с гостиницей расположен Товузская крепость , рядом протекает река, и неподалеку самый большой парк имени Гейдара Алиева.",,,,https://data.tourism.gov.az/proxy/stakeholder/getFile/20231204153836t-r0000184066,2023-12-04T11:38:36.957Z,2025-04-29T11:56:56.486Z
Fenix otel,Fenix otel,Tovuz,"Tovuz, Azerbaijan",40.9954523,45.6165907,994704127474,sultanovcamal446@gmail.com,https://www.Fenixotel.az,7300764362,,APPROVED,65b8f089ac6a950c2ed210a7,,No,,Şəhər Hoteli,TIMS,,,,,,https://data.tourism.gov.az/proxy/stakeholder/getFile/20240130165017t-r0000154979,2024-01-30T12:50:17.738Z,2025-04-29T11:56:56.486Z
LAKE PARK OTEL,LAKE PARK OTEL,Tovuz,"Tovuz, Azerbaijan",40.9954523,45.6165907,994702083202,deyirmanci@mail.ru,,1000320282,,APPROVED,65ae4af2ac6a950c2ed209de,,No,,Şəhər Hoteli,TIMS,,,,,,https://data.tourism.gov.az/proxy/stakeholder/getFile/20240122150106t-r0000122470,2024-01-22T11:01:06.542Z,2025-04-29T11:56:56.486Z
Suyun səsi,Suyun səsi,Tovuz,"Tovuz, Azerbaijan",40.9954523,45.6165907,994518698888,Goyezenmmc@mail.ru,https://www.suyunsesi.az,7301113212,,APPROVED,65a7c4e2ac6a950c2ed20789,,No,,Şəhər Hoteli,TIMS,,,,,,https://data.tourism.gov.az/proxy/stakeholder/getFile/20240117161530t-r0000163757,2024-01-17T12:15:30.569Z,2025-04-29T11:56:56.486Z
İZEL QONAQ EVİ,İZEL QONAQ EVİ,Tovuz,"Tovuz Rayon İcra Hakimiyyəti, Tovuz, Azerbaijan",40.9920023,45.6157641,994773154360,elchin763@mail.ru,,2001988352,,APPROVED,645e2b859bff11407fb68f44,,No,,Qonaq evi,TIMS,,,,,,https://data.tourism.gov.az/proxy/stakeholder/getFile/20230512160525t-r0000141283,2023-05-12T12:05:25.122Z,2025-04-29T11:56:56.486Z
Şam Bağı otel,Şam Bağı otel,Tovuz,"Tovuz Rayonu, Azerbaijan",41.13582170000001,45.8531835,994552299009,ayanpalacehotel@mail.ru,https://www.ayanpalace.az/,1502017922,,APPROVED,656dbd490fef7735a857015d,,No,,Şəhər Hoteli,TIMS,,,,,,https://data.tourism.gov.az/proxy/stakeholder/getFile/20231204155137t-r0000152357,2023-12-04T11:51:37.818Z,2025-04-29T11:56:56.486Z
ELİT İNN HOTEL,ELİT İNN HOTEL,Tərtər,"5 Elman Hüseynov Küçəsi, Terter, Azerbaijan",40.3421516,46.9308631,994515234204,elitinnhoteltartar@gmail.com,,7201370441,,APPROVED,64b62e4ac29cd31ed9781954,,No,,Şəhər Hoteli,TIMS,,,,,,https://data.tourism.gov.az/proxy/stakeholder/getFile/20230718101642t-r0000137841,2023-07-18T06:16:42.062Z,2025-04-29T11:56:56.486Z
FERMER HOTEL,FERMER HOTEL,Ucar,"Qazıqumlaq, Ucar, Azerbaijan",40.5209433,47.523675,994507429500,mezahir-veliyev61@mail.ru,,7400485412,,APPROVED,6576bec759a98656a2abf33d,,No,,Motel,TIMS,,,,,,https://data.tourism.gov.az/proxy/stakeholder/getFile/20231104152457t-r0000105354,2023-12-11T07:48:23.624Z,2025-04-29T11:56:56.486Z
Göbələk Motel,Göbələk Motel,Ucar,"Ucar, Azerbaijan",40.5067525,47.6489641,994505641434,cefercabbarov42@gmail.com,,7400525602,,APPROVED,65439bccc29cd31ed9787b86,,No,,Şəhər Hoteli,TIMS,,,,,,https://data.tourism.gov.az/proxy/stakeholder/getFile/20231102165332t-r0000124816,2023-11-02T12:53:32.684Z,2025-04-29T11:56:56.486Z
UCAR,UCAR,Ucar,"Qarabörk, Ucar, Azerbaijan",40.4804152,47.6605055,994558572555,emammadov1964@mail.ru,,7400066332,,APPROVED,655b3efec77bbf46b8c5a118,,No,,Motel,TIMS,,,,,,https://data.tourism.gov.az/proxy/stakeholder/getFile/20231120151158t-r0000153103,2023-11-20T11:11:58.946Z,2025-04-29T11:56:56.486Z
"""NATAVAN HOTEL RESTAURANT""","""NATAVAN HOTEL RESTAURANT""",Xankəndi,"Xankəndi, Azerbaijan",39.8263462,46.7655963,+994518277141,huseynovyusif1994@gmail.com,,1506866681,,APPROVED,6943de6310f944d56cfcc03e,,No,,,TIMS,,,,,,https://data.tourism.gov.az/proxy/stakeholder/getFile/20251218145843t-r0000170483,2025-12-18T10:58:43.515Z,2025-12-22T06:38:31.764Z
Han Hotel,Han Hotel,Xankəndi,"7 Maksim Qorki Küçəsi, Khankendi, Xankəndi, Azərbaycan",39.8174366,46.7568268,994102561515,info@han.az,http://www.han.az/,8800011101,,APPROVED,67bebfbfbf7858467bfd570b,,No,,,TIMS,,,,,,https://data.tourism.gov.az/proxy/stakeholder/getFile/20250226111614t-r0000122980,2025-02-26T07:16:15.042Z,2025-04-29T11:56:56.486Z
KHAN CİTY HOTEL,KHAN CİTY HOTEL,Xankəndi,"Xankendi, Azerbaijan",39.8265268,46.7655621,994507762929,khabcityhotel@gmail.com,,3400314052,,APPROVED,6797576e21127fae3b556254,,No,,Şəhər Hoteli,TIMS,,,,,,https://data.tourism.gov.az/proxy/stakeholder/getFile/20250127135246t-r0000194770,2025-01-27T09:52:46.176Z,2025-10-31T06:37:47.562Z
Palace Hotel,Palace Hotel,Xankəndi,"Qala Otel Xankəndi, Natavan Hotel, Khankendi, Azerbaijan",39.8146501,46.74991869999999,+994512332244,emin.novruzov@khankendihotels.az,,8800003131,,APPROVED,6943bbd610f944d56cfcbfdb,,No,,,TIMS + azeritour.az,https://azeritour.az/baku-palace-hotel-hostel/,"Baku Palace Hotel — это комфортабельный отель, который максимально позаботится о вашем отдыхе. Отель находится в нескольких шагах от центра Баку . Местоположение такое, что вам будет просто пройтись по основным достопримечательностям Баку. Мы заботимся о вас с первого момента. От бронирования до вашего прибытия. Работники гостиницы позаботятся о вашем багаже, автомобиле, об идеальной уборке вашей комнаты. Вам останется наслаждаться своим прибытием в отеле. Посоветуем как отдохнуть в Баку. Также для переговоров предоставляются конференц-залы. Выйдя из отеля вы можете прогуляться и ознакомиться с достопримечательностями города. Это очень удобно благодаря удачному местоположению гостиницы. Вы можете посетить Площадь фонтанов, Дворец Ширваншахов, Девичью Башню, Бакинский бульвар. Вас ждет превосходный завтрак, если желаете, то можете приготовить еду в оборудованной кухне. У работников отеля есть огромный опыт по работе с клиентами. Номера отеля Baku Palace Hotel Baku Palace Hotel отличается прекрасным сочетанием современного и классического дизайна. Все номера оборудованы исключительно изящной мебелью. Интерьер каждого номера и апартаменты, вдохновит вас и сделает ваше пребывание незаб",,,,https://data.tourism.gov.az/proxy/stakeholder/getFile/20251218123118t-r0000164201,2025-12-18T08:31:18.534Z,2026-01-16T14:31:05.555Z
SƏFALI HOTEL,SƏFALI HOTEL,Xankəndi,"Khankendi, Azerbaijan",39.8263462,46.7655963,+994099335414,adil.talibov.66@mail.ru,,8800020121,,APPROVED,6943cdd810f944d56cfcc01f,,No,,,TIMS,,,,,,https://data.tourism.gov.az/proxy/stakeholder/getFile/20251218134808t-r0000101245,2025-12-18T09:48:08.739Z,2026-01-13T14:58:09.916Z
Xan Hotel,Xan Hotel,Xankəndi,"Xankəndi, Azerbaijan",39.8263462,46.7655963,+994775240101,xanotel@gmail.com,,8800010441,,APPROVED,6943afed10f944d56cfcbfc0,,No,,,TIMS,,,,,,https://data.tourism.gov.az/proxy/stakeholder/getFile/20251218114029t-r0000119200,2025-12-18T07:40:29.980Z,2025-12-22T06:19:14.981Z
Yurd Otel,Yurd Otel,Xankəndi,"Xankəndi, Azerbaijan",39.8263462,46.7655963,+994552002771,amil.huseynov.2012@mail.ru,,8600177852,,APPROVED,6942860110f944d56cfcbf87,,No,,,TIMS,,,,,,https://data.tourism.gov.az/proxy/stakeholder/getFile/20251217142920t-r0000115608,2025-12-17T10:29:21.065Z,2025-12-22T06:16:49.111Z
ZÜMRÜD OTEL,ZÜMRÜD OTEL,Xankəndi,"Xankəndi, Azerbaijan",39.8263462,46.7655963,+994552272777,fikret8484@icloud.com,,4400304972,,APPROVED,69615a5310f944d56cfcd9be,,No,,,TIMS,,,,,,https://data.tourism.gov.az/proxy/stakeholder/getFile/20260109234315t-r0000182078,2026-01-09T19:43:15.363Z,2026-01-13T15:07:36.637Z
Çinar Hotel & Apartment,Çinar Hotel & Apartment,Xankəndi,"Xankəndi, Azerbaijan",39.8263462,46.7655963,+994552595928,murad.rehimovgr@icloud.com,,1005053071,,APPROVED,6943f8d710f944d56cfcc094,,No,,,TIMS,,,,,,https://data.tourism.gov.az/proxy/stakeholder/getFile/20251218165134t-r0000113511,2025-12-18T12:51:35.027Z,2026-05-01T11:30:45.734Z
Altıağac Cənnət Bağı İstirahət Mərkəzi,Altıağac Cənnət Bağı İstirahət Mərkəzi,Xızı,"Jannat Baghi, Altiaghach, Azerbaijan",40.8537207,48.9194347,994502213049,info@cbgroup.az,https://cbgroup.az/az/,7800002431,,APPROVED,6527b8e5c29cd31ed9786c64,,No,,,TIMS,,,Oracle OPERA,website_scan,Oracle OPERA,https://data.tourism.gov.az/proxy/stakeholder/getFile/20231012131413t-r0000136393,2023-10-12T09:14:13.096Z,2025-04-29T11:56:56.486Z
Yardımlı Olimpiya İdman Kompleksi,Yardımlı Olimpiya İdman Kompleksi,Yardımlı,"Yardımlı olimpiya mərkəzi, Yardimli Roads, Yardimli, Azerbaijan",38.9095575,48.2719835,994507968383,yardimlioik1@gmail.com,,5600975921,,APPROVED,6620c880e4f5ddcab3cdbe96,,No,,Şəhər Hoteli,TIMS,,,,,,https://data.tourism.gov.az/proxy/stakeholder/getFile/20240418111512t-r0000107103,2024-04-18T07:15:12.817Z,2025-04-29T11:56:56.486Z
Etalon Motel,Etalon Motel,Yevlax,"Heydər Əliyev, Yevlax, Azerbaijan",40.607206,47.1458973,994504725612,ehmedzadesamil66@gmail.com,,2201344862,,APPROVED,65449efec29cd31ed9787bbe,,No,,Şəhər Hoteli,TIMS,,,,,,https://data.tourism.gov.az/proxy/stakeholder/getFile/20231103111926t-r0000143085,2023-11-03T07:19:26.161Z,2025-04-29T11:56:56.486Z
Kainat Otel,Kainat Otel,Yevlax,"Nizami Gəncəvi, Yevlax rayonu, Azerbaijan",40.7591722,47.0585983,994556540896,ekspress-kainat@mail.ru,,2200102411,,APPROVED,6544a975c29cd31ed9787bfb,,No,,Şəhər Hoteli,TIMS,,,,,,https://data.tourism.gov.az/proxy/stakeholder/getFile/20231103120405t-r0000171911,2023-11-03T08:04:05.653Z,2025-04-29T11:56:56.486Z
Məhəmmədoğlu Hotel,Məhəmmədoğlu Hotel,Yevlax,"Xaldan, Yevlax rayonu, Azerbaijan",40.7142091,47.2285787,994515191712,rustamrustamov330@gmail.com,,2202416142,,APPROVED,65f29e62e4f5ddcab3cd8be5,,No,,Qonaq evi,TIMS,,,,,,https://data.tourism.gov.az/proxy/stakeholder/getFile/20240314105114t-r0000147343,2024-03-14T06:51:14.957Z,2025-04-29T11:56:56.486Z
Osmanbəyli Hotel,Osmanbəyli Hotel,Yevlax,"Yevlax, Azerbaijan",40.6145296,47.14787519999999,+994506106736,osmanazizov500@gmail.com,,2701260681,,APPROVED,6936c94910f944d56cfcbca8,,No,,"Kottec tipli yerləşmə vasitələri (Kottec, dağ evi, bungalov, chalet)",TIMS,,,,,,https://data.tourism.gov.az/proxy/stakeholder/getFile/20251208164913t-r0000123938,2025-12-08T12:49:13.311Z,2025-12-16T05:31:44.553Z
QONAQEVİ,QONAQEVİ,Yevlax,"Yuxarı Qarxun, Azerbaijan",40.6159911,47.19199769999999,994504011667,musavi.qiyafet@gmail.com,,2200271282,,APPROVED,65f84210e4f5ddcab3cd95af,,No,,Qonaq evi,TIMS,,,,,,https://data.tourism.gov.az/proxy/stakeholder/getFile/20240318173056t-r0000153523,2024-03-18T13:30:56.873Z,2025-04-29T11:56:56.486Z
SU SONASI,SU SONASI,Yevlax,"Yevlax, Azerbaijan",40.6145296,47.14787519999999,+994558551149,azerekberli456@gmail.com,,2200356992,,APPROVED,691c4dc710f944d56cfcb620,,No,,Qonaq evi,TIMS,,,,,,https://data.tourism.gov.az/proxy/stakeholder/getFile/20251118144319t-r0000188239,2025-11-18T10:43:19.108Z,2025-12-01T05:30:24.418Z
"""OSMANLI"" QONAQ EVİ","""OSMANLI"" QONAQ EVİ",Zagatala,"Qebizdere, Unnamed Road, Qəbizdərə, Azerbaijan",41.7036771,46.59343639999999,994706100801,m.osmanli@list.ru,,5100044032,,APPROVED,651d6ee2c29cd31ed978657d,,No,,Hostel,TIMS,,,,,,https://data.tourism.gov.az/proxy/stakeholder/getFile/20231004175546t-r0000133391,2023-10-04T13:55:46.522Z,2025-04-29T11:56:56.486Z
Cihan Town Hotel & Restoran,Cihan Town Hotel & Restoran,Zagatala,"Zaqatala, Azerbaijan",41.603085,46.63830799999999,+994502134500,cihantown@gmail.com,,5100262002,,APPROVED,695fa8f210f944d56cfcd738,,No,,,TIMS,,,,,,https://data.tourism.gov.az/proxy/stakeholder/getFile/20260108165410t-r0000199947,2026-01-08T12:54:10.572Z,2026-01-13T15:09:49.786Z
Dost Qapısı Hotel Restoran,Dost Qapısı Hotel Restoran,Zagatala,"Car, Zaqatala, Azerbaijan",41.6586735,46.6727545,994513011040,elsenqurbanov0062@icloud.com,,5102137722,,APPROVED,65f2ff73e4f5ddcab3cd8e8f,,No,,Qonaq evi,TIMS,,,,,,https://data.tourism.gov.az/proxy/stakeholder/getFile/20240314174523t-r0000172264,2024-03-14T13:45:23.171Z,2025-04-29T11:56:56.486Z
EZ RESTORAN HOTEL,EZ RESTORAN HOTEL,Zagatala,"Zaqatala, Azerbaijan",41.603085,46.63830799999999,994773856262,ezrestoranhotel@gmail.com,,5102281252,,APPROVED,64c28959c29cd31ed9783a00,,No,,Hostel,TIMS,,,,,,https://data.tourism.gov.az/proxy/stakeholder/getFile/20230727191225t-r0000182466,2023-07-27T15:12:25.653Z,2025-04-29T11:56:56.486Z
GRATA HOTEL,GRATA HOTEL,Zagatala,"100 Heydər Əliyev prospekti, Zaqatala, Azerbaijan",41.6298758,46.6441938,994502017799,azerstar@mail.ru,,1601083812,,APPROVED,65f1a5bfe4f5ddcab3cd8b0b,,No,,Qonaq evi,TIMS,,,,,,https://data.tourism.gov.az/proxy/stakeholder/getFile/20240313171023t-r0000168642,2024-03-13T13:10:23.439Z,2025-04-29T11:56:56.486Z
Göyçə Motel,Göyçə Motel,Zagatala,"Yuxarı Tala, Zaqatala, Azerbaijan",41.6318937,46.6717351,994125853065,ramazan.roma.1960@mail.ru,,5100016981,,APPROVED,65128a77c29cd31ed9786248,,No,,Motel,TIMS,,,,,,https://data.tourism.gov.az/proxy/stakeholder/getFile/20230926113830t-r0000182209,2023-09-26T07:38:31.174Z,2025-04-29T11:56:56.486Z
Hope Lake Hotel Restoran,Hope Lake Hotel Restoran,Zagatala,"Zaqatala, Azerbaijan",41.603085,46.63830799999999,994506563530,elmanyuzbasev1977@gmail.com,,5101713772,,APPROVED,6631eaece4f5ddcab3cdd043,,No,,Hostel,TIMS,,,,,,https://data.tourism.gov.az/proxy/stakeholder/getFile/20240501111036t-r0000143534,2024-05-01T07:10:36.922Z,2025-04-29T11:56:56.486Z
IS HOTEL,IS HOTEL,Zagatala,"Zaqatala, Azerbaijan",41.603085,46.63830799999999,994506874455,ab_ebulfez@mail.ru,,5100543491,,APPROVED,64ba367fc29cd31ed97828db,,No,,Qonaq evi,TIMS,,,,,,https://data.tourism.gov.az/proxy/stakeholder/getFile/20230721114045t-r0000197596,2023-07-21T07:40:47.870Z,2025-04-29T11:56:56.486Z
LƏZZƏT Ailəvi istirahət guşəsi,LƏZZƏT Ailəvi istirahət guşəsi,Zagatala,"Car kəndi cinkiz və ya Çingoz qala, Car, Zaqatala, Azerbaijan",41.6586735,46.6727545,994559467200,hacibeyzakatalski@gmail.com,,5100149921,,APPROVED,645a86076506cef40b9dcb87,,No,,,TIMS,,,,,,https://data.tourism.gov.az/proxy/stakeholder/getFile/20230509214231t-r0000121337,2023-05-09T17:42:31.874Z,2025-04-29T11:56:56.486Z
Ləzzət İstirahət Mərkəzi,Ləzzət İstirahət Mərkəzi,Zagatala,"Car, Zaqatala, Azerbaijan",41.6586735,46.6727545,994709467200,Hacibeyzakatalski@gmail.com,,5102198212,,APPROVED,664f2755e4f5ddcab3cde630,,No,,Hostel,TIMS,,,,,,https://data.tourism.gov.az/proxy/stakeholder/getFile/20240523152405t-r0000164609,2024-05-23T11:24:05.720Z,2025-04-29T11:56:56.486Z
Miramida Hotel,Miramida Hotel,Zagatala,"Zaqatala şəhəri, Faiq Əmirov küçəsi",41.629197,46.6345543,994993306262,miramidahotel@gmail.com,,5100191442,,APPROVED,65e9d854e4f5ddcab3cd8254,,No,,Hostel,TIMS + azeritour.az,https://azeritour.az/ramada_otel_baku,"Ramada Baku Hotel » — это курортный отель, который с одной стороны находится недалеко от делового центра Баку , а с другой стороны в метрах от моря. Данное расположение делает этот отель уникальным. От международного аэропорта имени Гейдара Алиева всего 30 минут езды, а с окон гостиницы открывается красивое Каспийское море. Ramada Hotel Baku предлагает вам на выбор из 79 прекрасных номеров. Площадь номеров от 27 до 260 квадратных метров и представляет изысканный дизайн. Высокий уровень обслуживания не оставит равнодушным ни одного постояльца. Услуги в номерах Ramada Baku Hotel Жидкокристаллический телевизор со спутниковыми каналами Кондиционер Сейф для хранения ценных вещей Интернет Фен для сушки волос Мини-бар с напитками Обслуживание номеров (круглосуточно) Услуги горничной Фен Утюг Для деловых людей в отеле доступны бизнес-центры со всеми условиями. Залы для совещания, для мероприятий. Все залы для бизнес-людей оснащены последними технологиями и обученным персоналом.",,,,https://data.tourism.gov.az/proxy/stakeholder/getFile/20240307190804t-r0000114303,2024-03-07T15:08:04.099Z,2025-04-29T11:56:56.486Z
Motel,Motel,Zagatala,"Yuxarı Tala, Zaqatala, Azerbaijan",41.6318937,46.6717351,994505647400,perishan.davudova@mail.ru,,5100229632,,APPROVED,64bfc022c29cd31ed97830da,,No,,Qonaq evi,TIMS,,,,,,https://data.tourism.gov.az/proxy/stakeholder/getFile/20230725162922t-r0000130948,2023-07-25T12:29:22.086Z,2025-04-29T11:56:56.486Z
Route 62,Route 62,Zagatala,"Zaqatala, Azerbaijan",41.603085,46.63830799999999,994516482677,fuad86@mail.ru,,5101784482,,APPROVED,65f94950e4f5ddcab3cd989d,,No,,Qonaq evi,TIMS,,,,,,https://data.tourism.gov.az/proxy/stakeholder/getFile/20240319121408t-r0000195441,2024-03-19T08:14:08.131Z,2025-04-29T11:56:56.486Z
Turqut Motel,Turqut Motel,Zagatala,"Zaqatala, Azerbaijan",41.603085,46.63830799999999,994556842435,sexlaheydarova@gmail.com,,1403819882,,APPROVED,65097313c29cd31ed978607b,,No,,Qonaq evi,TIMS,,,,,,https://data.tourism.gov.az/proxy/stakeholder/getFile/20230919140819t-r0000140191,2023-09-19T10:08:19.785Z,2025-04-29T11:56:56.486Z
Yurd otel,Yurd otel,Zagatala,"Zaqatala, Azerbaijan",41.603085,46.63830799999999,994503505432,q.anar80@mail.ru,,5100748992,,APPROVED,65f06db0e4f5ddcab3cd8718,,No,,Qonaq evi,TIMS,,,,,,https://data.tourism.gov.az/proxy/stakeholder/getFile/20240312185856t-r0000197154,2024-03-12T14:58:56.085Z,2025-04-29T11:56:56.486Z
ZAQATALAHOTEL,ZAQATALAHOTEL,Zagatala,"92 Heydər Əliyev prospekti, Zaqatala, Azerbaijan",41.6314072,46.6411832,994242255709,q.shabanov1950@gmail.com,,5100109431,,APPROVED,6465d5219bff11407fb6a807,,No,,Şəhər Hoteli,TIMS + azeritour.az,https://azeritour.az/is-hotel-zaqatala/,Карта сайта,,,,https://data.tourism.gov.az/proxy/stakeholder/getFile/20230518113457t-r0000137005,2023-05-18T07:34:57.933Z,2025-04-29T11:56:56.486Z
Zaqatala Olimpiya İdman Kompleksi,Zaqatala Olimpiya İdman Kompleksi,Zagatala,"Zaqatala Olimpiya İdman Kompleksi, Zaqatala, Azerbaijan",41.6404632,46.6517794,994517718371,zagatalaoik@gmail.com,,5101368181,,APPROVED,660e6e09e4f5ddcab3cda822,,No,,Şəhər Hoteli,TIMS,,,,,,https://data.tourism.gov.az/proxy/stakeholder/getFile/20240404130825t-r0000163750,2024-04-04T09:08:25.431Z,2025-04-29T11:56:56.486Z
Şərq Vadisi Hotel Restoran,Şərq Vadisi Hotel Restoran,Zagatala,"Zaqatala, Azerbaijan",41.603085,46.63830799999999,+994707650555,serqvadisihotel@gmail.com,,5101610152,,APPROVED,6924575a10f944d56cfcb7a4,,No,,,TIMS,,,,,,https://data.tourism.gov.az/proxy/stakeholder/getFile/20251124170218t-r0000191956,2025-11-24T13:02:18.648Z,2025-11-25T06:15:34.728Z
Zərdab Mehmanxana,Zərdab Mehmanxana,Zərdab,"20 Zərdab, Zardab, Azerbaijan",40.2292151,47.7071106,994517199432,yoxdur@gmail.com,,5300641022,,APPROVED,65f05c56e4f5ddcab3cd86de,,No,,Şəhər Hoteli,TIMS,,,,,,https://data.tourism.gov.az/proxy/stakeholder/getFile/20240312174454t-r0000181178,2024-03-12T13:44:54.167Z,2025-04-29T11:56:56.486Z
İmişli Olimpiya İdman Kompleksi,İmişli Olimpiya İdman Kompleksi,İmişli,"İmişli Olimpiya İdman Kompleksi, Imishli, Azerbaijan",39.8580607,48.0673823,994505937236,ismayil1993m@gmail.com,,5500520181,,APPROVED,66211ef2e4f5ddcab3cdc126,,No,,Şəhər Hoteli,TIMS,,,,,,https://data.tourism.gov.az/proxy/stakeholder/getFile/20240418172402t-r0000125200,2024-04-18T13:24:02.955Z,2025-04-29T11:56:56.486Z
"""İSMAYILLI OLİMPİYA İDMAN KOMPLEKSİ"" MƏHDUD MƏSULİYYƏTLİ CƏMİYYƏTİ","""İSMAYILLI OLİMPİYA İDMAN KOMPLEKSİ"" MƏHDUD MƏSULİYYƏTLİ CƏMİYYƏTİ",İsmayıllı,"İsmayıllı Olimpiya İdman Kompleksi, V.Əliyarov, Ismailli, Azerbaijan",40.7858511,48.1761257,994202821700,ismayillioik@mys.az,,5400312721,,APPROVED,6630e5b2e4f5ddcab3cdcf77,,No,,Şəhər Hoteli,TIMS,,,,,,https://data.tourism.gov.az/proxy/stakeholder/getFile/20240430163602t-r0000168831,2024-04-30T12:36:02.650Z,2025-04-29T11:56:56.486Z
Basqal Resort & Spa,Basqal Resort & Spa,İsmayıllı,"Basqal Resort & Spa, Bizlan, Azerbaijan",40.7256875,48.40556249999999,994125850035,info@basqalresort.az,https://basqalresort.az,5401438671,,APPROVED,647f2e7784bb8d2eebc81a99,,No,,,TIMS,,,TravelLine; 1C,website_scan,TravelLine; 1C,https://data.tourism.gov.az/proxy/stakeholder/getFile/20230606170246t-r0000151850,2023-06-06T13:02:47.003Z,2025-04-29T11:56:56.486Z
BaxBelə İstirahət mərkəızi,BaxBelə İstirahət mərkəızi,İsmayıllı,"Buynuz, İsmayıllı, Azerbaijan",40.9177928,48.0609742,994553110565,bexbele@gmail.com,,5401376332,,APPROVED,665077f2e4f5ddcab3cde7cc,,No,,"Kottec tipli yerləşmə vasitələri (Kottec, dağ evi, bungalov, chalet)",TIMS,,,,,,https://data.tourism.gov.az/proxy/stakeholder/getFile/20240524152017t-r0000198540,2024-05-24T11:20:18.028Z,2025-04-29T11:56:56.486Z
CASTLE RESORT SPA,CASTLE RESORT SPA,İsmayıllı,"Xanagah, Azerbaijan",40.8437699,48.145818,994504004950,musayev.imran89@mail.ru,https://castleresortspa.az/,5400021251,,APPROVED,64636b039bff11407fb69fc5,,No,,Hostel,TIMS,,,Elektraweb (Eptera),website_scan,Elektraweb (Eptera),https://data.tourism.gov.az/proxy/stakeholder/getFile/20230516153739t-r0000166061,2023-05-16T11:37:39.166Z,2025-04-29T11:56:56.486Z
Chabiant Guesthouse Chateau Monolit,Chabiant Guesthouse Chateau Monolit,İsmayıllı,"İsmayıllı, Azerbaijan",40.7871438,48.1523426,994517003272,chatau@chabiant.az,,5400208281,,APPROVED,65f2e407e4f5ddcab3cd8da2,,No,,Qonaq evi,TIMS,,,,,,https://data.tourism.gov.az/proxy/stakeholder/getFile/20240314154823t-r0000186855,2024-03-14T11:48:23.082Z,2025-04-29T11:56:56.486Z
Cənnət Bağı Lahıc,Cənnət Bağı Lahıc,İsmayıllı,"Lahıc, Azerbaijan",40.8463482,48.3868635,994505870140,cennet.bagi.lahic@gmail.com,,5400104712,,APPROVED,6630a2aee4f5ddcab3cdcd88,,No,,Hostel,TIMS,,,,,,https://data.tourism.gov.az/proxy/stakeholder/getFile/20240430115006t-r0000116958,2024-04-30T07:50:06.311Z,2025-04-29T11:56:56.486Z
Cənnət Bulağı,Cənnət Bulağı,İsmayıllı,"Cülyan market, Ismailli, Azerbaijan",40.79871199999999,48.1640498,994507418737,eliosmanli37@gmail.com,,5400287372,,APPROVED,65f32616e4f5ddcab3cd8ebe,,No,,Qonaq evi,TIMS,,,,,,https://data.tourism.gov.az/proxy/stakeholder/getFile/20240314203014t-r0000110670,2024-03-14T16:30:14.639Z,2025-04-29T11:56:56.486Z
DEKORİZA GLAMPİNG 1,DEKORİZA GLAMPİNG 1,İsmayıllı,"İsmayıllı, Azerbaijan",40.7871438,48.1523426,994555566050,aqilmollazade45@gmail.com,https://glamping.az/,2902987192,,APPROVED,6798c4abe07639b4589edbe4,,No,,,TIMS,,,1C,website_scan,1C,https://data.tourism.gov.az/proxy/stakeholder/getFile/20250128154809t-r0000173060,2025-01-28T11:51:07.949Z,2026-02-02T12:19:12.082Z
Evim Otel,Evim Otel,İsmayıllı,"Lahıc, Azerbaijan",40.8463482,48.3868635,994503257918,evimotel@evimotel.az,https://evimotel.az/,1901059132,,APPROVED,65f29be528b53d1e386f7437,,No,,Şəhər Hoteli,TIMS,,,,,,https://data.tourism.gov.az/proxy/stakeholder/getFile/20230721105126t-r0000141490,2024-03-14T06:40:37.491Z,2025-04-29T11:56:56.486Z
FAMILY İNN,FAMILY İNN,İsmayıllı,"İsmayıllı, Azerbaijan",40.7871438,48.1523426,994708031044,hesenove937@gmail.com,,5400683102,,APPROVED,66cd7393920d986c247762b8,,No,,Şəhər Hoteli,TIMS,,,,,,https://data.tourism.gov.az/proxy/stakeholder/getFile/20240827103459t-r0000109825,2024-08-27T06:34:59.901Z,2025-04-29T11:56:56.486Z
Green house,Green house,İsmayıllı,"Green House Ismayilli, Buynuz, Azerbaijan",40.9323883,48.0638402,994503421443,nyusfera.holdingq@gmail.com,,1600378751,,APPROVED,65f033fbe4f5ddcab3cd8632,,No,,Hostel,TIMS,,,,,,https://data.tourism.gov.az/proxy/stakeholder/getFile/20240312145242t-r0000147010,2024-03-12T10:52:43.644Z,2025-04-29T11:56:56.486Z
Kilim Hotel,Kilim Hotel,İsmayıllı,"Xanagah, Azerbaijan",40.8437699,48.145818,994507010969,kilimhotel@gmail.com,,1502487532,,APPROVED,66389063e4f5ddcab3cddb5f,,No,,Şəhər Hoteli,TIMS,,,,,,https://data.tourism.gov.az/proxy/stakeholder/getFile/20240506121011t-r0000145086,2024-05-06T08:10:11.272Z,2025-04-29T11:56:56.486Z
Kələbağ,Kələbağ,İsmayıllı,"Basqal, Azerbaijan",40.7513017,48.4033184,994505570606,kalabag@gmail.com,,5400368842,,APPROVED,664231aee4f5ddcab3cde082,,No,,Qonaq evi,TIMS,,,,,,https://data.tourism.gov.az/proxy/stakeholder/getFile/20240513192846t-r0000158001,2024-05-13T15:28:46.636Z,2025-04-29T11:56:56.486Z
Lahıc Guest House,Lahıc Guest House,İsmayıllı,"Lahıc, İsmayıllı, Azerbaijan",40.8463482,48.3868635,994503658049,rustam-48@maul.ru,,5400855682,,APPROVED,6627ae26e4f5ddcab3cdc65c,,No,,Hostel,TIMS,,,,,,https://data.tourism.gov.az/proxy/stakeholder/getFile/20240423164838t-r0000194578,2024-04-23T12:48:38.395Z,2025-04-29T11:56:56.486Z
MY WAY,MY WAY,İsmayıllı,"Çayqovuşan Beach, Çayqovuşan, İsmayıllı, Azerbaijan",40.9348214,48.07717599999999,994505460945,deyanet@gmail.com,,5401519992,,APPROVED,65f82ae77d54d3eeb8925124,,No,,Qonaq evi,TIMS,,,,,,https://data.tourism.gov.az/proxy/stakeholder/getFile/20240315160556t-r0000193834,2024-03-18T11:52:07.785Z,2025-04-29T11:56:56.486Z
Mican Riverside Hotel,Mican Riverside Hotel,İsmayıllı,"Mican, İsmayıllı, Azerbaijan",40.79789170000001,48.1451812,994516136949,mican.riverside@gmail.com,,5401629302,,APPROVED,66279e5be4f5ddcab3cdc5f7,,No,,Şəhər Hoteli,TIMS,,,,,,https://data.tourism.gov.az/proxy/stakeholder/getFile/20240423154115t-r0000138929,2024-04-23T11:41:15.327Z,2025-04-29T11:56:56.486Z
Müsafir,Müsafir,İsmayıllı,"Müsafir restoran, Qaramaryam-Ismayilli-Shaki Highway, Ismailli, Azerbaijan",40.8102248,48.1508635,994997051005,q.dasqin@gmail.com,,4101773712,,APPROVED,66ebd09367fcd6374c502648,,No,,Qonaq evi,TIMS,,,,,,https://data.tourism.gov.az/proxy/stakeholder/getFile/20240919111303t-r0000101663,2024-09-19T07:19:47.147Z,2025-04-29T11:56:56.486Z
Məhsul ailəvi istirahət mərkəzi,Məhsul ailəvi istirahət mərkəzi,İsmayıllı,"İsmayıllı, Azerbaijan",40.7871438,48.1523426,994503501000,mehsul123@mail.ru,,1307125302,,APPROVED,660e856ae4f5ddcab3cda890,,No,,Qonaq evi,TIMS,,,,,,https://data.tourism.gov.az/proxy/stakeholder/getFile/20240404144810t-r0000183041,2024-04-04T10:48:10.786Z,2025-04-29T11:56:56.486Z
OHİO İNN,OHİO İNN,İsmayıllı,"İvanovka, Azerbaijan",40.74694059999999,48.0332558,994552234750,ohioinn2020@gmail.com,,1702918672,,APPROVED,65f82c2f87a5f57db5bc60ea,,No,,Qonaq evi,TIMS,,,,,,https://data.tourism.gov.az/proxy/stakeholder/getFile/20240318155734t-r0000127715,2024-03-18T11:57:35.011Z,2025-04-29T11:56:56.486Z
Orman istirahət mərkəzi,Orman istirahət mərkəzi,İsmayıllı,"İsmayıllı, Azerbaijan",40.7871438,48.1523426,994508672288,Orman@gmail.com,,5401589242,,APPROVED,6633b46fe4f5ddcab3cdd8b5,,No,,"Kottec tipli yerləşmə vasitələri (Kottec, dağ evi, bungalov, chalet)",TIMS,,,,,,https://data.tourism.gov.az/proxy/stakeholder/getFile/20240502194239t-r0000118945,2024-05-02T15:42:39.768Z,2025-04-29T11:56:56.486Z
QIZ QALASI,QIZ QALASI,İsmayıllı,"Xanagah, İsmayıllı, Azerbaijan",40.8437699,48.145818,994503691015,sabina__huseynova@mail.ru,,1003776052,,APPROVED,65f29febe4f5ddcab3cd8bfa,,No,,Şəhər Hoteli,TIMS,,,,,,https://data.tourism.gov.az/proxy/stakeholder/getFile/20240314105746t-r0000144439,2024-03-14T06:57:47.049Z,2025-04-29T11:56:56.486Z
QIZIL DƏRƏ,QIZIL DƏRƏ,İsmayıllı,ISMAYILLI QARAQAYA LAHIC YOLU,40.7876989,48.3154906,994515870576,sahibhuseynli098@gmail.com,,3100065572,,APPROVED,65f2c2a528b53d1e386fb019,,No,,"Kottec tipli yerləşmə vasitələri (Kottec, dağ evi, bungalov, chalet)",TIMS,,,,,,https://data.tourism.gov.az/proxy/stakeholder/getFile/20240314132557t-r0000174806,2024-03-14T09:25:57.480Z,2025-04-29T11:56:56.486Z
Qaya İstirahət mərkəzi,Qaya İstirahət mərkəzi,İsmayıllı,"Qaraqaya, İsmayıllı, Azerbaijan",40.7902973,48.311178,994503906006,qayaismayilli@gmail.com,,5400244252,,APPROVED,6629fc20e4f5ddcab3cdc90f,,No,,Şəhər Hoteli,TIMS,,,,,,https://data.tourism.gov.az/proxy/stakeholder/getFile/20240425104552t-r0000140287,2024-04-25T06:45:52.068Z,2025-04-29T11:56:56.486Z
Qızıl Qaya,Qızıl Qaya,İsmayıllı,"İsmayıllı, Azerbaijan",40.7871438,48.1523426,994556588989,nazmustafayeva3@gmail.com,,2000185312,,APPROVED,66d19b89920d986c247764f1,,No,,Şəhər Hoteli,TIMS,,,,,,https://data.tourism.gov.az/proxy/stakeholder/getFile/20240830141433t-r0000161000,2024-08-30T10:14:33.331Z,2025-04-29T11:56:56.486Z
Runaway house,Runaway house,İsmayıllı,"Runaway House - Qalacıq, Runaway House, Qalacıq, Azerbaijan",40.9809063,48.0383459,994552552325,vusala@silkroad.az,https://www.runaway.house/,1304896491,,APPROVED,65f150f028b53d1e386ee36d,,No,,Qonaq evi,TIMS,,,1C,website_scan,1C,https://data.tourism.gov.az/proxy/stakeholder/getFile/20240312131353t-r0000171909,2024-03-13T07:08:32.097Z,2025-04-29T11:56:56.486Z
SUMEYİLLİ,SUMEYİLLİ,İsmayıllı,"Talıstan, İsmayıllı, Azerbaijan",40.7986436,48.1954722,994508303888,xelilovsamir05@gmail.com,,5401343152,,APPROVED,660fa089e4f5ddcab3cdaac4,,No,,Şəhər Hoteli,TIMS,,,,,,https://data.tourism.gov.az/proxy/stakeholder/getFile/20240405105609t-r0000108237,2024-04-05T06:56:09.386Z,2025-04-29T11:56:56.486Z
Sərin Dərə İstirahət Mərkəzi,Sərin Dərə İstirahət Mərkəzi,İsmayıllı,"Gəndov, Azerbaijan",41.2576896,48.89685840000001,994558788581,allahverdiyevrasim470@gmail.com,,2006005162,,APPROVED,662b601169944a1075be0406,,No,,,TIMS,,,,,,https://data.tourism.gov.az/proxy/stakeholder/getFile/20240426114526t-r0000184245,2024-04-26T08:04:33.621Z,2025-04-29T11:56:56.486Z
Talistan Forest,Talistan Forest,İsmayıllı,"İsmayıllı Rayonu, Azerbaijan",40.7429936,48.2125556,994558691177,ramizhesenov211@mail.ru,,1004794452,,APPROVED,660ee56d3d479d56fe75f995,,No,,"Kottec tipli yerləşmə vasitələri (Kottec, dağ evi, bungalov, chalet)",TIMS,,,,,,https://data.tourism.gov.az/proxy/stakeholder/getFile/20240404213454t-r0000103760,2024-04-04T17:37:49.449Z,2025-04-29T11:56:56.486Z
Turan İstirahət Mərkəzi,Turan İstirahət Mərkəzi,İsmayıllı,"İsmayıllı, Azerbaijan",40.7871438,48.1523426,994552014633,turanismayilli@gmail.com,,1801451132,,APPROVED,664c611ae4f5ddcab3cde2e6,,No,,Qonaq evi,TIMS,,,,,,https://data.tourism.gov.az/proxy/stakeholder/getFile/20240521125346t-r0000195354,2024-05-21T08:53:46.337Z,2025-04-29T11:56:56.486Z
Xarı Bülbül,Xarı Bülbül,İsmayıllı,"Topçu, İsmayıllı, Azerbaijan",40.87696529999999,48.0634308,994515017805,feryadabiyev39@gmail.com,,5701534912,,APPROVED,66334680e4f5ddcab3cdd5f4,,No,,"Kottec tipli yerləşmə vasitələri (Kottec, dağ evi, bungalov, chalet)",TIMS,,,,,,https://data.tourism.gov.az/proxy/stakeholder/getFile/20240502115336t-r0000136198,2024-05-02T07:53:36.907Z,2025-04-29T11:56:56.486Z
ZƏNGƏZUR HARMONY,ZƏNGƏZUR HARMONY,İsmayıllı,"İsmayıllı Rayonu, Azerbaijan",40.7429936,48.2125556,994997824808,zengezurharmonyhotel@gmail.com,,1403610551,,APPROVED,66d01772920d986c2477641b,,No,,Şəhər Hoteli,TIMS,,,,,,https://data.tourism.gov.az/proxy/stakeholder/getFile/20240829103842t-r0000170204,2024-08-29T06:38:42.641Z,2025-04-29T11:56:56.486Z
Çinar Otel Restoran,Çinar Otel Restoran,İsmayıllı,"Topçu, İsmayıllı, Topchu, Azerbaijan",40.8821875,48.0589375,994553269252,seyidzad90@gmail.com,,5400883012,,APPROVED,663dc4bde4f5ddcab3cddde2,,No,,Qonaq evi,TIMS,,,,,,https://data.tourism.gov.az/proxy/stakeholder/getFile/20240510105453t-r0000193216,2024-05-10T06:54:53.432Z,2025-04-29T11:56:56.486Z
Çıraqban istirahət mərkəzi,Çıraqban istirahət mərkəzi,İsmayıllı,"İsmayıllı, Azerbaijan",40.7871438,48.1523426,994552252624,b.behram@mail.ru,,5400435142,,APPROVED,66d1a15c920d986c24776530,,No,,"Kottec tipli yerləşmə vasitələri (Kottec, dağ evi, bungalov, chalet)",TIMS,,,,,,https://data.tourism.gov.az/proxy/stakeholder/getFile/20240830143924t-r0000174639,2024-08-30T10:39:24.453Z,2025-04-29T11:56:56.486Z
İsmayilli resort hotel,İsmayilli resort hotel,İsmayıllı,"ISMAYILLI Resort & Hotel, Heydar Aliyev Avenue, Ismailli, Azerbaijan",40.7859685,48.14665489999999,994702131133,gm@ismayilliresorthotel.az,,5401572411,,APPROVED,660ce155e4f5ddcab3cda571,,No,,Şəhər Hoteli,TIMS,,,,,,https://data.tourism.gov.az/proxy/stakeholder/getFile/20240403085549t-r0000148158,2024-04-03T04:55:49.521Z,2025-04-29T11:56:56.486Z
Şirvan İstirahət Mərkəzi,Şirvan İstirahət Mərkəzi,İsmayıllı,"Buynuz, İsmayıllı, Azerbaijan",40.9177928,48.0609742,994556007412,shirvan@gmail.com,,5400975752,,APPROVED,663a27bae4f5ddcab3cddc71,,No,,"Kottec tipli yerləşmə vasitələri (Kottec, dağ evi, bungalov, chalet)",TIMS,,,,,,https://data.tourism.gov.az/proxy/stakeholder/getFile/20240507170809t-r0000171979,2024-05-07T13:08:10.052Z,2025-04-29T11:56:56.486Z
Şəlalə ailəvi istirahət mərkəzi,Şəlalə ailəvi istirahət mərkəzi,İsmayıllı,"İsmayıllı, Azerbaijan",40.7871438,48.1523426,994504627675,mirzeyevamil20@gmail.com,,5400491142,,APPROVED,66e3ec074802fe54233c45c8,,No,,Qonaq evi,TIMS,,,,,,https://data.tourism.gov.az/proxy/stakeholder/getFile/20240913113847t-r0000196323,2024-09-13T07:38:47.205Z,2025-04-29T11:56:56.486Z
Bagcali Hotel,Bagcali Hotel,Şabran,"Şabran Rayonu, Azerbaijan",41.2228376,48.8457304,994506573131,hotelbagchali@gmail.com,,3102826492,,APPROVED,652e696ac29cd31ed9786ff9,,No,,,TIMS,,,,,,https://data.tourism.gov.az/proxy/stakeholder/getFile/20231017150058t-r0000190635,2023-10-17T11:00:58.470Z,2025-04-29T11:56:56.486Z
KARVANSARA OTEL,KARVANSARA OTEL,Şabran,"Şabran, Azerbaijan",41.2159825,48.994559,994503610919,vidadi_elem@mail.ru,,5000356572,,APPROVED,64aff687c29cd31ed9781321,,No,,Butik Hotel,TIMS,,,,,,https://data.tourism.gov.az/proxy/stakeholder/getFile/20230713170510t-r0000131844,2023-07-13T13:05:11.340Z,2025-04-29T11:56:56.486Z
QALAALTI HOTEL & SPA,QALAALTI HOTEL & SPA,Şabran,"QALAALTI HOTEL & SPA, Shabran, Azerbaijan",41.08939,48.93736,994125855757,reservation@pmdhospitality.az,https://galaalti.az/az,1402801511,,APPROVED,64be6803c29cd31ed9782ec8,,No,,,TIMS + azeritour.az,https://azeritour.az/qalaalti_hotel_spa_sanatoriy/,Qalaalti Hotel & Spa — открытия данного санатория ждали все. Курортный отель расположен в городе Шабран. На открытии данного комплекса присутствовал президент Азербайджанской Республики Ильхам Алиев. В современном и обустроенном санаторий вы сможете совместить отдых и лечение. Лечебно-рекреационный курортный комплекс отвечает всем стандартам и расположен от Баку на расстоянии 120 км.,1C,website_scan,1C,https://data.tourism.gov.az/proxy/stakeholder/getFile/20230724160107t-r0000149788,2023-07-24T12:01:07.858Z,2025-04-29T11:56:56.486Z
Shabran Wellbeing Resort,Shabran Wellbeing Resort,Şabran,"Pirəbədil, Azerbaijan",41.2075669,48.8017067,994125855585,info@shabranwellbeing.az,http://shabranwellbeing.az,5001086431,,APPROVED,64673ab09bff11407fb6acc0,5,No,,Rezort Hotel,TIMS,,,TravelLine; 1C,website_scan,TravelLine; 1C,https://data.tourism.gov.az/proxy/stakeholder/getFile/20230519130032t-r0000163865,2023-05-19T09:00:32.501Z,2025-04-29T11:56:56.486Z
Xarı bülbül Hotel,Xarı bülbül Hotel,Şuşa,"Xarıbülbül Otel, Aram Manukyan Street, Shusha",39.7615213,46.7422383,994512441414,info@shg.az,,2007114281,,APPROVED,6605641be4f5ddcab3cd9d59,,No,,,TIMS,,,,,,https://data.tourism.gov.az/proxy/stakeholder/getFile/20240328163539t-r0000181346,2024-03-28T12:35:39.459Z,2025-04-29T11:56:56.486Z
ŞUŞA OTEL VƏ KONQRES MƏRKƏZI,ŞUŞA OTEL VƏ KONQRES MƏRKƏZI,Şuşa,"Shusha, Azerbaijan",39.7537438,46.7464755,994125850022,sadig.khankishiyev@shushahotel.com,,8600217891,,APPROVED,65b7b43de7af87e5775a6206,,No,,,TIMS,,,,,,https://data.tourism.gov.az/proxy/stakeholder/getFile/20240126165331t-r0000159560,2024-01-29T14:20:45.604Z,2025-04-29T11:56:56.486Z
Abi Otel,Abi Otel,Şəmkir,"Şəmkir, Azerbaijan",40.8288144,46.0166879,994508968233,abiotel@gmail.com,https://www.abiotel.az,8500846832,,APPROVED,65afbba5ac6a950c2ed20a90,,No,,Şəhər Hoteli,TIMS,,,,,,https://data.tourism.gov.az/proxy/stakeholder/getFile/20240123171412t-r0000168432,2024-01-23T13:14:13.455Z,2025-04-29T11:56:56.486Z
Excelsior Hotel Shamkir,Excelsior Hotel Shamkir,Şəmkir,"75 Mirzə Ələkbər Sabir, Shamkir, Azerbaijan",40.8334407,46.0243086,994552085700,reception@excelsiorhotelshamkir.az,http://excelsiorhotelshamkir.az/,1701349081,,APPROVED,655c666cc77bbf46b8c5a18a,,No,,Şəhər Hoteli,TIMS,,,,,,https://data.tourism.gov.az/proxy/stakeholder/getFile/20231121121228t-r0000116439,2023-11-21T08:12:28.693Z,2025-04-29T11:56:56.486Z
MEREDİAN OTEL,MEREDİAN OTEL,Şəmkir,"Çingiz Mustafayev, Şəmkir, Azerbaijan",40.8432052,46.0442376,994702865599,rc.122779@gmail.com,http://meredian.f.hotel.az,8500868722,,APPROVED,64661afe9bff11407fb6ab4e,,No,,Şəhər Hoteli,TIMS,,,,,,https://data.tourism.gov.az/proxy/stakeholder/getFile/20230518163302t-r0000188628,2023-05-18T12:33:02.823Z,2025-04-29T11:56:56.486Z
QAQALAR HOTEL,QAQALAR HOTEL,Şəmkir,"Həzi Aslanov, Şəmkir, Azerbaijan",40.8350152,46.0236436,994703237773,rasimzamanov7@gmail.com,,8502990372,,APPROVED,656ddbe338019bc04b2c4548,,No,,Şəhər Hoteli,TIMS,,,,,,https://data.tourism.gov.az/proxy/stakeholder/getFile/20231204180211t-r0000191790,2023-12-04T14:02:11.563Z,2025-04-29T11:56:56.486Z
SHEMKIR SPA OTEL,SHEMKIR SPA OTEL,Şəmkir,Azerbaijan,40.143105,47.576927,994518405757,www.shemkirspaotel@gmail.com,https://www.shamkirspahotel.com,8503719952,,APPROVED,65707b8538019bc04b2c477c,,No,,Şəhər Hoteli,TIMS,,,,,,https://data.tourism.gov.az/proxy/stakeholder/getFile/20231206174749t-r0000137447,2023-12-06T13:47:49.342Z,2025-04-29T11:56:56.486Z
Sərxan otel,Sərxan otel,Şəmkir,"Şəmkir, Azerbaijan",40.8288144,46.0166879,994552370596,www.Serxanotel.12@mail.ru,https://www.Serxanotel.az,8500109631,,APPROVED,65a51e19ac6a950c2ed204e4,,No,,Şəhər Hoteli,TIMS,,,,,,https://data.tourism.gov.az/proxy/stakeholder/getFile/20240115155921t-r0000101395,2024-01-15T11:59:21.370Z,2025-04-29T11:56:56.486Z
Şəmkir Olimpiya Kompleksi,Şəmkir Olimpiya Kompleksi,Şəmkir,"Şəmkir şəhər Olimpiya İdman Kompleksinin stadionu, M2, Shamkir, Azerbaijan",40.8544671,46.0358246,994503714574,shamkir.olimpiya@gmail.com,https://www.instagram.com/semkir_oik/,8500511861,,APPROVED,659fa9faac6a950c2ed202dd,,No,,Hostel,TIMS,,,Oracle OPERA; 1C,website_scan,Oracle OPERA; 1C,https://data.tourism.gov.az/proxy/stakeholder/getFile/20240111124234t-r0000199315,2024-01-11T08:42:34.443Z,2025-04-29T11:56:56.486Z
Sharur OİK,Sharur OİK,Şərur,"Şərur Olimpiya İdman Kompleksi, Sharur, Azerbaijan",39.5533154,44.9755662,994602005873,turalismayilli61@gmail.com,,0700312511,,APPROVED,6800f75ebf7858467bfd5c3a,,No,,Şəhər Hoteli,TIMS,,,,,,https://data.tourism.gov.az/proxy/stakeholder/getFile/20250417164310t-r0000179226,2025-04-17T12:43:10.629Z,2025-04-29T11:56:56.486Z
Duzdag Hotel,,Нахичеван,"| azeritour × Обратная связь Пляжи Хостелы Туристический сайт Азербайджана, новости туризма Меню сайта Главная Новости В",,,,,http://gmpg.org/xfn/11,,,,,,,,,azeritour.az,https://azeritour.az/duzdag_hotel_nakhchivan,"Duzdag Hotel — отель, расположен в Нахичеванской Автономной Республики (Азербайджан), всего в 10 км от города Нахичевань. Отель популярен своими лечебными процедурами с соляными пещерами. Предоставляется лечения респираторных заболеваний, а специальные косметические и терапевтические процедуры помогут решить проблему вашего здоровья. На территории отеля функционирует СПА-центр с большим спектром услуг. В вашем распоряжении турецкая баня, сауна, разные массажи, тренажёрный зал и игровые площадки.",,,,,,
Tebriz Hotel Nakhchivan,,Нахичеван,email не будет опубликован,,,,,http://gmpg.org/xfn/11,,5,,,,,,,azeritour.az,https://azeritour.az/tebriz-hotel-naxcivan/,"Tebriz Hotel Nakhchivan — отель, который расположен и функционирует в Нахичевани . Находящемся в центре Нахчывана отель предлагает современные и просторные номера. От отеля до аэропорта расстояние всего в 7 км, что удобно добираться. Гостиница расположена на площади «Деде Горгуд», в городе Нахчыван. Перед отелем находится исторический памятник архитектуры Исмаилханской бани восемнадцатого века. Номера отеля Tebriz Hotel Nakhchivan Само здание состоит из 13 этажей, и имеет статус пятизвёздочного отеля. Всего 95 номеров, в которых могут одновременно проживать 100 гостей. Здесь созданы все условия для приема туристов и других гостей. В номерах есть мини-бар, Wi-Fi, кондиционер, спутниковое телевидение, электрический чайник. А также бесплатный кофе и гостиный уголок. Окна открываются на на город и озеро, что придаст вам чувство расслабленности. По мимо всего, каждое утро подается богатый и насызенный завтрак. Гостиничные услуги : Лобби Сейф Конференц-зал Прачечная Лифт Спутник Телефон Банкомат Противопожарная защита Интернет Парковка Трансфер Телевизор Радио Такси Принтер Фен Ежедневная Газета и журнал Индиыидуальная истема кондиционирования Утюг Система отопления / охлаждения Минераль",,,,,,
