id,name,entry_type,letter_group,org_kind,wikipedia_url,category_path,category_paths,found_in_category_url,source,source_url
gov-0001,Antiinhisar və İstehlak Bazarına Nəzarət Dövlət Agentliyi,organization,,agency,https://az.wikipedia.org/wiki/Antiinhisar_v%C9%99_%C4%B0stehlak_Bazar%C4%B1na_N%C9%99zar%C9%99t_D%C3%B6vl%C9%99t_Agentliyi,Azərbaycanın dövlət təşkilatları,Azərbaycanın dövlət təşkilatları,https://az.wikipedia.org/wiki/Kateqoriya%3AAz%C9%99rbaycan%C4%B1n_d%C3%B6vl%C9%99t_t%C9%99%C5%9Fkilatlar%C4%B1,az.wikipedia.org,https://az.wikipedia.org/wiki/Kateqoriya%3AAz%C9%99rbaycan%C4%B1n_d%C3%B6vl%C9%99t_t%C9%99%C5%9Fkilatlar%C4%B1
gov-0002,ASAN xidmət,organization,,public_service_center,https://az.wikipedia.org/wiki/ASAN_xidm%C9%99t,Azərbaycanın dövlət təşkilatları,Azərbaycanın dövlət təşkilatları | Azərbaycanın dövlət təşkilatları > ASAN xidmət,https://az.wikipedia.org/wiki/Kateqoriya%3AAz%C9%99rbaycan%C4%B1n_d%C3%B6vl%C9%99t_t%C9%99%C5%9Fkilatlar%C4%B1,az.wikipedia.org,https://az.wikipedia.org/wiki/Kateqoriya%3AAz%C9%99rbaycan%C4%B1n_d%C3%B6vl%C9%99t_t%C9%99%C5%9Fkilatlar%C4%B1
gov-0003,Azərbaycan Avtomobil Yolları Dövlət Agentliyi,organization,,agency,https://az.wikipedia.org/wiki/Az%C9%99rbaycan_Avtomobil_Yollar%C4%B1_D%C3%B6vl%C9%99t_Agentliyi,Azərbaycanın dövlət təşkilatları,Azərbaycanın dövlət təşkilatları,https://az.wikipedia.org/wiki/Kateqoriya%3AAz%C9%99rbaycan%C4%B1n_d%C3%B6vl%C9%99t_t%C9%99%C5%9Fkilatlar%C4%B1,az.wikipedia.org,https://az.wikipedia.org/wiki/Kateqoriya%3AAz%C9%99rbaycan%C4%B1n_d%C3%B6vl%C9%99t_t%C9%99%C5%9Fkilatlar%C4%B1
gov-0004,Azərbaycan Gənclər Fondu,organization,,fund,https://az.wikipedia.org/wiki/Az%C9%99rbaycan_G%C9%99ncl%C9%99r_Fondu,Azərbaycanın dövlət təşkilatları,Azərbaycanın dövlət təşkilatları,https://az.wikipedia.org/wiki/Kateqoriya%3AAz%C9%99rbaycan%C4%B1n_d%C3%B6vl%C9%99t_t%C9%99%C5%9Fkilatlar%C4%B1,az.wikipedia.org,https://az.wikipedia.org/wiki/Kateqoriya%3AAz%C9%99rbaycan%C4%B1n_d%C3%B6vl%C9%99t_t%C9%99%C5%9Fkilatlar%C4%B1
gov-0005,Azərbaycan İnformasiya və Kommunikasiya Texnologiyaları Sənayesi Assosiasiyası,organization,,state_body,https://az.wikipedia.org/wiki/Az%C9%99rbaycan_%C4%B0nformasiya_v%C9%99_Kommunikasiya_Texnologiyalar%C4%B1_S%C9%99nayesi_Assosiasiyas%C4%B1,Azərbaycanın dövlət təşkilatları,Azərbaycanın dövlət təşkilatları | Azərbaycanın dövlət təşkilatları > Azərbaycan nazirlikləri > Azərbaycan Ədliyyə Nazirliyi | Azərbaycanın dövlət təşkilatları > Azərbaycan nazirlikləri > Rəqəmsal İnkişaf və Nəqliyyat Nazirliyi (Azərbaycan),https://az.wikipedia.org/wiki/Kateqoriya%3AAz%C9%99rbaycan%C4%B1n_d%C3%B6vl%C9%99t_t%C9%99%C5%9Fkilatlar%C4%B1,az.wikipedia.org,https://az.wikipedia.org/wiki/Kateqoriya%3AAz%C9%99rbaycan%C4%B1n_d%C3%B6vl%C9%99t_t%C9%99%C5%9Fkilatlar%C4%B1
gov-0006,"Azərbaycan Respublikası Müharibə, Əmək və Silahlı Qüvvələr Veteranları Təşkilatı",organization,,state_body,https://az.wikipedia.org/wiki/Az%C9%99rbaycan_Respublikas%C4%B1_M%C3%BCharib%C9%99%2C_%C6%8Fm%C9%99k_v%C9%99_Silahl%C4%B1_Q%C3%BCvv%C9%99l%C9%99r_Veteranlar%C4%B1_T%C9%99%C5%9Fkilat%C4%B1,Azərbaycanın dövlət təşkilatları,Azərbaycanın dövlət təşkilatları,https://az.wikipedia.org/wiki/Kateqoriya%3AAz%C9%99rbaycan%C4%B1n_d%C3%B6vl%C9%99t_t%C9%99%C5%9Fkilatlar%C4%B1,az.wikipedia.org,https://az.wikipedia.org/wiki/Kateqoriya%3AAz%C9%99rbaycan%C4%B1n_d%C3%B6vl%C9%99t_t%C9%99%C5%9Fkilatlar%C4%B1
gov-0007,Azərbaycan Respublikasının Hesablama Palatası,organization,,chamber,https://az.wikipedia.org/wiki/Az%C9%99rbaycan_Respublikas%C4%B1n%C4%B1n_Hesablama_Palatas%C4%B1,Azərbaycanın dövlət təşkilatları,Azərbaycanın dövlət təşkilatları,https://az.wikipedia.org/wiki/Kateqoriya%3AAz%C9%99rbaycan%C4%B1n_d%C3%B6vl%C9%99t_t%C9%99%C5%9Fkilatlar%C4%B1,az.wikipedia.org,https://az.wikipedia.org/wiki/Kateqoriya%3AAz%C9%99rbaycan%C4%B1n_d%C3%B6vl%C9%99t_t%C9%99%C5%9Fkilatlar%C4%B1
gov-0008,Azərbaycan Respublikasının Əqli Mülkiyyət Agentliyi,organization,,agency,https://az.wikipedia.org/wiki/Az%C9%99rbaycan_Respublikas%C4%B1n%C4%B1n_%C6%8Fqli_M%C3%BClkiyy%C9%99t_Agentliyi,Azərbaycanın dövlət təşkilatları,Azərbaycanın dövlət təşkilatları,https://az.wikipedia.org/wiki/Kateqoriya%3AAz%C9%99rbaycan%C4%B1n_d%C3%B6vl%C9%99t_t%C9%99%C5%9Fkilatlar%C4%B1,az.wikipedia.org,https://az.wikipedia.org/wiki/Kateqoriya%3AAz%C9%99rbaycan%C4%B1n_d%C3%B6vl%C9%99t_t%C9%99%C5%9Fkilatlar%C4%B1
gov-0009,Azərbaycan Xəzər Dəniz Gəmiçiliyi,organization,,shipping,https://az.wikipedia.org/wiki/Az%C9%99rbaycan_X%C9%99z%C9%99r_D%C9%99niz_G%C9%99mi%C3%A7iliyi,Azərbaycanın dövlət təşkilatları,Azərbaycanın dövlət təşkilatları | Azərbaycanın dövlət təşkilatları > Azərbaycan Xəzər Dəniz Gəmiçiliyi,https://az.wikipedia.org/wiki/Kateqoriya%3AAz%C9%99rbaycan%C4%B1n_d%C3%B6vl%C9%99t_t%C9%99%C5%9Fkilatlar%C4%B1,az.wikipedia.org,https://az.wikipedia.org/wiki/Kateqoriya%3AAz%C9%99rbaycan%C4%B1n_d%C3%B6vl%C9%99t_t%C9%99%C5%9Fkilatlar%C4%B1
gov-0010,Azərlotereya,organization,,lottery,https://az.wikipedia.org/wiki/Az%C9%99rlotereya,Azərbaycanın dövlət təşkilatları,Azərbaycanın dövlət təşkilatları,https://az.wikipedia.org/wiki/Kateqoriya%3AAz%C9%99rbaycan%C4%B1n_d%C3%B6vl%C9%99t_t%C9%99%C5%9Fkilatlar%C4%B1,az.wikipedia.org,https://az.wikipedia.org/wiki/Kateqoriya%3AAz%C9%99rbaycan%C4%B1n_d%C3%B6vl%C9%99t_t%C9%99%C5%9Fkilatlar%C4%B1
gov-0011,Bakı Beynəlxalq Multikulturalizm Mərkəzi,organization,,center,https://az.wikipedia.org/wiki/Bak%C4%B1_Beyn%C9%99lxalq_Multikulturalizm_M%C9%99rk%C9%99zi,Azərbaycanın dövlət təşkilatları,Azərbaycanın dövlət təşkilatları,https://az.wikipedia.org/wiki/Kateqoriya%3AAz%C9%99rbaycan%C4%B1n_d%C3%B6vl%C9%99t_t%C9%99%C5%9Fkilatlar%C4%B1,az.wikipedia.org,https://az.wikipedia.org/wiki/Kateqoriya%3AAz%C9%99rbaycan%C4%B1n_d%C3%B6vl%C9%99t_t%C9%99%C5%9Fkilatlar%C4%B1
gov-0012,Bakı Şəhər Mədəniyyət Baş İdarəsi,organization,,state_body,https://az.wikipedia.org/wiki/Bak%C4%B1_%C5%9E%C9%99h%C9%99r_M%C9%99d%C9%99niyy%C9%99t_Ba%C5%9F_%C4%B0dar%C9%99si,Azərbaycanın dövlət təşkilatları,Azərbaycanın dövlət təşkilatları | Azərbaycanın dövlət təşkilatları > Azərbaycan nazirlikləri > Azərbaycan Mədəniyyət Nazirliyi,https://az.wikipedia.org/wiki/Kateqoriya%3AAz%C9%99rbaycan%C4%B1n_d%C3%B6vl%C9%99t_t%C9%99%C5%9Fkilatlar%C4%B1,az.wikipedia.org,https://az.wikipedia.org/wiki/Kateqoriya%3AAz%C9%99rbaycan%C4%B1n_d%C3%B6vl%C9%99t_t%C9%99%C5%9Fkilatlar%C4%B1
gov-0013,Beynəlxalq Münasibətlərin Təhlili və Multikulturalizm Mərkəzi,organization,,center,https://az.wikipedia.org/wiki/Beyn%C9%99lxalq_M%C3%BCnasib%C9%99tl%C9%99rin_T%C9%99hlili_v%C9%99_Multikulturalizm_M%C9%99rk%C9%99zi,Azərbaycanın dövlət təşkilatları,Azərbaycanın dövlət təşkilatları,https://az.wikipedia.org/wiki/Kateqoriya%3AAz%C9%99rbaycan%C4%B1n_d%C3%B6vl%C9%99t_t%C9%99%C5%9Fkilatlar%C4%B1,az.wikipedia.org,https://az.wikipedia.org/wiki/Kateqoriya%3AAz%C9%99rbaycan%C4%B1n_d%C3%B6vl%C9%99t_t%C9%99%C5%9Fkilatlar%C4%B1
gov-0014,Beynəlxalq Əlaqələr və Hesablaşma Mərkəzi,organization,,center,https://az.wikipedia.org/wiki/Beyn%C9%99lxalq_%C6%8Flaq%C9%99l%C9%99r_v%C9%99_Hesabla%C5%9Fma_M%C9%99rk%C9%99zi,Azərbaycanın dövlət təşkilatları,Azərbaycanın dövlət təşkilatları | Azərbaycanın dövlət təşkilatları > Azərbaycan nazirlikləri > Rəqəmsal İnkişaf və Nəqliyyat Nazirliyi (Azərbaycan),https://az.wikipedia.org/wiki/Kateqoriya%3AAz%C9%99rbaycan%C4%B1n_d%C3%B6vl%C9%99t_t%C9%99%C5%9Fkilatlar%C4%B1,az.wikipedia.org,https://az.wikipedia.org/wiki/Kateqoriya%3AAz%C9%99rbaycan%C4%B1n_d%C3%B6vl%C9%99t_t%C9%99%C5%9Fkilatlar%C4%B1
gov-0015,Bilik Fondu (Azərbaycan),organization,,fund,https://az.wikipedia.org/wiki/Bilik_Fondu_%28Az%C9%99rbaycan%29,Azərbaycanın dövlət təşkilatları,Azərbaycanın dövlət təşkilatları,https://az.wikipedia.org/wiki/Kateqoriya%3AAz%C9%99rbaycan%C4%B1n_d%C3%B6vl%C9%99t_t%C9%99%C5%9Fkilatlar%C4%B1,az.wikipedia.org,https://az.wikipedia.org/wiki/Kateqoriya%3AAz%C9%99rbaycan%C4%B1n_d%C3%B6vl%C9%99t_t%C9%99%C5%9Fkilatlar%C4%B1
gov-0016,Dördüncü Sənaye İnqilabının Təhlili və Koordinasiya Mərkəzi (Azərbaycan),organization,,center,https://az.wikipedia.org/wiki/D%C3%B6rd%C3%BCnc%C3%BC_S%C9%99naye_%C4%B0nqilab%C4%B1n%C4%B1n_T%C9%99hlili_v%C9%99_Koordinasiya_M%C9%99rk%C9%99zi_%28Az%C9%99rbaycan%29,Azərbaycanın dövlət təşkilatları,Azərbaycanın dövlət təşkilatları,https://az.wikipedia.org/wiki/Kateqoriya%3AAz%C9%99rbaycan%C4%B1n_d%C3%B6vl%C9%99t_t%C9%99%C5%9Fkilatlar%C4%B1,az.wikipedia.org,https://az.wikipedia.org/wiki/Kateqoriya%3AAz%C9%99rbaycan%C4%B1n_d%C3%B6vl%C9%99t_t%C9%99%C5%9Fkilatlar%C4%B1
gov-0017,Dövlət İmtahan Mərkəzi (Azərbaycan),organization,,center,https://az.wikipedia.org/wiki/D%C3%B6vl%C9%99t_%C4%B0mtahan_M%C9%99rk%C9%99zi_%28Az%C9%99rbaycan%29,Azərbaycanın dövlət təşkilatları,Azərbaycanın dövlət təşkilatları,https://az.wikipedia.org/wiki/Kateqoriya%3AAz%C9%99rbaycan%C4%B1n_d%C3%B6vl%C9%99t_t%C9%99%C5%9Fkilatlar%C4%B1,az.wikipedia.org,https://az.wikipedia.org/wiki/Kateqoriya%3AAz%C9%99rbaycan%C4%B1n_d%C3%B6vl%C9%99t_t%C9%99%C5%9Fkilatlar%C4%B1
gov-0018,Dövlət Mineral Xammal Ehtiyatlarından İstifadə Agentliyi (Azərbaycan),organization,,agency,https://az.wikipedia.org/wiki/D%C3%B6vl%C9%99t_Mineral_Xammal_Ehtiyatlar%C4%B1ndan_%C4%B0stifad%C9%99_Agentliyi_%28Az%C9%99rbaycan%29,Azərbaycanın dövlət təşkilatları,Azərbaycanın dövlət təşkilatları,https://az.wikipedia.org/wiki/Kateqoriya%3AAz%C9%99rbaycan%C4%B1n_d%C3%B6vl%C9%99t_t%C9%99%C5%9Fkilatlar%C4%B1,az.wikipedia.org,https://az.wikipedia.org/wiki/Kateqoriya%3AAz%C9%99rbaycan%C4%B1n_d%C3%B6vl%C9%99t_t%C9%99%C5%9Fkilatlar%C4%B1
gov-0019,Dövlət Mülki Aviasiya Agentliyi (Azərbaycan),organization,,agency,https://az.wikipedia.org/wiki/D%C3%B6vl%C9%99t_M%C3%BClki_Aviasiya_Agentliyi_%28Az%C9%99rbaycan%29,Azərbaycanın dövlət təşkilatları,Azərbaycanın dövlət təşkilatları,https://az.wikipedia.org/wiki/Kateqoriya%3AAz%C9%99rbaycan%C4%B1n_d%C3%B6vl%C9%99t_t%C9%99%C5%9Fkilatlar%C4%B1,az.wikipedia.org,https://az.wikipedia.org/wiki/Kateqoriya%3AAz%C9%99rbaycan%C4%B1n_d%C3%B6vl%C9%99t_t%C9%99%C5%9Fkilatlar%C4%B1
gov-0020,Dövlət Məşğulluq Agentliyi (Azərbaycan),organization,,agency,https://az.wikipedia.org/wiki/D%C3%B6vl%C9%99t_M%C9%99%C5%9F%C4%9Fulluq_Agentliyi_%28Az%C9%99rbaycan%29,Azərbaycanın dövlət təşkilatları,Azərbaycanın dövlət təşkilatları,https://az.wikipedia.org/wiki/Kateqoriya%3AAz%C9%99rbaycan%C4%B1n_d%C3%B6vl%C9%99t_t%C9%99%C5%9Fkilatlar%C4%B1,az.wikipedia.org,https://az.wikipedia.org/wiki/Kateqoriya%3AAz%C9%99rbaycan%C4%B1n_d%C3%B6vl%C9%99t_t%C9%99%C5%9Fkilatlar%C4%B1
gov-0021,Dövlət Təhlükəsizliyi Xidməti (Azərbaycan),organization,,state_service,https://az.wikipedia.org/wiki/D%C3%B6vl%C9%99t_T%C9%99hl%C3%BCk%C9%99sizliyi_Xidm%C9%99ti_%28Az%C9%99rbaycan%29,Azərbaycanın dövlət təşkilatları,Azərbaycanın dövlət təşkilatları | Azərbaycanın dövlət təşkilatları > Azərbaycanın xüsusi xidmət orqanları | Azərbaycanın dövlət təşkilatları > Dövlət Təhlükəsizliyi Xidməti (Azərbaycan),https://az.wikipedia.org/wiki/Kateqoriya%3AAz%C9%99rbaycan%C4%B1n_d%C3%B6vl%C9%99t_t%C9%99%C5%9Fkilatlar%C4%B1,az.wikipedia.org,https://az.wikipedia.org/wiki/Kateqoriya%3AAz%C9%99rbaycan%C4%B1n_d%C3%B6vl%C9%99t_t%C9%99%C5%9Fkilatlar%C4%B1
gov-0022,Dövlət Vergi Xidməti (Azərbaycan),organization,,state_service,https://az.wikipedia.org/wiki/D%C3%B6vl%C9%99t_Vergi_Xidm%C9%99ti_%28Az%C9%99rbaycan%29,Azərbaycanın dövlət təşkilatları,Azərbaycanın dövlət təşkilatları | Azərbaycanın dövlət təşkilatları > Azərbaycan nazirlikləri > Azərbaycan İqtisadiyyat Nazirliyi,https://az.wikipedia.org/wiki/Kateqoriya%3AAz%C9%99rbaycan%C4%B1n_d%C3%B6vl%C9%99t_t%C9%99%C5%9Fkilatlar%C4%B1,az.wikipedia.org,https://az.wikipedia.org/wiki/Kateqoriya%3AAz%C9%99rbaycan%C4%B1n_d%C3%B6vl%C9%99t_t%C9%99%C5%9Fkilatlar%C4%B1
gov-0023,Dövlət Əmək Müfəttişliyi Xidməti (Azərbaycan),organization,,state_service,https://az.wikipedia.org/wiki/D%C3%B6vl%C9%99t_%C6%8Fm%C9%99k_M%C3%BCf%C9%99tti%C5%9Fliyi_Xidm%C9%99ti_%28Az%C9%99rbaycan%29,Azərbaycanın dövlət təşkilatları,Azərbaycanın dövlət təşkilatları,https://az.wikipedia.org/wiki/Kateqoriya%3AAz%C9%99rbaycan%C4%B1n_d%C3%B6vl%C9%99t_t%C9%99%C5%9Fkilatlar%C4%B1,az.wikipedia.org,https://az.wikipedia.org/wiki/Kateqoriya%3AAz%C9%99rbaycan%C4%B1n_d%C3%B6vl%C9%99t_t%C9%99%C5%9Fkilatlar%C4%B1
gov-0024,Elektron Hökumətin İnkişafı Mərkəzi,organization,,center,https://az.wikipedia.org/wiki/Elektron_H%C3%B6kum%C9%99tin_%C4%B0nki%C5%9Faf%C4%B1_M%C9%99rk%C9%99zi,Azərbaycanın dövlət təşkilatları,Azərbaycanın dövlət təşkilatları,https://az.wikipedia.org/wiki/Kateqoriya%3AAz%C9%99rbaycan%C4%B1n_d%C3%B6vl%C9%99t_t%C9%99%C5%9Fkilatlar%C4%B1,az.wikipedia.org,https://az.wikipedia.org/wiki/Kateqoriya%3AAz%C9%99rbaycan%C4%B1n_d%C3%B6vl%C9%99t_t%C9%99%C5%9Fkilatlar%C4%B1
gov-0025,Elektron Təhlükəsizlik Xidməti,organization,,state_service,https://az.wikipedia.org/wiki/Elektron_T%C9%99hl%C3%BCk%C9%99sizlik_Xidm%C9%99ti,Azərbaycanın dövlət təşkilatları,Azərbaycanın dövlət təşkilatları | Azərbaycanın dövlət təşkilatları > Azərbaycan nazirlikləri > Rəqəmsal İnkişaf və Nəqliyyat Nazirliyi (Azərbaycan),https://az.wikipedia.org/wiki/Kateqoriya%3AAz%C9%99rbaycan%C4%B1n_d%C3%B6vl%C9%99t_t%C9%99%C5%9Fkilatlar%C4%B1,az.wikipedia.org,https://az.wikipedia.org/wiki/Kateqoriya%3AAz%C9%99rbaycan%C4%B1n_d%C3%B6vl%C9%99t_t%C9%99%C5%9Fkilatlar%C4%B1
gov-0026,Enerji Məsələlərini Tənzimləmə Agentliyi (Azərbaycan),organization,,agency,https://az.wikipedia.org/wiki/Enerji_M%C9%99s%C9%99l%C9%99l%C9%99rini_T%C9%99nziml%C9%99m%C9%99_Agentliyi_%28Az%C9%99rbaycan%29,Azərbaycanın dövlət təşkilatları,Azərbaycanın dövlət təşkilatları,https://az.wikipedia.org/wiki/Kateqoriya%3AAz%C9%99rbaycan%C4%B1n_d%C3%B6vl%C9%99t_t%C9%99%C5%9Fkilatlar%C4%B1,az.wikipedia.org,https://az.wikipedia.org/wiki/Kateqoriya%3AAz%C9%99rbaycan%C4%B1n_d%C3%B6vl%C9%99t_t%C9%99%C5%9Fkilatlar%C4%B1
gov-0027,Fitosanitar Nəzarəti Xidməti (Azərbaycan),organization,,state_service,https://az.wikipedia.org/wiki/Fitosanitar_N%C9%99zar%C9%99ti_Xidm%C9%99ti_%28Az%C9%99rbaycan%29,Azərbaycanın dövlət təşkilatları,Azərbaycanın dövlət təşkilatları,https://az.wikipedia.org/wiki/Kateqoriya%3AAz%C9%99rbaycan%C4%B1n_d%C3%B6vl%C9%99t_t%C9%99%C5%9Fkilatlar%C4%B1,az.wikipedia.org,https://az.wikipedia.org/wiki/Kateqoriya%3AAz%C9%99rbaycan%C4%B1n_d%C3%B6vl%C9%99t_t%C9%99%C5%9Fkilatlar%C4%B1
gov-0028,İcbari Tibbi Sığorta üzrə Dövlət Agentliyi (Azərbaycan),organization,,agency,https://az.wikipedia.org/wiki/%C4%B0cbari_Tibbi_S%C4%B1%C4%9Forta_%C3%BCzr%C9%99_D%C3%B6vl%C9%99t_Agentliyi_%28Az%C9%99rbaycan%29,Azərbaycanın dövlət təşkilatları,Azərbaycanın dövlət təşkilatları,https://az.wikipedia.org/wiki/Kateqoriya%3AAz%C9%99rbaycan%C4%B1n_d%C3%B6vl%C9%99t_t%C9%99%C5%9Fkilatlar%C4%B1,az.wikipedia.org,https://az.wikipedia.org/wiki/Kateqoriya%3AAz%C9%99rbaycan%C4%B1n_d%C3%B6vl%C9%99t_t%C9%99%C5%9Fkilatlar%C4%B1
gov-0029,İnformasiya Texnologiyalarının İnkişafı Dövlət Fondu,organization,,fund,https://az.wikipedia.org/wiki/%C4%B0nformasiya_Texnologiyalar%C4%B1n%C4%B1n_%C4%B0nki%C5%9Faf%C4%B1_D%C3%B6vl%C9%99t_Fondu,Azərbaycanın dövlət təşkilatları,Azərbaycanın dövlət təşkilatları | Azərbaycanın dövlət təşkilatları > Azərbaycan nazirlikləri > Rəqəmsal İnkişaf və Nəqliyyat Nazirliyi (Azərbaycan),https://az.wikipedia.org/wiki/Kateqoriya%3AAz%C9%99rbaycan%C4%B1n_d%C3%B6vl%C9%99t_t%C9%99%C5%9Fkilatlar%C4%B1,az.wikipedia.org,https://az.wikipedia.org/wiki/Kateqoriya%3AAz%C9%99rbaycan%C4%B1n_d%C3%B6vl%C9%99t_t%C9%99%C5%9Fkilatlar%C4%B1
gov-0030,İnnovasiya və Rəqəmsal İnkişaf Agentliyi,organization,,agency,https://az.wikipedia.org/wiki/%C4%B0nnovasiya_v%C9%99_R%C9%99q%C9%99msal_%C4%B0nki%C5%9Faf_Agentliyi,Azərbaycanın dövlət təşkilatları,Azərbaycanın dövlət təşkilatları | Azərbaycanın dövlət təşkilatları > Azərbaycan nazirlikləri > Rəqəmsal İnkişaf və Nəqliyyat Nazirliyi (Azərbaycan),https://az.wikipedia.org/wiki/Kateqoriya%3AAz%C9%99rbaycan%C4%B1n_d%C3%B6vl%C9%99t_t%C9%99%C5%9Fkilatlar%C4%B1,az.wikipedia.org,https://az.wikipedia.org/wiki/Kateqoriya%3AAz%C9%99rbaycan%C4%B1n_d%C3%B6vl%C9%99t_t%C9%99%C5%9Fkilatlar%C4%B1
gov-0031,Kiçik və Orta Biznesin İnkişafı Agentliyi (Azərbaycan),organization,,agency,https://az.wikipedia.org/wiki/Ki%C3%A7ik_v%C9%99_Orta_Biznesin_%C4%B0nki%C5%9Faf%C4%B1_Agentliyi_%28Az%C9%99rbaycan%29,Azərbaycanın dövlət təşkilatları,Azərbaycanın dövlət təşkilatları,https://az.wikipedia.org/wiki/Kateqoriya%3AAz%C9%99rbaycan%C4%B1n_d%C3%B6vl%C9%99t_t%C9%99%C5%9Fkilatlar%C4%B1,az.wikipedia.org,https://az.wikipedia.org/wiki/Kateqoriya%3AAz%C9%99rbaycan%C4%B1n_d%C3%B6vl%C9%99t_t%C9%99%C5%9Fkilatlar%C4%B1
gov-0032,Kompüter İnsidentlərinə qarşı Mübarizə Mərkəzi,organization,,center,https://az.wikipedia.org/wiki/Komp%C3%BCter_%C4%B0nsidentl%C9%99rin%C9%99_qar%C5%9F%C4%B1_M%C3%BCbariz%C9%99_M%C9%99rk%C9%99zi,Azərbaycanın dövlət təşkilatları,Azərbaycanın dövlət təşkilatları,https://az.wikipedia.org/wiki/Kateqoriya%3AAz%C9%99rbaycan%C4%B1n_d%C3%B6vl%C9%99t_t%C9%99%C5%9Fkilatlar%C4%B1,az.wikipedia.org,https://az.wikipedia.org/wiki/Kateqoriya%3AAz%C9%99rbaycan%C4%B1n_d%C3%B6vl%C9%99t_t%C9%99%C5%9Fkilatlar%C4%B1
gov-0033,Korrupsiyaya qarşı mübarizə üzrə Komissiya,organization,,commission,https://az.wikipedia.org/wiki/Korrupsiyaya_qar%C5%9F%C4%B1_m%C3%BCbariz%C9%99_%C3%BCzr%C9%99_Komissiya,Azərbaycanın dövlət təşkilatları,Azərbaycanın dövlət təşkilatları,https://az.wikipedia.org/wiki/Kateqoriya%3AAz%C9%99rbaycan%C4%B1n_d%C3%B6vl%C9%99t_t%C9%99%C5%9Fkilatlar%C4%B1,az.wikipedia.org,https://az.wikipedia.org/wiki/Kateqoriya%3AAz%C9%99rbaycan%C4%B1n_d%C3%B6vl%C9%99t_t%C9%99%C5%9Fkilatlar%C4%B1
gov-0034,Medianın İnkişafı Agentliyi,organization,,agency,https://az.wikipedia.org/wiki/Median%C4%B1n_%C4%B0nki%C5%9Faf%C4%B1_Agentliyi,Azərbaycanın dövlət təşkilatları,Azərbaycanın dövlət təşkilatları,https://az.wikipedia.org/wiki/Kateqoriya%3AAz%C9%99rbaycan%C4%B1n_d%C3%B6vl%C9%99t_t%C9%99%C5%9Fkilatlar%C4%B1,az.wikipedia.org,https://az.wikipedia.org/wiki/Kateqoriya%3AAz%C9%99rbaycan%C4%B1n_d%C3%B6vl%C9%99t_t%C9%99%C5%9Fkilatlar%C4%B1
gov-0035,Milli Kibertəhlükəsizlik Agentliyi,organization,,agency,https://az.wikipedia.org/wiki/Milli_Kibert%C9%99hl%C3%BCk%C9%99sizlik_Agentliyi,Azərbaycanın dövlət təşkilatları,Azərbaycanın dövlət təşkilatları | Azərbaycanın dövlət təşkilatları > Azərbaycan nazirlikləri > Rəqəmsal İnkişaf və Nəqliyyat Nazirliyi (Azərbaycan),https://az.wikipedia.org/wiki/Kateqoriya%3AAz%C9%99rbaycan%C4%B1n_d%C3%B6vl%C9%99t_t%C9%99%C5%9Fkilatlar%C4%B1,az.wikipedia.org,https://az.wikipedia.org/wiki/Kateqoriya%3AAz%C9%99rbaycan%C4%B1n_d%C3%B6vl%C9%99t_t%C9%99%C5%9Fkilatlar%C4%B1
gov-0036,Milli Kibertəhlükəsizlik Mərkəzi,organization,,center,https://az.wikipedia.org/wiki/Milli_Kibert%C9%99hl%C3%BCk%C9%99sizlik_M%C9%99rk%C9%99zi,Azərbaycanın dövlət təşkilatları,Azərbaycanın dövlət təşkilatları | Azərbaycanın dövlət təşkilatları > Dövlət Təhlükəsizliyi Xidməti (Azərbaycan),https://az.wikipedia.org/wiki/Kateqoriya%3AAz%C9%99rbaycan%C4%B1n_d%C3%B6vl%C9%99t_t%C9%99%C5%9Fkilatlar%C4%B1,az.wikipedia.org,https://az.wikipedia.org/wiki/Kateqoriya%3AAz%C9%99rbaycan%C4%B1n_d%C3%B6vl%C9%99t_t%C9%99%C5%9Fkilatlar%C4%B1
gov-0037,"Mədəni İrsin Qorunması, İnkişafı və Bərpası üzrə Dövlət Xidməti",organization,,state_service,https://az.wikipedia.org/wiki/M%C9%99d%C9%99ni_%C4%B0rsin_Qorunmas%C4%B1%2C_%C4%B0nki%C5%9Faf%C4%B1_v%C9%99_B%C9%99rpas%C4%B1_%C3%BCzr%C9%99_D%C3%B6vl%C9%99t_Xidm%C9%99ti,Azərbaycanın dövlət təşkilatları,Azərbaycanın dövlət təşkilatları,https://az.wikipedia.org/wiki/Kateqoriya%3AAz%C9%99rbaycan%C4%B1n_d%C3%B6vl%C9%99t_t%C9%99%C5%9Fkilatlar%C4%B1,az.wikipedia.org,https://az.wikipedia.org/wiki/Kateqoriya%3AAz%C9%99rbaycan%C4%B1n_d%C3%B6vl%C9%99t_t%C9%99%C5%9Fkilatlar%C4%B1
gov-0038,Mədəniyyət Nazirliyi (Azərbaycan),organization,,ministry,https://az.wikipedia.org/wiki/M%C9%99d%C9%99niyy%C9%99t_Nazirliyi_%28Az%C9%99rbaycan%29,Azərbaycanın dövlət təşkilatları,Azərbaycanın dövlət təşkilatları | Azərbaycanın dövlət təşkilatları > Azərbaycan nazirlikləri > Azərbaycan Mədəniyyət Nazirliyi,https://az.wikipedia.org/wiki/Kateqoriya%3AAz%C9%99rbaycan%C4%B1n_d%C3%B6vl%C9%99t_t%C9%99%C5%9Fkilatlar%C4%B1,az.wikipedia.org,https://az.wikipedia.org/wiki/Kateqoriya%3AAz%C9%99rbaycan%C4%B1n_d%C3%B6vl%C9%99t_t%C9%99%C5%9Fkilatlar%C4%B1
gov-0039,Mənəvi Dəyərlərin Təbliği Fondu,organization,,fund,https://az.wikipedia.org/wiki/M%C9%99n%C9%99vi_D%C9%99y%C9%99rl%C9%99rin_T%C9%99bli%C4%9Fi_Fondu,Azərbaycanın dövlət təşkilatları,Azərbaycanın dövlət təşkilatları | Azərbaycanın dövlət təşkilatları > Azərbaycan Nazirlər Kabineti > Azərbaycan Respublikasının dövlət komitələri > Azərbaycan Dini Qurumlarla İş üzrə Dövlət Komitəsi,https://az.wikipedia.org/wiki/Kateqoriya%3AAz%C9%99rbaycan%C4%B1n_d%C3%B6vl%C9%99t_t%C9%99%C5%9Fkilatlar%C4%B1,az.wikipedia.org,https://az.wikipedia.org/wiki/Kateqoriya%3AAz%C9%99rbaycan%C4%B1n_d%C3%B6vl%C9%99t_t%C9%99%C5%9Fkilatlar%C4%B1
gov-0040,Satınalmalar üzrə Dövlət Agentliyi (Azərbaycan),organization,,agency,https://az.wikipedia.org/wiki/Sat%C4%B1nalmalar_%C3%BCzr%C9%99_D%C3%B6vl%C9%99t_Agentliyi_%28Az%C9%99rbaycan%29,Azərbaycanın dövlət təşkilatları,Azərbaycanın dövlət təşkilatları,https://az.wikipedia.org/wiki/Kateqoriya%3AAz%C9%99rbaycan%C4%B1n_d%C3%B6vl%C9%99t_t%C9%99%C5%9Fkilatlar%C4%B1,az.wikipedia.org,https://az.wikipedia.org/wiki/Kateqoriya%3AAz%C9%99rbaycan%C4%B1n_d%C3%B6vl%C9%99t_t%C9%99%C5%9Fkilatlar%C4%B1
gov-0041,Sosial Tədqiqatlar Mərkəzi (Azərbaycan),organization,,center,https://az.wikipedia.org/wiki/Sosial_T%C9%99dqiqatlar_M%C9%99rk%C9%99zi_%28Az%C9%99rbaycan%29,Azərbaycanın dövlət təşkilatları,Azərbaycanın dövlət təşkilatları,https://az.wikipedia.org/wiki/Kateqoriya%3AAz%C9%99rbaycan%C4%B1n_d%C3%B6vl%C9%99t_t%C9%99%C5%9Fkilatlar%C4%B1,az.wikipedia.org,https://az.wikipedia.org/wiki/Kateqoriya%3AAz%C9%99rbaycan%C4%B1n_d%C3%B6vl%C9%99t_t%C9%99%C5%9Fkilatlar%C4%B1
gov-0042,Strateji Obyektlərin Mühafizəsi Dövlət Agentliyi,organization,,agency,https://az.wikipedia.org/wiki/Strateji_Obyektl%C9%99rin_M%C3%BChafiz%C9%99si_D%C3%B6vl%C9%99t_Agentliyi,Azərbaycanın dövlət təşkilatları,Azərbaycanın dövlət təşkilatları,https://az.wikipedia.org/wiki/Kateqoriya%3AAz%C9%99rbaycan%C4%B1n_d%C3%B6vl%C9%99t_t%C9%99%C5%9Fkilatlar%C4%B1,az.wikipedia.org,https://az.wikipedia.org/wiki/Kateqoriya%3AAz%C9%99rbaycan%C4%B1n_d%C3%B6vl%C9%99t_t%C9%99%C5%9Fkilatlar%C4%B1
gov-0043,Sumqayıt Şəhər Məhkəməsi,organization,,court,https://az.wikipedia.org/wiki/Sumqay%C4%B1t_%C5%9E%C9%99h%C9%99r_M%C9%99hk%C9%99m%C9%99si,Azərbaycanın dövlət təşkilatları,Azərbaycanın dövlət təşkilatları | Azərbaycanın dövlət təşkilatları > Azərbaycan nazirlikləri > Azərbaycan Mədəniyyət Nazirliyi,https://az.wikipedia.org/wiki/Kateqoriya%3AAz%C9%99rbaycan%C4%B1n_d%C3%B6vl%C9%99t_t%C9%99%C5%9Fkilatlar%C4%B1,az.wikipedia.org,https://az.wikipedia.org/wiki/Kateqoriya%3AAz%C9%99rbaycan%C4%B1n_d%C3%B6vl%C9%99t_t%C9%99%C5%9Fkilatlar%C4%B1
gov-0044,Tibbi Ərazi Bölmələrini İdarəetmə Birliyi,organization,,public_entity,https://az.wikipedia.org/wiki/Tibbi_%C6%8Frazi_B%C3%B6lm%C9%99l%C9%99rini_%C4%B0dar%C9%99etm%C9%99_Birliyi,Azərbaycanın dövlət təşkilatları,Azərbaycanın dövlət təşkilatları,https://az.wikipedia.org/wiki/Kateqoriya%3AAz%C9%99rbaycan%C4%B1n_d%C3%B6vl%C9%99t_t%C9%99%C5%9Fkilatlar%C4%B1,az.wikipedia.org,https://az.wikipedia.org/wiki/Kateqoriya%3AAz%C9%99rbaycan%C4%B1n_d%C3%B6vl%C9%99t_t%C9%99%C5%9Fkilatlar%C4%B1
gov-0045,Tikintidə Təhlükəsizliyə Nəzarət Dövlət Agentliyi (Azərbaycan),organization,,agency,https://az.wikipedia.org/wiki/Tikintid%C9%99_T%C9%99hl%C3%BCk%C9%99sizliy%C9%99_N%C9%99zar%C9%99t_D%C3%B6vl%C9%99t_Agentliyi_%28Az%C9%99rbaycan%29,Azərbaycanın dövlət təşkilatları,Azərbaycanın dövlət təşkilatları,https://az.wikipedia.org/wiki/Kateqoriya%3AAz%C9%99rbaycan%C4%B1n_d%C3%B6vl%C9%99t_t%C9%99%C5%9Fkilatlar%C4%B1,az.wikipedia.org,https://az.wikipedia.org/wiki/Kateqoriya%3AAz%C9%99rbaycan%C4%B1n_d%C3%B6vl%C9%99t_t%C9%99%C5%9Fkilatlar%C4%B1
gov-0046,Vətəndaşlara Xidmət və Sosial İnnovasiyalar üzrə Dövlət Agentliyi,organization,,agency,https://az.wikipedia.org/wiki/V%C9%99t%C9%99nda%C5%9Flara_Xidm%C9%99t_v%C9%99_Sosial_%C4%B0nnovasiyalar_%C3%BCzr%C9%99_D%C3%B6vl%C9%99t_Agentliyi,Azərbaycanın dövlət təşkilatları,Azərbaycanın dövlət təşkilatları,https://az.wikipedia.org/wiki/Kateqoriya%3AAz%C9%99rbaycan%C4%B1n_d%C3%B6vl%C9%99t_t%C9%99%C5%9Fkilatlar%C4%B1,az.wikipedia.org,https://az.wikipedia.org/wiki/Kateqoriya%3AAz%C9%99rbaycan%C4%B1n_d%C3%B6vl%C9%99t_t%C9%99%C5%9Fkilatlar%C4%B1
gov-0047,Xarici Kəşfiyyat Xidməti (Azərbaycan),organization,,state_service,https://az.wikipedia.org/wiki/Xarici_K%C9%99%C5%9Ffiyyat_Xidm%C9%99ti_%28Az%C9%99rbaycan%29,Azərbaycanın dövlət təşkilatları,Azərbaycanın dövlət təşkilatları | Azərbaycanın dövlət təşkilatları > Azərbaycanın xüsusi xidmət orqanları,https://az.wikipedia.org/wiki/Kateqoriya%3AAz%C9%99rbaycan%C4%B1n_d%C3%B6vl%C9%99t_t%C9%99%C5%9Fkilatlar%C4%B1,az.wikipedia.org,https://az.wikipedia.org/wiki/Kateqoriya%3AAz%C9%99rbaycan%C4%B1n_d%C3%B6vl%C9%99t_t%C9%99%C5%9Fkilatlar%C4%B1
gov-0048,Xüsusi Dövlət Mühafizə Xidməti,organization,,state_service,https://az.wikipedia.org/wiki/X%C3%BCsusi_D%C3%B6vl%C9%99t_M%C3%BChafiz%C9%99_Xidm%C9%99ti,Azərbaycanın dövlət təşkilatları,Azərbaycanın dövlət təşkilatları,https://az.wikipedia.org/wiki/Kateqoriya%3AAz%C9%99rbaycan%C4%B1n_d%C3%B6vl%C9%99t_t%C9%99%C5%9Fkilatlar%C4%B1,az.wikipedia.org,https://az.wikipedia.org/wiki/Kateqoriya%3AAz%C9%99rbaycan%C4%B1n_d%C3%B6vl%C9%99t_t%C9%99%C5%9Fkilatlar%C4%B1
gov-0049,Xüsusi Rabitə və İnformasiya Təhlükəsizliyi Dövlət Xidməti (Azərbaycan),organization,,state_service,https://az.wikipedia.org/wiki/X%C3%BCsusi_Rabit%C9%99_v%C9%99_%C4%B0nformasiya_T%C9%99hl%C3%BCk%C9%99sizliyi_D%C3%B6vl%C9%99t_Xidm%C9%99ti_%28Az%C9%99rbaycan%29,Azərbaycanın dövlət təşkilatları,Azərbaycanın dövlət təşkilatları,https://az.wikipedia.org/wiki/Kateqoriya%3AAz%C9%99rbaycan%C4%B1n_d%C3%B6vl%C9%99t_t%C9%99%C5%9Fkilatlar%C4%B1,az.wikipedia.org,https://az.wikipedia.org/wiki/Kateqoriya%3AAz%C9%99rbaycan%C4%B1n_d%C3%B6vl%C9%99t_t%C9%99%C5%9Fkilatlar%C4%B1
gov-0050,Əmlak Məsələləri Dövlət Xidməti (Azərbaycan),organization,,state_service,https://az.wikipedia.org/wiki/%C6%8Fmlak_M%C9%99s%C9%99l%C9%99l%C9%99ri_D%C3%B6vl%C9%99t_Xidm%C9%99ti_%28Az%C9%99rbaycan%29,Azərbaycanın dövlət təşkilatları,Azərbaycanın dövlət təşkilatları | Azərbaycanın dövlət təşkilatları > Azərbaycan Əmlak Məsələləri üzrə Dövlət Komitəsi,https://az.wikipedia.org/wiki/Kateqoriya%3AAz%C9%99rbaycan%C4%B1n_d%C3%B6vl%C9%99t_t%C9%99%C5%9Fkilatlar%C4%B1,az.wikipedia.org,https://az.wikipedia.org/wiki/Kateqoriya%3AAz%C9%99rbaycan%C4%B1n_d%C3%B6vl%C9%99t_t%C9%99%C5%9Fkilatlar%C4%B1
gov-0051,"Şəki ""ABAD"" Keramika və Tətbiqi Sənət Mərkəzi",organization,,center,https://az.wikipedia.org/wiki/%C5%9E%C9%99ki_%22ABAD%22_Keramika_v%C9%99_T%C9%99tbiqi_S%C9%99n%C9%99t_M%C9%99rk%C9%99zi,Azərbaycanın dövlət təşkilatları > ABAD,Azərbaycanın dövlət təşkilatları > ABAD,https://az.wikipedia.org/wiki/Kateqoriya%3AABAD,az.wikipedia.org,https://az.wikipedia.org/wiki/Kateqoriya%3AAz%C9%99rbaycan%C4%B1n_d%C3%B6vl%C9%99t_t%C9%99%C5%9Fkilatlar%C4%B1
gov-0052,Azərbaycan Dövlət Su Ehtiyatları Agentliyi,organization,,agency,https://az.wikipedia.org/wiki/Az%C9%99rbaycan_D%C3%B6vl%C9%99t_Su_Ehtiyatlar%C4%B1_Agentliyi,Azərbaycanın dövlət təşkilatları > Azərbaycan Dövlət Su Ehtiyatları Agentliyi,Azərbaycanın dövlət təşkilatları > Azərbaycan Dövlət Su Ehtiyatları Agentliyi | Azərbaycanın dövlət təşkilatları > Azərbaycan Respublikası Meliorasiya və Su Təsərrüfatı Açıq Səhmdar Cəmiyyəti,https://az.wikipedia.org/wiki/Kateqoriya%3AAz%C9%99rbaycan_D%C3%B6vl%C9%99t_Su_Ehtiyatlar%C4%B1_Agentliyi,az.wikipedia.org,https://az.wikipedia.org/wiki/Kateqoriya%3AAz%C9%99rbaycan%C4%B1n_d%C3%B6vl%C9%99t_t%C9%99%C5%9Fkilatlar%C4%B1
gov-0053,Regional Su Meliorasiya Xidməti,organization,,state_service,https://az.wikipedia.org/wiki/Regional_Su_Meliorasiya_Xidm%C9%99ti,Azərbaycanın dövlət təşkilatları > Azərbaycan Dövlət Su Ehtiyatları Agentliyi,Azərbaycanın dövlət təşkilatları > Azərbaycan Dövlət Su Ehtiyatları Agentliyi | Azərbaycanın dövlət təşkilatları > Azərbaycan Respublikası Meliorasiya və Su Təsərrüfatı Açıq Səhmdar Cəmiyyəti,https://az.wikipedia.org/wiki/Kateqoriya%3AAz%C9%99rbaycan_D%C3%B6vl%C9%99t_Su_Ehtiyatlar%C4%B1_Agentliyi,az.wikipedia.org,https://az.wikipedia.org/wiki/Kateqoriya%3AAz%C9%99rbaycan%C4%B1n_d%C3%B6vl%C9%99t_t%C9%99%C5%9Fkilatlar%C4%B1
gov-0054,Su və Meliorasiya Kompleksinin Layihələndirilməsi İnstitutu,organization,,state_body,https://az.wikipedia.org/wiki/Su_v%C9%99_Meliorasiya_Kompleksinin_Layih%C9%99l%C9%99ndirilm%C9%99si_%C4%B0nstitutu,Azərbaycanın dövlət təşkilatları > Azərbaycan Dövlət Su Ehtiyatları Agentliyi,Azərbaycanın dövlət təşkilatları > Azərbaycan Dövlət Su Ehtiyatları Agentliyi,https://az.wikipedia.org/wiki/Kateqoriya%3AAz%C9%99rbaycan_D%C3%B6vl%C9%99t_Su_Ehtiyatlar%C4%B1_Agentliyi,az.wikipedia.org,https://az.wikipedia.org/wiki/Kateqoriya%3AAz%C9%99rbaycan%C4%B1n_d%C3%B6vl%C9%99t_t%C9%99%C5%9Fkilatlar%C4%B1
gov-0055,Azərbaycan Respublikası seçki dairələri,organization,,state_body,https://az.wikipedia.org/wiki/Az%C9%99rbaycan_Respublikas%C4%B1_se%C3%A7ki_dair%C9%99l%C9%99ri,Azərbaycanın dövlət təşkilatları > Azərbaycan Mərkəzi Seçki Komissiyası,Azərbaycanın dövlət təşkilatları > Azərbaycan Mərkəzi Seçki Komissiyası,https://az.wikipedia.org/wiki/Kateqoriya%3AAz%C9%99rbaycan_M%C9%99rk%C9%99zi_Se%C3%A7ki_Komissiyas%C4%B1,az.wikipedia.org,https://az.wikipedia.org/wiki/Kateqoriya%3AAz%C9%99rbaycan%C4%B1n_d%C3%B6vl%C9%99t_t%C9%99%C5%9Fkilatlar%C4%B1
gov-0056,Mərkəzi Seçki Komissiyası (Azərbaycan),organization,,commission,https://az.wikipedia.org/wiki/M%C9%99rk%C9%99zi_Se%C3%A7ki_Komissiyas%C4%B1_%28Az%C9%99rbaycan%29,Azərbaycanın dövlət təşkilatları > Azərbaycan Mərkəzi Seçki Komissiyası,Azərbaycanın dövlət təşkilatları > Azərbaycan Mərkəzi Seçki Komissiyası,https://az.wikipedia.org/wiki/Kateqoriya%3AAz%C9%99rbaycan_M%C9%99rk%C9%99zi_Se%C3%A7ki_Komissiyas%C4%B1,az.wikipedia.org,https://az.wikipedia.org/wiki/Kateqoriya%3AAz%C9%99rbaycan%C4%B1n_d%C3%B6vl%C9%99t_t%C9%99%C5%9Fkilatlar%C4%B1
gov-0057,Azərbaycan Mərkəzi Seçki Komissiyası sədrlərinin siyahısı,organization,,commission,https://az.wikipedia.org/wiki/Az%C9%99rbaycan_M%C9%99rk%C9%99zi_Se%C3%A7ki_Komissiyas%C4%B1_s%C9%99drl%C9%99rinin_siyah%C4%B1s%C4%B1,Azərbaycanın dövlət təşkilatları > Azərbaycan Mərkəzi Seçki Komissiyası > Azərbaycan Mərkəzi Seçki Komissiyasının sədrləri,Azərbaycanın dövlət təşkilatları > Azərbaycan Mərkəzi Seçki Komissiyası > Azərbaycan Mərkəzi Seçki Komissiyasının sədrləri,https://az.wikipedia.org/wiki/Kateqoriya%3AAz%C9%99rbaycan_M%C9%99rk%C9%99zi_Se%C3%A7ki_Komissiyas%C4%B1n%C4%B1n_s%C9%99drl%C9%99ri,az.wikipedia.org,https://az.wikipedia.org/wiki/Kateqoriya%3AAz%C9%99rbaycan%C4%B1n_d%C3%B6vl%C9%99t_t%C9%99%C5%9Fkilatlar%C4%B1
gov-0058,Əli Kərimov (dövlət xadimi),organization,,state_body,https://az.wikipedia.org/wiki/%C6%8Fli_K%C9%99rimov_%28d%C3%B6vl%C9%99t_xadimi%29,Azərbaycanın dövlət təşkilatları > Azərbaycan Mərkəzi Seçki Komissiyası > Azərbaycan Mərkəzi Seçki Komissiyasının sədrləri,Azərbaycanın dövlət təşkilatları > Azərbaycan Mərkəzi Seçki Komissiyası > Azərbaycan Mərkəzi Seçki Komissiyasının sədrləri,https://az.wikipedia.org/wiki/Kateqoriya%3AAz%C9%99rbaycan_M%C9%99rk%C9%99zi_Se%C3%A7ki_Komissiyas%C4%B1n%C4%B1n_s%C9%99drl%C9%99ri,az.wikipedia.org,https://az.wikipedia.org/wiki/Kateqoriya%3AAz%C9%99rbaycan%C4%B1n_d%C3%B6vl%C9%99t_t%C9%99%C5%9Fkilatlar%C4%B1
gov-0059,Azərbaycan Dövlət Tərcümə Mərkəzi,organization,,center,https://az.wikipedia.org/wiki/Az%C9%99rbaycan_D%C3%B6vl%C9%99t_T%C9%99rc%C3%BCm%C9%99_M%C9%99rk%C9%99zi,Azərbaycanın dövlət təşkilatları > Azərbaycan Nazirlər Kabineti,Azərbaycanın dövlət təşkilatları > Azərbaycan Nazirlər Kabineti | Azərbaycanın dövlət təşkilatları > Azərbaycan Nazirlər Kabineti > Azərbaycan Dövlət Tərcümə Mərkəzi,https://az.wikipedia.org/wiki/Kateqoriya%3AAz%C9%99rbaycan_Nazirl%C9%99r_Kabineti,az.wikipedia.org,https://az.wikipedia.org/wiki/Kateqoriya%3AAz%C9%99rbaycan%C4%B1n_d%C3%B6vl%C9%99t_t%C9%99%C5%9Fkilatlar%C4%B1
gov-0060,Azərbaycan Respublikasının Nazirlər Kabineti yanında Terminologiya Komissiyası,organization,,commission,https://az.wikipedia.org/wiki/Az%C9%99rbaycan_Respublikas%C4%B1n%C4%B1n_Nazirl%C9%99r_Kabineti_yan%C4%B1nda_Terminologiya_Komissiyas%C4%B1,Azərbaycanın dövlət təşkilatları > Azərbaycan Nazirlər Kabineti,Azərbaycanın dövlət təşkilatları > Azərbaycan Nazirlər Kabineti,https://az.wikipedia.org/wiki/Kateqoriya%3AAz%C9%99rbaycan_Nazirl%C9%99r_Kabineti,az.wikipedia.org,https://az.wikipedia.org/wiki/Kateqoriya%3AAz%C9%99rbaycan%C4%B1n_d%C3%B6vl%C9%99t_t%C9%99%C5%9Fkilatlar%C4%B1
gov-0061,Milli Arxiv İdarəsi (Azərbaycan),organization,,state_body,https://az.wikipedia.org/wiki/Milli_Arxiv_%C4%B0dar%C9%99si_%28Az%C9%99rbaycan%29,Azərbaycanın dövlət təşkilatları > Azərbaycan Nazirlər Kabineti,Azərbaycanın dövlət təşkilatları > Azərbaycan Nazirlər Kabineti | Azərbaycanın dövlət təşkilatları > Azərbaycan Respublikası Milli Arxiv İdarəsi,https://az.wikipedia.org/wiki/Kateqoriya%3AAz%C9%99rbaycan_Respublikas%C4%B1_Milli_Arxiv_%C4%B0dar%C9%99si,az.wikipedia.org,https://az.wikipedia.org/wiki/Kateqoriya%3AAz%C9%99rbaycan%C4%B1n_d%C3%B6vl%C9%99t_t%C9%99%C5%9Fkilatlar%C4%B1
gov-0062,Nazirlər Kabineti (Azərbaycan),organization,,state_body,https://az.wikipedia.org/wiki/Nazirl%C9%99r_Kabineti_%28Az%C9%99rbaycan%29,Azərbaycanın dövlət təşkilatları > Azərbaycan Nazirlər Kabineti,Azərbaycanın dövlət təşkilatları > Azərbaycan Nazirlər Kabineti,https://az.wikipedia.org/wiki/Kateqoriya%3AAz%C9%99rbaycan_Nazirl%C9%99r_Kabineti,az.wikipedia.org,https://az.wikipedia.org/wiki/Kateqoriya%3AAz%C9%99rbaycan%C4%B1n_d%C3%B6vl%C9%99t_t%C9%99%C5%9Fkilatlar%C4%B1
gov-0063,Ərazilərin Bərpası və Yenidən Qurulması üzrə Agentlik (Azərbaycan),organization,,state_body,https://az.wikipedia.org/wiki/%C6%8Frazil%C9%99rin_B%C9%99rpas%C4%B1_v%C9%99_Yenid%C9%99n_Qurulmas%C4%B1_%C3%BCzr%C9%99_Agentlik_%28Az%C9%99rbaycan%29,Azərbaycanın dövlət təşkilatları > Azərbaycan Nazirlər Kabineti,Azərbaycanın dövlət təşkilatları > Azərbaycan Nazirlər Kabineti,https://az.wikipedia.org/wiki/Kateqoriya%3AAz%C9%99rbaycan_Nazirl%C9%99r_Kabineti,az.wikipedia.org,https://az.wikipedia.org/wiki/Kateqoriya%3AAz%C9%99rbaycan%C4%B1n_d%C3%B6vl%C9%99t_t%C9%99%C5%9Fkilatlar%C4%B1
gov-0064,"Ailə, Qadın və Uşaq Problemləri üzrə Dövlət Komitəsi",organization,,committee,https://az.wikipedia.org/wiki/Ail%C9%99%2C_Qad%C4%B1n_v%C9%99_U%C5%9Faq_Probleml%C9%99ri_%C3%BCzr%C9%99_D%C3%B6vl%C9%99t_Komit%C9%99si,Azərbaycanın dövlət təşkilatları > Azərbaycan Nazirlər Kabineti > Azərbaycan Respublikasının dövlət komitələri,Azərbaycanın dövlət təşkilatları > Azərbaycan Nazirlər Kabineti > Azərbaycan Respublikasının dövlət komitələri,https://az.wikipedia.org/wiki/Kateqoriya%3AAz%C9%99rbaycan_Respublikas%C4%B1n%C4%B1n_d%C3%B6vl%C9%99t_komit%C9%99l%C9%99ri,az.wikipedia.org,https://az.wikipedia.org/wiki/Kateqoriya%3AAz%C9%99rbaycan%C4%B1n_d%C3%B6vl%C9%99t_t%C9%99%C5%9Fkilatlar%C4%B1
gov-0065,Diasporla İş üzrə Dövlət Komitəsi (Azərbaycan),organization,,committee,https://az.wikipedia.org/wiki/Diasporla_%C4%B0%C5%9F_%C3%BCzr%C9%99_D%C3%B6vl%C9%99t_Komit%C9%99si_%28Az%C9%99rbaycan%29,Azərbaycanın dövlət təşkilatları > Azərbaycan Nazirlər Kabineti > Azərbaycan Respublikasının dövlət komitələri,Azərbaycanın dövlət təşkilatları > Azərbaycan Nazirlər Kabineti > Azərbaycan Respublikasının dövlət komitələri | Azərbaycanın dövlət təşkilatları > Azərbaycan Nazirlər Kabineti > Azərbaycan Respublikasının dövlət komitələri > Azərbaycan Diasporla İş üzrə Dövlət Komitəsi,https://az.wikipedia.org/wiki/Kateqoriya%3AAz%C9%99rbaycan_Respublikas%C4%B1n%C4%B1n_d%C3%B6vl%C9%99t_komit%C9%99l%C9%99ri,az.wikipedia.org,https://az.wikipedia.org/wiki/Kateqoriya%3AAz%C9%99rbaycan%C4%B1n_d%C3%B6vl%C9%99t_t%C9%99%C5%9Fkilatlar%C4%B1
gov-0066,Dövlət Müdafiə Komitəsi (Azərbaycan),organization,,committee,https://az.wikipedia.org/wiki/D%C3%B6vl%C9%99t_M%C3%BCdafi%C9%99_Komit%C9%99si_%28Az%C9%99rbaycan%29,Azərbaycanın dövlət təşkilatları > Azərbaycan Nazirlər Kabineti > Azərbaycan Respublikasının dövlət komitələri,Azərbaycanın dövlət təşkilatları > Azərbaycan Nazirlər Kabineti > Azərbaycan Respublikasının dövlət komitələri,https://az.wikipedia.org/wiki/Kateqoriya%3AAz%C9%99rbaycan_Respublikas%C4%B1n%C4%B1n_d%C3%B6vl%C9%99t_komit%C9%99l%C9%99ri,az.wikipedia.org,https://az.wikipedia.org/wiki/Kateqoriya%3AAz%C9%99rbaycan%C4%B1n_d%C3%B6vl%C9%99t_t%C9%99%C5%9Fkilatlar%C4%B1
gov-0067,Dövlət Statistika Komitəsi (Naxçıvan),organization,,committee,https://az.wikipedia.org/wiki/D%C3%B6vl%C9%99t_Statistika_Komit%C9%99si_%28Nax%C3%A7%C4%B1van%29,Azərbaycanın dövlət təşkilatları > Azərbaycan Nazirlər Kabineti > Azərbaycan Respublikasının dövlət komitələri,Azərbaycanın dövlət təşkilatları > Azərbaycan Nazirlər Kabineti > Azərbaycan Respublikasının dövlət komitələri,https://az.wikipedia.org/wiki/Kateqoriya%3AAz%C9%99rbaycan_Respublikas%C4%B1n%C4%B1n_d%C3%B6vl%C9%99t_komit%C9%99l%C9%99ri,az.wikipedia.org,https://az.wikipedia.org/wiki/Kateqoriya%3AAz%C9%99rbaycan%C4%B1n_d%C3%B6vl%C9%99t_t%C9%99%C5%9Fkilatlar%C4%B1
gov-0068,"Standartlaşdırma, Metrologiya və Patent üzrə Dövlət Komitəsi (Azərbaycan)",organization,,committee,https://az.wikipedia.org/wiki/Standartla%C5%9Fd%C4%B1rma%2C_Metrologiya_v%C9%99_Patent_%C3%BCzr%C9%99_D%C3%B6vl%C9%99t_Komit%C9%99si_%28Az%C9%99rbaycan%29,Azərbaycanın dövlət təşkilatları > Azərbaycan Nazirlər Kabineti > Azərbaycan Respublikasının dövlət komitələri,"Azərbaycanın dövlət təşkilatları > Azərbaycan Nazirlər Kabineti > Azərbaycan Respublikasının dövlət komitələri | Azərbaycanın dövlət təşkilatları > Azərbaycan Nazirlər Kabineti > Azərbaycan Respublikasının dövlət komitələri > Azərbaycan Standartlaşdırma, Metrologiya və Patent üzrə Dövlət Komitəsi",https://az.wikipedia.org/wiki/Kateqoriya%3AAz%C9%99rbaycan_Respublikas%C4%B1n%C4%B1n_d%C3%B6vl%C9%99t_komit%C9%99l%C9%99ri,az.wikipedia.org,https://az.wikipedia.org/wiki/Kateqoriya%3AAz%C9%99rbaycan%C4%B1n_d%C3%B6vl%C9%99t_t%C9%99%C5%9Fkilatlar%C4%B1
gov-0069,Azərbaycan Diasporla İş üzrə Dövlət Komitəsinin sədrlərinin siyahısı,organization,,committee,https://az.wikipedia.org/wiki/Az%C9%99rbaycan_Diasporla_%C4%B0%C5%9F_%C3%BCzr%C9%99_D%C3%B6vl%C9%99t_Komit%C9%99sinin_s%C9%99drl%C9%99rinin_siyah%C4%B1s%C4%B1,Azərbaycanın dövlət təşkilatları > Azərbaycan Nazirlər Kabineti > Azərbaycan Respublikasının dövlət komitələri > Azərbaycan Diasporla İş üzrə Dövlət Komitəsi,Azərbaycanın dövlət təşkilatları > Azərbaycan Nazirlər Kabineti > Azərbaycan Respublikasının dövlət komitələri > Azərbaycan Diasporla İş üzrə Dövlət Komitəsi,https://az.wikipedia.org/wiki/Kateqoriya%3AAz%C9%99rbaycan_Diasporla_%C4%B0%C5%9F_%C3%BCzr%C9%99_D%C3%B6vl%C9%99t_Komit%C9%99si,az.wikipedia.org,https://az.wikipedia.org/wiki/Kateqoriya%3AAz%C9%99rbaycan%C4%B1n_d%C3%B6vl%C9%99t_t%C9%99%C5%9Fkilatlar%C4%B1
gov-0070,"Nazim İbrahimov (dövlət xadimi, 1963)",organization,,state_body,https://az.wikipedia.org/wiki/Nazim_%C4%B0brahimov_%28d%C3%B6vl%C9%99t_xadimi%2C_1963%29,Azərbaycanın dövlət təşkilatları > Azərbaycan Nazirlər Kabineti > Azərbaycan Respublikasının dövlət komitələri > Azərbaycan Diasporla İş üzrə Dövlət Komitəsi,Azərbaycanın dövlət təşkilatları > Azərbaycan Nazirlər Kabineti > Azərbaycan Respublikasının dövlət komitələri > Azərbaycan Diasporla İş üzrə Dövlət Komitəsi,https://az.wikipedia.org/wiki/Kateqoriya%3AAz%C9%99rbaycan_Diasporla_%C4%B0%C5%9F_%C3%BCzr%C9%99_D%C3%B6vl%C9%99t_Komit%C9%99si,az.wikipedia.org,https://az.wikipedia.org/wiki/Kateqoriya%3AAz%C9%99rbaycan%C4%B1n_d%C3%B6vl%C9%99t_t%C9%99%C5%9Fkilatlar%C4%B1
gov-0071,Azərbaycan İlahiyyat İnstitutu,organization,,state_body,https://az.wikipedia.org/wiki/Az%C9%99rbaycan_%C4%B0lahiyyat_%C4%B0nstitutu,Azərbaycanın dövlət təşkilatları > Azərbaycan Nazirlər Kabineti > Azərbaycan Respublikasının dövlət komitələri > Azərbaycan Dini Qurumlarla İş üzrə Dövlət Komitəsi,Azərbaycanın dövlət təşkilatları > Azərbaycan Nazirlər Kabineti > Azərbaycan Respublikasının dövlət komitələri > Azərbaycan Dini Qurumlarla İş üzrə Dövlət Komitəsi | Azərbaycanın dövlət təşkilatları > Azərbaycan Nazirlər Kabineti > Azərbaycan Respublikasının dövlət komitələri > Azərbaycan Dini Qurumlarla İş üzrə Dövlət Komitəsi > Azərbaycan İlahiyyat İnstitutu,https://az.wikipedia.org/wiki/Kateqoriya%3AAz%C9%99rbaycan_Dini_Qurumlarla_%C4%B0%C5%9F_%C3%BCzr%C9%99_D%C3%B6vl%C9%99t_Komit%C9%99si,az.wikipedia.org,https://az.wikipedia.org/wiki/Kateqoriya%3AAz%C9%99rbaycan%C4%B1n_d%C3%B6vl%C9%99t_t%C9%99%C5%9Fkilatlar%C4%B1
gov-0072,Dini Qurumlarla İş üzrə Dövlət Komitəsi,organization,,committee,https://az.wikipedia.org/wiki/Dini_Qurumlarla_%C4%B0%C5%9F_%C3%BCzr%C9%99_D%C3%B6vl%C9%99t_Komit%C9%99si,Azərbaycanın dövlət təşkilatları > Azərbaycan Nazirlər Kabineti > Azərbaycan Respublikasının dövlət komitələri > Azərbaycan Dini Qurumlarla İş üzrə Dövlət Komitəsi,Azərbaycanın dövlət təşkilatları > Azərbaycan Nazirlər Kabineti > Azərbaycan Respublikasının dövlət komitələri > Azərbaycan Dini Qurumlarla İş üzrə Dövlət Komitəsi,https://az.wikipedia.org/wiki/Kateqoriya%3AAz%C9%99rbaycan_Dini_Qurumlarla_%C4%B0%C5%9F_%C3%BCzr%C9%99_D%C3%B6vl%C9%99t_Komit%C9%99si,az.wikipedia.org,https://az.wikipedia.org/wiki/Kateqoriya%3AAz%C9%99rbaycan%C4%B1n_d%C3%B6vl%C9%99t_t%C9%99%C5%9Fkilatlar%C4%B1
gov-0073,Dövlət və Din (jurnal),organization,,state_body,https://az.wikipedia.org/wiki/D%C3%B6vl%C9%99t_v%C9%99_Din_%28jurnal%29,Azərbaycanın dövlət təşkilatları > Azərbaycan Nazirlər Kabineti > Azərbaycan Respublikasının dövlət komitələri > Azərbaycan Dini Qurumlarla İş üzrə Dövlət Komitəsi,Azərbaycanın dövlət təşkilatları > Azərbaycan Nazirlər Kabineti > Azərbaycan Respublikasının dövlət komitələri > Azərbaycan Dini Qurumlarla İş üzrə Dövlət Komitəsi,https://az.wikipedia.org/wiki/Kateqoriya%3AAz%C9%99rbaycan_Dini_Qurumlarla_%C4%B0%C5%9F_%C3%BCzr%C9%99_D%C3%B6vl%C9%99t_Komit%C9%99si,az.wikipedia.org,https://az.wikipedia.org/wiki/Kateqoriya%3AAz%C9%99rbaycan%C4%B1n_d%C3%B6vl%C9%99t_t%C9%99%C5%9Fkilatlar%C4%B1
gov-0074,Azərbaycan Dini Qurumlarla İş üzrə Dövlət Komitəsinin sədrlərinin siyahısı,organization,,committee,https://az.wikipedia.org/wiki/Az%C9%99rbaycan_Dini_Qurumlarla_%C4%B0%C5%9F_%C3%BCzr%C9%99_D%C3%B6vl%C9%99t_Komit%C9%99sinin_s%C9%99drl%C9%99rinin_siyah%C4%B1s%C4%B1,Azərbaycanın dövlət təşkilatları > Azərbaycan Nazirlər Kabineti > Azərbaycan Respublikasının dövlət komitələri > Azərbaycan Dini Qurumlarla İş üzrə Dövlət Komitəsi > Azərbaycan Dini Qurumlarla İş üzrə Dövlət Komitəsinin sədrləri,Azərbaycanın dövlət təşkilatları > Azərbaycan Nazirlər Kabineti > Azərbaycan Respublikasının dövlət komitələri > Azərbaycan Dini Qurumlarla İş üzrə Dövlət Komitəsi > Azərbaycan Dini Qurumlarla İş üzrə Dövlət Komitəsinin sədrləri,https://az.wikipedia.org/wiki/Kateqoriya%3AAz%C9%99rbaycan_Dini_Qurumlarla_%C4%B0%C5%9F_%C3%BCzr%C9%99_D%C3%B6vl%C9%99t_Komit%C9%99sinin_s%C9%99drl%C9%99ri,az.wikipedia.org,https://az.wikipedia.org/wiki/Kateqoriya%3AAz%C9%99rbaycan%C4%B1n_d%C3%B6vl%C9%99t_t%C9%99%C5%9Fkilatlar%C4%B1
gov-0075,Dövlət Aerogeodeziya Müəssisəsi,organization,,state_body,https://az.wikipedia.org/wiki/D%C3%B6vl%C9%99t_Aerogeodeziya_M%C3%BC%C9%99ssis%C9%99si,Azərbaycanın dövlət təşkilatları > Azərbaycan Nazirlər Kabineti > Azərbaycan Respublikasının dövlət komitələri > Azərbaycan Dövlət Torpaq və Xəritəçəkmə Komitəsi,Azərbaycanın dövlət təşkilatları > Azərbaycan Nazirlər Kabineti > Azərbaycan Respublikasının dövlət komitələri > Azərbaycan Dövlət Torpaq və Xəritəçəkmə Komitəsi,https://az.wikipedia.org/wiki/Kateqoriya%3AAz%C9%99rbaycan_D%C3%B6vl%C9%99t_Torpaq_v%C9%99_X%C9%99rit%C9%99%C3%A7%C9%99km%C9%99_Komit%C9%99si,az.wikipedia.org,https://az.wikipedia.org/wiki/Kateqoriya%3AAz%C9%99rbaycan%C4%B1n_d%C3%B6vl%C9%99t_t%C9%99%C5%9Fkilatlar%C4%B1
gov-0076,Dövlət Torpaq Kadastrı və Monitorinqi Elm-İstehsalat Mərkəzi,organization,,center,https://az.wikipedia.org/wiki/D%C3%B6vl%C9%99t_Torpaq_Kadastr%C4%B1_v%C9%99_Monitorinqi_Elm-%C4%B0stehsalat_M%C9%99rk%C9%99zi,Azərbaycanın dövlət təşkilatları > Azərbaycan Nazirlər Kabineti > Azərbaycan Respublikasının dövlət komitələri > Azərbaycan Dövlət Torpaq və Xəritəçəkmə Komitəsi,Azərbaycanın dövlət təşkilatları > Azərbaycan Nazirlər Kabineti > Azərbaycan Respublikasının dövlət komitələri > Azərbaycan Dövlət Torpaq və Xəritəçəkmə Komitəsi,https://az.wikipedia.org/wiki/Kateqoriya%3AAz%C9%99rbaycan_D%C3%B6vl%C9%99t_Torpaq_v%C9%99_X%C9%99rit%C9%99%C3%A7%C9%99km%C9%99_Komit%C9%99si,az.wikipedia.org,https://az.wikipedia.org/wiki/Kateqoriya%3AAz%C9%99rbaycan%C4%B1n_d%C3%B6vl%C9%99t_t%C9%99%C5%9Fkilatlar%C4%B1
gov-0077,Dövlət Torpaq və Xəritəçəkmə Komitəsi,organization,,committee,https://az.wikipedia.org/wiki/D%C3%B6vl%C9%99t_Torpaq_v%C9%99_X%C9%99rit%C9%99%C3%A7%C9%99km%C9%99_Komit%C9%99si,Azərbaycanın dövlət təşkilatları > Azərbaycan Nazirlər Kabineti > Azərbaycan Respublikasının dövlət komitələri > Azərbaycan Dövlət Torpaq və Xəritəçəkmə Komitəsi,Azərbaycanın dövlət təşkilatları > Azərbaycan Nazirlər Kabineti > Azərbaycan Respublikasının dövlət komitələri > Azərbaycan Dövlət Torpaq və Xəritəçəkmə Komitəsi,https://az.wikipedia.org/wiki/Kateqoriya%3AAz%C9%99rbaycan_D%C3%B6vl%C9%99t_Torpaq_v%C9%99_X%C9%99rit%C9%99%C3%A7%C9%99km%C9%99_Komit%C9%99si,az.wikipedia.org,https://az.wikipedia.org/wiki/Kateqoriya%3AAz%C9%99rbaycan%C4%B1n_d%C3%B6vl%C9%99t_t%C9%99%C5%9Fkilatlar%C4%B1
gov-0078,Dövlət Şəhərsalma və Arxitektura Komitəsi (Azərbaycan),organization,,committee,https://az.wikipedia.org/wiki/D%C3%B6vl%C9%99t_%C5%9E%C9%99h%C9%99rsalma_v%C9%99_Arxitektura_Komit%C9%99si_%28Az%C9%99rbaycan%29,Azərbaycanın dövlət təşkilatları > Azərbaycan Nazirlər Kabineti > Azərbaycan Respublikasının dövlət komitələri > Azərbaycan Dövlət Şəhərsalma və Arxitektura Komitəsi,Azərbaycanın dövlət təşkilatları > Azərbaycan Nazirlər Kabineti > Azərbaycan Respublikasının dövlət komitələri > Azərbaycan Dövlət Şəhərsalma və Arxitektura Komitəsi,https://az.wikipedia.org/wiki/Kateqoriya%3AAz%C9%99rbaycan_D%C3%B6vl%C9%99t_%C5%9E%C9%99h%C9%99rsalma_v%C9%99_Arxitektura_Komit%C9%99si,az.wikipedia.org,https://az.wikipedia.org/wiki/Kateqoriya%3AAz%C9%99rbaycan%C4%B1n_d%C3%B6vl%C9%99t_t%C9%99%C5%9Fkilatlar%C4%B1
gov-0079,Azərbaycan Dövlət Şəhərsalma və Arxitektura Komitəsinin sədrlərinin siyahısı,organization,,committee,https://az.wikipedia.org/wiki/Az%C9%99rbaycan_D%C3%B6vl%C9%99t_%C5%9E%C9%99h%C9%99rsalma_v%C9%99_Arxitektura_Komit%C9%99sinin_s%C9%99drl%C9%99rinin_siyah%C4%B1s%C4%B1,Azərbaycanın dövlət təşkilatları > Azərbaycan Nazirlər Kabineti > Azərbaycan Respublikasının dövlət komitələri > Azərbaycan Dövlət Şəhərsalma və Arxitektura Komitəsi > Azərbaycan Dövlət Şəhərsalma və Arxitektura Komitəsinin sədrləri,Azərbaycanın dövlət təşkilatları > Azərbaycan Nazirlər Kabineti > Azərbaycan Respublikasının dövlət komitələri > Azərbaycan Dövlət Şəhərsalma və Arxitektura Komitəsi > Azərbaycan Dövlət Şəhərsalma və Arxitektura Komitəsinin sədrləri,https://az.wikipedia.org/wiki/Kateqoriya%3AAz%C9%99rbaycan_D%C3%B6vl%C9%99t_%C5%9E%C9%99h%C9%99rsalma_v%C9%99_Arxitektura_Komit%C9%99sinin_s%C9%99drl%C9%99ri,az.wikipedia.org,https://az.wikipedia.org/wiki/Kateqoriya%3AAz%C9%99rbaycan%C4%B1n_d%C3%B6vl%C9%99t_t%C9%99%C5%9Fkilatlar%C4%B1
gov-0080,Qaçqınların və Məcburi Köçkünlərin İşləri üzrə Dövlət Komitəsi,organization,,committee,https://az.wikipedia.org/wiki/Qa%C3%A7q%C4%B1nlar%C4%B1n_v%C9%99_M%C9%99cburi_K%C3%B6%C3%A7k%C3%BCnl%C9%99rin_%C4%B0%C5%9Fl%C9%99ri_%C3%BCzr%C9%99_D%C3%B6vl%C9%99t_Komit%C9%99si,Azərbaycanın dövlət təşkilatları > Azərbaycan Nazirlər Kabineti > Azərbaycan Respublikasının dövlət komitələri > Azərbaycan Qaçqınların və Məcburi Köçkünlərin İşləri üzrə Dövlət Komitəsi,Azərbaycanın dövlət təşkilatları > Azərbaycan Nazirlər Kabineti > Azərbaycan Respublikasının dövlət komitələri > Azərbaycan Qaçqınların və Məcburi Köçkünlərin İşləri üzrə Dövlət Komitəsi,https://az.wikipedia.org/wiki/Kateqoriya%3AAz%C9%99rbaycan_Qa%C3%A7q%C4%B1nlar%C4%B1n_v%C9%99_M%C9%99cburi_K%C3%B6%C3%A7k%C3%BCnl%C9%99rin_%C4%B0%C5%9Fl%C9%99ri_%C3%BCzr%C9%99_D%C3%B6vl%C9%99t_Komit%C9%99si,az.wikipedia.org,https://az.wikipedia.org/wiki/Kateqoriya%3AAz%C9%99rbaycan%C4%B1n_d%C3%B6vl%C9%99t_t%C9%99%C5%9Fkilatlar%C4%B1
gov-0081,Azərbaycan Qaçqınların və Məcburi Köçkünlərin İşləri üzrə Dövlət Komitəsinin sədrlərinin siyahısı,organization,,committee,https://az.wikipedia.org/wiki/Az%C9%99rbaycan_Qa%C3%A7q%C4%B1nlar%C4%B1n_v%C9%99_M%C9%99cburi_K%C3%B6%C3%A7k%C3%BCnl%C9%99rin_%C4%B0%C5%9Fl%C9%99ri_%C3%BCzr%C9%99_D%C3%B6vl%C9%99t_Komit%C9%99sinin_s%C9%99drl%C9%99rinin_siyah%C4%B1s%C4%B1,Azərbaycanın dövlət təşkilatları > Azərbaycan Nazirlər Kabineti > Azərbaycan Respublikasının dövlət komitələri > Azərbaycan Qaçqınların və Məcburi Köçkünlərin İşləri üzrə Dövlət Komitəsi > Azərbaycan Qaçqınların və Məcburi Köçkünlərin İşləri üzrə Dövlət Komitəsinin sədrləri,Azərbaycanın dövlət təşkilatları > Azərbaycan Nazirlər Kabineti > Azərbaycan Respublikasının dövlət komitələri > Azərbaycan Qaçqınların və Məcburi Köçkünlərin İşləri üzrə Dövlət Komitəsi > Azərbaycan Qaçqınların və Məcburi Köçkünlərin İşləri üzrə Dövlət Komitəsinin sədrləri,https://az.wikipedia.org/wiki/Kateqoriya%3AAz%C9%99rbaycan_Qa%C3%A7q%C4%B1nlar%C4%B1n_v%C9%99_M%C9%99cburi_K%C3%B6%C3%A7k%C3%BCnl%C9%99rin_%C4%B0%C5%9Fl%C9%99ri_%C3%BCzr%C9%99_D%C3%B6vl%C9%99t_Komit%C9%99sinin_s%C9%99drl%C9%99ri,az.wikipedia.org,https://az.wikipedia.org/wiki/Kateqoriya%3AAz%C9%99rbaycan%C4%B1n_d%C3%B6vl%C9%99t_t%C9%99%C5%9Fkilatlar%C4%B1
gov-0082,Qiymətli Kağızlar üzrə Dövlət Komitəsi (Azərbaycan),organization,,committee,https://az.wikipedia.org/wiki/Qiym%C9%99tli_Ka%C4%9F%C4%B1zlar_%C3%BCzr%C9%99_D%C3%B6vl%C9%99t_Komit%C9%99si_%28Az%C9%99rbaycan%29,Azərbaycanın dövlət təşkilatları > Azərbaycan Nazirlər Kabineti > Azərbaycan Respublikasının dövlət komitələri > Azərbaycan Qiymətli Kağızlar üzrə Dövlət Komitəsi,Azərbaycanın dövlət təşkilatları > Azərbaycan Nazirlər Kabineti > Azərbaycan Respublikasının dövlət komitələri > Azərbaycan Qiymətli Kağızlar üzrə Dövlət Komitəsi,https://az.wikipedia.org/wiki/Kateqoriya%3AAz%C9%99rbaycan_Qiym%C9%99tli_Ka%C4%9F%C4%B1zlar_%C3%BCzr%C9%99_D%C3%B6vl%C9%99t_Komit%C9%99si,az.wikipedia.org,https://az.wikipedia.org/wiki/Kateqoriya%3AAz%C9%99rbaycan%C4%B1n_d%C3%B6vl%C9%99t_t%C9%99%C5%9Fkilatlar%C4%B1
gov-0083,"""Azərbaycan Respublikası Dövlət Gömrük Komitəsinin 20 illiyi (1992–2012)"" yubiley medalı",organization,,committee,https://az.wikipedia.org/wiki/%22Az%C9%99rbaycan_Respublikas%C4%B1_D%C3%B6vl%C9%99t_G%C3%B6mr%C3%BCk_Komit%C9%99sinin_20_illiyi_%281992%E2%80%932012%29%22_yubiley_medal%C4%B1,Azərbaycanın dövlət təşkilatları > Azərbaycan Nazirlər Kabineti > Azərbaycan Respublikasının dövlət komitələri > Azərbaycan Respublikası Dövlət Gömrük Komitəsi,Azərbaycanın dövlət təşkilatları > Azərbaycan Nazirlər Kabineti > Azərbaycan Respublikasının dövlət komitələri > Azərbaycan Respublikası Dövlət Gömrük Komitəsi,https://az.wikipedia.org/wiki/Kateqoriya%3AAz%C9%99rbaycan_Respublikas%C4%B1_D%C3%B6vl%C9%99t_G%C3%B6mr%C3%BCk_Komit%C9%99si,az.wikipedia.org,https://az.wikipedia.org/wiki/Kateqoriya%3AAz%C9%99rbaycan%C4%B1n_d%C3%B6vl%C9%99t_t%C9%99%C5%9Fkilatlar%C4%B1
gov-0084,"""Azərbaycan Respublikası Dövlət Gömrük Komitəsinin 25 illiyi (1992–2017)"" yubiley medalı",organization,,committee,https://az.wikipedia.org/wiki/%22Az%C9%99rbaycan_Respublikas%C4%B1_D%C3%B6vl%C9%99t_G%C3%B6mr%C3%BCk_Komit%C9%99sinin_25_illiyi_%281992%E2%80%932017%29%22_yubiley_medal%C4%B1,Azərbaycanın dövlət təşkilatları > Azərbaycan Nazirlər Kabineti > Azərbaycan Respublikasının dövlət komitələri > Azərbaycan Respublikası Dövlət Gömrük Komitəsi,Azərbaycanın dövlət təşkilatları > Azərbaycan Nazirlər Kabineti > Azərbaycan Respublikasının dövlət komitələri > Azərbaycan Respublikası Dövlət Gömrük Komitəsi,https://az.wikipedia.org/wiki/Kateqoriya%3AAz%C9%99rbaycan_Respublikas%C4%B1_D%C3%B6vl%C9%99t_G%C3%B6mr%C3%BCk_Komit%C9%99si,az.wikipedia.org,https://az.wikipedia.org/wiki/Kateqoriya%3AAz%C9%99rbaycan%C4%B1n_d%C3%B6vl%C9%99t_t%C9%99%C5%9Fkilatlar%C4%B1
gov-0085,"""Azərbaycan Respublikası Dövlət Gömrük Komitəsinin 30 illiyi (1992–2022)"" yubiley medalı",organization,,committee,https://az.wikipedia.org/wiki/%22Az%C9%99rbaycan_Respublikas%C4%B1_D%C3%B6vl%C9%99t_G%C3%B6mr%C3%BCk_Komit%C9%99sinin_30_illiyi_%281992%E2%80%932022%29%22_yubiley_medal%C4%B1,Azərbaycanın dövlət təşkilatları > Azərbaycan Nazirlər Kabineti > Azərbaycan Respublikasının dövlət komitələri > Azərbaycan Respublikası Dövlət Gömrük Komitəsi,Azərbaycanın dövlət təşkilatları > Azərbaycan Nazirlər Kabineti > Azərbaycan Respublikasının dövlət komitələri > Azərbaycan Respublikası Dövlət Gömrük Komitəsi,https://az.wikipedia.org/wiki/Kateqoriya%3AAz%C9%99rbaycan_Respublikas%C4%B1_D%C3%B6vl%C9%99t_G%C3%B6mr%C3%BCk_Komit%C9%99si,az.wikipedia.org,https://az.wikipedia.org/wiki/Kateqoriya%3AAz%C9%99rbaycan%C4%B1n_d%C3%B6vl%C9%99t_t%C9%99%C5%9Fkilatlar%C4%B1
gov-0086,Dövlət Gömrük Komitəsi (Azərbaycan),organization,,committee,https://az.wikipedia.org/wiki/D%C3%B6vl%C9%99t_G%C3%B6mr%C3%BCk_Komit%C9%99si_%28Az%C9%99rbaycan%29,Azərbaycanın dövlət təşkilatları > Azərbaycan Nazirlər Kabineti > Azərbaycan Respublikasının dövlət komitələri > Azərbaycan Respublikası Dövlət Gömrük Komitəsi,Azərbaycanın dövlət təşkilatları > Azərbaycan Nazirlər Kabineti > Azərbaycan Respublikasının dövlət komitələri > Azərbaycan Respublikası Dövlət Gömrük Komitəsi,https://az.wikipedia.org/wiki/Kateqoriya%3AAz%C9%99rbaycan_Respublikas%C4%B1_D%C3%B6vl%C9%99t_G%C3%B6mr%C3%BCk_Komit%C9%99si,az.wikipedia.org,https://az.wikipedia.org/wiki/Kateqoriya%3AAz%C9%99rbaycan%C4%B1n_d%C3%B6vl%C9%99t_t%C9%99%C5%9Fkilatlar%C4%B1
gov-0087,Azərbaycan Dövlət Gömrük Komitəsinin sədrlərinin siyahısı,organization,,committee,https://az.wikipedia.org/wiki/Az%C9%99rbaycan_D%C3%B6vl%C9%99t_G%C3%B6mr%C3%BCk_Komit%C9%99sinin_s%C9%99drl%C9%99rinin_siyah%C4%B1s%C4%B1,Azərbaycanın dövlət təşkilatları > Azərbaycan Nazirlər Kabineti > Azərbaycan Respublikasının dövlət komitələri > Azərbaycan Respublikası Dövlət Gömrük Komitəsi > Azərbaycan Respublikası Dövlət Gömrük Komitəsinin sədrləri,Azərbaycanın dövlət təşkilatları > Azərbaycan Nazirlər Kabineti > Azərbaycan Respublikasının dövlət komitələri > Azərbaycan Respublikası Dövlət Gömrük Komitəsi > Azərbaycan Respublikası Dövlət Gömrük Komitəsinin sədrləri,https://az.wikipedia.org/wiki/Kateqoriya%3AAz%C9%99rbaycan_Respublikas%C4%B1_D%C3%B6vl%C9%99t_G%C3%B6mr%C3%BCk_Komit%C9%99sinin_s%C9%99drl%C9%99ri,az.wikipedia.org,https://az.wikipedia.org/wiki/Kateqoriya%3AAz%C9%99rbaycan%C4%B1n_d%C3%B6vl%C9%99t_t%C9%99%C5%9Fkilatlar%C4%B1
gov-0088,Natiq Şirinov (dövlət xadimi),organization,,state_body,https://az.wikipedia.org/wiki/Natiq_%C5%9Eirinov_%28d%C3%B6vl%C9%99t_xadimi%29,Azərbaycanın dövlət təşkilatları > Azərbaycan Nazirlər Kabineti > Azərbaycan Respublikasının dövlət komitələri > Azərbaycan Respublikası Dövlət Gömrük Komitəsi > Azərbaycan gömrük xidməti general-mayorları,Azərbaycanın dövlət təşkilatları > Azərbaycan Nazirlər Kabineti > Azərbaycan Respublikasının dövlət komitələri > Azərbaycan Respublikası Dövlət Gömrük Komitəsi > Azərbaycan gömrük xidməti general-mayorları,https://az.wikipedia.org/wiki/Kateqoriya%3AAz%C9%99rbaycan_g%C3%B6mr%C3%BCk_xidm%C9%99ti_general-mayorlar%C4%B1,az.wikipedia.org,https://az.wikipedia.org/wiki/Kateqoriya%3AAz%C9%99rbaycan%C4%B1n_d%C3%B6vl%C9%99t_t%C9%99%C5%9Fkilatlar%C4%B1
gov-0089,Dövlət Statistika Komitəsi (Azərbaycan),organization,,committee,https://az.wikipedia.org/wiki/D%C3%B6vl%C9%99t_Statistika_Komit%C9%99si_%28Az%C9%99rbaycan%29,Azərbaycanın dövlət təşkilatları > Azərbaycan Nazirlər Kabineti > Azərbaycan Respublikasının dövlət komitələri > Azərbaycan Respublikası Dövlət Statistika Komitəsi,Azərbaycanın dövlət təşkilatları > Azərbaycan Nazirlər Kabineti > Azərbaycan Respublikasının dövlət komitələri > Azərbaycan Respublikası Dövlət Statistika Komitəsi,https://az.wikipedia.org/wiki/Kateqoriya%3AAz%C9%99rbaycan_Respublikas%C4%B1_D%C3%B6vl%C9%99t_Statistika_Komit%C9%99si,az.wikipedia.org,https://az.wikipedia.org/wiki/Kateqoriya%3AAz%C9%99rbaycan%C4%B1n_d%C3%B6vl%C9%99t_t%C9%99%C5%9Fkilatlar%C4%B1
gov-0090,Azərbaycan Dövlət Statistika Komitəsinin sədrlərinin siyahısı,organization,,committee,https://az.wikipedia.org/wiki/Az%C9%99rbaycan_D%C3%B6vl%C9%99t_Statistika_Komit%C9%99sinin_s%C9%99drl%C9%99rinin_siyah%C4%B1s%C4%B1,Azərbaycanın dövlət təşkilatları > Azərbaycan Nazirlər Kabineti > Azərbaycan Respublikasının dövlət komitələri > Azərbaycan Respublikası Dövlət Statistika Komitəsi > Azərbaycan Respublikası Dövlət Statistika Komitəsinin sədrləri,Azərbaycanın dövlət təşkilatları > Azərbaycan Nazirlər Kabineti > Azərbaycan Respublikasının dövlət komitələri > Azərbaycan Respublikası Dövlət Statistika Komitəsi > Azərbaycan Respublikası Dövlət Statistika Komitəsinin sədrləri,https://az.wikipedia.org/wiki/Kateqoriya%3AAz%C9%99rbaycan_Respublikas%C4%B1_D%C3%B6vl%C9%99t_Statistika_Komit%C9%99sinin_s%C9%99drl%C9%99ri,az.wikipedia.org,https://az.wikipedia.org/wiki/Kateqoriya%3AAz%C9%99rbaycan%C4%B1n_d%C3%B6vl%C9%99t_t%C9%99%C5%9Fkilatlar%C4%B1
gov-0091,"Azərbaycan Standartlaşdırma, Metrologiya və Patent üzrə Dövlət Komitəsinin sədrlərinin siyahısı",organization,,committee,https://az.wikipedia.org/wiki/Az%C9%99rbaycan_Standartla%C5%9Fd%C4%B1rma%2C_Metrologiya_v%C9%99_Patent_%C3%BCzr%C9%99_D%C3%B6vl%C9%99t_Komit%C9%99sinin_s%C9%99drl%C9%99rinin_siyah%C4%B1s%C4%B1,"Azərbaycanın dövlət təşkilatları > Azərbaycan Nazirlər Kabineti > Azərbaycan Respublikasının dövlət komitələri > Azərbaycan Standartlaşdırma, Metrologiya və Patent üzrə Dövlət Komitəsi","Azərbaycanın dövlət təşkilatları > Azərbaycan Nazirlər Kabineti > Azərbaycan Respublikasının dövlət komitələri > Azərbaycan Standartlaşdırma, Metrologiya və Patent üzrə Dövlət Komitəsi",https://az.wikipedia.org/wiki/Kateqoriya%3AAz%C9%99rbaycan_Standartla%C5%9Fd%C4%B1rma%2C_Metrologiya_v%C9%99_Patent_%C3%BCzr%C9%99_D%C3%B6vl%C9%99t_Komit%C9%99si,az.wikipedia.org,https://az.wikipedia.org/wiki/Kateqoriya%3AAz%C9%99rbaycan%C4%B1n_d%C3%B6vl%C9%99t_t%C9%99%C5%9Fkilatlar%C4%B1
gov-0092,Azərbaycan Respublikası Dövlət Sərhəd Xidmətinin Sahil Mühafizəsi,organization,,state_service,https://az.wikipedia.org/wiki/Az%C9%99rbaycan_Respublikas%C4%B1_D%C3%B6vl%C9%99t_S%C9%99rh%C9%99d_Xidm%C9%99tinin_Sahil_M%C3%BChafiz%C9%99si,Azərbaycanın dövlət təşkilatları > Azərbaycan Respublikası Dövlət Sərhəd Xidməti,Azərbaycanın dövlət təşkilatları > Azərbaycan Respublikası Dövlət Sərhəd Xidməti,https://az.wikipedia.org/wiki/Kateqoriya%3AAz%C9%99rbaycan_Respublikas%C4%B1_D%C3%B6vl%C9%99t_S%C9%99rh%C9%99d_Xidm%C9%99ti,az.wikipedia.org,https://az.wikipedia.org/wiki/Kateqoriya%3AAz%C9%99rbaycan%C4%B1n_d%C3%B6vl%C9%99t_t%C9%99%C5%9Fkilatlar%C4%B1
gov-0093,Azərbaycan Xalq Cümhuriyyətinin Gömrük Xidməti Dəstələri,organization,,state_service,https://az.wikipedia.org/wiki/Az%C9%99rbaycan_Xalq_C%C3%BCmhuriyy%C9%99tinin_G%C3%B6mr%C3%BCk_Xidm%C9%99ti_D%C9%99st%C9%99l%C9%99ri,Azərbaycanın dövlət təşkilatları > Azərbaycan Respublikası Dövlət Sərhəd Xidməti,Azərbaycanın dövlət təşkilatları > Azərbaycan Respublikası Dövlət Sərhəd Xidməti,https://az.wikipedia.org/wiki/Kateqoriya%3AAz%C9%99rbaycan_Respublikas%C4%B1_D%C3%B6vl%C9%99t_S%C9%99rh%C9%99d_Xidm%C9%99ti,az.wikipedia.org,https://az.wikipedia.org/wiki/Kateqoriya%3AAz%C9%99rbaycan%C4%B1n_d%C3%B6vl%C9%99t_t%C9%99%C5%9Fkilatlar%C4%B1
gov-0094,Dövlət Sərhəd Xidməti (Azərbaycan),organization,,state_service,https://az.wikipedia.org/wiki/D%C3%B6vl%C9%99t_S%C9%99rh%C9%99d_Xidm%C9%99ti_%28Az%C9%99rbaycan%29,Azərbaycanın dövlət təşkilatları > Azərbaycan Respublikası Dövlət Sərhəd Xidməti,Azərbaycanın dövlət təşkilatları > Azərbaycan Respublikası Dövlət Sərhəd Xidməti,https://az.wikipedia.org/wiki/Kateqoriya%3AAz%C9%99rbaycan_Respublikas%C4%B1_D%C3%B6vl%C9%99t_S%C9%99rh%C9%99d_Xidm%C9%99ti,az.wikipedia.org,https://az.wikipedia.org/wiki/Kateqoriya%3AAz%C9%99rbaycan%C4%B1n_d%C3%B6vl%C9%99t_t%C9%99%C5%9Fkilatlar%C4%B1
gov-0095,Azərbaycan Respublikasının Dövlət Arxivi,organization,,state_body,https://az.wikipedia.org/wiki/Az%C9%99rbaycan_Respublikas%C4%B1n%C4%B1n_D%C3%B6vl%C9%99t_Arxivi,Azərbaycanın dövlət təşkilatları > Azərbaycan Respublikası Milli Arxiv İdarəsi,Azərbaycanın dövlət təşkilatları > Azərbaycan Respublikası Milli Arxiv İdarəsi,https://az.wikipedia.org/wiki/Kateqoriya%3AAz%C9%99rbaycan_Respublikas%C4%B1_Milli_Arxiv_%C4%B0dar%C9%99si,az.wikipedia.org,https://az.wikipedia.org/wiki/Kateqoriya%3AAz%C9%99rbaycan%C4%B1n_d%C3%B6vl%C9%99t_t%C9%99%C5%9Fkilatlar%C4%B1
gov-0096,Azərbaycan Respublikasının Dövlət Kino-Foto Sənədləri Arxivi,organization,,state_body,https://az.wikipedia.org/wiki/Az%C9%99rbaycan_Respublikas%C4%B1n%C4%B1n_D%C3%B6vl%C9%99t_Kino-Foto_S%C9%99n%C9%99dl%C9%99ri_Arxivi,Azərbaycanın dövlət təşkilatları > Azərbaycan Respublikası Milli Arxiv İdarəsi,Azərbaycanın dövlət təşkilatları > Azərbaycan Respublikası Milli Arxiv İdarəsi,https://az.wikipedia.org/wiki/Kateqoriya%3AAz%C9%99rbaycan_Respublikas%C4%B1_Milli_Arxiv_%C4%B0dar%C9%99si,az.wikipedia.org,https://az.wikipedia.org/wiki/Kateqoriya%3AAz%C9%99rbaycan%C4%B1n_d%C3%B6vl%C9%99t_t%C9%99%C5%9Fkilatlar%C4%B1
gov-0097,Azərbaycan Respublikasının Dövlət Səs Yazıları Arxivi,organization,,state_body,https://az.wikipedia.org/wiki/Az%C9%99rbaycan_Respublikas%C4%B1n%C4%B1n_D%C3%B6vl%C9%99t_S%C9%99s_Yaz%C4%B1lar%C4%B1_Arxivi,Azərbaycanın dövlət təşkilatları > Azərbaycan Respublikası Milli Arxiv İdarəsi,Azərbaycanın dövlət təşkilatları > Azərbaycan Respublikası Milli Arxiv İdarəsi,https://az.wikipedia.org/wiki/Kateqoriya%3AAz%C9%99rbaycan_Respublikas%C4%B1_Milli_Arxiv_%C4%B0dar%C9%99si,az.wikipedia.org,https://az.wikipedia.org/wiki/Kateqoriya%3AAz%C9%99rbaycan%C4%B1n_d%C3%B6vl%C9%99t_t%C9%99%C5%9Fkilatlar%C4%B1
gov-0098,Azərbaycan Respublikasının Dövlət Tarix Arxivi,organization,,state_body,https://az.wikipedia.org/wiki/Az%C9%99rbaycan_Respublikas%C4%B1n%C4%B1n_D%C3%B6vl%C9%99t_Tarix_Arxivi,Azərbaycanın dövlət təşkilatları > Azərbaycan Respublikası Milli Arxiv İdarəsi,Azərbaycanın dövlət təşkilatları > Azərbaycan Respublikası Milli Arxiv İdarəsi,https://az.wikipedia.org/wiki/Kateqoriya%3AAz%C9%99rbaycan_Respublikas%C4%B1_Milli_Arxiv_%C4%B0dar%C9%99si,az.wikipedia.org,https://az.wikipedia.org/wiki/Kateqoriya%3AAz%C9%99rbaycan%C4%B1n_d%C3%B6vl%C9%99t_t%C9%99%C5%9Fkilatlar%C4%B1
gov-0099,Azərbaycan Respublikasının Dövlət Ədəbiyyat və İncəsənət Arxivi,organization,,state_body,https://az.wikipedia.org/wiki/Az%C9%99rbaycan_Respublikas%C4%B1n%C4%B1n_D%C3%B6vl%C9%99t_%C6%8Fd%C9%99biyyat_v%C9%99_%C4%B0nc%C9%99s%C9%99n%C9%99t_Arxivi,Azərbaycanın dövlət təşkilatları > Azərbaycan Respublikası Milli Arxiv İdarəsi,Azərbaycanın dövlət təşkilatları > Azərbaycan Respublikası Milli Arxiv İdarəsi,https://az.wikipedia.org/wiki/Kateqoriya%3AAz%C9%99rbaycan_Respublikas%C4%B1_Milli_Arxiv_%C4%B0dar%C9%99si,az.wikipedia.org,https://az.wikipedia.org/wiki/Kateqoriya%3AAz%C9%99rbaycan%C4%B1n_d%C3%B6vl%C9%99t_t%C9%99%C5%9Fkilatlar%C4%B1
gov-0100,Qida Təhlükəsizliyi Agentliyi (Azərbaycan),organization,,agency,https://az.wikipedia.org/wiki/Qida_T%C9%99hl%C3%BCk%C9%99sizliyi_Agentliyi_%28Az%C9%99rbaycan%29,Azərbaycanın dövlət təşkilatları > Azərbaycan Respublikasının Qida Təhlükəsizliyi Agentliyi,Azərbaycanın dövlət təşkilatları > Azərbaycan Respublikasının Qida Təhlükəsizliyi Agentliyi,https://az.wikipedia.org/wiki/Kateqoriya%3AAz%C9%99rbaycan_Respublikas%C4%B1n%C4%B1n_Qida_T%C9%99hl%C3%BCk%C9%99sizliyi_Agentliyi,az.wikipedia.org,https://az.wikipedia.org/wiki/Kateqoriya%3AAz%C9%99rbaycan%C4%B1n_d%C3%B6vl%C9%99t_t%C9%99%C5%9Fkilatlar%C4%B1
gov-0101,Azərbaycan Dövlət Dəniz Akademiyası,organization,,state_body,https://az.wikipedia.org/wiki/Az%C9%99rbaycan_D%C3%B6vl%C9%99t_D%C9%99niz_Akademiyas%C4%B1,Azərbaycanın dövlət təşkilatları > Azərbaycan Xəzər Dəniz Gəmiçiliyi,Azərbaycanın dövlət təşkilatları > Azərbaycan Xəzər Dəniz Gəmiçiliyi,https://az.wikipedia.org/wiki/Kateqoriya%3AAz%C9%99rbaycan_X%C9%99z%C9%99r_D%C9%99niz_G%C9%99mi%C3%A7iliyi,az.wikipedia.org,https://az.wikipedia.org/wiki/Kateqoriya%3AAz%C9%99rbaycan%C4%B1n_d%C3%B6vl%C9%99t_t%C9%99%C5%9Fkilatlar%C4%B1
gov-0102,"""Daxili İşlər Nazirliyinin Daxili Qoşunlarının 20 illiyi"" yubiley döş nişanı",organization,,ministry,https://az.wikipedia.org/wiki/%22Daxili_%C4%B0%C5%9Fl%C9%99r_Nazirliyinin_Daxili_Qo%C5%9Funlar%C4%B1n%C4%B1n_20_illiyi%22_yubiley_d%C3%B6%C5%9F_ni%C5%9Fan%C4%B1,Azərbaycanın dövlət təşkilatları > Azərbaycan nazirlikləri > Azərbaycan Daxili İşlər Nazirliyi,Azərbaycanın dövlət təşkilatları > Azərbaycan nazirlikləri > Azərbaycan Daxili İşlər Nazirliyi,https://az.wikipedia.org/wiki/Kateqoriya%3AAz%C9%99rbaycan_Daxili_%C4%B0%C5%9Fl%C9%99r_Nazirliyi,az.wikipedia.org,https://az.wikipedia.org/wiki/Kateqoriya%3AAz%C9%99rbaycan%C4%B1n_d%C3%B6vl%C9%99t_t%C9%99%C5%9Fkilatlar%C4%B1
gov-0103,Daxili İşlər Nazirliyi (Azərbaycan),organization,,ministry,https://az.wikipedia.org/wiki/Daxili_%C4%B0%C5%9Fl%C9%99r_Nazirliyi_%28Az%C9%99rbaycan%29,Azərbaycanın dövlət təşkilatları > Azərbaycan nazirlikləri > Azərbaycan Daxili İşlər Nazirliyi,Azərbaycanın dövlət təşkilatları > Azərbaycan nazirlikləri > Azərbaycan Daxili İşlər Nazirliyi,https://az.wikipedia.org/wiki/Kateqoriya%3AAz%C9%99rbaycan_Daxili_%C4%B0%C5%9Fl%C9%99r_Nazirliyi,az.wikipedia.org,https://az.wikipedia.org/wiki/Kateqoriya%3AAz%C9%99rbaycan%C4%B1n_d%C3%B6vl%C9%99t_t%C9%99%C5%9Fkilatlar%C4%B1
gov-0104,Naxçıvanda dövlət çevrilişinə cəhd,organization,,state_body,https://az.wikipedia.org/wiki/Nax%C3%A7%C4%B1vanda_d%C3%B6vl%C9%99t_%C3%A7evrili%C5%9Fin%C9%99_c%C9%99hd,Azərbaycanın dövlət təşkilatları > Azərbaycan nazirlikləri > Azərbaycan Daxili İşlər Nazirliyi,Azərbaycanın dövlət təşkilatları > Azərbaycan nazirlikləri > Azərbaycan Daxili İşlər Nazirliyi,https://az.wikipedia.org/wiki/Kateqoriya%3AAz%C9%99rbaycan_Daxili_%C4%B0%C5%9Fl%C9%99r_Nazirliyi,az.wikipedia.org,https://az.wikipedia.org/wiki/Kateqoriya%3AAz%C9%99rbaycan%C4%B1n_d%C3%B6vl%C9%99t_t%C9%99%C5%9Fkilatlar%C4%B1
gov-0105,Baş Dövlət Yanğın Təhlükəsizliyi İdarəsi,organization,,state_body,https://az.wikipedia.org/wiki/Ba%C5%9F_D%C3%B6vl%C9%99t_Yan%C4%9F%C4%B1n_T%C9%99hl%C3%BCk%C9%99sizliyi_%C4%B0dar%C9%99si,Azərbaycanın dövlət təşkilatları > Azərbaycan nazirlikləri > Azərbaycan Daxili İşlər Nazirliyi > Azərbaycan Daxili İşlər Nazirliyinin qurumları,Azərbaycanın dövlət təşkilatları > Azərbaycan nazirlikləri > Azərbaycan Daxili İşlər Nazirliyi > Azərbaycan Daxili İşlər Nazirliyinin qurumları,https://az.wikipedia.org/wiki/Kateqoriya%3AAz%C9%99rbaycan_Daxili_%C4%B0%C5%9Fl%C9%99r_Nazirliyinin_qurumlar%C4%B1,az.wikipedia.org,https://az.wikipedia.org/wiki/Kateqoriya%3AAz%C9%99rbaycan%C4%B1n_d%C3%B6vl%C9%99t_t%C9%99%C5%9Fkilatlar%C4%B1
gov-0106,Polis Akademiyası (Azərbaycan),organization,,state_body,https://az.wikipedia.org/wiki/Polis_Akademiyas%C4%B1_%28Az%C9%99rbaycan%29,Azərbaycanın dövlət təşkilatları > Azərbaycan nazirlikləri > Azərbaycan Daxili İşlər Nazirliyi > Azərbaycan Daxili İşlər Nazirliyinin qurumları > Azərbaycan Respublikası Daxili İşlər Nazirliyinin Polis Akademiyası,Azərbaycanın dövlət təşkilatları > Azərbaycan nazirlikləri > Azərbaycan Daxili İşlər Nazirliyi > Azərbaycan Daxili İşlər Nazirliyinin qurumları > Azərbaycan Respublikası Daxili İşlər Nazirliyinin Polis Akademiyası,https://az.wikipedia.org/wiki/Kateqoriya%3AAz%C9%99rbaycan_Respublikas%C4%B1_Daxili_%C4%B0%C5%9Fl%C9%99r_Nazirliyinin_Polis_Akademiyas%C4%B1,az.wikipedia.org,https://az.wikipedia.org/wiki/Kateqoriya%3AAz%C9%99rbaycan%C4%B1n_d%C3%B6vl%C9%99t_t%C9%99%C5%9Fkilatlar%C4%B1
gov-0107,Bakı Şəhər Baş Polis İdarəsi,organization,,state_body,https://az.wikipedia.org/wiki/Bak%C4%B1_%C5%9E%C9%99h%C9%99r_Ba%C5%9F_Polis_%C4%B0dar%C9%99si,Azərbaycanın dövlət təşkilatları > Azərbaycan nazirlikləri > Azərbaycan Daxili İşlər Nazirliyi > Azərbaycan Daxili İşlər Nazirliyinin qurumları > Bakı Şəhər Baş Polis İdarəsi,Azərbaycanın dövlət təşkilatları > Azərbaycan nazirlikləri > Azərbaycan Daxili İşlər Nazirliyi > Azərbaycan Daxili İşlər Nazirliyinin qurumları > Bakı Şəhər Baş Polis İdarəsi,https://az.wikipedia.org/wiki/Kateqoriya%3ABak%C4%B1_%C5%9E%C9%99h%C9%99r_Ba%C5%9F_Polis_%C4%B0dar%C9%99si,az.wikipedia.org,https://az.wikipedia.org/wiki/Kateqoriya%3AAz%C9%99rbaycan%C4%B1n_d%C3%B6vl%C9%99t_t%C9%99%C5%9Fkilatlar%C4%B1
gov-0108,Baş Dövlət Yol Polisi İdarəsi,organization,,state_body,https://az.wikipedia.org/wiki/Ba%C5%9F_D%C3%B6vl%C9%99t_Yol_Polisi_%C4%B0dar%C9%99si,Azərbaycanın dövlət təşkilatları > Azərbaycan nazirlikləri > Azərbaycan Daxili İşlər Nazirliyi > Azərbaycan Daxili İşlər Nazirliyinin qurumları > Baş Dövlət Yol Polisi İdarəsi,Azərbaycanın dövlət təşkilatları > Azərbaycan nazirlikləri > Azərbaycan Daxili İşlər Nazirliyi > Azərbaycan Daxili İşlər Nazirliyinin qurumları > Baş Dövlət Yol Polisi İdarəsi,https://az.wikipedia.org/wiki/Kateqoriya%3ABa%C5%9F_D%C3%B6vl%C9%99t_Yol_Polisi_%C4%B0dar%C9%99si,az.wikipedia.org,https://az.wikipedia.org/wiki/Kateqoriya%3AAz%C9%99rbaycan%C4%B1n_d%C3%B6vl%C9%99t_t%C9%99%C5%9Fkilatlar%C4%B1
gov-0109,Gəncə Şəhər Baş Polis İdarəsi,organization,,state_body,https://az.wikipedia.org/wiki/G%C9%99nc%C9%99_%C5%9E%C9%99h%C9%99r_Ba%C5%9F_Polis_%C4%B0dar%C9%99si,Azərbaycanın dövlət təşkilatları > Azərbaycan nazirlikləri > Azərbaycan Daxili İşlər Nazirliyi > Azərbaycan Daxili İşlər Nazirliyinin qurumları > Gəncə Şəhər Baş Polis İdarəsi,Azərbaycanın dövlət təşkilatları > Azərbaycan nazirlikləri > Azərbaycan Daxili İşlər Nazirliyi > Azərbaycan Daxili İşlər Nazirliyinin qurumları > Gəncə Şəhər Baş Polis İdarəsi,https://az.wikipedia.org/wiki/Kateqoriya%3AG%C9%99nc%C9%99_%C5%9E%C9%99h%C9%99r_Ba%C5%9F_Polis_%C4%B0dar%C9%99si,az.wikipedia.org,https://az.wikipedia.org/wiki/Kateqoriya%3AAz%C9%99rbaycan%C4%B1n_d%C3%B6vl%C9%99t_t%C9%99%C5%9Fkilatlar%C4%B1
gov-0110,Daxili Qoşunların Hərbi İnstitutu,organization,,state_body,https://az.wikipedia.org/wiki/Daxili_Qo%C5%9Funlar%C4%B1n_H%C9%99rbi_%C4%B0nstitutu,Azərbaycanın dövlət təşkilatları > Azərbaycan nazirlikləri > Azərbaycan Daxili İşlər Nazirliyi > Azərbaycan Respublikası Daxili Qoşunları,Azərbaycanın dövlət təşkilatları > Azərbaycan nazirlikləri > Azərbaycan Daxili İşlər Nazirliyi > Azərbaycan Respublikası Daxili Qoşunları | Azərbaycanın dövlət təşkilatları > Azərbaycan nazirlikləri > Azərbaycan Daxili İşlər Nazirliyi > Azərbaycan Respublikası Daxili Qoşunları > Azərbaycan Daxili Qoşunlarının Ali Hərbi Məktəbi,https://az.wikipedia.org/wiki/Kateqoriya%3AAz%C9%99rbaycan_Respublikas%C4%B1_Daxili_Qo%C5%9Funlar%C4%B1,az.wikipedia.org,https://az.wikipedia.org/wiki/Kateqoriya%3AAz%C9%99rbaycan%C4%B1n_d%C3%B6vl%C9%99t_t%C9%99%C5%9Fkilatlar%C4%B1
gov-0111,Ekologiya və Təbii Sərvətlər Nazirliyi (Azərbaycan),organization,,ministry,https://az.wikipedia.org/wiki/Ekologiya_v%C9%99_T%C9%99bii_S%C9%99rv%C9%99tl%C9%99r_Nazirliyi_%28Az%C9%99rbaycan%29,Azərbaycanın dövlət təşkilatları > Azərbaycan nazirlikləri > Azərbaycan Ekologiya və Təbii Sərvətlər Nazirliyi,Azərbaycanın dövlət təşkilatları > Azərbaycan nazirlikləri > Azərbaycan Ekologiya və Təbii Sərvətlər Nazirliyi,https://az.wikipedia.org/wiki/Kateqoriya%3AAz%C9%99rbaycan_Ekologiya_v%C9%99_T%C9%99bii_S%C9%99rv%C9%99tl%C9%99r_Nazirliyi,az.wikipedia.org,https://az.wikipedia.org/wiki/Kateqoriya%3AAz%C9%99rbaycan%C4%B1n_d%C3%B6vl%C9%99t_t%C9%99%C5%9Fkilatlar%C4%B1
gov-0112,Geoloji Kəşfiyyat Agentliyi (Azərbaycan),organization,,agency,https://az.wikipedia.org/wiki/Geoloji_K%C9%99%C5%9Ffiyyat_Agentliyi_%28Az%C9%99rbaycan%29,Azərbaycanın dövlət təşkilatları > Azərbaycan nazirlikləri > Azərbaycan Ekologiya və Təbii Sərvətlər Nazirliyi,Azərbaycanın dövlət təşkilatları > Azərbaycan nazirlikləri > Azərbaycan Ekologiya və Təbii Sərvətlər Nazirliyi,https://az.wikipedia.org/wiki/Kateqoriya%3AAz%C9%99rbaycan_Ekologiya_v%C9%99_T%C9%99bii_S%C9%99rv%C9%99tl%C9%99r_Nazirliyi,az.wikipedia.org,https://az.wikipedia.org/wiki/Kateqoriya%3AAz%C9%99rbaycan%C4%B1n_d%C3%B6vl%C9%99t_t%C9%99%C5%9Fkilatlar%C4%B1
gov-0113,Milli Hidrometeorologiya Xidməti,organization,,state_service,https://az.wikipedia.org/wiki/Milli_Hidrometeorologiya_Xidm%C9%99ti,Azərbaycanın dövlət təşkilatları > Azərbaycan nazirlikləri > Azərbaycan Ekologiya və Təbii Sərvətlər Nazirliyi,Azərbaycanın dövlət təşkilatları > Azərbaycan nazirlikləri > Azərbaycan Ekologiya və Təbii Sərvətlər Nazirliyi,https://az.wikipedia.org/wiki/Kateqoriya%3AAz%C9%99rbaycan_Ekologiya_v%C9%99_T%C9%99bii_S%C9%99rv%C9%99tl%C9%99r_Nazirliyi,az.wikipedia.org,https://az.wikipedia.org/wiki/Kateqoriya%3AAz%C9%99rbaycan%C4%B1n_d%C3%B6vl%C9%99t_t%C9%99%C5%9Fkilatlar%C4%B1
gov-0114,Elm və Ali Təhsil üzrə Dövlət Agentliyi (Azərbaycan),organization,,agency,https://az.wikipedia.org/wiki/Elm_v%C9%99_Ali_T%C9%99hsil_%C3%BCzr%C9%99_D%C3%B6vl%C9%99t_Agentliyi_%28Az%C9%99rbaycan%29,Azərbaycanın dövlət təşkilatları > Azərbaycan nazirlikləri > Azərbaycan Elm və Təhsil Nazirliyi,Azərbaycanın dövlət təşkilatları > Azərbaycan nazirlikləri > Azərbaycan Elm və Təhsil Nazirliyi,https://az.wikipedia.org/wiki/Kateqoriya%3AAz%C9%99rbaycan_Elm_v%C9%99_T%C9%99hsil_Nazirliyi,az.wikipedia.org,https://az.wikipedia.org/wiki/Kateqoriya%3AAz%C9%99rbaycan%C4%B1n_d%C3%B6vl%C9%99t_t%C9%99%C5%9Fkilatlar%C4%B1
gov-0115,Elm və Təhsil Nazirliyi (Azərbaycan),organization,,ministry,https://az.wikipedia.org/wiki/Elm_v%C9%99_T%C9%99hsil_Nazirliyi_%28Az%C9%99rbaycan%29,Azərbaycanın dövlət təşkilatları > Azərbaycan nazirlikləri > Azərbaycan Elm və Təhsil Nazirliyi,Azərbaycanın dövlət təşkilatları > Azərbaycan nazirlikləri > Azərbaycan Elm və Təhsil Nazirliyi,https://az.wikipedia.org/wiki/Kateqoriya%3AAz%C9%99rbaycan_Elm_v%C9%99_T%C9%99hsil_Nazirliyi,az.wikipedia.org,https://az.wikipedia.org/wiki/Kateqoriya%3AAz%C9%99rbaycan%C4%B1n_d%C3%B6vl%C9%99t_t%C9%99%C5%9Fkilatlar%C4%B1
gov-0116,Peşə Təhsili üzrə Dövlət Agentliyi,organization,,agency,https://az.wikipedia.org/wiki/Pe%C5%9F%C9%99_T%C9%99hsili_%C3%BCzr%C9%99_D%C3%B6vl%C9%99t_Agentliyi,Azərbaycanın dövlət təşkilatları > Azərbaycan nazirlikləri > Azərbaycan Elm və Təhsil Nazirliyi,Azərbaycanın dövlət təşkilatları > Azərbaycan nazirlikləri > Azərbaycan Elm və Təhsil Nazirliyi,https://az.wikipedia.org/wiki/Kateqoriya%3AAz%C9%99rbaycan_Elm_v%C9%99_T%C9%99hsil_Nazirliyi,az.wikipedia.org,https://az.wikipedia.org/wiki/Kateqoriya%3AAz%C9%99rbaycan%C4%B1n_d%C3%B6vl%C9%99t_t%C9%99%C5%9Fkilatlar%C4%B1
gov-0117,Təhsildə Keyfiyyət Təminatı Agentliyi (Azərbaycan),organization,,agency,https://az.wikipedia.org/wiki/T%C9%99hsild%C9%99_Keyfiyy%C9%99t_T%C9%99minat%C4%B1_Agentliyi_%28Az%C9%99rbaycan%29,Azərbaycanın dövlət təşkilatları > Azərbaycan nazirlikləri > Azərbaycan Elm və Təhsil Nazirliyi,Azərbaycanın dövlət təşkilatları > Azərbaycan nazirlikləri > Azərbaycan Elm və Təhsil Nazirliyi,https://az.wikipedia.org/wiki/Kateqoriya%3AAz%C9%99rbaycan_Elm_v%C9%99_T%C9%99hsil_Nazirliyi,az.wikipedia.org,https://az.wikipedia.org/wiki/Kateqoriya%3AAz%C9%99rbaycan%C4%B1n_d%C3%B6vl%C9%99t_t%C9%99%C5%9Fkilatlar%C4%B1
gov-0118,Azərbaycan Respublikasının Təhsil İnstitutu,organization,,state_body,https://az.wikipedia.org/wiki/Az%C9%99rbaycan_Respublikas%C4%B1n%C4%B1n_T%C9%99hsil_%C4%B0nstitutu,Azərbaycanın dövlət təşkilatları > Azərbaycan nazirlikləri > Azərbaycan Elm və Təhsil Nazirliyi > Azərbaycan Elm və Təhsil Nazirliyinin institut və təşkilatları,Azərbaycanın dövlət təşkilatları > Azərbaycan nazirlikləri > Azərbaycan Elm və Təhsil Nazirliyi > Azərbaycan Elm və Təhsil Nazirliyinin institut və təşkilatları,https://az.wikipedia.org/wiki/Kateqoriya%3AAz%C9%99rbaycan_Elm_v%C9%99_T%C9%99hsil_Nazirliyinin_institut_v%C9%99_t%C9%99%C5%9Fkilatlar%C4%B1,az.wikipedia.org,https://az.wikipedia.org/wiki/Kateqoriya%3AAz%C9%99rbaycan%C4%B1n_d%C3%B6vl%C9%99t_t%C9%99%C5%9Fkilatlar%C4%B1
gov-0119,Aşqarlar Kimyası İnstitutu (Azərbaycan),organization,,state_body,https://az.wikipedia.org/wiki/A%C5%9Fqarlar_Kimyas%C4%B1_%C4%B0nstitutu_%28Az%C9%99rbaycan%29,Azərbaycanın dövlət təşkilatları > Azərbaycan nazirlikləri > Azərbaycan Elm və Təhsil Nazirliyi > Azərbaycan Elm və Təhsil Nazirliyinin institut və təşkilatları,Azərbaycanın dövlət təşkilatları > Azərbaycan nazirlikləri > Azərbaycan Elm və Təhsil Nazirliyi > Azərbaycan Elm və Təhsil Nazirliyinin institut və təşkilatları | Azərbaycanın dövlət təşkilatları > Azərbaycan nazirlikləri > Azərbaycan Elm və Təhsil Nazirliyi > Azərbaycan Elm və Təhsil Nazirliyinin institut və təşkilatları > Aşqarlar Kimyası İnstitutu,https://az.wikipedia.org/wiki/Kateqoriya%3AAz%C9%99rbaycan_Elm_v%C9%99_T%C9%99hsil_Nazirliyinin_institut_v%C9%99_t%C9%99%C5%9Fkilatlar%C4%B1,az.wikipedia.org,https://az.wikipedia.org/wiki/Kateqoriya%3AAz%C9%99rbaycan%C4%B1n_d%C3%B6vl%C9%99t_t%C9%99%C5%9Fkilatlar%C4%B1
gov-0120,Biofizika İnstitutu (Azərbaycan),organization,,state_body,https://az.wikipedia.org/wiki/Biofizika_%C4%B0nstitutu_%28Az%C9%99rbaycan%29,Azərbaycanın dövlət təşkilatları > Azərbaycan nazirlikləri > Azərbaycan Elm və Təhsil Nazirliyi > Azərbaycan Elm və Təhsil Nazirliyinin institut və təşkilatları,Azərbaycanın dövlət təşkilatları > Azərbaycan nazirlikləri > Azərbaycan Elm və Təhsil Nazirliyi > Azərbaycan Elm və Təhsil Nazirliyinin institut və təşkilatları | Azərbaycanın dövlət təşkilatları > Azərbaycan nazirlikləri > Azərbaycan Elm və Təhsil Nazirliyi > Azərbaycan Elm və Təhsil Nazirliyinin institut və təşkilatları > AMEA Biofizika İnstitutu,https://az.wikipedia.org/wiki/Kateqoriya%3AAz%C9%99rbaycan_Elm_v%C9%99_T%C9%99hsil_Nazirliyinin_institut_v%C9%99_t%C9%99%C5%9Fkilatlar%C4%B1,az.wikipedia.org,https://az.wikipedia.org/wiki/Kateqoriya%3AAz%C9%99rbaycan%C4%B1n_d%C3%B6vl%C9%99t_t%C9%99%C5%9Fkilatlar%C4%B1
gov-0121,Coğrafiya İnstitutu (Azərbaycan),organization,,state_body,https://az.wikipedia.org/wiki/Co%C4%9Frafiya_%C4%B0nstitutu_%28Az%C9%99rbaycan%29,Azərbaycanın dövlət təşkilatları > Azərbaycan nazirlikləri > Azərbaycan Elm və Təhsil Nazirliyi > Azərbaycan Elm və Təhsil Nazirliyinin institut və təşkilatları,Azərbaycanın dövlət təşkilatları > Azərbaycan nazirlikləri > Azərbaycan Elm və Təhsil Nazirliyi > Azərbaycan Elm və Təhsil Nazirliyinin institut və təşkilatları | Azərbaycanın dövlət təşkilatları > Azərbaycan nazirlikləri > Azərbaycan Elm və Təhsil Nazirliyi > Azərbaycan Elm və Təhsil Nazirliyinin institut və təşkilatları > AMEA Coğrafiya İnstitutu,https://az.wikipedia.org/wiki/Kateqoriya%3AAz%C9%99rbaycan_Elm_v%C9%99_T%C9%99hsil_Nazirliyinin_institut_v%C9%99_t%C9%99%C5%9Fkilatlar%C4%B1,az.wikipedia.org,https://az.wikipedia.org/wiki/Kateqoriya%3AAz%C9%99rbaycan%C4%B1n_d%C3%B6vl%C9%99t_t%C9%99%C5%9Fkilatlar%C4%B1
gov-0122,Dendrologiya İnstitutu (Azərbaycan),organization,,state_body,https://az.wikipedia.org/wiki/Dendrologiya_%C4%B0nstitutu_%28Az%C9%99rbaycan%29,Azərbaycanın dövlət təşkilatları > Azərbaycan nazirlikləri > Azərbaycan Elm və Təhsil Nazirliyi > Azərbaycan Elm və Təhsil Nazirliyinin institut və təşkilatları,Azərbaycanın dövlət təşkilatları > Azərbaycan nazirlikləri > Azərbaycan Elm və Təhsil Nazirliyi > Azərbaycan Elm və Təhsil Nazirliyinin institut və təşkilatları,https://az.wikipedia.org/wiki/Kateqoriya%3AAz%C9%99rbaycan_Elm_v%C9%99_T%C9%99hsil_Nazirliyinin_institut_v%C9%99_t%C9%99%C5%9Fkilatlar%C4%B1,az.wikipedia.org,https://az.wikipedia.org/wiki/Kateqoriya%3AAz%C9%99rbaycan%C4%B1n_d%C3%B6vl%C9%99t_t%C9%99%C5%9Fkilatlar%C4%B1
gov-0123,Genetik Ehtiyatlar İnstitutu (Azərbaycan),organization,,state_body,https://az.wikipedia.org/wiki/Genetik_Ehtiyatlar_%C4%B0nstitutu_%28Az%C9%99rbaycan%29,Azərbaycanın dövlət təşkilatları > Azərbaycan nazirlikləri > Azərbaycan Elm və Təhsil Nazirliyi > Azərbaycan Elm və Təhsil Nazirliyinin institut və təşkilatları,Azərbaycanın dövlət təşkilatları > Azərbaycan nazirlikləri > Azərbaycan Elm və Təhsil Nazirliyi > Azərbaycan Elm və Təhsil Nazirliyinin institut və təşkilatları | Azərbaycanın dövlət təşkilatları > Azərbaycan nazirlikləri > Azərbaycan Elm və Təhsil Nazirliyi > Azərbaycan Elm və Təhsil Nazirliyinin institut və təşkilatları > AMEA Genetik Ehtiyatlar İnstitutu,https://az.wikipedia.org/wiki/Kateqoriya%3AAz%C9%99rbaycan_Elm_v%C9%99_T%C9%99hsil_Nazirliyinin_institut_v%C9%99_t%C9%99%C5%9Fkilatlar%C4%B1,az.wikipedia.org,https://az.wikipedia.org/wiki/Kateqoriya%3AAz%C9%99rbaycan%C4%B1n_d%C3%B6vl%C9%99t_t%C9%99%C5%9Fkilatlar%C4%B1
gov-0124,Geologiya İnstitutu (Azərbaycan),organization,,state_body,https://az.wikipedia.org/wiki/Geologiya_%C4%B0nstitutu_%28Az%C9%99rbaycan%29,Azərbaycanın dövlət təşkilatları > Azərbaycan nazirlikləri > Azərbaycan Elm və Təhsil Nazirliyi > Azərbaycan Elm və Təhsil Nazirliyinin institut və təşkilatları,Azərbaycanın dövlət təşkilatları > Azərbaycan nazirlikləri > Azərbaycan Elm və Təhsil Nazirliyi > Azərbaycan Elm və Təhsil Nazirliyinin institut və təşkilatları | Azərbaycanın dövlət təşkilatları > Azərbaycan nazirlikləri > Azərbaycan Elm və Təhsil Nazirliyi > Azərbaycan Elm və Təhsil Nazirliyinin institut və təşkilatları > AMEA Geologiya və Geofizika İnstitutu,https://az.wikipedia.org/wiki/Kateqoriya%3AAz%C9%99rbaycan_Elm_v%C9%99_T%C9%99hsil_Nazirliyinin_institut_v%C9%99_t%C9%99%C5%9Fkilatlar%C4%B1,az.wikipedia.org,https://az.wikipedia.org/wiki/Kateqoriya%3AAz%C9%99rbaycan%C4%B1n_d%C3%B6vl%C9%99t_t%C9%99%C5%9Fkilatlar%C4%B1
gov-0125,İnformasiya Texnologiyaları İnstitutu (Azərbaycan),organization,,state_body,https://az.wikipedia.org/wiki/%C4%B0nformasiya_Texnologiyalar%C4%B1_%C4%B0nstitutu_%28Az%C9%99rbaycan%29,Azərbaycanın dövlət təşkilatları > Azərbaycan nazirlikləri > Azərbaycan Elm və Təhsil Nazirliyi > Azərbaycan Elm və Təhsil Nazirliyinin institut və təşkilatları,Azərbaycanın dövlət təşkilatları > Azərbaycan nazirlikləri > Azərbaycan Elm və Təhsil Nazirliyi > Azərbaycan Elm və Təhsil Nazirliyinin institut və təşkilatları | Azərbaycanın dövlət təşkilatları > Azərbaycan nazirlikləri > Azərbaycan Elm və Təhsil Nazirliyi > Azərbaycan Elm və Təhsil Nazirliyinin institut və təşkilatları > İnformasiya Texnologiyaları İnstitutu (Azərbaycan),https://az.wikipedia.org/wiki/Kateqoriya%3AAz%C9%99rbaycan_Elm_v%C9%99_T%C9%99hsil_Nazirliyinin_institut_v%C9%99_t%C9%99%C5%9Fkilatlar%C4%B1,az.wikipedia.org,https://az.wikipedia.org/wiki/Kateqoriya%3AAz%C9%99rbaycan%C4%B1n_d%C3%B6vl%C9%99t_t%C9%99%C5%9Fkilatlar%C4%B1
gov-0126,Kibernetika İnstitutu,organization,,state_body,https://az.wikipedia.org/wiki/Kibernetika_%C4%B0nstitutu,Azərbaycanın dövlət təşkilatları > Azərbaycan nazirlikləri > Azərbaycan Elm və Təhsil Nazirliyi > Azərbaycan Elm və Təhsil Nazirliyinin institut və təşkilatları,Azərbaycanın dövlət təşkilatları > Azərbaycan nazirlikləri > Azərbaycan Elm və Təhsil Nazirliyi > Azərbaycan Elm və Təhsil Nazirliyinin institut və təşkilatları | Azərbaycanın dövlət təşkilatları > Azərbaycan nazirlikləri > Azərbaycan Elm və Təhsil Nazirliyi > Azərbaycan Elm və Təhsil Nazirliyinin institut və təşkilatları > İdarəetmə Sistemləri İnstitutu (Azərbaycan),https://az.wikipedia.org/wiki/Kateqoriya%3AAz%C9%99rbaycan_Elm_v%C9%99_T%C9%99hsil_Nazirliyinin_institut_v%C9%99_t%C9%99%C5%9Fkilatlar%C4%B1,az.wikipedia.org,https://az.wikipedia.org/wiki/Kateqoriya%3AAz%C9%99rbaycan%C4%B1n_d%C3%B6vl%C9%99t_t%C9%99%C5%9Fkilatlar%C4%B1
gov-0127,Kimya İnstitutu (Azərbaycan),organization,,state_body,https://az.wikipedia.org/wiki/Kimya_%C4%B0nstitutu_%28Az%C9%99rbaycan%29,Azərbaycanın dövlət təşkilatları > Azərbaycan nazirlikləri > Azərbaycan Elm və Təhsil Nazirliyi > Azərbaycan Elm və Təhsil Nazirliyinin institut və təşkilatları,Azərbaycanın dövlət təşkilatları > Azərbaycan nazirlikləri > Azərbaycan Elm və Təhsil Nazirliyi > Azərbaycan Elm və Təhsil Nazirliyinin institut və təşkilatları,https://az.wikipedia.org/wiki/Kateqoriya%3AAz%C9%99rbaycan_Elm_v%C9%99_T%C9%99hsil_Nazirliyinin_institut_v%C9%99_t%C9%99%C5%9Fkilatlar%C4%B1,az.wikipedia.org,https://az.wikipedia.org/wiki/Kateqoriya%3AAz%C9%99rbaycan%C4%B1n_d%C3%B6vl%C9%99t_t%C9%99%C5%9Fkilatlar%C4%B1
gov-0128,Molekulyar Biologiya İnstitutu (Azərbaycan),organization,,state_body,https://az.wikipedia.org/wiki/Molekulyar_Biologiya_%C4%B0nstitutu_%28Az%C9%99rbaycan%29,Azərbaycanın dövlət təşkilatları > Azərbaycan nazirlikləri > Azərbaycan Elm və Təhsil Nazirliyi > Azərbaycan Elm və Təhsil Nazirliyinin institut və təşkilatları,Azərbaycanın dövlət təşkilatları > Azərbaycan nazirlikləri > Azərbaycan Elm və Təhsil Nazirliyi > Azərbaycan Elm və Təhsil Nazirliyinin institut və təşkilatları,https://az.wikipedia.org/wiki/Kateqoriya%3AAz%C9%99rbaycan_Elm_v%C9%99_T%C9%99hsil_Nazirliyinin_institut_v%C9%99_t%C9%99%C5%9Fkilatlar%C4%B1,az.wikipedia.org,https://az.wikipedia.org/wiki/Kateqoriya%3AAz%C9%99rbaycan%C4%B1n_d%C3%B6vl%C9%99t_t%C9%99%C5%9Fkilatlar%C4%B1
gov-0129,Molekulyar Biologiya və Biotexnologiyalar İnstitutu,organization,,state_body,https://az.wikipedia.org/wiki/Molekulyar_Biologiya_v%C9%99_Biotexnologiyalar_%C4%B0nstitutu,Azərbaycanın dövlət təşkilatları > Azərbaycan nazirlikləri > Azərbaycan Elm və Təhsil Nazirliyi > Azərbaycan Elm və Təhsil Nazirliyinin institut və təşkilatları,Azərbaycanın dövlət təşkilatları > Azərbaycan nazirlikləri > Azərbaycan Elm və Təhsil Nazirliyi > Azərbaycan Elm və Təhsil Nazirliyinin institut və təşkilatları,https://az.wikipedia.org/wiki/Kateqoriya%3AAz%C9%99rbaycan_Elm_v%C9%99_T%C9%99hsil_Nazirliyinin_institut_v%C9%99_t%C9%99%C5%9Fkilatlar%C4%B1,az.wikipedia.org,https://az.wikipedia.org/wiki/Kateqoriya%3AAz%C9%99rbaycan%C4%B1n_d%C3%B6vl%C9%99t_t%C9%99%C5%9Fkilatlar%C4%B1
gov-0130,Neft-Kimya Prosesləri İnstitutu (Azərbaycan),organization,,state_body,https://az.wikipedia.org/wiki/Neft-Kimya_Prosesl%C9%99ri_%C4%B0nstitutu_%28Az%C9%99rbaycan%29,Azərbaycanın dövlət təşkilatları > Azərbaycan nazirlikləri > Azərbaycan Elm və Təhsil Nazirliyi > Azərbaycan Elm və Təhsil Nazirliyinin institut və təşkilatları,Azərbaycanın dövlət təşkilatları > Azərbaycan nazirlikləri > Azərbaycan Elm və Təhsil Nazirliyi > Azərbaycan Elm və Təhsil Nazirliyinin institut və təşkilatları | Azərbaycanın dövlət təşkilatları > Azərbaycan nazirlikləri > Azərbaycan Elm və Təhsil Nazirliyi > Azərbaycan Elm və Təhsil Nazirliyinin institut və təşkilatları > AMEA Neft-Kimya Prosesləri İnstitutu,https://az.wikipedia.org/wiki/Kateqoriya%3AAz%C9%99rbaycan_Elm_v%C9%99_T%C9%99hsil_Nazirliyinin_institut_v%C9%99_t%C9%99%C5%9Fkilatlar%C4%B1,az.wikipedia.org,https://az.wikipedia.org/wiki/Kateqoriya%3AAz%C9%99rbaycan%C4%B1n_d%C3%B6vl%C9%99t_t%C9%99%C5%9Fkilatlar%C4%B1
gov-0131,Təhsil İşçilərinin Peşəkar İnkişafı İnstitutu,organization,,state_body,https://az.wikipedia.org/wiki/T%C9%99hsil_%C4%B0%C5%9F%C3%A7il%C9%99rinin_Pe%C5%9F%C9%99kar_%C4%B0nki%C5%9Faf%C4%B1_%C4%B0nstitutu,Azərbaycanın dövlət təşkilatları > Azərbaycan nazirlikləri > Azərbaycan Elm və Təhsil Nazirliyi > Azərbaycan Elm və Təhsil Nazirliyinin institut və təşkilatları,Azərbaycanın dövlət təşkilatları > Azərbaycan nazirlikləri > Azərbaycan Elm və Təhsil Nazirliyi > Azərbaycan Elm və Təhsil Nazirliyinin institut və təşkilatları,https://az.wikipedia.org/wiki/Kateqoriya%3AAz%C9%99rbaycan_Elm_v%C9%99_T%C9%99hsil_Nazirliyinin_institut_v%C9%99_t%C9%99%C5%9Fkilatlar%C4%B1,az.wikipedia.org,https://az.wikipedia.org/wiki/Kateqoriya%3AAz%C9%99rbaycan%C4%B1n_d%C3%B6vl%C9%99t_t%C9%99%C5%9Fkilatlar%C4%B1
gov-0132,Fizika İnstitutu (Azərbaycan),organization,,state_body,https://az.wikipedia.org/wiki/Fizika_%C4%B0nstitutu_%28Az%C9%99rbaycan%29,Azərbaycanın dövlət təşkilatları > Azərbaycan nazirlikləri > Azərbaycan Elm və Təhsil Nazirliyi > Azərbaycan Elm və Təhsil Nazirliyinin institut və təşkilatları > AMEA Fizika İnstitutu,Azərbaycanın dövlət təşkilatları > Azərbaycan nazirlikləri > Azərbaycan Elm və Təhsil Nazirliyi > Azərbaycan Elm və Təhsil Nazirliyinin institut və təşkilatları > AMEA Fizika İnstitutu,https://az.wikipedia.org/wiki/Kateqoriya%3AAMEA_Fizika_%C4%B0nstitutu,az.wikipedia.org,https://az.wikipedia.org/wiki/Kateqoriya%3AAz%C9%99rbaycan%C4%B1n_d%C3%B6vl%C9%99t_t%C9%99%C5%9Fkilatlar%C4%B1
gov-0133,Fiziologiya İnstitutu (Azərbaycan),organization,,state_body,https://az.wikipedia.org/wiki/Fiziologiya_%C4%B0nstitutu_%28Az%C9%99rbaycan%29,Azərbaycanın dövlət təşkilatları > Azərbaycan nazirlikləri > Azərbaycan Elm və Təhsil Nazirliyi > Azərbaycan Elm və Təhsil Nazirliyinin institut və təşkilatları > AMEA Fiziologiya İnstitutu,Azərbaycanın dövlət təşkilatları > Azərbaycan nazirlikləri > Azərbaycan Elm və Təhsil Nazirliyi > Azərbaycan Elm və Təhsil Nazirliyinin institut və təşkilatları > AMEA Fiziologiya İnstitutu,https://az.wikipedia.org/wiki/Kateqoriya%3AAMEA_Fiziologiya_%C4%B0nstitutu,az.wikipedia.org,https://az.wikipedia.org/wiki/Kateqoriya%3AAz%C9%99rbaycan%C4%B1n_d%C3%B6vl%C9%99t_t%C9%99%C5%9Fkilatlar%C4%B1
gov-0134,Polimer Materialları İnstitutu (Azərbaycan),organization,,state_body,https://az.wikipedia.org/wiki/Polimer_Materiallar%C4%B1_%C4%B0nstitutu_%28Az%C9%99rbaycan%29,Azərbaycanın dövlət təşkilatları > Azərbaycan nazirlikləri > Azərbaycan Elm və Təhsil Nazirliyi > Azərbaycan Elm və Təhsil Nazirliyinin institut və təşkilatları > AMEA Polimer Materialları İnstitutu,Azərbaycanın dövlət təşkilatları > Azərbaycan nazirlikləri > Azərbaycan Elm və Təhsil Nazirliyi > Azərbaycan Elm və Təhsil Nazirliyinin institut və təşkilatları > AMEA Polimer Materialları İnstitutu,https://az.wikipedia.org/wiki/Kateqoriya%3AAMEA_Polimer_Materiallar%C4%B1_%C4%B0nstitutu,az.wikipedia.org,https://az.wikipedia.org/wiki/Kateqoriya%3AAz%C9%99rbaycan%C4%B1n_d%C3%B6vl%C9%99t_t%C9%99%C5%9Fkilatlar%C4%B1
gov-0135,Radiasiya Problemləri İnstitutu (Azərbaycan),organization,,state_body,https://az.wikipedia.org/wiki/Radiasiya_Probleml%C9%99ri_%C4%B0nstitutu_%28Az%C9%99rbaycan%29,Azərbaycanın dövlət təşkilatları > Azərbaycan nazirlikləri > Azərbaycan Elm və Təhsil Nazirliyi > Azərbaycan Elm və Təhsil Nazirliyinin institut və təşkilatları > AMEA Radiasiya Problemləri İnstitutu,Azərbaycanın dövlət təşkilatları > Azərbaycan nazirlikləri > Azərbaycan Elm və Təhsil Nazirliyi > Azərbaycan Elm və Təhsil Nazirliyinin institut və təşkilatları > AMEA Radiasiya Problemləri İnstitutu,https://az.wikipedia.org/wiki/Kateqoriya%3AAMEA_Radiasiya_Probleml%C9%99ri_%C4%B0nstitutu,az.wikipedia.org,https://az.wikipedia.org/wiki/Kateqoriya%3AAz%C9%99rbaycan%C4%B1n_d%C3%B6vl%C9%99t_t%C9%99%C5%9Fkilatlar%C4%B1
gov-0136,Riyaziyyat və Mexanika İnstitutu,organization,,state_body,https://az.wikipedia.org/wiki/Riyaziyyat_v%C9%99_Mexanika_%C4%B0nstitutu,Azərbaycanın dövlət təşkilatları > Azərbaycan nazirlikləri > Azərbaycan Elm və Təhsil Nazirliyi > Azərbaycan Elm və Təhsil Nazirliyinin institut və təşkilatları > AMEA Riyaziyyat və Mexanika İnstitutu,Azərbaycanın dövlət təşkilatları > Azərbaycan nazirlikləri > Azərbaycan Elm və Təhsil Nazirliyi > Azərbaycan Elm və Təhsil Nazirliyinin institut və təşkilatları > AMEA Riyaziyyat və Mexanika İnstitutu,https://az.wikipedia.org/wiki/Kateqoriya%3AAMEA_Riyaziyyat_v%C9%99_Mexanika_%C4%B0nstitutu,az.wikipedia.org,https://az.wikipedia.org/wiki/Kateqoriya%3AAz%C9%99rbaycan%C4%B1n_d%C3%B6vl%C9%99t_t%C9%99%C5%9Fkilatlar%C4%B1
gov-0137,Torpaqşünaslıq və Aqrokimya İnstitutu (Azərbaycan),organization,,state_body,https://az.wikipedia.org/wiki/Torpaq%C5%9F%C3%BCnasl%C4%B1q_v%C9%99_Aqrokimya_%C4%B0nstitutu_%28Az%C9%99rbaycan%29,Azərbaycanın dövlət təşkilatları > Azərbaycan nazirlikləri > Azərbaycan Elm və Təhsil Nazirliyi > Azərbaycan Elm və Təhsil Nazirliyinin institut və təşkilatları > AMEA Torpaqşünaslıq və Aqrokimya İnstitutu,Azərbaycanın dövlət təşkilatları > Azərbaycan nazirlikləri > Azərbaycan Elm və Təhsil Nazirliyi > Azərbaycan Elm və Təhsil Nazirliyinin institut və təşkilatları > AMEA Torpaqşünaslıq və Aqrokimya İnstitutu,https://az.wikipedia.org/wiki/Kateqoriya%3AAMEA_Torpaq%C5%9F%C3%BCnasl%C4%B1q_v%C9%99_Aqrokimya_%C4%B0nstitutu,az.wikipedia.org,https://az.wikipedia.org/wiki/Kateqoriya%3AAz%C9%99rbaycan%C4%B1n_d%C3%B6vl%C9%99t_t%C9%99%C5%9Fkilatlar%C4%B1
gov-0138,Botanika İnstitutu (Azərbaycan),organization,,state_body,https://az.wikipedia.org/wiki/Botanika_%C4%B0nstitutu_%28Az%C9%99rbaycan%29,Azərbaycanın dövlət təşkilatları > Azərbaycan nazirlikləri > Azərbaycan Elm və Təhsil Nazirliyi > Azərbaycan Elm və Təhsil Nazirliyinin institut və təşkilatları > Botanika İnstitutu (Azərbaycan),Azərbaycanın dövlət təşkilatları > Azərbaycan nazirlikləri > Azərbaycan Elm və Təhsil Nazirliyi > Azərbaycan Elm və Təhsil Nazirliyinin institut və təşkilatları > Botanika İnstitutu (Azərbaycan),https://az.wikipedia.org/wiki/Kateqoriya%3ABotanika_%C4%B0nstitutu_%28Az%C9%99rbaycan%29,az.wikipedia.org,https://az.wikipedia.org/wiki/Kateqoriya%3AAz%C9%99rbaycan%C4%B1n_d%C3%B6vl%C9%99t_t%C9%99%C5%9Fkilatlar%C4%B1
gov-0139,Lokallaşdırma xidmətləri,organization,,state_body,https://az.wikipedia.org/wiki/Lokalla%C5%9Fd%C4%B1rma_xidm%C9%99tl%C9%99ri,Azərbaycanın dövlət təşkilatları > Azərbaycan nazirlikləri > Azərbaycan Elm və Təhsil Nazirliyi > Azərbaycan Elm və Təhsil Nazirliyinin institut və təşkilatları > İnformasiya Texnologiyaları İnstitutu (Azərbaycan),Azərbaycanın dövlət təşkilatları > Azərbaycan nazirlikləri > Azərbaycan Elm və Təhsil Nazirliyi > Azərbaycan Elm və Təhsil Nazirliyinin institut və təşkilatları > İnformasiya Texnologiyaları İnstitutu (Azərbaycan),https://az.wikipedia.org/wiki/Kateqoriya%3A%C4%B0nformasiya_Texnologiyalar%C4%B1_%C4%B0nstitutu_%28Az%C9%99rbaycan%29,az.wikipedia.org,https://az.wikipedia.org/wiki/Kateqoriya%3AAz%C9%99rbaycan%C4%B1n_d%C3%B6vl%C9%99t_t%C9%99%C5%9Fkilatlar%C4%B1
gov-0140,Energetika Nazirliyi (Azərbaycan),organization,,ministry,https://az.wikipedia.org/wiki/Energetika_Nazirliyi_%28Az%C9%99rbaycan%29,Azərbaycanın dövlət təşkilatları > Azərbaycan nazirlikləri > Azərbaycan Energetika Nazirliyi,Azərbaycanın dövlət təşkilatları > Azərbaycan nazirlikləri > Azərbaycan Energetika Nazirliyi,https://az.wikipedia.org/wiki/Kateqoriya%3AAz%C9%99rbaycan_Energetika_Nazirliyi,az.wikipedia.org,https://az.wikipedia.org/wiki/Kateqoriya%3AAz%C9%99rbaycan%C4%B1n_d%C3%B6vl%C9%99t_t%C9%99%C5%9Fkilatlar%C4%B1
gov-0141,Dövlət Yanğından Mühafizə Xidməti (Azərbaycan),organization,,state_service,https://az.wikipedia.org/wiki/D%C3%B6vl%C9%99t_Yan%C4%9F%C4%B1ndan_M%C3%BChafiz%C9%99_Xidm%C9%99ti_%28Az%C9%99rbaycan%29,Azərbaycanın dövlət təşkilatları > Azərbaycan nazirlikləri > Azərbaycan Fövqəladə Hallar Nazirliyi,Azərbaycanın dövlət təşkilatları > Azərbaycan nazirlikləri > Azərbaycan Fövqəladə Hallar Nazirliyi,https://az.wikipedia.org/wiki/Kateqoriya%3AAz%C9%99rbaycan_F%C3%B6vq%C9%99lad%C9%99_Hallar_Nazirliyi,az.wikipedia.org,https://az.wikipedia.org/wiki/Kateqoriya%3AAz%C9%99rbaycan%C4%B1n_d%C3%B6vl%C9%99t_t%C9%99%C5%9Fkilatlar%C4%B1
gov-0142,Fövqəladə Hallar Nazirliyi (Azərbaycan),organization,,ministry,https://az.wikipedia.org/wiki/F%C3%B6vq%C9%99lad%C9%99_Hallar_Nazirliyi_%28Az%C9%99rbaycan%29,Azərbaycanın dövlət təşkilatları > Azərbaycan nazirlikləri > Azərbaycan Fövqəladə Hallar Nazirliyi,Azərbaycanın dövlət təşkilatları > Azərbaycan nazirlikləri > Azərbaycan Fövqəladə Hallar Nazirliyi,https://az.wikipedia.org/wiki/Kateqoriya%3AAz%C9%99rbaycan_F%C3%B6vq%C9%99lad%C9%99_Hallar_Nazirliyi,az.wikipedia.org,https://az.wikipedia.org/wiki/Kateqoriya%3AAz%C9%99rbaycan%C4%B1n_d%C3%B6vl%C9%99t_t%C9%99%C5%9Fkilatlar%C4%B1
gov-0143,Fövqəladə Hallar Nazirliyinin Akademiyası (Azərbaycan),organization,,ministry,https://az.wikipedia.org/wiki/F%C3%B6vq%C9%99lad%C9%99_Hallar_Nazirliyinin_Akademiyas%C4%B1_%28Az%C9%99rbaycan%29,Azərbaycanın dövlət təşkilatları > Azərbaycan nazirlikləri > Azərbaycan Fövqəladə Hallar Nazirliyi,Azərbaycanın dövlət təşkilatları > Azərbaycan nazirlikləri > Azərbaycan Fövqəladə Hallar Nazirliyi,https://az.wikipedia.org/wiki/Kateqoriya%3AAz%C9%99rbaycan_F%C3%B6vq%C9%99lad%C9%99_Hallar_Nazirliyi,az.wikipedia.org,https://az.wikipedia.org/wiki/Kateqoriya%3AAz%C9%99rbaycan%C4%B1n_d%C3%B6vl%C9%99t_t%C9%99%C5%9Fkilatlar%C4%B1
gov-0144,Kiçikhəcmli Gəmilərə Nəzarət və Sularda Xilasetmə Dövlət Xidməti,organization,,state_service,https://az.wikipedia.org/wiki/Ki%C3%A7ikh%C9%99cmli_G%C9%99mil%C9%99r%C9%99_N%C9%99zar%C9%99t_v%C9%99_Sularda_Xilasetm%C9%99_D%C3%B6vl%C9%99t_Xidm%C9%99ti,Azərbaycanın dövlət təşkilatları > Azərbaycan nazirlikləri > Azərbaycan Fövqəladə Hallar Nazirliyi,Azərbaycanın dövlət təşkilatları > Azərbaycan nazirlikləri > Azərbaycan Fövqəladə Hallar Nazirliyi,https://az.wikipedia.org/wiki/Kateqoriya%3AAz%C9%99rbaycan_F%C3%B6vq%C9%99lad%C9%99_Hallar_Nazirliyi,az.wikipedia.org,https://az.wikipedia.org/wiki/Kateqoriya%3AAz%C9%99rbaycan%C4%B1n_d%C3%B6vl%C9%99t_t%C9%99%C5%9Fkilatlar%C4%B1
gov-0145,Xəzər Hövzə Qəza-Xilasetmə Xidməti (Azərbaycan),organization,,state_service,https://az.wikipedia.org/wiki/X%C9%99z%C9%99r_H%C3%B6vz%C9%99_Q%C9%99za-Xilasetm%C9%99_Xidm%C9%99ti_%28Az%C9%99rbaycan%29,Azərbaycanın dövlət təşkilatları > Azərbaycan nazirlikləri > Azərbaycan Fövqəladə Hallar Nazirliyi,Azərbaycanın dövlət təşkilatları > Azərbaycan nazirlikləri > Azərbaycan Fövqəladə Hallar Nazirliyi,https://az.wikipedia.org/wiki/Kateqoriya%3AAz%C9%99rbaycan_F%C3%B6vq%C9%99lad%C9%99_Hallar_Nazirliyi,az.wikipedia.org,https://az.wikipedia.org/wiki/Kateqoriya%3AAz%C9%99rbaycan%C4%B1n_d%C3%B6vl%C9%99t_t%C9%99%C5%9Fkilatlar%C4%B1
gov-0146,Azərbaycan Ciu-Citsu Federasiyası,organization,,state_body,https://az.wikipedia.org/wiki/Az%C9%99rbaycan_Ciu-Citsu_Federasiyas%C4%B1,Azərbaycanın dövlət təşkilatları > Azərbaycan nazirlikləri > Azərbaycan Gənclər və İdman Nazirliyi,Azərbaycanın dövlət təşkilatları > Azərbaycan nazirlikləri > Azərbaycan Gənclər və İdman Nazirliyi,https://az.wikipedia.org/wiki/Kateqoriya%3AAz%C9%99rbaycan_G%C9%99ncl%C9%99r_v%C9%99_%C4%B0dman_Nazirliyi,az.wikipedia.org,https://az.wikipedia.org/wiki/Kateqoriya%3AAz%C9%99rbaycan%C4%B1n_d%C3%B6vl%C9%99t_t%C9%99%C5%9Fkilatlar%C4%B1
gov-0147,Gənclər və İdman Nazirliyi (Azərbaycan),organization,,ministry,https://az.wikipedia.org/wiki/G%C9%99ncl%C9%99r_v%C9%99_%C4%B0dman_Nazirliyi_%28Az%C9%99rbaycan%29,Azərbaycanın dövlət təşkilatları > Azərbaycan nazirlikləri > Azərbaycan Gənclər və İdman Nazirliyi,Azərbaycanın dövlət təşkilatları > Azərbaycan nazirlikləri > Azərbaycan Gənclər və İdman Nazirliyi,https://az.wikipedia.org/wiki/Kateqoriya%3AAz%C9%99rbaycan_G%C9%99ncl%C9%99r_v%C9%99_%C4%B0dman_Nazirliyi,az.wikipedia.org,https://az.wikipedia.org/wiki/Kateqoriya%3AAz%C9%99rbaycan%C4%B1n_d%C3%B6vl%C9%99t_t%C9%99%C5%9Fkilatlar%C4%B1
gov-0148,Aqromexanika Elmi-Tədqiqat İnstitutu,organization,,state_body,https://az.wikipedia.org/wiki/Aqromexanika_Elmi-T%C9%99dqiqat_%C4%B0nstitutu,Azərbaycanın dövlət təşkilatları > Azərbaycan nazirlikləri > Azərbaycan Kənd Təsərrüfatı Nazirliyi,Azərbaycanın dövlət təşkilatları > Azərbaycan nazirlikləri > Azərbaycan Kənd Təsərrüfatı Nazirliyi,https://az.wikipedia.org/wiki/Kateqoriya%3AAz%C9%99rbaycan_K%C9%99nd_T%C9%99s%C9%99rr%C3%BCfat%C4%B1_Nazirliyi,az.wikipedia.org,https://az.wikipedia.org/wiki/Kateqoriya%3AAz%C9%99rbaycan%C4%B1n_d%C3%B6vl%C9%99t_t%C9%99%C5%9Fkilatlar%C4%B1
gov-0149,Azərbaycan Elmi-Tədqiqat İpəkçilik İnstitutu,organization,,state_body,https://az.wikipedia.org/wiki/Az%C9%99rbaycan_Elmi-T%C9%99dqiqat_%C4%B0p%C9%99k%C3%A7ilik_%C4%B0nstitutu,Azərbaycanın dövlət təşkilatları > Azərbaycan nazirlikləri > Azərbaycan Kənd Təsərrüfatı Nazirliyi,Azərbaycanın dövlət təşkilatları > Azərbaycan nazirlikləri > Azərbaycan Kənd Təsərrüfatı Nazirliyi,https://az.wikipedia.org/wiki/Kateqoriya%3AAz%C9%99rbaycan_K%C9%99nd_T%C9%99s%C9%99rr%C3%BCfat%C4%B1_Nazirliyi,az.wikipedia.org,https://az.wikipedia.org/wiki/Kateqoriya%3AAz%C9%99rbaycan%C4%B1n_d%C3%B6vl%C9%99t_t%C9%99%C5%9Fkilatlar%C4%B1
gov-0150,Baytarlıq Elmi-Tədqiqat İnstitutu,organization,,state_body,https://az.wikipedia.org/wiki/Baytarl%C4%B1q_Elmi-T%C9%99dqiqat_%C4%B0nstitutu,Azərbaycanın dövlət təşkilatları > Azərbaycan nazirlikləri > Azərbaycan Kənd Təsərrüfatı Nazirliyi,Azərbaycanın dövlət təşkilatları > Azərbaycan nazirlikləri > Azərbaycan Kənd Təsərrüfatı Nazirliyi,https://az.wikipedia.org/wiki/Kateqoriya%3AAz%C9%99rbaycan_K%C9%99nd_T%C9%99s%C9%99rr%C3%BCfat%C4%B1_Nazirliyi,az.wikipedia.org,https://az.wikipedia.org/wiki/Kateqoriya%3AAz%C9%99rbaycan%C4%B1n_d%C3%B6vl%C9%99t_t%C9%99%C5%9Fkilatlar%C4%B1
gov-0151,Bitki Mühafizə və Texniki Bitkilər Elmi-Tədqiqat İnstitutu,organization,,state_body,https://az.wikipedia.org/wiki/Bitki_M%C3%BChafiz%C9%99_v%C9%99_Texniki_Bitkil%C9%99r_Elmi-T%C9%99dqiqat_%C4%B0nstitutu,Azərbaycanın dövlət təşkilatları > Azərbaycan nazirlikləri > Azərbaycan Kənd Təsərrüfatı Nazirliyi,Azərbaycanın dövlət təşkilatları > Azərbaycan nazirlikləri > Azərbaycan Kənd Təsərrüfatı Nazirliyi,https://az.wikipedia.org/wiki/Kateqoriya%3AAz%C9%99rbaycan_K%C9%99nd_T%C9%99s%C9%99rr%C3%BCfat%C4%B1_Nazirliyi,az.wikipedia.org,https://az.wikipedia.org/wiki/Kateqoriya%3AAz%C9%99rbaycan%C4%B1n_d%C3%B6vl%C9%99t_t%C9%99%C5%9Fkilatlar%C4%B1
gov-0152,Heyvandarlıq Elmi-Tədqiqat İnstitutu,organization,,state_body,https://az.wikipedia.org/wiki/Heyvandarl%C4%B1q_Elmi-T%C9%99dqiqat_%C4%B0nstitutu,Azərbaycanın dövlət təşkilatları > Azərbaycan nazirlikləri > Azərbaycan Kənd Təsərrüfatı Nazirliyi,Azərbaycanın dövlət təşkilatları > Azərbaycan nazirlikləri > Azərbaycan Kənd Təsərrüfatı Nazirliyi,https://az.wikipedia.org/wiki/Kateqoriya%3AAz%C9%99rbaycan_K%C9%99nd_T%C9%99s%C9%99rr%C3%BCfat%C4%B1_Nazirliyi,az.wikipedia.org,https://az.wikipedia.org/wiki/Kateqoriya%3AAz%C9%99rbaycan%C4%B1n_d%C3%B6vl%C9%99t_t%C9%99%C5%9Fkilatlar%C4%B1
gov-0153,Kənd Təsərrüfatı Kreditləri üzrə Dövlət Agentliyi (Azərbaycan),organization,,agency,https://az.wikipedia.org/wiki/K%C9%99nd_T%C9%99s%C9%99rr%C3%BCfat%C4%B1_Kreditl%C9%99ri_%C3%BCzr%C9%99_D%C3%B6vl%C9%99t_Agentliyi_%28Az%C9%99rbaycan%29,Azərbaycanın dövlət təşkilatları > Azərbaycan nazirlikləri > Azərbaycan Kənd Təsərrüfatı Nazirliyi,Azərbaycanın dövlət təşkilatları > Azərbaycan nazirlikləri > Azərbaycan Kənd Təsərrüfatı Nazirliyi,https://az.wikipedia.org/wiki/Kateqoriya%3AAz%C9%99rbaycan_K%C9%99nd_T%C9%99s%C9%99rr%C3%BCfat%C4%B1_Nazirliyi,az.wikipedia.org,https://az.wikipedia.org/wiki/Kateqoriya%3AAz%C9%99rbaycan%C4%B1n_d%C3%B6vl%C9%99t_t%C9%99%C5%9Fkilatlar%C4%B1
gov-0154,Kənd Təsərrüfatı Nazirliyi (Azərbaycan),organization,,ministry,https://az.wikipedia.org/wiki/K%C9%99nd_T%C9%99s%C9%99rr%C3%BCfat%C4%B1_Nazirliyi_%28Az%C9%99rbaycan%29,Azərbaycanın dövlət təşkilatları > Azərbaycan nazirlikləri > Azərbaycan Kənd Təsərrüfatı Nazirliyi,Azərbaycanın dövlət təşkilatları > Azərbaycan nazirlikləri > Azərbaycan Kənd Təsərrüfatı Nazirliyi,https://az.wikipedia.org/wiki/Kateqoriya%3AAz%C9%99rbaycan_K%C9%99nd_T%C9%99s%C9%99rr%C3%BCfat%C4%B1_Nazirliyi,az.wikipedia.org,https://az.wikipedia.org/wiki/Kateqoriya%3AAz%C9%99rbaycan%C4%B1n_d%C3%B6vl%C9%99t_t%C9%99%C5%9Fkilatlar%C4%B1
gov-0155,Meyvəçilik və Çayçılıq Elmi-Tədqiqat İnstitutu,organization,,state_body,https://az.wikipedia.org/wiki/Meyv%C9%99%C3%A7ilik_v%C9%99_%C3%87ay%C3%A7%C4%B1l%C4%B1q_Elmi-T%C9%99dqiqat_%C4%B0nstitutu,Azərbaycanın dövlət təşkilatları > Azərbaycan nazirlikləri > Azərbaycan Kənd Təsərrüfatı Nazirliyi,Azərbaycanın dövlət təşkilatları > Azərbaycan nazirlikləri > Azərbaycan Kənd Təsərrüfatı Nazirliyi,https://az.wikipedia.org/wiki/Kateqoriya%3AAz%C9%99rbaycan_K%C9%99nd_T%C9%99s%C9%99rr%C3%BCfat%C4%B1_Nazirliyi,az.wikipedia.org,https://az.wikipedia.org/wiki/Kateqoriya%3AAz%C9%99rbaycan%C4%B1n_d%C3%B6vl%C9%99t_t%C9%99%C5%9Fkilatlar%C4%B1
gov-0156,Tərəvəzçilik Elmi-Tədqiqat İnstitutu,organization,,state_body,https://az.wikipedia.org/wiki/T%C9%99r%C9%99v%C9%99z%C3%A7ilik_Elmi-T%C9%99dqiqat_%C4%B0nstitutu,Azərbaycanın dövlət təşkilatları > Azərbaycan nazirlikləri > Azərbaycan Kənd Təsərrüfatı Nazirliyi,Azərbaycanın dövlət təşkilatları > Azərbaycan nazirlikləri > Azərbaycan Kənd Təsərrüfatı Nazirliyi,https://az.wikipedia.org/wiki/Kateqoriya%3AAz%C9%99rbaycan_K%C9%99nd_T%C9%99s%C9%99rr%C3%BCfat%C4%B1_Nazirliyi,az.wikipedia.org,https://az.wikipedia.org/wiki/Kateqoriya%3AAz%C9%99rbaycan%C4%B1n_d%C3%B6vl%C9%99t_t%C9%99%C5%9Fkilatlar%C4%B1
gov-0157,Üzümçülük və Şərabçılıq Elmi-Tədqiqat İnstitutu,organization,,state_body,https://az.wikipedia.org/wiki/%C3%9Cz%C3%BCm%C3%A7%C3%BCl%C3%BCk_v%C9%99_%C5%9E%C9%99rab%C3%A7%C4%B1l%C4%B1q_Elmi-T%C9%99dqiqat_%C4%B0nstitutu,Azərbaycanın dövlət təşkilatları > Azərbaycan nazirlikləri > Azərbaycan Kənd Təsərrüfatı Nazirliyi,Azərbaycanın dövlət təşkilatları > Azərbaycan nazirlikləri > Azərbaycan Kənd Təsərrüfatı Nazirliyi,https://az.wikipedia.org/wiki/Kateqoriya%3AAz%C9%99rbaycan_K%C9%99nd_T%C9%99s%C9%99rr%C3%BCfat%C4%B1_Nazirliyi,az.wikipedia.org,https://az.wikipedia.org/wiki/Kateqoriya%3AAz%C9%99rbaycan%C4%B1n_d%C3%B6vl%C9%99t_t%C9%99%C5%9Fkilatlar%C4%B1
gov-0158,Əkinçilik Elmi-Tədqiqat İnstitutu,organization,,state_body,https://az.wikipedia.org/wiki/%C6%8Fkin%C3%A7ilik_Elmi-T%C9%99dqiqat_%C4%B0nstitutu,Azərbaycanın dövlət təşkilatları > Azərbaycan nazirlikləri > Azərbaycan Kənd Təsərrüfatı Nazirliyi,Azərbaycanın dövlət təşkilatları > Azərbaycan nazirlikləri > Azərbaycan Kənd Təsərrüfatı Nazirliyi,https://az.wikipedia.org/wiki/Kateqoriya%3AAz%C9%99rbaycan_K%C9%99nd_T%C9%99s%C9%99rr%C3%BCfat%C4%B1_Nazirliyi,az.wikipedia.org,https://az.wikipedia.org/wiki/Kateqoriya%3AAz%C9%99rbaycan%C4%B1n_d%C3%B6vl%C9%99t_t%C9%99%C5%9Fkilatlar%C4%B1
gov-0159,Dövlət Borcunun və Maliyyə Öhdəliklərinin İdarə Edilməsi Agentliyi (Azərbaycan),organization,,agency,https://az.wikipedia.org/wiki/D%C3%B6vl%C9%99t_Borcunun_v%C9%99_Maliyy%C9%99_%C3%96hd%C9%99likl%C9%99rinin_%C4%B0dar%C9%99_Edilm%C9%99si_Agentliyi_%28Az%C9%99rbaycan%29,Azərbaycanın dövlət təşkilatları > Azərbaycan nazirlikləri > Azərbaycan Maliyyə Nazirliyi,Azərbaycanın dövlət təşkilatları > Azərbaycan nazirlikləri > Azərbaycan Maliyyə Nazirliyi,https://az.wikipedia.org/wiki/Kateqoriya%3AAz%C9%99rbaycan_Maliyy%C9%99_Nazirliyi,az.wikipedia.org,https://az.wikipedia.org/wiki/Kateqoriya%3AAz%C9%99rbaycan%C4%B1n_d%C3%B6vl%C9%99t_t%C9%99%C5%9Fkilatlar%C4%B1
gov-0160,Maliyyə Nazirliyi (Azərbaycan),organization,,ministry,https://az.wikipedia.org/wiki/Maliyy%C9%99_Nazirliyi_%28Az%C9%99rbaycan%29,Azərbaycanın dövlət təşkilatları > Azərbaycan nazirlikləri > Azərbaycan Maliyyə Nazirliyi,Azərbaycanın dövlət təşkilatları > Azərbaycan nazirlikləri > Azərbaycan Maliyyə Nazirliyi,https://az.wikipedia.org/wiki/Kateqoriya%3AAz%C9%99rbaycan_Maliyy%C9%99_Nazirliyi,az.wikipedia.org,https://az.wikipedia.org/wiki/Kateqoriya%3AAz%C9%99rbaycan%C4%B1n_d%C3%B6vl%C9%99t_t%C9%99%C5%9Fkilatlar%C4%B1
gov-0161,Azərbaycan Ordusunun Təlim Tədris Mərkəzi,organization,,center,https://az.wikipedia.org/wiki/Az%C9%99rbaycan_Ordusunun_T%C9%99lim_T%C9%99dris_M%C9%99rk%C9%99zi,Azərbaycanın dövlət təşkilatları > Azərbaycan nazirlikləri > Azərbaycan Müdafiə Nazirliyi,Azərbaycanın dövlət təşkilatları > Azərbaycan nazirlikləri > Azərbaycan Müdafiə Nazirliyi,https://az.wikipedia.org/wiki/Kateqoriya%3AAz%C9%99rbaycan_M%C3%BCdafi%C9%99_Nazirliyi,az.wikipedia.org,https://az.wikipedia.org/wiki/Kateqoriya%3AAz%C9%99rbaycan%C4%B1n_d%C3%B6vl%C9%99t_t%C9%99%C5%9Fkilatlar%C4%B1
gov-0162,Azərbaycan Silahlı Qüvvələrinin Hərbi Akademiyası,organization,,state_body,https://az.wikipedia.org/wiki/Az%C9%99rbaycan_Silahl%C4%B1_Q%C3%BCvv%C9%99l%C9%99rinin_H%C9%99rbi_Akademiyas%C4%B1,Azərbaycanın dövlət təşkilatları > Azərbaycan nazirlikləri > Azərbaycan Müdafiə Nazirliyi,Azərbaycanın dövlət təşkilatları > Azərbaycan nazirlikləri > Azərbaycan Müdafiə Nazirliyi,https://az.wikipedia.org/wiki/Kateqoriya%3AAz%C9%99rbaycan_M%C3%BCdafi%C9%99_Nazirliyi,az.wikipedia.org,https://az.wikipedia.org/wiki/Kateqoriya%3AAz%C9%99rbaycan%C4%B1n_d%C3%B6vl%C9%99t_t%C9%99%C5%9Fkilatlar%C4%B1
gov-0163,Hərbi Elmi-Tədqiqat İnstitutu,organization,,state_body,https://az.wikipedia.org/wiki/H%C9%99rbi_Elmi-T%C9%99dqiqat_%C4%B0nstitutu,Azərbaycanın dövlət təşkilatları > Azərbaycan nazirlikləri > Azərbaycan Müdafiə Nazirliyi,Azərbaycanın dövlət təşkilatları > Azərbaycan nazirlikləri > Azərbaycan Müdafiə Nazirliyi,https://az.wikipedia.org/wiki/Kateqoriya%3AAz%C9%99rbaycan_M%C3%BCdafi%C9%99_Nazirliyi,az.wikipedia.org,https://az.wikipedia.org/wiki/Kateqoriya%3AAz%C9%99rbaycan%C4%B1n_d%C3%B6vl%C9%99t_t%C9%99%C5%9Fkilatlar%C4%B1
gov-0164,Hərbi İdarəetmə İnstitutu,organization,,state_body,https://az.wikipedia.org/wiki/H%C9%99rbi_%C4%B0dar%C9%99etm%C9%99_%C4%B0nstitutu,Azərbaycanın dövlət təşkilatları > Azərbaycan nazirlikləri > Azərbaycan Müdafiə Nazirliyi,Azərbaycanın dövlət təşkilatları > Azərbaycan nazirlikləri > Azərbaycan Müdafiə Nazirliyi,https://az.wikipedia.org/wiki/Kateqoriya%3AAz%C9%99rbaycan_M%C3%BCdafi%C9%99_Nazirliyi,az.wikipedia.org,https://az.wikipedia.org/wiki/Kateqoriya%3AAz%C9%99rbaycan%C4%B1n_d%C3%B6vl%C9%99t_t%C9%99%C5%9Fkilatlar%C4%B1
gov-0165,Milli Müdafiə Universiteti (Azərbaycan),organization,,state_body,https://az.wikipedia.org/wiki/Milli_M%C3%BCdafi%C9%99_Universiteti_%28Az%C9%99rbaycan%29,Azərbaycanın dövlət təşkilatları > Azərbaycan nazirlikləri > Azərbaycan Müdafiə Nazirliyi,Azərbaycanın dövlət təşkilatları > Azərbaycan nazirlikləri > Azərbaycan Müdafiə Nazirliyi,https://az.wikipedia.org/wiki/Kateqoriya%3AAz%C9%99rbaycan_M%C3%BCdafi%C9%99_Nazirliyi,az.wikipedia.org,https://az.wikipedia.org/wiki/Kateqoriya%3AAz%C9%99rbaycan%C4%B1n_d%C3%B6vl%C9%99t_t%C9%99%C5%9Fkilatlar%C4%B1
gov-0166,Müdafiə Nazirliyi (Azərbaycan),organization,,ministry,https://az.wikipedia.org/wiki/M%C3%BCdafi%C9%99_Nazirliyi_%28Az%C9%99rbaycan%29,Azərbaycanın dövlət təşkilatları > Azərbaycan nazirlikləri > Azərbaycan Müdafiə Nazirliyi,Azərbaycanın dövlət təşkilatları > Azərbaycan nazirlikləri > Azərbaycan Müdafiə Nazirliyi,https://az.wikipedia.org/wiki/Kateqoriya%3AAz%C9%99rbaycan_M%C3%BCdafi%C9%99_Nazirliyi,az.wikipedia.org,https://az.wikipedia.org/wiki/Kateqoriya%3AAz%C9%99rbaycan%C4%B1n_d%C3%B6vl%C9%99t_t%C9%99%C5%9Fkilatlar%C4%B1
gov-0167,Avtomatik Xətlər Elmi-İstehsalat Müəssisəsi,organization,,state_body,https://az.wikipedia.org/wiki/Avtomatik_X%C9%99tl%C9%99r_Elmi-%C4%B0stehsalat_M%C3%BC%C9%99ssis%C9%99si,Azərbaycanın dövlət təşkilatları > Azərbaycan nazirlikləri > Azərbaycan Müdafiə Sənayesi Nazirliyi,Azərbaycanın dövlət təşkilatları > Azərbaycan nazirlikləri > Azərbaycan Müdafiə Sənayesi Nazirliyi,https://az.wikipedia.org/wiki/Kateqoriya%3AAz%C9%99rbaycan_M%C3%BCdafi%C9%99_S%C9%99nayesi_Nazirliyi,az.wikipedia.org,https://az.wikipedia.org/wiki/Kateqoriya%3AAz%C9%99rbaycan%C4%B1n_d%C3%B6vl%C9%99t_t%C9%99%C5%9Fkilatlar%C4%B1
gov-0168,Dalğa Elmi-İstehsalat Müəssisəsi,organization,,state_body,https://az.wikipedia.org/wiki/Dal%C4%9Fa_Elmi-%C4%B0stehsalat_M%C3%BC%C9%99ssis%C9%99si,Azərbaycanın dövlət təşkilatları > Azərbaycan nazirlikləri > Azərbaycan Müdafiə Sənayesi Nazirliyi,Azərbaycanın dövlət təşkilatları > Azərbaycan nazirlikləri > Azərbaycan Müdafiə Sənayesi Nazirliyi,https://az.wikipedia.org/wiki/Kateqoriya%3AAz%C9%99rbaycan_M%C3%BCdafi%C9%99_S%C9%99nayesi_Nazirliyi,az.wikipedia.org,https://az.wikipedia.org/wiki/Kateqoriya%3AAz%C9%99rbaycan%C4%B1n_d%C3%B6vl%C9%99t_t%C9%99%C5%9Fkilatlar%C4%B1
gov-0169,İqlim Elmi-İstehsalat Müəssisəsi,organization,,state_body,https://az.wikipedia.org/wiki/%C4%B0qlim_Elmi-%C4%B0stehsalat_M%C3%BC%C9%99ssis%C9%99si,Azərbaycanın dövlət təşkilatları > Azərbaycan nazirlikləri > Azərbaycan Müdafiə Sənayesi Nazirliyi,Azərbaycanın dövlət təşkilatları > Azərbaycan nazirlikləri > Azərbaycan Müdafiə Sənayesi Nazirliyi,https://az.wikipedia.org/wiki/Kateqoriya%3AAz%C9%99rbaycan_M%C3%BCdafi%C9%99_S%C9%99nayesi_Nazirliyi,az.wikipedia.org,https://az.wikipedia.org/wiki/Kateqoriya%3AAz%C9%99rbaycan%C4%B1n_d%C3%B6vl%C9%99t_t%C9%99%C5%9Fkilatlar%C4%B1
gov-0170,Müdafiə Sənayesi Nazirliyi (Azərbaycan),organization,,ministry,https://az.wikipedia.org/wiki/M%C3%BCdafi%C9%99_S%C9%99nayesi_Nazirliyi_%28Az%C9%99rbaycan%29,Azərbaycanın dövlət təşkilatları > Azərbaycan nazirlikləri > Azərbaycan Müdafiə Sənayesi Nazirliyi,Azərbaycanın dövlət təşkilatları > Azərbaycan nazirlikləri > Azərbaycan Müdafiə Sənayesi Nazirliyi,https://az.wikipedia.org/wiki/Kateqoriya%3AAz%C9%99rbaycan_M%C3%BCdafi%C9%99_S%C9%99nayesi_Nazirliyi,az.wikipedia.org,https://az.wikipedia.org/wiki/Kateqoriya%3AAz%C9%99rbaycan%C4%B1n_d%C3%B6vl%C9%99t_t%C9%99%C5%9Fkilatlar%C4%B1
gov-0171,Müdafiə Sənayesi Nazirliyinin Elmi-Tədqiqat İnstitutu,organization,,ministry,https://az.wikipedia.org/wiki/M%C3%BCdafi%C9%99_S%C9%99nayesi_Nazirliyinin_Elmi-T%C9%99dqiqat_%C4%B0nstitutu,Azərbaycanın dövlət təşkilatları > Azərbaycan nazirlikləri > Azərbaycan Müdafiə Sənayesi Nazirliyi,Azərbaycanın dövlət təşkilatları > Azərbaycan nazirlikləri > Azərbaycan Müdafiə Sənayesi Nazirliyi,https://az.wikipedia.org/wiki/Kateqoriya%3AAz%C9%99rbaycan_M%C3%BCdafi%C9%99_S%C9%99nayesi_Nazirliyi,az.wikipedia.org,https://az.wikipedia.org/wiki/Kateqoriya%3AAz%C9%99rbaycan%C4%B1n_d%C3%B6vl%C9%99t_t%C9%99%C5%9Fkilatlar%C4%B1
gov-0172,Neftqazavtomat Elmi-İstehsalat Müəssisəsi,organization,,state_body,https://az.wikipedia.org/wiki/Neftqazavtomat_Elmi-%C4%B0stehsalat_M%C3%BC%C9%99ssis%C9%99si,Azərbaycanın dövlət təşkilatları > Azərbaycan nazirlikləri > Azərbaycan Müdafiə Sənayesi Nazirliyi,Azərbaycanın dövlət təşkilatları > Azərbaycan nazirlikləri > Azərbaycan Müdafiə Sənayesi Nazirliyi,https://az.wikipedia.org/wiki/Kateqoriya%3AAz%C9%99rbaycan_M%C3%BCdafi%C9%99_S%C9%99nayesi_Nazirliyi,az.wikipedia.org,https://az.wikipedia.org/wiki/Kateqoriya%3AAz%C9%99rbaycan%C4%B1n_d%C3%B6vl%C9%99t_t%C9%99%C5%9Fkilatlar%C4%B1
gov-0173,Sənayecihaz Elmi-İstehsalat Müəssisəsi,organization,,state_body,https://az.wikipedia.org/wiki/S%C9%99nayecihaz_Elmi-%C4%B0stehsalat_M%C3%BC%C9%99ssis%C9%99si,Azərbaycanın dövlət təşkilatları > Azərbaycan nazirlikləri > Azərbaycan Müdafiə Sənayesi Nazirliyi,Azərbaycanın dövlət təşkilatları > Azərbaycan nazirlikləri > Azərbaycan Müdafiə Sənayesi Nazirliyi,https://az.wikipedia.org/wiki/Kateqoriya%3AAz%C9%99rbaycan_M%C3%BCdafi%C9%99_S%C9%99nayesi_Nazirliyi,az.wikipedia.org,https://az.wikipedia.org/wiki/Kateqoriya%3AAz%C9%99rbaycan%C4%B1n_d%C3%B6vl%C9%99t_t%C9%99%C5%9Fkilatlar%C4%B1
gov-0174,Mədəniyyət üzrə Elmi-Metodiki və İxtisasartırma Mərkəzi,organization,,center,https://az.wikipedia.org/wiki/M%C9%99d%C9%99niyy%C9%99t_%C3%BCzr%C9%99_Elmi-Metodiki_v%C9%99_%C4%B0xtisasart%C4%B1rma_M%C9%99rk%C9%99zi,Azərbaycanın dövlət təşkilatları > Azərbaycan nazirlikləri > Azərbaycan Mədəniyyət Nazirliyi,Azərbaycanın dövlət təşkilatları > Azərbaycan nazirlikləri > Azərbaycan Mədəniyyət Nazirliyi,https://az.wikipedia.org/wiki/Kateqoriya%3AAz%C9%99rbaycan_M%C9%99d%C9%99niyy%C9%99t_Nazirliyi,az.wikipedia.org,https://az.wikipedia.org/wiki/Kateqoriya%3AAz%C9%99rbaycan%C4%B1n_d%C3%B6vl%C9%99t_t%C9%99%C5%9Fkilatlar%C4%B1
gov-0175,Elmi-Tədqiqat Kardiologiya İnstitutu (Azərbaycan),organization,,state_body,https://az.wikipedia.org/wiki/Elmi-T%C9%99dqiqat_Kardiologiya_%C4%B0nstitutu_%28Az%C9%99rbaycan%29,Azərbaycanın dövlət təşkilatları > Azərbaycan nazirlikləri > Azərbaycan Səhiyyə Nazirliyi,Azərbaycanın dövlət təşkilatları > Azərbaycan nazirlikləri > Azərbaycan Səhiyyə Nazirliyi | Azərbaycanın dövlət təşkilatları > Azərbaycan nazirlikləri > Azərbaycan Səhiyyə Nazirliyi > Azərbaycan Elmi-Tədqiqat Kardiologiya İnstitutu,https://az.wikipedia.org/wiki/Kateqoriya%3AAz%C9%99rbaycan_S%C9%99hiyy%C9%99_Nazirliyi,az.wikipedia.org,https://az.wikipedia.org/wiki/Kateqoriya%3AAz%C9%99rbaycan%C4%B1n_d%C3%B6vl%C9%99t_t%C9%99%C5%9Fkilatlar%C4%B1
gov-0176,Səhiyyə Nazirliyi (Azərbaycan),organization,,ministry,https://az.wikipedia.org/wiki/S%C9%99hiyy%C9%99_Nazirliyi_%28Az%C9%99rbaycan%29,Azərbaycanın dövlət təşkilatları > Azərbaycan nazirlikləri > Azərbaycan Səhiyyə Nazirliyi,Azərbaycanın dövlət təşkilatları > Azərbaycan nazirlikləri > Azərbaycan Səhiyyə Nazirliyi,https://az.wikipedia.org/wiki/Kateqoriya%3AAz%C9%99rbaycan_S%C9%99hiyy%C9%99_Nazirliyi,az.wikipedia.org,https://az.wikipedia.org/wiki/Kateqoriya%3AAz%C9%99rbaycan%C4%B1n_d%C3%B6vl%C9%99t_t%C9%99%C5%9Fkilatlar%C4%B1
gov-0177,Beynəlxalq İnkişafa Yardım Agentliyi (Azərbaycan),organization,,agency,https://az.wikipedia.org/wiki/Beyn%C9%99lxalq_%C4%B0nki%C5%9Fafa_Yard%C4%B1m_Agentliyi_%28Az%C9%99rbaycan%29,Azərbaycanın dövlət təşkilatları > Azərbaycan nazirlikləri > Azərbaycan Xarici İşlər Nazirliyi,Azərbaycanın dövlət təşkilatları > Azərbaycan nazirlikləri > Azərbaycan Xarici İşlər Nazirliyi,https://az.wikipedia.org/wiki/Kateqoriya%3AAz%C9%99rbaycan_Xarici_%C4%B0%C5%9Fl%C9%99r_Nazirliyi,az.wikipedia.org,https://az.wikipedia.org/wiki/Kateqoriya%3AAz%C9%99rbaycan%C4%B1n_d%C3%B6vl%C9%99t_t%C9%99%C5%9Fkilatlar%C4%B1
gov-0178,Xarici İşlər Nazirliyi (Azərbaycan),organization,,ministry,https://az.wikipedia.org/wiki/Xarici_%C4%B0%C5%9Fl%C9%99r_Nazirliyi_%28Az%C9%99rbaycan%29,Azərbaycanın dövlət təşkilatları > Azərbaycan nazirlikləri > Azərbaycan Xarici İşlər Nazirliyi,Azərbaycanın dövlət təşkilatları > Azərbaycan nazirlikləri > Azərbaycan Xarici İşlər Nazirliyi,https://az.wikipedia.org/wiki/Kateqoriya%3AAz%C9%99rbaycan_Xarici_%C4%B0%C5%9Fl%C9%99r_Nazirliyi,az.wikipedia.org,https://az.wikipedia.org/wiki/Kateqoriya%3AAz%C9%99rbaycan%C4%B1n_d%C3%B6vl%C9%99t_t%C9%99%C5%9Fkilatlar%C4%B1
gov-0179,İqtisadi Zonaların İnkişafı Agentliyi (Azərbaycan),organization,,agency,https://az.wikipedia.org/wiki/%C4%B0qtisadi_Zonalar%C4%B1n_%C4%B0nki%C5%9Faf%C4%B1_Agentliyi_%28Az%C9%99rbaycan%29,Azərbaycanın dövlət təşkilatları > Azərbaycan nazirlikləri > Azərbaycan İqtisadiyyat Nazirliyi,Azərbaycanın dövlət təşkilatları > Azərbaycan nazirlikləri > Azərbaycan İqtisadiyyat Nazirliyi,https://az.wikipedia.org/wiki/Kateqoriya%3AAz%C9%99rbaycan_%C4%B0qtisadiyyat_Nazirliyi,az.wikipedia.org,https://az.wikipedia.org/wiki/Kateqoriya%3AAz%C9%99rbaycan%C4%B1n_d%C3%B6vl%C9%99t_t%C9%99%C5%9Fkilatlar%C4%B1
gov-0180,İqtisadiyyat Nazirliyi (Azərbaycan),organization,,ministry,https://az.wikipedia.org/wiki/%C4%B0qtisadiyyat_Nazirliyi_%28Az%C9%99rbaycan%29,Azərbaycanın dövlət təşkilatları > Azərbaycan nazirlikləri > Azərbaycan İqtisadiyyat Nazirliyi,Azərbaycanın dövlət təşkilatları > Azərbaycan nazirlikləri > Azərbaycan İqtisadiyyat Nazirliyi,https://az.wikipedia.org/wiki/Kateqoriya%3AAz%C9%99rbaycan_%C4%B0qtisadiyyat_Nazirliyi,az.wikipedia.org,https://az.wikipedia.org/wiki/Kateqoriya%3AAz%C9%99rbaycan%C4%B1n_d%C3%B6vl%C9%99t_t%C9%99%C5%9Fkilatlar%C4%B1
gov-0181,Maliyyə Monitorinqi Xidməti (Azərbaycan),organization,,state_service,https://az.wikipedia.org/wiki/Maliyy%C9%99_Monitorinqi_Xidm%C9%99ti_%28Az%C9%99rbaycan%29,Azərbaycanın dövlət təşkilatları > Azərbaycan nazirlikləri > Azərbaycan İqtisadiyyat Nazirliyi,Azərbaycanın dövlət təşkilatları > Azərbaycan nazirlikləri > Azərbaycan İqtisadiyyat Nazirliyi,https://az.wikipedia.org/wiki/Kateqoriya%3AAz%C9%99rbaycan_%C4%B0qtisadiyyat_Nazirliyi,az.wikipedia.org,https://az.wikipedia.org/wiki/Kateqoriya%3AAz%C9%99rbaycan%C4%B1n_d%C3%B6vl%C9%99t_t%C9%99%C5%9Fkilatlar%C4%B1
gov-0182,Azərbaycan Ədliyyə Akademiyası,organization,,state_body,https://az.wikipedia.org/wiki/Az%C9%99rbaycan_%C6%8Fdliyy%C9%99_Akademiyas%C4%B1,Azərbaycanın dövlət təşkilatları > Azərbaycan nazirlikləri > Azərbaycan Ədliyyə Nazirliyi,Azərbaycanın dövlət təşkilatları > Azərbaycan nazirlikləri > Azərbaycan Ədliyyə Nazirliyi,https://az.wikipedia.org/wiki/Kateqoriya%3AAz%C9%99rbaycan_%C6%8Fdliyy%C9%99_Nazirliyi,az.wikipedia.org,https://az.wikipedia.org/wiki/Kateqoriya%3AAz%C9%99rbaycan%C4%B1n_d%C3%B6vl%C9%99t_t%C9%99%C5%9Fkilatlar%C4%B1
gov-0183,Məhkəmə Ekspertizası Mərkəzi (Azərbaycan),organization,,center,https://az.wikipedia.org/wiki/M%C9%99hk%C9%99m%C9%99_Ekspertizas%C4%B1_M%C9%99rk%C9%99zi_%28Az%C9%99rbaycan%29,Azərbaycanın dövlət təşkilatları > Azərbaycan nazirlikləri > Azərbaycan Ədliyyə Nazirliyi,Azərbaycanın dövlət təşkilatları > Azərbaycan nazirlikləri > Azərbaycan Ədliyyə Nazirliyi,https://az.wikipedia.org/wiki/Kateqoriya%3AAz%C9%99rbaycan_%C6%8Fdliyy%C9%99_Nazirliyi,az.wikipedia.org,https://az.wikipedia.org/wiki/Kateqoriya%3AAz%C9%99rbaycan%C4%B1n_d%C3%B6vl%C9%99t_t%C9%99%C5%9Fkilatlar%C4%B1
gov-0184,Penitensiar Xidmət (Azərbaycan),organization,,state_body,https://az.wikipedia.org/wiki/Penitensiar_Xidm%C9%99t_%28Az%C9%99rbaycan%29,Azərbaycanın dövlət təşkilatları > Azərbaycan nazirlikləri > Azərbaycan Ədliyyə Nazirliyi,Azərbaycanın dövlət təşkilatları > Azərbaycan nazirlikləri > Azərbaycan Ədliyyə Nazirliyi,https://az.wikipedia.org/wiki/Kateqoriya%3AAz%C9%99rbaycan_%C6%8Fdliyy%C9%99_Nazirliyi,az.wikipedia.org,https://az.wikipedia.org/wiki/Kateqoriya%3AAz%C9%99rbaycan%C4%B1n_d%C3%B6vl%C9%99t_t%C9%99%C5%9Fkilatlar%C4%B1
gov-0185,Ədliyyə Nazirliyi (Azərbaycan),organization,,ministry,https://az.wikipedia.org/wiki/%C6%8Fdliyy%C9%99_Nazirliyi_%28Az%C9%99rbaycan%29,Azərbaycanın dövlət təşkilatları > Azərbaycan nazirlikləri > Azərbaycan Ədliyyə Nazirliyi,Azərbaycanın dövlət təşkilatları > Azərbaycan nazirlikləri > Azərbaycan Ədliyyə Nazirliyi,https://az.wikipedia.org/wiki/Kateqoriya%3AAz%C9%99rbaycan_%C6%8Fdliyy%C9%99_Nazirliyi,az.wikipedia.org,https://az.wikipedia.org/wiki/Kateqoriya%3AAz%C9%99rbaycan%C4%B1n_d%C3%B6vl%C9%99t_t%C9%99%C5%9Fkilatlar%C4%B1
gov-0186,Azərbaycan Sənaye Şurası,organization,,council,https://az.wikipedia.org/wiki/Az%C9%99rbaycan_S%C9%99naye_%C5%9Euras%C4%B1,Azərbaycanın dövlət təşkilatları > Azərbaycan nazirlikləri > Azərbaycan Əmək və Əhalinin Sosial Müdafiəsi Nazirliyi,Azərbaycanın dövlət təşkilatları > Azərbaycan nazirlikləri > Azərbaycan Əmək və Əhalinin Sosial Müdafiəsi Nazirliyi,https://az.wikipedia.org/wiki/Kateqoriya%3AAz%C9%99rbaycan_%C6%8Fm%C9%99k_v%C9%99_%C6%8Fhalinin_Sosial_M%C3%BCdafi%C9%99si_Nazirliyi,az.wikipedia.org,https://az.wikipedia.org/wiki/Kateqoriya%3AAz%C9%99rbaycan%C4%B1n_d%C3%B6vl%C9%99t_t%C9%99%C5%9Fkilatlar%C4%B1
gov-0187,DOST Agentliyi,organization,,agency,https://az.wikipedia.org/wiki/DOST_Agentliyi,Azərbaycanın dövlət təşkilatları > Azərbaycan nazirlikləri > Azərbaycan Əmək və Əhalinin Sosial Müdafiəsi Nazirliyi,Azərbaycanın dövlət təşkilatları > Azərbaycan nazirlikləri > Azərbaycan Əmək və Əhalinin Sosial Müdafiəsi Nazirliyi,https://az.wikipedia.org/wiki/Kateqoriya%3AAz%C9%99rbaycan_%C6%8Fm%C9%99k_v%C9%99_%C6%8Fhalinin_Sosial_M%C3%BCdafi%C9%99si_Nazirliyi,az.wikipedia.org,https://az.wikipedia.org/wiki/Kateqoriya%3AAz%C9%99rbaycan%C4%B1n_d%C3%B6vl%C9%99t_t%C9%99%C5%9Fkilatlar%C4%B1
gov-0188,Əmək və Əhalinin Sosial Müdafiəsi Nazirliyi,organization,,ministry,https://az.wikipedia.org/wiki/%C6%8Fm%C9%99k_v%C9%99_%C6%8Fhalinin_Sosial_M%C3%BCdafi%C9%99si_Nazirliyi,Azərbaycanın dövlət təşkilatları > Azərbaycan nazirlikləri > Azərbaycan Əmək və Əhalinin Sosial Müdafiəsi Nazirliyi,Azərbaycanın dövlət təşkilatları > Azərbaycan nazirlikləri > Azərbaycan Əmək və Əhalinin Sosial Müdafiəsi Nazirliyi,https://az.wikipedia.org/wiki/Kateqoriya%3AAz%C9%99rbaycan_%C6%8Fm%C9%99k_v%C9%99_%C6%8Fhalinin_Sosial_M%C3%BCdafi%C9%99si_Nazirliyi,az.wikipedia.org,https://az.wikipedia.org/wiki/Kateqoriya%3AAz%C9%99rbaycan%C4%B1n_d%C3%B6vl%C9%99t_t%C9%99%C5%9Fkilatlar%C4%B1
gov-0189,Dövlət Sosial Müdafiə Fondu,organization,,fund,https://az.wikipedia.org/wiki/D%C3%B6vl%C9%99t_Sosial_M%C3%BCdafi%C9%99_Fondu,Azərbaycanın dövlət təşkilatları > Azərbaycan nazirlikləri > Azərbaycan Əmək və Əhalinin Sosial Müdafiəsi Nazirliyi > Azərbaycan Dövlət Sosial Müdafiə Fondu,Azərbaycanın dövlət təşkilatları > Azərbaycan nazirlikləri > Azərbaycan Əmək və Əhalinin Sosial Müdafiəsi Nazirliyi > Azərbaycan Dövlət Sosial Müdafiə Fondu,https://az.wikipedia.org/wiki/Kateqoriya%3AAz%C9%99rbaycan_D%C3%B6vl%C9%99t_Sosial_M%C3%BCdafi%C9%99_Fondu,az.wikipedia.org,https://az.wikipedia.org/wiki/Kateqoriya%3AAz%C9%99rbaycan%C4%B1n_d%C3%B6vl%C9%99t_t%C9%99%C5%9Fkilatlar%C4%B1
gov-0190,Aztelekom,organization,,state_body,https://az.wikipedia.org/wiki/Aztelekom,Azərbaycanın dövlət təşkilatları > Azərbaycan nazirlikləri > Rəqəmsal İnkişaf və Nəqliyyat Nazirliyi (Azərbaycan),Azərbaycanın dövlət təşkilatları > Azərbaycan nazirlikləri > Rəqəmsal İnkişaf və Nəqliyyat Nazirliyi (Azərbaycan) | Azərbaycanın dövlət təşkilatları > Azərbaycan nazirlikləri > Rəqəmsal İnkişaf və Nəqliyyat Nazirliyi (Azərbaycan) > Aztelekom,https://az.wikipedia.org/wiki/Kateqoriya%3AR%C9%99q%C9%99msal_%C4%B0nki%C5%9Faf_v%C9%99_N%C9%99qliyyat_Nazirliyi_%28Az%C9%99rbaycan%29,az.wikipedia.org,https://az.wikipedia.org/wiki/Kateqoriya%3AAz%C9%99rbaycan%C4%B1n_d%C3%B6vl%C9%99t_t%C9%99%C5%9Fkilatlar%C4%B1
gov-0191,Dövlət Radiotezliklər İdarəsi,organization,,state_body,https://az.wikipedia.org/wiki/D%C3%B6vl%C9%99t_Radiotezlikl%C9%99r_%C4%B0dar%C9%99si,Azərbaycanın dövlət təşkilatları > Azərbaycan nazirlikləri > Rəqəmsal İnkişaf və Nəqliyyat Nazirliyi (Azərbaycan),Azərbaycanın dövlət təşkilatları > Azərbaycan nazirlikləri > Rəqəmsal İnkişaf və Nəqliyyat Nazirliyi (Azərbaycan),https://az.wikipedia.org/wiki/Kateqoriya%3AR%C9%99q%C9%99msal_%C4%B0nki%C5%9Faf_v%C9%99_N%C9%99qliyyat_Nazirliyi_%28Az%C9%99rbaycan%29,az.wikipedia.org,https://az.wikipedia.org/wiki/Kateqoriya%3AAz%C9%99rbaycan%C4%B1n_d%C3%B6vl%C9%99t_t%C9%99%C5%9Fkilatlar%C4%B1
gov-0192,Məlumat Hesablama Mərkəzi,organization,,center,https://az.wikipedia.org/wiki/M%C9%99lumat_Hesablama_M%C9%99rk%C9%99zi,Azərbaycanın dövlət təşkilatları > Azərbaycan nazirlikləri > Rəqəmsal İnkişaf və Nəqliyyat Nazirliyi (Azərbaycan),Azərbaycanın dövlət təşkilatları > Azərbaycan nazirlikləri > Rəqəmsal İnkişaf və Nəqliyyat Nazirliyi (Azərbaycan),https://az.wikipedia.org/wiki/Kateqoriya%3AR%C9%99q%C9%99msal_%C4%B0nki%C5%9Faf_v%C9%99_N%C9%99qliyyat_Nazirliyi_%28Az%C9%99rbaycan%29,az.wikipedia.org,https://az.wikipedia.org/wiki/Kateqoriya%3AAz%C9%99rbaycan%C4%B1n_d%C3%B6vl%C9%99t_t%C9%99%C5%9Fkilatlar%C4%B1
gov-0193,Nəqliyyat Nazirliyi (Azərbaycan),organization,,ministry,https://az.wikipedia.org/wiki/N%C9%99qliyyat_Nazirliyi_%28Az%C9%99rbaycan%29,Azərbaycanın dövlət təşkilatları > Azərbaycan nazirlikləri > Rəqəmsal İnkişaf və Nəqliyyat Nazirliyi (Azərbaycan),Azərbaycanın dövlət təşkilatları > Azərbaycan nazirlikləri > Rəqəmsal İnkişaf və Nəqliyyat Nazirliyi (Azərbaycan),https://az.wikipedia.org/wiki/Kateqoriya%3AR%C9%99q%C9%99msal_%C4%B0nki%C5%9Faf_v%C9%99_N%C9%99qliyyat_Nazirliyi_%28Az%C9%99rbaycan%29,az.wikipedia.org,https://az.wikipedia.org/wiki/Kateqoriya%3AAz%C9%99rbaycan%C4%B1n_d%C3%B6vl%C9%99t_t%C9%99%C5%9Fkilatlar%C4%B1
gov-0194,Rəqəmsal İnkişaf və Nəqliyyat Nazirliyi (Azərbaycan),organization,,ministry,https://az.wikipedia.org/wiki/R%C9%99q%C9%99msal_%C4%B0nki%C5%9Faf_v%C9%99_N%C9%99qliyyat_Nazirliyi_%28Az%C9%99rbaycan%29,Azərbaycanın dövlət təşkilatları > Azərbaycan nazirlikləri > Rəqəmsal İnkişaf və Nəqliyyat Nazirliyi (Azərbaycan),Azərbaycanın dövlət təşkilatları > Azərbaycan nazirlikləri > Rəqəmsal İnkişaf və Nəqliyyat Nazirliyi (Azərbaycan),https://az.wikipedia.org/wiki/Kateqoriya%3AR%C9%99q%C9%99msal_%C4%B0nki%C5%9Faf_v%C9%99_N%C9%99qliyyat_Nazirliyi_%28Az%C9%99rbaycan%29,az.wikipedia.org,https://az.wikipedia.org/wiki/Kateqoriya%3AAz%C9%99rbaycan%C4%B1n_d%C3%B6vl%C9%99t_t%C9%99%C5%9Fkilatlar%C4%B1
gov-0195,Teleradio İstehsalat Birliyi,organization,,public_entity,https://az.wikipedia.org/wiki/Teleradio_%C4%B0stehsalat_Birliyi,Azərbaycanın dövlət təşkilatları > Azərbaycan nazirlikləri > Rəqəmsal İnkişaf və Nəqliyyat Nazirliyi (Azərbaycan),Azərbaycanın dövlət təşkilatları > Azərbaycan nazirlikləri > Rəqəmsal İnkişaf və Nəqliyyat Nazirliyi (Azərbaycan),https://az.wikipedia.org/wiki/Kateqoriya%3AR%C9%99q%C9%99msal_%C4%B0nki%C5%9Faf_v%C9%99_N%C9%99qliyyat_Nazirliyi_%28Az%C9%99rbaycan%29,az.wikipedia.org,https://az.wikipedia.org/wiki/Kateqoriya%3AAz%C9%99rbaycan%C4%B1n_d%C3%B6vl%C9%99t_t%C9%99%C5%9Fkilatlar%C4%B1
gov-0196,Azərbaycan Əmlak Məsələləri üzrə Dövlət Komitəsinin sədrlərinin siyahısı,organization,,committee,https://az.wikipedia.org/wiki/Az%C9%99rbaycan_%C6%8Fmlak_M%C9%99s%C9%99l%C9%99l%C9%99ri_%C3%BCzr%C9%99_D%C3%B6vl%C9%99t_Komit%C9%99sinin_s%C9%99drl%C9%99rinin_siyah%C4%B1s%C4%B1,Azərbaycanın dövlət təşkilatları > Azərbaycan Əmlak Məsələləri üzrə Dövlət Komitəsi,Azərbaycanın dövlət təşkilatları > Azərbaycan Əmlak Məsələləri üzrə Dövlət Komitəsi,https://az.wikipedia.org/wiki/Kateqoriya%3AAz%C9%99rbaycan_%C6%8Fmlak_M%C9%99s%C9%99l%C9%99l%C9%99ri_%C3%BCzr%C9%99_D%C3%B6vl%C9%99t_Komit%C9%99si,az.wikipedia.org,https://az.wikipedia.org/wiki/Kateqoriya%3AAz%C9%99rbaycan%C4%B1n_d%C3%B6vl%C9%99t_t%C9%99%C5%9Fkilatlar%C4%B1
gov-0197,Azərbaycan Fövqəladə Komissiyası,organization,,commission,https://az.wikipedia.org/wiki/Az%C9%99rbaycan_F%C3%B6vq%C9%99lad%C9%99_Komissiyas%C4%B1,Azərbaycanın dövlət təşkilatları > Azərbaycanın xüsusi xidmət orqanları,Azərbaycanın dövlət təşkilatları > Azərbaycanın xüsusi xidmət orqanları,https://az.wikipedia.org/wiki/Kateqoriya%3AAz%C9%99rbaycan%C4%B1n_x%C3%BCsusi_xidm%C9%99t_orqanlar%C4%B1,az.wikipedia.org,https://az.wikipedia.org/wiki/Kateqoriya%3AAz%C9%99rbaycan%C4%B1n_d%C3%B6vl%C9%99t_t%C9%99%C5%9Fkilatlar%C4%B1
gov-0198,Azərbaycan Xalq Cümhuriyyətinin xüsusi xidmət və təhlükəsizlik orqanları,organization,,state_body,https://az.wikipedia.org/wiki/Az%C9%99rbaycan_Xalq_C%C3%BCmhuriyy%C9%99tinin_x%C3%BCsusi_xidm%C9%99t_v%C9%99_t%C9%99hl%C3%BCk%C9%99sizlik_orqanlar%C4%B1,Azərbaycanın dövlət təşkilatları > Azərbaycanın xüsusi xidmət orqanları,Azərbaycanın dövlət təşkilatları > Azərbaycanın xüsusi xidmət orqanları,https://az.wikipedia.org/wiki/Kateqoriya%3AAz%C9%99rbaycan%C4%B1n_x%C3%BCsusi_xidm%C9%99t_orqanlar%C4%B1,az.wikipedia.org,https://az.wikipedia.org/wiki/Kateqoriya%3AAz%C9%99rbaycan%C4%B1n_d%C3%B6vl%C9%99t_t%C9%99%C5%9Fkilatlar%C4%B1
gov-0199,Dövlət Feldyeger Xidməti,organization,,state_service,https://az.wikipedia.org/wiki/D%C3%B6vl%C9%99t_Feldyeger_Xidm%C9%99ti,Azərbaycanın dövlət təşkilatları > Azərbaycanın xüsusi xidmət orqanları,Azərbaycanın dövlət təşkilatları > Azərbaycanın xüsusi xidmət orqanları,https://az.wikipedia.org/wiki/Kateqoriya%3AAz%C9%99rbaycan%C4%B1n_x%C3%BCsusi_xidm%C9%99t_orqanlar%C4%B1,az.wikipedia.org,https://az.wikipedia.org/wiki/Kateqoriya%3AAz%C9%99rbaycan%C4%B1n_d%C3%B6vl%C9%99t_t%C9%99%C5%9Fkilatlar%C4%B1
gov-0200,Milli Təhlükəsizlik Nazirliyi (Azərbaycan),organization,,ministry,https://az.wikipedia.org/wiki/Milli_T%C9%99hl%C3%BCk%C9%99sizlik_Nazirliyi_%28Az%C9%99rbaycan%29,Azərbaycanın dövlət təşkilatları > Azərbaycanın xüsusi xidmət orqanları > Azərbaycan Milli Təhlükəsizlik Nazirliyi,Azərbaycanın dövlət təşkilatları > Azərbaycanın xüsusi xidmət orqanları > Azərbaycan Milli Təhlükəsizlik Nazirliyi,https://az.wikipedia.org/wiki/Kateqoriya%3AAz%C9%99rbaycan_Milli_T%C9%99hl%C3%BCk%C9%99sizlik_Nazirliyi,az.wikipedia.org,https://az.wikipedia.org/wiki/Kateqoriya%3AAz%C9%99rbaycan%C4%B1n_d%C3%B6vl%C9%99t_t%C9%99%C5%9Fkilatlar%C4%B1
gov-0201,Azərbaycan xüsusi xidmət orqanları rəhbərlərinin siyahısı,organization,,state_body,https://az.wikipedia.org/wiki/Az%C9%99rbaycan_x%C3%BCsusi_xidm%C9%99t_orqanlar%C4%B1_r%C9%99hb%C9%99rl%C9%99rinin_siyah%C4%B1s%C4%B1,Azərbaycanın dövlət təşkilatları > Azərbaycanın xüsusi xidmət orqanları > Azərbaycan Milli Təhlükəsizlik Nazirliyi > Azərbaycanın xüsusi xidmət orqanları rəhbərləri,Azərbaycanın dövlət təşkilatları > Azərbaycanın xüsusi xidmət orqanları > Azərbaycan Milli Təhlükəsizlik Nazirliyi > Azərbaycanın xüsusi xidmət orqanları rəhbərləri,https://az.wikipedia.org/wiki/Kateqoriya%3AAz%C9%99rbaycan%C4%B1n_x%C3%BCsusi_xidm%C9%99t_orqanlar%C4%B1_r%C9%99hb%C9%99rl%C9%99ri,az.wikipedia.org,https://az.wikipedia.org/wiki/Kateqoriya%3AAz%C9%99rbaycan%C4%B1n_d%C3%B6vl%C9%99t_t%C9%99%C5%9Fkilatlar%C4%B1
gov-0202,"Vaqif Hüseynov (dövlət xadimi, 1942)",organization,,state_body,https://az.wikipedia.org/wiki/Vaqif_H%C3%BCseynov_%28d%C3%B6vl%C9%99t_xadimi%2C_1942%29,Azərbaycanın dövlət təşkilatları > Azərbaycanın xüsusi xidmət orqanları > Azərbaycan Milli Təhlükəsizlik Nazirliyi > Azərbaycanın xüsusi xidmət orqanları rəhbərləri,Azərbaycanın dövlət təşkilatları > Azərbaycanın xüsusi xidmət orqanları > Azərbaycan Milli Təhlükəsizlik Nazirliyi > Azərbaycanın xüsusi xidmət orqanları rəhbərləri,https://az.wikipedia.org/wiki/Kateqoriya%3AAz%C9%99rbaycan%C4%B1n_x%C3%BCsusi_xidm%C9%99t_orqanlar%C4%B1_r%C9%99hb%C9%99rl%C9%99ri,az.wikipedia.org,https://az.wikipedia.org/wiki/Kateqoriya%3AAz%C9%99rbaycan%C4%B1n_d%C3%B6vl%C9%99t_t%C9%99%C5%9Fkilatlar%C4%B1
gov-0203,Dövlət Dəniz və Liman Agentliyi (Azərbaycan),organization,,agency,https://az.wikipedia.org/wiki/D%C3%B6vl%C9%99t_D%C9%99niz_v%C9%99_Liman_Agentliyi_%28Az%C9%99rbaycan%29,Azərbaycanın dövlət təşkilatları > Dövlət Dəniz və Liman Agentliyi,Azərbaycanın dövlət təşkilatları > Dövlət Dəniz və Liman Agentliyi,https://az.wikipedia.org/wiki/Kateqoriya%3AD%C3%B6vl%C9%99t_D%C9%99niz_v%C9%99_Liman_Agentliyi,az.wikipedia.org,https://az.wikipedia.org/wiki/Kateqoriya%3AAz%C9%99rbaycan%C4%B1n_d%C3%B6vl%C9%99t_t%C9%99%C5%9Fkilatlar%C4%B1
gov-0204,DTX Mədəniyyət Mərkəzi,organization,,center,https://az.wikipedia.org/wiki/DTX_M%C9%99d%C9%99niyy%C9%99t_M%C9%99rk%C9%99zi,Azərbaycanın dövlət təşkilatları > Dövlət Təhlükəsizliyi Xidməti (Azərbaycan),Azərbaycanın dövlət təşkilatları > Dövlət Təhlükəsizliyi Xidməti (Azərbaycan),https://az.wikipedia.org/wiki/Kateqoriya%3AD%C3%B6vl%C9%99t_T%C9%99hl%C3%BCk%C9%99sizliyi_Xidm%C9%99ti_%28Az%C9%99rbaycan%29,az.wikipedia.org,https://az.wikipedia.org/wiki/Kateqoriya%3AAz%C9%99rbaycan%C4%B1n_d%C3%B6vl%C9%99t_t%C9%99%C5%9Fkilatlar%C4%B1
gov-0205,Dövlət Təhlükəsizliyi Xidmətinin Heydər Əliyev adına Akademiyası,organization,,state_service,https://az.wikipedia.org/wiki/D%C3%B6vl%C9%99t_T%C9%99hl%C3%BCk%C9%99sizliyi_Xidm%C9%99tinin_Heyd%C9%99r_%C6%8Fliyev_ad%C4%B1na_Akademiyas%C4%B1,Azərbaycanın dövlət təşkilatları > Dövlət Təhlükəsizliyi Xidməti (Azərbaycan),Azərbaycanın dövlət təşkilatları > Dövlət Təhlükəsizliyi Xidməti (Azərbaycan),https://az.wikipedia.org/wiki/Kateqoriya%3AD%C3%B6vl%C9%99t_T%C9%99hl%C3%BCk%C9%99sizliyi_Xidm%C9%99ti_%28Az%C9%99rbaycan%29,az.wikipedia.org,https://az.wikipedia.org/wiki/Kateqoriya%3AAz%C9%99rbaycan%C4%B1n_d%C3%B6vl%C9%99t_t%C9%99%C5%9Fkilatlar%C4%B1
gov-0206,Göyçə-Zəngəzur Respublikası,organization,,state_body,https://az.wikipedia.org/wiki/G%C3%B6y%C3%A7%C9%99-Z%C9%99ng%C9%99zur_Respublikas%C4%B1,Azərbaycanın dövlət təşkilatları > Dövlət Təhlükəsizliyi Xidməti (Azərbaycan) > Dövlət Təhlükəsizliyi Xidməti (Azərbaycan) tərəfindən aparılan cinayət işləri,Azərbaycanın dövlət təşkilatları > Dövlət Təhlükəsizliyi Xidməti (Azərbaycan) > Dövlət Təhlükəsizliyi Xidməti (Azərbaycan) tərəfindən aparılan cinayət işləri,https://az.wikipedia.org/wiki/Kateqoriya%3AD%C3%B6vl%C9%99t_T%C9%99hl%C3%BCk%C9%99sizliyi_Xidm%C9%99ti_%28Az%C9%99rbaycan%29_t%C9%99r%C9%99find%C9%99n_apar%C4%B1lan_cinay%C9%99t_i%C5%9Fl%C9%99ri,az.wikipedia.org,https://az.wikipedia.org/wiki/Kateqoriya%3AAz%C9%99rbaycan%C4%B1n_d%C3%B6vl%C9%99t_t%C9%99%C5%9Fkilatlar%C4%B1
gov-0207,Qondarma Dağlıq Qarabağ Respublikası liderlərinin məhkəməsi,organization,,court,https://az.wikipedia.org/wiki/Qondarma_Da%C4%9Fl%C4%B1q_Qaraba%C4%9F_Respublikas%C4%B1_liderl%C9%99rinin_m%C9%99hk%C9%99m%C9%99si,Azərbaycanın dövlət təşkilatları > Dövlət Təhlükəsizliyi Xidməti (Azərbaycan) > Dövlət Təhlükəsizliyi Xidməti (Azərbaycan) tərəfindən aparılan cinayət işləri,Azərbaycanın dövlət təşkilatları > Dövlət Təhlükəsizliyi Xidməti (Azərbaycan) > Dövlət Təhlükəsizliyi Xidməti (Azərbaycan) tərəfindən aparılan cinayət işləri,https://az.wikipedia.org/wiki/Kateqoriya%3AD%C3%B6vl%C9%99t_T%C9%99hl%C3%BCk%C9%99sizliyi_Xidm%C9%99ti_%28Az%C9%99rbaycan%29_t%C9%99r%C9%99find%C9%99n_apar%C4%B1lan_cinay%C9%99t_i%C5%9Fl%C9%99ri,az.wikipedia.org,https://az.wikipedia.org/wiki/Kateqoriya%3AAz%C9%99rbaycan%C4%B1n_d%C3%B6vl%C9%99t_t%C9%99%C5%9Fkilatlar%C4%B1
gov-0208,Azərbaycanda dövlət çevrilişinə cəhd planı (2025),organization,,state_body,https://az.wikipedia.org/wiki/Az%C9%99rbaycanda_d%C3%B6vl%C9%99t_%C3%A7evrili%C5%9Fin%C9%99_c%C9%99hd_plan%C4%B1_%282025%29,Azərbaycanın dövlət təşkilatları > Dövlət Təhlükəsizliyi Xidməti (Azərbaycan) > Dövlət Təhlükəsizliyi Xidməti (Azərbaycan) tərəfindən aparılan cinayət işləri > Ramiz Mehdiyev işi,Azərbaycanın dövlət təşkilatları > Dövlət Təhlükəsizliyi Xidməti (Azərbaycan) > Dövlət Təhlükəsizliyi Xidməti (Azərbaycan) tərəfindən aparılan cinayət işləri > Ramiz Mehdiyev işi,https://az.wikipedia.org/wiki/Kateqoriya%3ARamiz_Mehdiyev_i%C5%9Fi,az.wikipedia.org,https://az.wikipedia.org/wiki/Kateqoriya%3AAz%C9%99rbaycan%C4%B1n_d%C3%B6vl%C9%99t_t%C9%99%C5%9Fkilatlar%C4%B1
gov-0209,Naxçıvan Mərkəzi Seçki Komissiyası sədrlərinin siyahısı,organization,,commission,https://az.wikipedia.org/wiki/Nax%C3%A7%C4%B1van_M%C9%99rk%C9%99zi_Se%C3%A7ki_Komissiyas%C4%B1_s%C9%99drl%C9%99rinin_siyah%C4%B1s%C4%B1,Azərbaycanın dövlət təşkilatları > Naxçıvan Mərkəzi Seçki Komissiyası > Naxçıvan Mərkəzi Seçki Komissiyasının sədrləri,Azərbaycanın dövlət təşkilatları > Naxçıvan Mərkəzi Seçki Komissiyası > Naxçıvan Mərkəzi Seçki Komissiyasının sədrləri,https://az.wikipedia.org/wiki/Kateqoriya%3ANax%C3%A7%C4%B1van_M%C9%99rk%C9%99zi_Se%C3%A7ki_Komissiyas%C4%B1n%C4%B1n_s%C9%99drl%C9%99ri,az.wikipedia.org,https://az.wikipedia.org/wiki/Kateqoriya%3AAz%C9%99rbaycan%C4%B1n_d%C3%B6vl%C9%99t_t%C9%99%C5%9Fkilatlar%C4%B1
gov-0210,İri Şəhərlərin Birləşmiş Su Təchizatı Xidməti,organization,,state_service,https://az.wikipedia.org/wiki/%C4%B0ri_%C5%9E%C9%99h%C9%99rl%C9%99rin_Birl%C9%99%C5%9Fmi%C5%9F_Su_T%C9%99chizat%C4%B1_Xidm%C9%99ti,Azərbaycanın dövlət təşkilatları > İri Şəhərlərin Birləşmiş Su Təchizatı Xidməti,Azərbaycanın dövlət təşkilatları > İri Şəhərlərin Birləşmiş Su Təchizatı Xidməti,https://az.wikipedia.org/wiki/Kateqoriya%3A%C4%B0ri_%C5%9E%C9%99h%C9%99rl%C9%99rin_Birl%C9%99%C5%9Fmi%C5%9F_Su_T%C9%99chizat%C4%B1_Xidm%C9%99ti,az.wikipedia.org,https://az.wikipedia.org/wiki/Kateqoriya%3AAz%C9%99rbaycan%C4%B1n_d%C3%B6vl%C9%99t_t%C9%99%C5%9Fkilatlar%C4%B1
gov-0211,"""İçərişəhər"" Dövlət Tarix-Memarlıq Qoruğu İdarəsi",organization,,state_body,https://az.wikipedia.org/wiki/%22%C4%B0%C3%A7%C9%99ri%C5%9F%C9%99h%C9%99r%22_D%C3%B6vl%C9%99t_Tarix-Memarl%C4%B1q_Qoru%C4%9Fu_%C4%B0dar%C9%99si,Azərbaycanın dövlət təşkilatları > İçərişəhər Dövlət Tarix-Memarlıq Qoruğu İdarəsi,Azərbaycanın dövlət təşkilatları > İçərişəhər Dövlət Tarix-Memarlıq Qoruğu İdarəsi,https://az.wikipedia.org/wiki/Kateqoriya%3A%C4%B0%C3%A7%C9%99ri%C5%9F%C9%99h%C9%99r_D%C3%B6vl%C9%99t_Tarix-Memarl%C4%B1q_Qoru%C4%9Fu_%C4%B0dar%C9%99si,az.wikipedia.org,https://az.wikipedia.org/wiki/Kateqoriya%3AAz%C9%99rbaycan%C4%B1n_d%C3%B6vl%C9%99t_t%C9%99%C5%9Fkilatlar%C4%B1
