id,company_name,phone,email,city,source,source_id,extra_json
travel-0001,"""Star Travel"" Turizm Agentliyi",(070) 9321333,,Bakı,turlar.az,turlar-0001,"{""sources"": [""turlar.az""], ""profile_url"": ""https://turlar.az/me/star-travel-turizm-agentliyi-1224"", ""listings_count"": ""40"", ""description_snippet"": ""&quot;Star Travel&quot; - Turizm sahəsində 7 ildən artıq təcrübəsi olan, turizm istiqamətləri üzrə ixtisaslaşmı"", ""alt_values"": {""profile_url"": [""https://turlar.az/me/star-travel-375""], ""listings_count"": [""""], ""description_snippet"": [""Aviabiletlərin satışı""]}}"
travel-0002,''Prestige Travel Company'' MMC,,,Bakı,trippost.az,trippost-0001,"{""sources"": [""trippost.az""], ""profile_url"": ""https://trippost.az/turizm-sirketleri/prestige-travel-company-mmc/"", ""slug"": ""prestige-travel-company-mmc"", ""tagline"": """"}"
travel-0003,1001 kurort,,,Bakı,ew_travel_agencies_xlsx,2117152,"{""source_file"": ""c:\\Users\\ASUS G752VT\\Downloads\\EW\\Travel Agencies.xlsx"", ""ew_ids"": [""2117152"", ""2117151""], ""agent_codes"": [""1001 kurort leisure"", ""1001 kurort medical""], ""rate_codes"": [""Daily Rates"", ""Medical Rates (medikal +FB)""], ""sales_reps"": [""Emil Hesenov""], ""is_company"": [], ""passive"": [], ""grey_list"": [false, false], ""excel_row_count"": 2, ""sources"": [""ew_travel_agencies_xlsx""]}"
travel-0004,365 TOURİSM,,,Bakı,trippost.az,trippost-0002,"{""sources"": [""trippost.az""], ""profile_url"": ""https://trippost.az/turizm-sirketleri/365-tourism/"", ""slug"": ""365-tourism"", ""tagline"": """"}"
travel-0005,4 Ways Travel,,,Bakı,turlar.az,turlar-0002,"{""sources"": [""turlar.az""], ""profile_url"": ""https://turlar.az/me/4-ways-travel-1277"", ""listings_count"": """", ""description_snippet"": ""4 Ways Travel şirkəti sizə güvənilir və keyfiyyətli turlar təqdim edir. İstirahətinizi gözəl keçirmə""}"
travel-0006,Absheron Travel,,,Bakı,trippost.az,trippost-0003,"{""sources"": [""trippost.az""], ""profile_url"": ""https://trippost.az/turizm-sirketleri/absheron-travel/"", ""slug"": ""absheron-travel"", ""tagline"": """"}"
travel-0007,ABV MMC,,,Bakı,ew_travel_agencies_xlsx,2145872,"{""source_file"": ""c:\\Users\\ASUS G752VT\\Downloads\\EW\\Travel Agencies.xlsx"", ""ew_ids"": [""2145872"", ""2145876""], ""agent_codes"": [""ABV MMC leisure"", ""ABV MMC medical""], ""rate_codes"": [""Daily Rates"", ""Medical Rates (medikal +FB)""], ""sales_reps"": [], ""is_company"": [true, true], ""passive"": [], ""grey_list"": [false, false], ""excel_row_count"": 2, ""sources"": [""ew_travel_agencies_xlsx""]}"
travel-0008,Access Travel,,,Bakı,trippost.az,trippost-0004,"{""sources"": [""trippost.az""], ""profile_url"": ""https://trippost.az/turizm-sirketleri/access-travel/"", ""slug"": ""access-travel"", ""tagline"": """"}"
travel-0009,Ada Travel,0507971001,adatravelll@gmail.com,Bakı,ew_travel_agencies_xlsx,2281175,"{""source_file"": ""c:\\Users\\ASUS G752VT\\Downloads\\EW\\Travel Agencies.xlsx"", ""ew_ids"": [""2281175""], ""agent_codes"": [""Ada Travel medical""], ""rate_codes"": [""Medical Rates (medikal +FB)""], ""sales_reps"": [""Nərgiz xanım""], ""is_company"": [], ""passive"": [], ""grey_list"": [false], ""excel_row_count"": 1, ""sources"": [""ew_travel_agencies_xlsx""]}"
travel-0010,ADƏMOĞLU TOUR MMC,,,Bakı,turlar.az,turlar-0003,"{""sources"": [""turlar.az""], ""profile_url"": ""https://turlar.az/me/ademoglu-tour-mmc-1343"", ""listings_count"": """", ""description_snippet"": ""ADƏMOĞLU TOUR MMC şirkəti 2017-ci ildən fəaliyət görstərir məşəd Kərbəla ümrə həc və Azərbaycan daxilind""}"
travel-0011,Akmaral Sayahat medical,,,Bakı,ew_travel_agencies_xlsx,3547454,"{""source_file"": ""c:\\Users\\ASUS G752VT\\Downloads\\EW\\Travel Agencies.xlsx"", ""ew_ids"": [""3547454""], ""agent_codes"": [""Akmaral Sayahat medical""], ""rate_codes"": [], ""sales_reps"": [], ""is_company"": [], ""passive"": [], ""grey_list"": [false], ""excel_row_count"": 1, ""sources"": [""ew_travel_agencies_xlsx""]}"
travel-0012,Al-Murtaza Travel MMC,,,Bakı,turlar.az+trippost.az,turlar-0004,"{""sources"": [""turlar.az"", ""trippost.az""], ""profile_url"": ""https://turlar.az/me/al-murtaza-travel-mmc-1136"", ""listings_count"": """", ""description_snippet"": ""Ən ucuz Aviabiletlərin Təşkili Kərbəla,Məşhəd,Ümrə,Əshabi Kəfh Daxili Ziyarətlər,Xarici Ziyarətlər,Daxil"", ""alt_values"": {""profile_url"": [""https://trippost.az/turizm-sirketleri/al-murtaza-travel/""]}, ""slug"": ""al-murtaza-travel"", ""tagline"": """"}"
travel-0013,Alean company,,,Bakı,ew_travel_agencies_xlsx,2409347,"{""source_file"": ""c:\\Users\\ASUS G752VT\\Downloads\\EW\\Travel Agencies.xlsx"", ""ew_ids"": [""2409347""], ""agent_codes"": [""Alean company leisure""], ""rate_codes"": [""Daily Rates""], ""sales_reps"": [], ""is_company"": [], ""passive"": [], ""grey_list"": [false], ""excel_row_count"": 1, ""sources"": [""ew_travel_agencies_xlsx""]}"
travel-0014,Aline Group MMC,,,Bakı,ew_travel_agencies_xlsx,2561879,"{""source_file"": ""c:\\Users\\ASUS G752VT\\Downloads\\EW\\Travel Agencies.xlsx"", ""ew_ids"": [""2561879""], ""agent_codes"": [""Aline Group""], ""rate_codes"": [""Daily Rates""], ""sales_reps"": [], ""is_company"": [], ""passive"": [], ""grey_list"": [false], ""excel_row_count"": 1, ""sources"": [""ew_travel_agencies_xlsx""]}"
travel-0015,All Time Travel,,,Bakı,turlar.az,turlar-0005,"{""sources"": [""turlar.az""], ""profile_url"": ""https://turlar.az/me/all-time-travel-1349"", ""listings_count"": """", ""description_snippet"": ""Xarici Turlar. Daxili Turlar. Tur Paketlər. Aviabilet. Siğorta""}"
travel-0016,All Travel,,,Bakı,trippost.az,trippost-0007,"{""sources"": [""trippost.az""], ""profile_url"": ""https://trippost.az/turizm-sirketleri/all-travel/"", ""slug"": ""all-travel"", ""tagline"": """"}"
travel-0017,ALTUR,,,Bakı,turlar.az,turlar-0006,"{""sources"": [""turlar.az""], ""profile_url"": ""https://turlar.az/me/altur-1211"", ""listings_count"": ""1"", ""description_snippet"": ""Seyahət Bizimlə Daha Sərfəli""}"
travel-0018,ALVIN TRAVEL MMC,,,Bakı,turlar.az,turlar-0007,"{""sources"": [""turlar.az""], ""profile_url"": ""https://turlar.az/me/alvin-travel-mmc-1241"", ""listings_count"": """", ""description_snippet"": ""Xarici və Daxili turların ən inonativ turizm agentliyi""}"
travel-0019,AMBULATOR,,,Bakı,ew_travel_agencies_xlsx,2313279,"{""source_file"": ""c:\\Users\\ASUS G752VT\\Downloads\\EW\\Travel Agencies.xlsx"", ""ew_ids"": [""2313279""], ""agent_codes"": [""AMBULATOR""], ""rate_codes"": [], ""sales_reps"": [], ""is_company"": [], ""passive"": [], ""grey_list"": [false], ""excel_row_count"": 1, ""sources"": [""ew_travel_agencies_xlsx""]}"
travel-0020,Anama,,,Bakı,ew_travel_agencies_xlsx,2759340,"{""source_file"": ""c:\\Users\\ASUS G752VT\\Downloads\\EW\\Travel Agencies.xlsx"", ""ew_ids"": [""2759340""], ""agent_codes"": [""Anama medical""], ""rate_codes"": [""Medical Rates (medikal +FB)""], ""sales_reps"": [], ""is_company"": [], ""passive"": [], ""grey_list"": [false], ""excel_row_count"": 1, ""sources"": [""ew_travel_agencies_xlsx""]}"
travel-0021,Ansar LTD,,,Bakı,trippost.az,trippost-0008,"{""sources"": [""trippost.az""], ""profile_url"": ""https://trippost.az/turizm-sirketleri/ansar-ltd/"", ""slug"": ""ansar-ltd"", ""tagline"": """"}"
travel-0022,Antik Travel,(051) 6642497,,Bakı,turlar.az,turlar-0008,"{""sources"": [""turlar.az""], ""profile_url"": ""https://turlar.az/me/antik-travel-1350"", ""listings_count"": ""20"", ""description_snippet"": ""Unudulmaz səyahət təcrübələri təklif edirik""}"
travel-0023,Ark travels,0518611846,,Bakı,ew_travel_agencies_xlsx,2516221,"{""source_file"": ""c:\\Users\\ASUS G752VT\\Downloads\\EW\\Travel Agencies.xlsx"", ""ew_ids"": [""2516221""], ""agent_codes"": [""Ark travels medical""], ""rate_codes"": [""Medical Rates (medikal +FB)""], ""sales_reps"": [], ""is_company"": [], ""passive"": [], ""grey_list"": [false], ""excel_row_count"": 1, ""sources"": [""ew_travel_agencies_xlsx""]}"
travel-0024,Arzu Travel,,,Bakı,turlar.az,turlar-0009,"{""sources"": [""turlar.az""], ""profile_url"": ""https://turlar.az/me/arzu-travel-1460"", ""listings_count"": ""14"", ""description_snippet"": ""Sərfəli qiymətlərlə Arzu Travel kimi təcrübəli səyahət təşkilatçısı Daxili turlar,xarici turlar, aviabilet""}"
travel-0025,ARZUM~TRAVEL ÖLKƏ DAXİLİ VƏ XARİCİ TURLAR,(077) 7480717,,Bakı,turlar.az,turlar-0010,"{""sources"": [""turlar.az""], ""profile_url"": ""https://turlar.az/me/arzumtravel-olke-daxili-ve-xarici-turlar-1245"", ""listings_count"": ""40"", ""description_snippet"": ""ARZUM~TRAVEL ölkədaxili turların , məktəbli və qrup turların təşkili, nəqliyyat sifarişi və s. turizm""}"
travel-0026,Asman Tour,+994708232364,,Bakı,ew_travel_agencies_xlsx,2092126,"{""source_file"": ""c:\\Users\\ASUS G752VT\\Downloads\\EW\\Travel Agencies.xlsx"", ""ew_ids"": [""2092126"", ""2092121""], ""agent_codes"": [""Asman Tour leisure"", ""Asman Tour medical""], ""rate_codes"": [""Daily Rates"", ""Medical Rates (medikal +FB)""], ""sales_reps"": [""Rəşad Aslanlı""], ""is_company"": [], ""passive"": [], ""grey_list"": [false, false], ""excel_row_count"": 2, ""sources"": [""ew_travel_agencies_xlsx""]}"
travel-0027,Atlas Travel,,,Bakı,trippost.az,trippost-0009,"{""sources"": [""trippost.az""], ""profile_url"": ""https://trippost.az/turizm-sirketleri/atlas-travel/"", ""slug"": ""atlas-travel"", ""tagline"": """"}"
travel-0028,AVA Tour,,,Bakı,trippost.az,trippost-0010,"{""sources"": [""trippost.az""], ""profile_url"": ""https://trippost.az/turizm-sirketleri/ava-tour/"", ""slug"": ""ava-tour"", ""tagline"": """"}"
travel-0029,Aviatur Travel,,,Bakı,trippost.az,trippost-0011,"{""sources"": [""trippost.az""], ""profile_url"": ""https://trippost.az/turizm-sirketleri/aviatur-travel/"", ""slug"": ""aviatur-travel"", ""tagline"": """"}"
travel-0030,AVİATURLAR,,,Bakı,turlar.az,turlar-0011,"{""sources"": [""turlar.az""], ""profile_url"": ""https://turlar.az/me/aviaturlar-1126"", ""listings_count"": """", ""description_snippet"": ""Ən sərfəli qiymətlərlə aviabiletlər Və tur pakerin təklifi""}"
travel-0031,Axis Travel,,,Bakı,trippost.az,trippost-0005,"{""sources"": [""trippost.az""], ""profile_url"": ""https://trippost.az/turizm-sirketleri/axis-travel/"", ""slug"": ""axis-travel"", ""tagline"": """"}"
travel-0032,AYS Travel Agency,,,Bakı,trippost.az,trippost-0012,"{""sources"": [""trippost.az""], ""profile_url"": ""https://trippost.az/turizm-sirketleri/ays-travel-agency/"", ""slug"": ""ays-travel-agency"", ""tagline"": """"}"
travel-0033,AZ Travel Online,,,Bakı,trippost.az,trippost-0013,"{""sources"": [""trippost.az""], ""profile_url"": ""https://trippost.az/turizm-sirketleri/az-travel-online/"", ""slug"": ""az-travel-online"", ""tagline"": """"}"
travel-0034,AZE turizm,,,Bakı,ew_travel_agencies_xlsx+turlar.az+trippost.az,2520149,"{""source_file"": ""c:\\Users\\ASUS G752VT\\Downloads\\EW\\Travel Agencies.xlsx"", ""ew_ids"": [""2520149""], ""agent_codes"": [""AZE turizm medical""], ""rate_codes"": [""Medical Rates (medikal +FB)""], ""sales_reps"": [], ""is_company"": [], ""passive"": [], ""grey_list"": [false], ""excel_row_count"": 1, ""sources"": [""ew_travel_agencies_xlsx"", ""turlar.az"", ""trippost.az""], ""profile_url"": ""https://turlar.az/me/azetravel-1214"", ""listings_count"": """", ""description_snippet"": ""Bənzərsiz xidmətlər və razı qalan müştərilərimiz sayəsində AZETRAVEL Azərbaycanda ən uğurlu tur operatorlarında"", ""alt_values"": {""profile_url"": [""https://trippost.az/turizm-sirketleri/aze-turizm/""]}, ""slug"": ""aze-turizm"", ""tagline"": """"}"
travel-0035,AZELKO MMC,,,Bakı,ew_travel_agencies_xlsx,2310558,"{""source_file"": ""c:\\Users\\ASUS G752VT\\Downloads\\EW\\Travel Agencies.xlsx"", ""ew_ids"": [""2310558""], ""agent_codes"": [""AZELKO MMC""], ""rate_codes"": [], ""sales_reps"": [], ""is_company"": [], ""passive"": [], ""grey_list"": [false], ""excel_row_count"": 1, ""sources"": [""ew_travel_agencies_xlsx""]}"
travel-0036,Azerbaijan Mountain Guide,,,Bakı,trippost.az,trippost-0015,"{""sources"": [""trippost.az""], ""profile_url"": ""https://trippost.az/turizm-sirketleri/azerbaijan-mountain-guide/"", ""slug"": ""azerbaijan-mountain-guide"", ""tagline"": """"}"
travel-0037,Azestour Estoniya,+37256238877,,Bakı,ew_travel_agencies_xlsx,2679160,"{""source_file"": ""c:\\Users\\ASUS G752VT\\Downloads\\EW\\Travel Agencies.xlsx"", ""ew_ids"": [""2679160""], ""agent_codes"": [""Azestour Estoniya""], ""rate_codes"": [""Medical Rates (medikal +FB)""], ""sales_reps"": [""Yuliya Sommer""], ""is_company"": [], ""passive"": [], ""grey_list"": [false], ""excel_row_count"": 1, ""sources"": [""ew_travel_agencies_xlsx""]}"
travel-0038,AZETURİZM,,,Bakı,turlar.az,turlar-0013,"{""sources"": [""turlar.az""], ""profile_url"": ""https://turlar.az/me/azeturizm-1313"", ""listings_count"": """", ""description_snippet"": ""Xarici turlar, Daxili turlar, Qrup turları, ucuz Aviabiletlər, Dünyanın istənilən ölkəsinə Otellər, Səyahə""}"
travel-0039,AZTUR TRAVEL,,,Bakı,turlar.az,turlar-0014,"{""sources"": [""turlar.az""], ""profile_url"": ""https://turlar.az/me/aztur-travel-1283"", ""listings_count"": """", ""description_snippet"": ""Aztur Travel &quot;2017-cü ildən bəri turizm istiqamətləri üzrə müştərilərə xidmət göstərir, Mənzil-qərargah""}"
travel-0040,Baku Holiday travel,+994 992 02 02 20,Madina.Balametova@bht.az,Bakı,ew_travel_agencies_xlsx,2472877,"{""source_file"": ""c:\\Users\\ASUS G752VT\\Downloads\\EW\\Travel Agencies.xlsx"", ""ew_ids"": [""2472877""], ""agent_codes"": [""Baku Holiday travel medical""], ""rate_codes"": [""Medical Rates (medikal +FB)""], ""sales_reps"": [""Madina Balametova""], ""is_company"": [], ""passive"": [], ""grey_list"": [false], ""excel_row_count"": 1, ""sources"": [""ew_travel_agencies_xlsx""]}"
travel-0041,Baku Life Travel,,,Bakı,trippost.az,trippost-0016,"{""sources"": [""trippost.az""], ""profile_url"": ""https://trippost.az/turizm-sirketleri/baku-life-travel/"", ""slug"": ""baku-life-travel"", ""tagline"": """"}"
travel-0042,Baku Tour,,,Bakı,trippost.az,trippost-0017,"{""sources"": [""trippost.az""], ""profile_url"": ""https://trippost.az/turizm-sirketleri/baku-tour/"", ""slug"": ""baku-tour"", ""tagline"": """"}"
travel-0043,Baku tour medical,+994997361818,,Bakı,ew_travel_agencies_xlsx,2834232,"{""source_file"": ""c:\\Users\\ASUS G752VT\\Downloads\\EW\\Travel Agencies.xlsx"", ""ew_ids"": [""2834232""], ""agent_codes"": [""Baku tour medical""], ""rate_codes"": [], ""sales_reps"": [], ""is_company"": [], ""passive"": [], ""grey_list"": [false], ""excel_row_count"": 1, ""sources"": [""ew_travel_agencies_xlsx""]}"
travel-0044,Baku World Travel,,,Bakı,ew_travel_agencies_xlsx+turlar.az+trippost.az,2537148,"{""source_file"": ""c:\\Users\\ASUS G752VT\\Downloads\\EW\\Travel Agencies.xlsx"", ""ew_ids"": [""2537148""], ""agent_codes"": [""Baku World Travel medical""], ""rate_codes"": [""Medical Rates (medikal +FB)""], ""sales_reps"": [], ""is_company"": [], ""passive"": [], ""grey_list"": [false], ""excel_row_count"": 1, ""sources"": [""ew_travel_agencies_xlsx"", ""turlar.az"", ""trippost.az""], ""profile_url"": ""https://turlar.az/me/baku-world-travel-mmc-956"", ""listings_count"": ""4"", ""description_snippet"": ""&quot;Baku World Travel LLC&quot; sərfəli qiymətlərlə etibarlı səyahətlərin rəsmi ünvanıdır. Qeyd edə"", ""alt_values"": {""profile_url"": [""https://trippost.az/turizm-sirketleri/baku-world-travel/""]}, ""slug"": ""baku-world-travel"", ""tagline"": """"}"
travel-0045,Barat Travel,,,Bakı,turlar.az,turlar-0016,"{""sources"": [""turlar.az""], ""profile_url"": ""https://turlar.az/me/barat-travel-1408"", ""listings_count"": """", ""description_snippet"": ""Müqəddəs Ziyarətlərin Təşkili Məşhəd Kərbəla Ümrə Bakı Ətrafı Ziyarətlər""}"
travel-0046,Bee Tours,,,Bakı,trippost.az,trippost-0019,"{""sources"": [""trippost.az""], ""profile_url"": ""https://trippost.az/turizm-sirketleri/bee-tours/"", ""slug"": ""bee-tours"", ""tagline"": """"}"
travel-0047,Best Travel,(055) 7143973,,Bakı,turlar.az,turlar-0017,"{""sources"": [""turlar.az""], ""profile_url"": ""https://turlar.az/me/best-travel-1303"", ""listings_count"": ""40"", ""description_snippet"": ""&quot;Best Travel Azerbaijan&quot; kimi təcrübəli səyahət təşkilatçısı, sizi dünya ərazisində maraql""}"
travel-0048,Bilalov Mustafa,,,Bakı,ew_travel_agencies_xlsx,3526490,"{""source_file"": ""c:\\Users\\ASUS G752VT\\Downloads\\EW\\Travel Agencies.xlsx"", ""ew_ids"": [""3526490""], ""agent_codes"": [""Bilalov Mustafa""], ""rate_codes"": [], ""sales_reps"": [], ""is_company"": [], ""passive"": [], ""grey_list"": [false], ""excel_row_count"": 1, ""sources"": [""ew_travel_agencies_xlsx""]}"
travel-0049,Bilgəh sanatoriyası,(050) 5536466,,Bakı,turlar.az,turlar-0018,"{""sources"": [""turlar.az""], ""profile_url"": ""https://turlar.az/me/bilgeh-sanatoriyasi-1483"", ""listings_count"": ""2"", ""description_snippet"": ""Bilgəh sanatoriyası ürək-damar, əsəb və dayaq-hərəkət sistemi xəstəliklərinin müasir bərpa mərkəzidir""}"
travel-0050,Billion Travel,,,Bakı,trippost.az,trippost-0020,"{""sources"": [""trippost.az""], ""profile_url"": ""https://trippost.az/turizm-sirketleri/billion-travel/"", ""slug"": ""billion-travel"", ""tagline"": """"}"
travel-0051,Bir Tur Travel MMC,,,Bakı,turlar.az,turlar-0019,"{""sources"": [""turlar.az""], ""profile_url"": ""https://turlar.az/me/bir-tur-travel-mmc-1216"", ""listings_count"": """", ""description_snippet"": ""Ölkədaxili Turlar (1,2,3,4 günlük) Ölkəxarici Turpaketlər (Hər istiqamətə) Aviabilet və otel bronu Məktəbl""}"
travel-0052,Boeing Travel,,,Bakı,trippost.az,trippost-0021,"{""sources"": [""trippost.az""], ""profile_url"": ""https://trippost.az/turizm-sirketleri/boeing-travel/"", ""slug"": ""boeing-travel"", ""tagline"": """"}"
travel-0053,Book and Travel,,,Bakı,trippost.az,trippost-0022,"{""sources"": [""trippost.az""], ""profile_url"": ""https://trippost.az/turizm-sirketleri/book-and-travel/"", ""slug"": ""book-and-travel"", ""tagline"": """"}"
travel-0054,Booking.com,,,Bakı,ew_travel_agencies_xlsx,2111161,"{""source_file"": ""c:\\Users\\ASUS G752VT\\Downloads\\EW\\Travel Agencies.xlsx"", ""ew_ids"": [""2111161""], ""agent_codes"": [""Booking.com""], ""rate_codes"": [""Booking.com""], ""sales_reps"": [], ""is_company"": [], ""passive"": [], ""grey_list"": [false], ""excel_row_count"": 1, ""sources"": [""ew_travel_agencies_xlsx""]}"
travel-0055,Brand Tour Azerbaijan,(077) 7271095,,Bakı,turlar.az,turlar-0020,"{""sources"": [""turlar.az""], ""profile_url"": ""https://turlar.az/me/brand-tour-azerbaijan-1325"", ""listings_count"": ""10"", ""description_snippet"": ""Aviabiletlərin satışı. Tur paketlər. Avtobus turları. Müalicəvi turlar. Məktəbli turların təşkili . Otelləri""}"
travel-0056,Bravo Travel,,,Bakı,trippost.az,trippost-0023,"{""sources"": [""trippost.az""], ""profile_url"": ""https://trippost.az/turizm-sirketleri/bravo-travel/"", ""slug"": ""bravo-travel"", ""tagline"": """"}"
travel-0057,BTS Group Travel,,,Bakı,trippost.az,trippost-0024,"{""sources"": [""trippost.az""], ""profile_url"": ""https://trippost.az/turizm-sirketleri/bts-group-travel/"", ""slug"": ""bts-group-travel"", ""tagline"": """"}"
travel-0058,CamelTravel,(010) 2126512,,Bakı,turlar.az,turlar-0021,"{""sources"": [""turlar.az""], ""profile_url"": ""https://turlar.az/me/cameltravel-1415"", ""listings_count"": ""16"", ""description_snippet"": ""Camel Travel turizm şirkəti Azərbaycan daxili və xaricii ölkələrə sərfəli qiymətlərlə rahat , təhlükəsi""}"
travel-0059,Caspian Travel,,,Bakı,turlar.az,turlar-0022,"{""sources"": [""turlar.az""], ""profile_url"": ""https://turlar.az/me/caspian-travel-1382"", ""listings_count"": """", ""description_snippet"": ""Birlikdə səyahət edək!. -Ölkədaxili turlar. -Avtobus icarəsi. -Aviabiletlər. -Tur paketlər""}"
travel-0060,Clasnatravel medical,,,Bakı,ew_travel_agencies_xlsx,3544686,"{""source_file"": ""c:\\Users\\ASUS G752VT\\Downloads\\EW\\Travel Agencies.xlsx"", ""ew_ids"": [""3544686""], ""agent_codes"": [""Clasnatravel medical""], ""rate_codes"": [], ""sales_reps"": [], ""is_company"": [], ""passive"": [], ""grey_list"": [false], ""excel_row_count"": 1, ""sources"": [""ew_travel_agencies_xlsx""]}"
travel-0061,Continent travel medical,502996067,,Bakı,ew_travel_agencies_xlsx,3270805,"{""source_file"": ""c:\\Users\\ASUS G752VT\\Downloads\\EW\\Travel Agencies.xlsx"", ""ew_ids"": [""3270805""], ""agent_codes"": [""Continent travel medical""], ""rate_codes"": [], ""sales_reps"": [], ""is_company"": [], ""passive"": [], ""grey_list"": [false], ""excel_row_count"": 1, ""sources"": [""ew_travel_agencies_xlsx""]}"
travel-0062,Cruise Travel,,,Bakı,ew_travel_agencies_xlsx,2165209,"{""source_file"": ""c:\\Users\\ASUS G752VT\\Downloads\\EW\\Travel Agencies.xlsx"", ""ew_ids"": [""2165209"", ""2165210""], ""agent_codes"": [""Cruise Travel leisure"", ""Cruise Travel medical""], ""rate_codes"": [""Daily Rates"", ""Medical Rates (medikal +FB)""], ""sales_reps"": [], ""is_company"": [], ""passive"": [], ""grey_list"": [false, false], ""excel_row_count"": 2, ""sources"": [""ew_travel_agencies_xlsx""]}"
travel-0063,Dasdan Travel,,,Bakı,turlar.az,turlar-0023,"{""sources"": [""turlar.az""], ""profile_url"": ""https://turlar.az/me/dasdan-travel-1357"", ""listings_count"": """", ""description_snippet"": ""Xidmətinizdəyik: Aviabilet Xarici turlar, Daxili turlar Viza dəstəyi""}"
travel-0064,Davidov tours medical,,,Bakı,ew_travel_agencies_xlsx,3516971,"{""source_file"": ""c:\\Users\\ASUS G752VT\\Downloads\\EW\\Travel Agencies.xlsx"", ""ew_ids"": [""3516971""], ""agent_codes"": [""Davidov tours medical""], ""rate_codes"": [], ""sales_reps"": [], ""is_company"": [], ""passive"": [], ""grey_list"": [false], ""excel_row_count"": 1, ""sources"": [""ew_travel_agencies_xlsx""]}"
travel-0065,Dermo Medical tours,,,Bakı,ew_travel_agencies_xlsx,3525617,"{""source_file"": ""c:\\Users\\ASUS G752VT\\Downloads\\EW\\Travel Agencies.xlsx"", ""ew_ids"": [""3525617""], ""agent_codes"": [""Dermo Medical tours""], ""rate_codes"": [], ""sales_reps"": [], ""is_company"": [], ""passive"": [], ""grey_list"": [false], ""excel_row_count"": 1, ""sources"": [""ew_travel_agencies_xlsx""]}"
travel-0066,Dermo Nafdan travel,,,Bakı,ew_travel_agencies_xlsx,3525620,"{""source_file"": ""c:\\Users\\ASUS G752VT\\Downloads\\EW\\Travel Agencies.xlsx"", ""ew_ids"": [""3525620""], ""agent_codes"": [""Dermo Nafdan travel""], ""rate_codes"": [], ""sales_reps"": [], ""is_company"": [], ""passive"": [], ""grey_list"": [false], ""excel_row_count"": 1, ""sources"": [""ew_travel_agencies_xlsx""]}"
travel-0067,Dermo Naftalan booking,,,Bakı,ew_travel_agencies_xlsx,3525590,"{""source_file"": ""c:\\Users\\ASUS G752VT\\Downloads\\EW\\Travel Agencies.xlsx"", ""ew_ids"": [""3525590""], ""agent_codes"": [""Dermo Naftalan booking""], ""rate_codes"": [], ""sales_reps"": [], ""is_company"": [], ""passive"": [], ""grey_list"": [false], ""excel_row_count"": 1, ""sources"": [""ew_travel_agencies_xlsx""]}"
travel-0068,Dermo Naftalan Kamel,,,Bakı,ew_travel_agencies_xlsx,3525595,"{""source_file"": ""c:\\Users\\ASUS G752VT\\Downloads\\EW\\Travel Agencies.xlsx"", ""ew_ids"": [""3525595""], ""agent_codes"": [""Dermo Naftalan Kamel""], ""rate_codes"": [], ""sales_reps"": [], ""is_company"": [], ""passive"": [], ""grey_list"": [false], ""excel_row_count"": 1, ""sources"": [""ew_travel_agencies_xlsx""]}"
travel-0069,Dermo Naftalan Med medical,,,Bakı,ew_travel_agencies_xlsx,3525629,"{""source_file"": ""c:\\Users\\ASUS G752VT\\Downloads\\EW\\Travel Agencies.xlsx"", ""ew_ids"": [""3525629""], ""agent_codes"": [""Dermo Naftalan Med medical""], ""rate_codes"": [], ""sales_reps"": [], ""is_company"": [], ""passive"": [], ""grey_list"": [false], ""excel_row_count"": 1, ""sources"": [""ew_travel_agencies_xlsx""]}"
travel-0070,Dermo Naftalanium medical,,,Bakı,ew_travel_agencies_xlsx,3528937,"{""source_file"": ""c:\\Users\\ASUS G752VT\\Downloads\\EW\\Travel Agencies.xlsx"", ""ew_ids"": [""3528937""], ""agent_codes"": [""Dermo Naftalanium medical""], ""rate_codes"": [], ""sales_reps"": [], ""is_company"": [], ""passive"": [], ""grey_list"": [false], ""excel_row_count"": 1, ""sources"": [""ew_travel_agencies_xlsx""]}"
travel-0071,Dermo paket Walkin,,,Bakı,ew_travel_agencies_xlsx,2761976,"{""source_file"": ""c:\\Users\\ASUS G752VT\\Downloads\\EW\\Travel Agencies.xlsx"", ""ew_ids"": [""2761976""], ""agent_codes"": [""Dermo paket Walkin""], ""rate_codes"": [], ""sales_reps"": [], ""is_company"": [], ""passive"": [], ""grey_list"": [false], ""excel_row_count"": 1, ""sources"": [""ew_travel_agencies_xlsx""]}"
travel-0072,Dermo RN travel,,,Bakı,ew_travel_agencies_xlsx,3525610,"{""source_file"": ""c:\\Users\\ASUS G752VT\\Downloads\\EW\\Travel Agencies.xlsx"", ""ew_ids"": [""3525610""], ""agent_codes"": [""Dermo RN travel""], ""rate_codes"": [], ""sales_reps"": [], ""is_company"": [], ""passive"": [], ""grey_list"": [false], ""excel_row_count"": 1, ""sources"": [""ew_travel_agencies_xlsx""]}"
travel-0073,Dermo sanatoriums booking,,,Bakı,ew_travel_agencies_xlsx,3525584,"{""source_file"": ""c:\\Users\\ASUS G752VT\\Downloads\\EW\\Travel Agencies.xlsx"", ""ew_ids"": [""3525584""], ""agent_codes"": [""Dermo sanatoriums booking""], ""rate_codes"": [], ""sales_reps"": [], ""is_company"": [], ""passive"": [], ""grey_list"": [false], ""excel_row_count"": 1, ""sources"": [""ew_travel_agencies_xlsx""]}"
travel-0074,Dermo Vita travel,,,Bakı,ew_travel_agencies_xlsx,3525602,"{""source_file"": ""c:\\Users\\ASUS G752VT\\Downloads\\EW\\Travel Agencies.xlsx"", ""ew_ids"": [""3525602""], ""agent_codes"": [""Dermo Vita travel""], ""rate_codes"": [], ""sales_reps"": [], ""is_company"": [], ""passive"": [], ""grey_list"": [false], ""excel_row_count"": 1, ""sources"": [""ew_travel_agencies_xlsx""]}"
travel-0075,Dermo Vİva travel,,,Bakı,ew_travel_agencies_xlsx,3525598,"{""source_file"": ""c:\\Users\\ASUS G752VT\\Downloads\\EW\\Travel Agencies.xlsx"", ""ew_ids"": [""3525598""], ""agent_codes"": [""Dermo Vİva travel""], ""rate_codes"": [], ""sales_reps"": [], ""is_company"": [], ""passive"": [], ""grey_list"": [false], ""excel_row_count"": 1, ""sources"": [""ew_travel_agencies_xlsx""]}"
travel-0076,Detox paket Walkin,,,Bakı,ew_travel_agencies_xlsx,2761977,"{""source_file"": ""c:\\Users\\ASUS G752VT\\Downloads\\EW\\Travel Agencies.xlsx"", ""ew_ids"": [""2761977""], ""agent_codes"": [""Detox paket Walkin""], ""rate_codes"": [], ""sales_reps"": [], ""is_company"": [], ""passive"": [], ""grey_list"": [false], ""excel_row_count"": 1, ""sources"": [""ew_travel_agencies_xlsx""]}"
travel-0077,DOST TRAVEL,,,Bakı,turlar.az,turlar-0024,"{""sources"": [""turlar.az""], ""profile_url"": ""https://turlar.az/me/dost-travel-1172"", ""listings_count"": """", ""description_snippet"": ""DOST TRAVEL Turizm şirkəti 9 ildə göstərdiyi peşəkar xidmətlər ilə ( Ölkə daxili və xarici avtobus turlari""}"
travel-0078,Dəmirov Namik,,,Bakı,ew_travel_agencies_xlsx,2717131,"{""source_file"": ""c:\\Users\\ASUS G752VT\\Downloads\\EW\\Travel Agencies.xlsx"", ""ew_ids"": [""2717131""], ""agent_codes"": [""Taksi Dəmirov Namik""], ""rate_codes"": [""Medical Rates (medikal +FB)""], ""sales_reps"": [], ""is_company"": [], ""passive"": [], ""grey_list"": [false], ""excel_row_count"": 1, ""sources"": [""ew_travel_agencies_xlsx""]}"
travel-0079,Easy Fly Travel,,,Bakı,turlar.az,turlar-0025,"{""sources"": [""turlar.az""], ""profile_url"": ""https://turlar.az/me/easy-fly-travel-1391"", ""listings_count"": """", ""description_snippet"": ""Peşəkar tur menecerlərimiz viza dəstəyi,turpaket,bilet və otel rezervasiya xidmətlərini uğurla və güvənl""}"
travel-0080,Eco Travel,,,Bakı,turlar.az,turlar-0026,"{""sources"": [""turlar.az""], ""profile_url"": ""https://turlar.az/me/eco-travel-1404"", ""listings_count"": """", ""description_snippet"": ""Şirkətimiz 8 ildi fəaliyyətdədir.Hal hazırda şirkətimiz də həm daxili həm də xarici turlarımız mövcüddur""}"
travel-0081,Eko Travel,,,Bakı,turlar.az,turlar-0027,"{""sources"": [""turlar.az""], ""profile_url"": ""https://turlar.az/me/eko-travel-1284"", ""listings_count"": ""52"", ""description_snippet"": ""&quot;Eko Travel&quot; sizlər üçün Daxili və Xarici Turlar, Şuşa Turu, Aviabletlər,otel rezervasyonları""}"
travel-0082,Ekspres Travel,(070) 7035544,,Bakı,turlar.az,turlar-0028,"{""sources"": [""turlar.az""], ""profile_url"": ""https://turlar.az/me/ekspres-travel-1371"", ""listings_count"": ""13"", ""description_snippet"": ""Daxili turlar""}"
travel-0083,Ekvator Tourism,,,Bakı,ew_travel_agencies_xlsx,2165212,"{""source_file"": ""c:\\Users\\ASUS G752VT\\Downloads\\EW\\Travel Agencies.xlsx"", ""ew_ids"": [""2165212"", ""2165214""], ""agent_codes"": [""Ekvator Tourism leisure"", ""Ekvator Tourism medical""], ""rate_codes"": [""Daily Rates"", ""Medical Rates (medikal +FB)""], ""sales_reps"": [], ""is_company"": [], ""passive"": [], ""grey_list"": [false, false], ""excel_row_count"": 2, ""sources"": [""ew_travel_agencies_xlsx""]}"
travel-0084,Elbrus Abbasov,+994503423146,,Bakı,ew_travel_agencies_xlsx,2253079,"{""source_file"": ""c:\\Users\\ASUS G752VT\\Downloads\\EW\\Travel Agencies.xlsx"", ""ew_ids"": [""2253079""], ""agent_codes"": [""Taksi Elbrus Abbasov""], ""rate_codes"": [""Medical Rates (medikal +FB)""], ""sales_reps"": [], ""is_company"": [], ""passive"": [], ""grey_list"": [false], ""excel_row_count"": 1, ""sources"": [""ew_travel_agencies_xlsx""]}"
travel-0085,Elm Travel,0503218800,,Bakı,ew_travel_agencies_xlsx,2287562,"{""source_file"": ""c:\\Users\\ASUS G752VT\\Downloads\\EW\\Travel Agencies.xlsx"", ""ew_ids"": [""2287562""], ""agent_codes"": [""Elm Travel medical""], ""rate_codes"": [""Medical Rates (medikal +FB)""], ""sales_reps"": [""LEYLA JAFAROVA""], ""is_company"": [], ""passive"": [], ""grey_list"": [false], ""excel_row_count"": 1, ""sources"": [""ew_travel_agencies_xlsx""]}"
travel-0086,Emil Babayev medical,,,Bakı,ew_travel_agencies_xlsx,3578283,"{""source_file"": ""c:\\Users\\ASUS G752VT\\Downloads\\EW\\Travel Agencies.xlsx"", ""ew_ids"": [""3578283""], ""agent_codes"": [""Emil Babayev medical""], ""rate_codes"": [], ""sales_reps"": [], ""is_company"": [], ""passive"": [], ""grey_list"": [false], ""excel_row_count"": 1, ""sources"": [""ew_travel_agencies_xlsx""]}"
travel-0087,Empathy Travel,,,Bakı,turlar.az+trippost.az,turlar-0029,"{""sources"": [""turlar.az"", ""trippost.az""], ""profile_url"": ""https://turlar.az/me/empathy-travel-1346"", ""listings_count"": """", ""description_snippet"": ""Xidmətlərimiz: Ölkə daxili və xarici turlar, viza, transfer, VİP turlar və s. məlumat üçün əlaqə saxlay"", ""alt_values"": {""profile_url"": [""https://trippost.az/turizm-sirketleri/empathy-travel/""]}, ""slug"": ""empathy-travel"", ""tagline"": """"}"
travel-0088,Empire Caucasus,,,Bakı,ew_travel_agencies_xlsx,2285443,"{""source_file"": ""c:\\Users\\ASUS G752VT\\Downloads\\EW\\Travel Agencies.xlsx"", ""ew_ids"": [""2285443""], ""agent_codes"": [""Empire Caucasus leisure""], ""rate_codes"": [""Daily Rates""], ""sales_reps"": [""Günel Məmmədyarova""], ""is_company"": [], ""passive"": [], ""grey_list"": [false], ""excel_row_count"": 1, ""sources"": [""ew_travel_agencies_xlsx""]}"
travel-0089,Enjoy Holiday,,,Bakı,ew_travel_agencies_xlsx,2177306,"{""source_file"": ""c:\\Users\\ASUS G752VT\\Downloads\\EW\\Travel Agencies.xlsx"", ""ew_ids"": [""2177306""], ""agent_codes"": [""Enjoy Holiday leisure""], ""rate_codes"": [""Daily Rates""], ""sales_reps"": [""Elbrus Ağalarov""], ""is_company"": [], ""passive"": [], ""grey_list"": [false], ""excel_row_count"": 1, ""sources"": [""ew_travel_agencies_xlsx""]}"
travel-0090,ERATUR,,,Bakı,trippost.az,trippost-0028,"{""sources"": [""trippost.az""], ""profile_url"": ""https://trippost.az/turizm-sirketleri/eratur/"", ""slug"": ""eratur"", ""tagline"": """"}"
travel-0091,Esma Travel,,,Bakı,trippost.az,trippost-0029,"{""sources"": [""trippost.az""], ""profile_url"": ""https://trippost.az/turizm-sirketleri/esma-travel/"", ""slug"": ""esma-travel"", ""tagline"": """"}"
travel-0092,Estoniya tur,,,Bakı,ew_travel_agencies_xlsx,2535392,"{""source_file"": ""c:\\Users\\ASUS G752VT\\Downloads\\EW\\Travel Agencies.xlsx"", ""ew_ids"": [""2535392""], ""agent_codes"": [""Estoniya tur""], ""rate_codes"": [""Medical Rates (medikal +FB)""], ""sales_reps"": [], ""is_company"": [], ""passive"": [], ""grey_list"": [false], ""excel_row_count"": 1, ""sources"": [""ew_travel_agencies_xlsx""]}"
travel-0093,EVA TRAVEL,,,Bakı,turlar.az+trippost.az,turlar-0030,"{""sources"": [""turlar.az"", ""trippost.az""], ""profile_url"": ""https://turlar.az/me/eva-travel-326"", ""listings_count"": """", ""description_snippet"": ""EVA TOURISM şirkəti artıq 11 ildir ki, sizə daha yaxşı xidmət göstərmək məqsədi ilə durmadan çalışır"", ""alt_values"": {""profile_url"": [""https://trippost.az/turizm-sirketleri/eva-travel/""]}, ""slug"": ""eva-travel"", ""tagline"": """"}"
travel-0094,Exclusive Travel Baku,,,Bakı,trippost.az,trippost-0025,"{""sources"": [""trippost.az""], ""profile_url"": ""https://trippost.az/turizm-sirketleri/exclusive-travel-baku/"", ""slug"": ""exclusive-travel-baku"", ""tagline"": """"}"
travel-0095,EXELY.COM,,,Bakı,ew_travel_agencies_xlsx,2434579,"{""source_file"": ""c:\\Users\\ASUS G752VT\\Downloads\\EW\\Travel Agencies.xlsx"", ""ew_ids"": [""2434579""], ""agent_codes"": [""EXELY.COM""], ""rate_codes"": [""Booking.com""], ""sales_reps"": [], ""is_company"": [], ""passive"": [], ""grey_list"": [false], ""excel_row_count"": 1, ""sources"": [""ew_travel_agencies_xlsx""]}"
travel-0096,Exotic Tour&Travel Company,,,Bakı,trippost.az,trippost-0026,"{""sources"": [""trippost.az""], ""profile_url"": ""https://trippost.az/turizm-sirketleri/exotic-tourtravel-company/"", ""slug"": ""exotic-tourtravel-company"", ""tagline"": """"}"
travel-0097,Expedia,,,Bakı,ew_travel_agencies_xlsx,3558579,"{""source_file"": ""c:\\Users\\ASUS G752VT\\Downloads\\EW\\Travel Agencies.xlsx"", ""ew_ids"": [""3558579""], ""agent_codes"": [""Expedia""], ""rate_codes"": [""Booking.com""], ""sales_reps"": [], ""is_company"": [], ""passive"": [], ""grey_list"": [false], ""excel_row_count"": 1, ""sources"": [""ew_travel_agencies_xlsx""]}"
travel-0098,Exspess MMC,,,Bakı,ew_travel_agencies_xlsx,3632766,"{""source_file"": ""c:\\Users\\ASUS G752VT\\Downloads\\EW\\Travel Agencies.xlsx"", ""ew_ids"": [""3632766""], ""agent_codes"": [""Exspess medical""], ""rate_codes"": [""Medical Rates (medikal +FB)""], ""sales_reps"": [], ""is_company"": [true], ""passive"": [], ""grey_list"": [false], ""excel_row_count"": 1, ""sources"": [""ew_travel_agencies_xlsx""]}"
travel-0099,Facebook kupon,,,Bakı,ew_travel_agencies_xlsx,3563158,"{""source_file"": ""c:\\Users\\ASUS G752VT\\Downloads\\EW\\Travel Agencies.xlsx"", ""ew_ids"": [""3563158""], ""agent_codes"": [""Facebook kupon""], ""rate_codes"": [], ""sales_reps"": [], ""is_company"": [], ""passive"": [], ""grey_list"": [false], ""excel_row_count"": 1, ""sources"": [""ew_travel_agencies_xlsx""]}"
travel-0100,Falcon travel,,,Bakı,ew_travel_agencies_xlsx,2604714,"{""source_file"": ""c:\\Users\\ASUS G752VT\\Downloads\\EW\\Travel Agencies.xlsx"", ""ew_ids"": [""2604714""], ""agent_codes"": [""Falcon Travel medical""], ""rate_codes"": [""Medical Rates (medikal +FB)""], ""sales_reps"": [], ""is_company"": [], ""passive"": [], ""grey_list"": [false], ""excel_row_count"": 1, ""sources"": [""ew_travel_agencies_xlsx""]}"
travel-0101,Fan Travel MMC,,,Bakı,turlar.az,turlar-0031,"{""sources"": [""turlar.az""], ""profile_url"": ""https://turlar.az/me/fan-travel-mmc-1266"", ""listings_count"": """", ""description_snippet"": ""Peşəkar tur menecerlərimiz viza dəstəyi,turpaket,bilet və otel rezervasiya xidmətlərini uğurla və güvənl""}"
travel-0102,Fartour Travel MMC,,,Bakı,trippost.az,trippost-0031,"{""sources"": [""trippost.az""], ""profile_url"": ""https://trippost.az/turizm-sirketleri/fartour-travel-mmc/"", ""slug"": ""fartour-travel-mmc"", ""tagline"": """"}"
travel-0103,Fecebook Dermo paket,,,Bakı,ew_travel_agencies_xlsx,3525462,"{""source_file"": ""c:\\Users\\ASUS G752VT\\Downloads\\EW\\Travel Agencies.xlsx"", ""ew_ids"": [""3525462""], ""agent_codes"": [""Fecebook Dermo paket""], ""rate_codes"": [], ""sales_reps"": [], ""is_company"": [], ""passive"": [], ""grey_list"": [false], ""excel_row_count"": 1, ""sources"": [""ew_travel_agencies_xlsx""]}"
travel-0104,Fecebook medical,,,Bakı,ew_travel_agencies_xlsx,2708042,"{""source_file"": ""c:\\Users\\ASUS G752VT\\Downloads\\EW\\Travel Agencies.xlsx"", ""ew_ids"": [""2708042"", ""3525463""], ""agent_codes"": [""Facebook  medical"", ""Fecebook medical""], ""rate_codes"": [], ""sales_reps"": [], ""is_company"": [], ""passive"": [], ""grey_list"": [false, false], ""excel_row_count"": 2, ""sources"": [""ew_travel_agencies_xlsx""]}"
travel-0105,Finance Travel,,,Bakı,turlar.az,turlar-0032,"{""sources"": [""turlar.az""], ""profile_url"": ""https://turlar.az/me/finance-travel-1348"", ""listings_count"": """", ""description_snippet"": ""Bizə müraciət edərək otel, bilet, sığorta, hazır turlar və viza dəstəyi əldə edə bilərsiniz. İStirahətiniz""}"
travel-0106,FIRST TOUR,,,Bakı,turlar.az,turlar-0033,"{""sources"": [""turlar.az""], ""profile_url"": ""https://turlar.az/me/first-tour-1380"", ""listings_count"": """", ""description_snippet"": ""Ölkədaxili turların təşkili""}"
travel-0107,Fly Agent Travel,,,Bakı,trippost.az,trippost-0032,"{""sources"": [""trippost.az""], ""profile_url"": ""https://trippost.az/turizm-sirketleri/fly-agent-travel/"", ""slug"": ""fly-agent-travel"", ""tagline"": """"}"
travel-0108,Fly Tour MMC,,,Bakı,trippost.az,trippost-0033,"{""sources"": [""trippost.az""], ""profile_url"": ""https://trippost.az/turizm-sirketleri/fly-tour-mmc/"", ""slug"": ""fly-tour-mmc"", ""tagline"": """"}"
travel-0109,Flykhiva medical,,,Bakı,ew_travel_agencies_xlsx,2703241,"{""source_file"": ""c:\\Users\\ASUS G752VT\\Downloads\\EW\\Travel Agencies.xlsx"", ""ew_ids"": [""2703241""], ""agent_codes"": [""Flykhiva medical""], ""rate_codes"": [], ""sales_reps"": [], ""is_company"": [], ""passive"": [], ""grey_list"": [false], ""excel_row_count"": 1, ""sources"": [""ew_travel_agencies_xlsx""]}"
travel-0110,Four Ways Travel,,,Bakı,turlar.az,turlar-0034,"{""sources"": [""turlar.az""], ""profile_url"": ""https://turlar.az/me/four-ways-travel-1176"", ""listings_count"": """", ""description_snippet"": ""&quot;Four Ways Travel , Azərbaycanın turistik gözəlliklərini kəşf edənlər üçün ideal bir şirkətdir""}"
travel-0111,Frisaga,,,Bakı,trippost.az,trippost-0034,"{""sources"": [""trippost.az""], ""profile_url"": ""https://trippost.az/turizm-sirketleri/frisaga/"", ""slug"": ""frisaga"", ""tagline"": """"}"
travel-0112,Gala Tours Travel,,,Bakı,turlar.az,turlar-0035,"{""sources"": [""turlar.az""], ""profile_url"": ""https://turlar.az/me/gala-tours-travel-1280"", ""listings_count"": """", ""description_snippet"": ""Ölkədaxili və Ölkəxarici turların təşkili Turlar, Aviabilet , Camping Dini Turlar və Məktəbli turlar""}"
travel-0113,GEDƏK GƏZƏK,,,Bakı,turlar.az,turlar-0036,"{""sources"": [""turlar.az""], ""profile_url"": ""https://turlar.az/me/gedek-gezek-1410"", ""listings_count"": """", ""description_snippet"": ""Ölkədaxili bütün növ turların sərfəli qiymət və yüksək keyfiyyəti ilə xidmətinizdəyik""}"
travel-0114,Get Travel,,,Bakı,trippost.az,trippost-0035,"{""sources"": [""trippost.az""], ""profile_url"": ""https://trippost.az/turizm-sirketleri/gettravel/"", ""slug"": ""gettravel"", ""tagline"": """"}"
travel-0115,Ginza Travel,,,Bakı,ew_travel_agencies_xlsx+turlar.az,2177312,"{""source_file"": ""c:\\Users\\ASUS G752VT\\Downloads\\EW\\Travel Agencies.xlsx"", ""ew_ids"": [""2177312""], ""agent_codes"": [""Ginza Travel leisure""], ""rate_codes"": [""Daily Rates""], ""sales_reps"": [""Fidan Qurbanova""], ""is_company"": [], ""passive"": [], ""grey_list"": [false], ""excel_row_count"": 1, ""sources"": [""ew_travel_agencies_xlsx"", ""turlar.az""], ""profile_url"": ""https://turlar.az/me/ginza-travel-1312"", ""listings_count"": """", ""description_snippet"": ""2017-dən sizinlə - Səyahət hər kəsin haqqıdır !""}"
travel-0116,GlobalTours369,,,Bakı,trippost.az,trippost-0036,"{""sources"": [""trippost.az""], ""profile_url"": ""https://trippost.az/turizm-sirketleri/globaltours369/"", ""slug"": ""globaltours369"", ""tagline"": """"}"
travel-0117,GO HOLİDAY TRAVEL,,,Bakı,turlar.az+trippost.az,turlar-0038,"{""sources"": [""turlar.az"", ""trippost.az""], ""profile_url"": ""https://turlar.az/me/go-holiday-travel-752"", ""listings_count"": ""10"", ""description_snippet"": ""? GO HOLIDAY TRAVEL MMC ? Daxili və Xarici Turlar ✨ Yüksək səviyyədə xidmət ? Rəsmi ofisə sahib şirkə"", ""alt_values"": {""profile_url"": [""https://trippost.az/turizm-sirketleri/go-holiday-travel/""]}, ""slug"": ""go-holiday-travel"", ""tagline"": """"}"
travel-0118,Go Sanatorium,,,Bakı,ew_travel_agencies_xlsx,3547991,"{""source_file"": ""c:\\Users\\ASUS G752VT\\Downloads\\EW\\Travel Agencies.xlsx"", ""ew_ids"": [""3547991""], ""agent_codes"": [""Go Sanatorium medical""], ""rate_codes"": [""Medical Rates (medikal +FB)""], ""sales_reps"": [""Ramil Murtuzayev""], ""is_company"": [], ""passive"": [], ""grey_list"": [false], ""excel_row_count"": 1, ""sources"": [""ew_travel_agencies_xlsx""]}"
travel-0119,Grand Rent A Car,,,Bakı,turlar.az,turlar-0039,"{""sources"": [""turlar.az""], ""profile_url"": ""https://turlar.az/me/grand-rent-a-car-1345"", ""listings_count"": ""20"", ""description_snippet"": ""Baki şəhərində fəaliyyət göstərən avtomobil kirayəsi və icarəsi xidmətindən bizim Rent a Car-dan faydalanın""}"
travel-0120,Granit AS medical,,,Bakı,ew_travel_agencies_xlsx,2554583,"{""source_file"": ""c:\\Users\\ASUS G752VT\\Downloads\\EW\\Travel Agencies.xlsx"", ""ew_ids"": [""2554583""], ""agent_codes"": [""Granit As medical""], ""rate_codes"": [""Medical Rates (medikal +FB)""], ""sales_reps"": [], ""is_company"": [], ""passive"": [], ""grey_list"": [false], ""excel_row_count"": 1, ""sources"": [""ew_travel_agencies_xlsx""]}"
travel-0121,Granit AS Travel,,,Bakı,turlar.az+trippost.az,turlar-0040,"{""sources"": [""turlar.az"", ""trippost.az""], ""profile_url"": ""https://turlar.az/me/granit-as-travel-287"", ""listings_count"": ""3"", ""description_snippet"": ""Aviabiletlər, Hotellər, Sanatoriyalar, Daxili və xarici turlar, Viza xidmətləri, Ekskursiyalar, Ren"", ""alt_values"": {""profile_url"": [""https://trippost.az/turizm-sirketleri/granitas/""]}, ""slug"": ""granitas"", ""tagline"": """"}"
travel-0122,Green Apple MICE & Leisure Travel,,,Bakı,trippost.az,trippost-0039,"{""sources"": [""trippost.az""], ""profile_url"": ""https://trippost.az/turizm-sirketleri/green-apple-mice-leisure-travel/"", ""slug"": ""green-apple-mice-leisure-travel"", ""tagline"": """"}"
travel-0123,Greenwich medical,,,Bakı,ew_travel_agencies_xlsx,3047392,"{""source_file"": ""c:\\Users\\ASUS G752VT\\Downloads\\EW\\Travel Agencies.xlsx"", ""ew_ids"": [""3047392""], ""agent_codes"": [""Greenwich medical""], ""rate_codes"": [], ""sales_reps"": [], ""is_company"": [], ""passive"": [], ""grey_list"": [false], ""excel_row_count"": 1, ""sources"": [""ew_travel_agencies_xlsx""]}"
travel-0124,GS Travel Agency,,,Bakı,trippost.az,trippost-0040,"{""sources"": [""trippost.az""], ""profile_url"": ""https://trippost.az/turizm-sirketleri/gs-travel-agency/"", ""slug"": ""gs-travel-agency"", ""tagline"": """"}"
travel-0125,GTT Travel,,,Bakı,trippost.az,trippost-0041,"{""sources"": [""trippost.az""], ""profile_url"": ""https://trippost.az/turizm-sirketleri/gtt-travel/"", ""slug"": ""gtt-travel"", ""tagline"": """"}"
travel-0126,Happy Trips,0703080330,,Bakı,ew_travel_agencies_xlsx,2177318,"{""source_file"": ""c:\\Users\\ASUS G752VT\\Downloads\\EW\\Travel Agencies.xlsx"", ""ew_ids"": [""2177318"", ""2184546""], ""agent_codes"": [""Happy Trips leisure"", ""Happy Trips medical""], ""rate_codes"": [""Daily Rates"", ""Medical Rates (medikal +FB)""], ""sales_reps"": [""Janna Tahirova""], ""is_company"": [], ""passive"": [], ""grey_list"": [false, false], ""excel_row_count"": 2, ""sources"": [""ew_travel_agencies_xlsx""]}"
travel-0127,HAROP TRAVEL,(050) 9888088,,Bakı,turlar.az,turlar-0041,"{""sources"": [""turlar.az""], ""profile_url"": ""https://turlar.az/me/harop-travel-1316"", ""listings_count"": ""4"", ""description_snippet"": ""Ölkədaxili Turların təşkili,Ölkədaxili Bütün Hoteller üçün Rezervasiya xidməti,Ölkədaxili və Ölkəxaric""}"
travel-0128,Health Tour-Naftalan,+994558068436,,Bakı,ew_travel_agencies_xlsx,2147501,"{""source_file"": ""c:\\Users\\ASUS G752VT\\Downloads\\EW\\Travel Agencies.xlsx"", ""ew_ids"": [""2147501"", ""2147500""], ""agent_codes"": [""Health Tour-Naftalan leisure"", ""Health Tour-Naftalan medical""], ""rate_codes"": [""Medical Rates (medikal +FB)""], ""sales_reps"": [""Ləman Tanırverdiyeva""], ""is_company"": [], ""passive"": [], ""grey_list"": [false, false], ""excel_row_count"": 2, ""sources"": [""ew_travel_agencies_xlsx""]}"
travel-0129,Healthy Sanatoriums,+994505747515,,Bakı,ew_travel_agencies_xlsx,2117234,"{""source_file"": ""c:\\Users\\ASUS G752VT\\Downloads\\EW\\Travel Agencies.xlsx"", ""ew_ids"": [""2117234""], ""agent_codes"": [""Healthy Sanatoriums leisure""], ""rate_codes"": [""Daily Rates""], ""sales_reps"": [""Ceyhunə Mehdiyeva""], ""is_company"": [], ""passive"": [], ""grey_list"": [false], ""excel_row_count"": 1, ""sources"": [""ew_travel_agencies_xlsx""]}"
travel-0130,Hicrət Tour,(070) 2558807,,Bakı,turlar.az,turlar-0042,"{""sources"": [""turlar.az""], ""profile_url"": ""https://turlar.az/me/hicret-tour-1397"", ""listings_count"": ""13"", ""description_snippet"": ""Həcc və Ümrə ziyarətlərinin təşkili""}"
travel-0131,HISAR TOUR,(077) 2091000,,Bakı,turlar.az,turlar-0043,"{""sources"": [""turlar.az""], ""profile_url"": ""https://turlar.az/me/hisar-tour-1204"", ""listings_count"": ""1"", ""description_snippet"": ""İnanc yönümlü bir şirkət olaraq. Allahın və Rəsulunun qonaqlarına xidmət şüuru ilə dünya müsəlmanların""}"
travel-0132,Həmkarlar İttifaqı,,,Bakı,ew_travel_agencies_xlsx,2547769,"{""source_file"": ""c:\\Users\\ASUS G752VT\\Downloads\\EW\\Travel Agencies.xlsx"", ""ew_ids"": [""2547769""], ""agent_codes"": [""Həmkarlar""], ""rate_codes"": [], ""sales_reps"": [], ""is_company"": [], ""passive"": [], ""grey_list"": [false], ""excel_row_count"": 1, ""sources"": [""ew_travel_agencies_xlsx""]}"
travel-0133,Həmkarlar İttifaqı Konfederasiyasi,,,Bakı,ew_travel_agencies_xlsx,2547763,"{""source_file"": ""c:\\Users\\ASUS G752VT\\Downloads\\EW\\Travel Agencies.xlsx"", ""ew_ids"": [""2547763""], ""agent_codes"": [""Həmkarlar İttifaqı  Konfederasiyası""], ""rate_codes"": [""Medical Rates (medikal +FB)""], ""sales_reps"": [], ""is_company"": [], ""passive"": [], ""grey_list"": [false], ""excel_row_count"": 1, ""sources"": [""ew_travel_agencies_xlsx""]}"
travel-0134,Inovation Art and Travel Center,,,Bakı,trippost.az,trippost-0044,"{""sources"": [""trippost.az""], ""profile_url"": ""https://trippost.az/turizm-sirketleri/inovation-art-and-travel-center/"", ""slug"": ""inovation-art-and-travel-center"", ""tagline"": """"}"
travel-0135,İlham Musayev,0706910540,,Bakı,ew_travel_agencies_xlsx,2243842,"{""source_file"": ""c:\\Users\\ASUS G752VT\\Downloads\\EW\\Travel Agencies.xlsx"", ""ew_ids"": [""2243842""], ""agent_codes"": [""Taksi İlham Musayev""], ""rate_codes"": [""Medical Rates (medikal +FB)""], ""sales_reps"": [], ""is_company"": [], ""passive"": [], ""grey_list"": [false], ""excel_row_count"": 1, ""sources"": [""ew_travel_agencies_xlsx""]}"
travel-0136,İMPERATOR TRAVEL,(055) 4758808,,Bakı,turlar.az,turlar-0045,"{""sources"": [""turlar.az""], ""profile_url"": ""https://turlar.az/me/imperator-travel-1247"", ""listings_count"": ""40"", ""description_snippet"": ""&#039;İMPERATOR TRAVEL&quot; sizlər üçün ölkədaxili 1 , 2 və 3 günlük, məktəbli və qrup turları kim""}"
travel-0137,İMPERİAL TRAVEL,(055) 2005215,,Bakı,turlar.az,turlar-0046,"{""sources"": [""turlar.az""], ""profile_url"": ""https://turlar.az/me/imperial-travel-1442"", ""listings_count"": ""45"", ""description_snippet"": ""Xarici və daxili turlar ;Ölkədaxili və Dünya üzrə otellərin rezervasiyası &amp; satışı, Aviabiletləri""}"
travel-0138,İnstagram,,,Bakı,ew_travel_agencies_xlsx,2337129,"{""source_file"": ""c:\\Users\\ASUS G752VT\\Downloads\\EW\\Travel Agencies.xlsx"", ""ew_ids"": [""2337129"", ""2277436""], ""agent_codes"": [""İnstagram leisure"", ""İnstagram medical""], ""rate_codes"": [""Daily Rates"", ""Medical Rates (medikal +FB)""], ""sales_reps"": [], ""is_company"": [], ""passive"": [], ""grey_list"": [false, false], ""excel_row_count"": 2, ""sources"": [""ew_travel_agencies_xlsx""]}"
travel-0139,İnşaat -kommersiya medical,,,Bakı,ew_travel_agencies_xlsx,3590132,"{""source_file"": ""c:\\Users\\ASUS G752VT\\Downloads\\EW\\Travel Agencies.xlsx"", ""ew_ids"": [""3590132""], ""agent_codes"": [""İnşaat-kommersiya medical""], ""rate_codes"": [], ""sales_reps"": [], ""is_company"": [], ""passive"": [], ""grey_list"": [false], ""excel_row_count"": 1, ""sources"": [""ew_travel_agencies_xlsx""]}"
travel-0140,İZZ Travel,,,Bakı,ew_travel_agencies_xlsx+turlar.az+trippost.az,2177297,"{""source_file"": ""c:\\Users\\ASUS G752VT\\Downloads\\EW\\Travel Agencies.xlsx"", ""ew_ids"": [""2177297""], ""agent_codes"": [""İZZ Travel leisure""], ""rate_codes"": [""Daily Rates""], ""sales_reps"": [""Leyla Piriyeva""], ""is_company"": [], ""passive"": [], ""grey_list"": [false], ""excel_row_count"": 1, ""sources"": [""ew_travel_agencies_xlsx"", ""turlar.az"", ""trippost.az""], ""profile_url"": ""https://turlar.az/me/izz-travel-1276"", ""listings_count"": """", ""description_snippet"": ""Bütün dünya üzrə aviabiletlərin satışı, Otellərin bronlaşdırılması, sanatoriyalarin rezervasiyası, viz"", ""alt_values"": {""profile_url"": [""https://trippost.az/turizm-sirketleri/izz-travel/""]}, ""slug"": ""izz-travel"", ""tagline"": """"}"
travel-0141,Jasmin Travel,,,Bakı,trippost.az,trippost-0046,"{""sources"": [""trippost.az""], ""profile_url"": ""https://trippost.az/turizm-sirketleri/jasmin-travel/"", ""slug"": ""jasmin-travel"", ""tagline"": """"}"
travel-0142,Jeluxe Travel.,,,Bakı,turlar.az,turlar-0047,"{""sources"": [""turlar.az""], ""profile_url"": ""https://turlar.az/me/jeluxe-travel-215"", ""listings_count"": ""15"", ""description_snippet"": ""Xarici Turlar Daxili Turlar Transfer Xidmeti Aviabiletlerin satishi Dunyanin istenilen yerine bilet v""}"
travel-0143,Kainat Travel,,,Bakı,trippost.az,trippost-0047,"{""sources"": [""trippost.az""], ""profile_url"": ""https://trippost.az/turizm-sirketleri/kainat-travel/"", ""slug"": ""kainat-travel"", ""tagline"": """"}"
travel-0144,Kamran Zadeh,,,Bakı,ew_travel_agencies_xlsx,2165220,"{""source_file"": ""c:\\Users\\ASUS G752VT\\Downloads\\EW\\Travel Agencies.xlsx"", ""ew_ids"": [""2165220""], ""agent_codes"": [""Kamranzadeh Turizm leisure""], ""rate_codes"": [""Daily Rates""], ""sales_reps"": [], ""is_company"": [], ""passive"": [], ""grey_list"": [false], ""excel_row_count"": 1, ""sources"": [""ew_travel_agencies_xlsx""]}"
travel-0145,Karabakh Travel Tours,,,Bakı,trippost.az,trippost-0048,"{""sources"": [""trippost.az""], ""profile_url"": ""https://trippost.az/turizm-sirketleri/karabakh-travel-tours/"", ""slug"": ""karabakh-travel-tours"", ""tagline"": """"}"
travel-0146,Kaspi Travel,,,Bakı,trippost.az,trippost-0049,"{""sources"": [""trippost.az""], ""profile_url"": ""https://trippost.az/turizm-sirketleri/kaspi-travel/"", ""slug"": ""kaspi-travel"", ""tagline"": """"}"
travel-0147,Kurort Travel,,,Bakı,ew_travel_agencies_xlsx,2411161,"{""source_file"": ""c:\\Users\\ASUS G752VT\\Downloads\\EW\\Travel Agencies.xlsx"", ""ew_ids"": [""2411161""], ""agent_codes"": [""Kurort  Travel medical""], ""rate_codes"": [""Medical Rates (medikal +FB)""], ""sales_reps"": [], ""is_company"": [], ""passive"": [], ""grey_list"": [false], ""excel_row_count"": 1, ""sources"": [""ew_travel_agencies_xlsx""]}"
travel-0148,Lalasoy Travel,,,Bakı,turlar.az,turlar-0048,"{""sources"": [""turlar.az""], ""profile_url"": ""https://turlar.az/me/lalasoy-travel-1354"", ""listings_count"": """", ""description_snippet"": ""Lalasoy Travel - rahat və daha sərfəli səyahət həyata keçirmək üçün hər zaman sizin xidmətinizdədir""}"
travel-0149,LAV TRANSPORT,,,Bakı,turlar.az,turlar-0049,"{""sources"": [""turlar.az""], ""profile_url"": ""https://turlar.az/me/lav-transport-1420"", ""listings_count"": """", ""description_snippet"": ""Şəhər və ölkə daxili Avtobusların sifarişi.Turların təşkili""}"
travel-0150,Legal Tourism Company,,,Bakı,trippost.az,trippost-0050,"{""sources"": [""trippost.az""], ""profile_url"": ""https://trippost.az/turizm-sirketleri/legal-tourism-company-2/"", ""slug"": ""legal-tourism-company-2"", ""tagline"": """"}"
travel-0151,Leon Travel,,,Bakı,trippost.az,trippost-0051,"{""sources"": [""trippost.az""], ""profile_url"": ""https://trippost.az/turizm-sirketleri/leon-travel/"", ""slug"": ""leon-travel"", ""tagline"": """"}"
travel-0152,Level Group MMC,,,Bakı,trippost.az,trippost-0052,"{""sources"": [""trippost.az""], ""profile_url"": ""https://trippost.az/turizm-sirketleri/level-group-mmc/"", ""slug"": ""level-group-mmc"", ""tagline"": """"}"
travel-0153,Lik Lili medilcal,,,Bakı,ew_travel_agencies_xlsx,3511178,"{""source_file"": ""c:\\Users\\ASUS G752VT\\Downloads\\EW\\Travel Agencies.xlsx"", ""ew_ids"": [""3511178""], ""agent_codes"": [""Lik Lili medical""], ""rate_codes"": [], ""sales_reps"": [], ""is_company"": [], ""passive"": [], ""grey_list"": [false], ""excel_row_count"": 1, ""sources"": [""ew_travel_agencies_xlsx""]}"
travel-0154,Limak Travel,,,Bakı,trippost.az,trippost-0053,"{""sources"": [""trippost.az""], ""profile_url"": ""https://trippost.az/turizm-sirketleri/limak-travel/"", ""slug"": ""limak-travel"", ""tagline"": """"}"
travel-0155,London Travel,0507037804,,Bakı,ew_travel_agencies_xlsx,2177332,"{""source_file"": ""c:\\Users\\ASUS G752VT\\Downloads\\EW\\Travel Agencies.xlsx"", ""ew_ids"": [""2177332""], ""agent_codes"": [""London Travel leisure""], ""rate_codes"": [""Daily Rates""], ""sales_reps"": [""Mircəlal Yaqubov""], ""is_company"": [], ""passive"": [], ""grey_list"": [false], ""excel_row_count"": 1, ""sources"": [""ew_travel_agencies_xlsx""]}"
travel-0156,Lucky Holiday,+994 55 777 63 32,,Bakı,ew_travel_agencies_xlsx,2533054,"{""source_file"": ""c:\\Users\\ASUS G752VT\\Downloads\\EW\\Travel Agencies.xlsx"", ""ew_ids"": [""2533054""], ""agent_codes"": [""LuckyHolidays Medical""], ""rate_codes"": [""Medical Rates (medikal +FB)""], ""sales_reps"": [""Asmar Sharifzada""], ""is_company"": [], ""passive"": [], ""grey_list"": [false], ""excel_row_count"": 1, ""sources"": [""ew_travel_agencies_xlsx""]}"
travel-0157,Lucky Travel,0554830983,,Bakı,ew_travel_agencies_xlsx,2177316,"{""source_file"": ""c:\\Users\\ASUS G752VT\\Downloads\\EW\\Travel Agencies.xlsx"", ""ew_ids"": [""2177316""], ""agent_codes"": [""Lucky Travel leisure""], ""rate_codes"": [""Daily Rates""], ""sales_reps"": [""Şəhla Mahmudova""], ""is_company"": [], ""passive"": [], ""grey_list"": [false], ""excel_row_count"": 1, ""sources"": [""ew_travel_agencies_xlsx""]}"
travel-0158,Luino Travel,,,Bakı,ew_travel_agencies_xlsx,2177329,"{""source_file"": ""c:\\Users\\ASUS G752VT\\Downloads\\EW\\Travel Agencies.xlsx"", ""ew_ids"": [""2177329""], ""agent_codes"": [""Luino Travel leisure""], ""rate_codes"": [""Daily Rates""], ""sales_reps"": [""Nilufər Orucova""], ""is_company"": [], ""passive"": [], ""grey_list"": [false], ""excel_row_count"": 1, ""sources"": [""ew_travel_agencies_xlsx""]}"
travel-0159,Luna Travel,,,Bakı,ew_travel_agencies_xlsx,2615283,"{""source_file"": ""c:\\Users\\ASUS G752VT\\Downloads\\EW\\Travel Agencies.xlsx"", ""ew_ids"": [""2615283""], ""agent_codes"": [""Luna Travel""], ""rate_codes"": [""Medical Rates (medikal +FB)""], ""sales_reps"": [], ""is_company"": [], ""passive"": [], ""grey_list"": [false], ""excel_row_count"": 1, ""sources"": [""ew_travel_agencies_xlsx""]}"
travel-0160,Lux Rent a Car Baku,,,Bakı,turlar.az,turlar-0050,"{""sources"": [""turlar.az""], ""profile_url"": ""https://turlar.az/me/lux-rent-a-car-baku-512"", ""listings_count"": """", ""description_snippet"": ""Lux Rent a Car Baku rent car maşınlar hər istəyə uyğun. Hər növ avtomobillərimiz xidmətinizdədir DEPOZİTSİZ""}"
travel-0161,Lz Miracle,,,Bakı,ew_travel_agencies_xlsx,2177336,"{""source_file"": ""c:\\Users\\ASUS G752VT\\Downloads\\EW\\Travel Agencies.xlsx"", ""ew_ids"": [""2177336""], ""agent_codes"": [""Lz Miracle leisure""], ""rate_codes"": [""Daily Rates""], ""sales_reps"": [""İlahə Abbasova""], ""is_company"": [], ""passive"": [], ""grey_list"": [false], ""excel_row_count"": 1, ""sources"": [""ew_travel_agencies_xlsx""]}"
travel-0162,Macara Travel MMC,,,Bakı,trippost.az,trippost-0054,"{""sources"": [""trippost.az""], ""profile_url"": ""https://trippost.az/turizm-sirketleri/macara-travel-mmc/"", ""slug"": ""macara-travel-mmc"", ""tagline"": """"}"
travel-0163,MAGNAT TRAVEL,,,Bakı,turlar.az,turlar-0051,"{""sources"": [""turlar.az""], ""profile_url"": ""https://turlar.az/me/magnat-travel-1311"", ""listings_count"": """", ""description_snippet"": ""MAGNAT TRAVEL - sizə ən güvənilir və keyfiyyətli şəkildə turlar təqdim edir. Şəhər və ölkədaxili avtobusları""}"
travel-0164,Mari travel medical,,,Bakı,ew_travel_agencies_xlsx,2777721,"{""source_file"": ""c:\\Users\\ASUS G752VT\\Downloads\\EW\\Travel Agencies.xlsx"", ""ew_ids"": [""2777721""], ""agent_codes"": [""Mari travel medical""], ""rate_codes"": [], ""sales_reps"": [], ""is_company"": [], ""passive"": [], ""grey_list"": [false], ""excel_row_count"": 1, ""sources"": [""ew_travel_agencies_xlsx""]}"
travel-0165,MAYA TRAVEL,,,Bakı,turlar.az,turlar-0052,"{""sources"": [""turlar.az""], ""profile_url"": ""https://turlar.az/me/maya-travel-1444"", ""listings_count"": """", ""description_snippet"": ""MAYA TRAVEL-TURIZM SIRKETI OLARAQ FƏALİYYƏT GÖSTƏRİRİK""}"
travel-0166,Med Eco Tour,,,Bakı,ew_travel_agencies_xlsx,2439725,"{""source_file"": ""c:\\Users\\ASUS G752VT\\Downloads\\EW\\Travel Agencies.xlsx"", ""ew_ids"": [""2439725""], ""agent_codes"": [""Med Eco Tour medical""], ""rate_codes"": [""Medical Rates (medikal +FB)""], ""sales_reps"": [], ""is_company"": [], ""passive"": [], ""grey_list"": [false], ""excel_row_count"": 1, ""sources"": [""ew_travel_agencies_xlsx""]}"
travel-0167,Medical Tours MMC,,,Bakı,ew_travel_agencies_xlsx,2252087,"{""source_file"": ""c:\\Users\\ASUS G752VT\\Downloads\\EW\\Travel Agencies.xlsx"", ""ew_ids"": [""2252087""], ""agent_codes"": [""Medical Tours medical""], ""rate_codes"": [""Medical Rates (medikal +FB)""], ""sales_reps"": [], ""is_company"": [], ""passive"": [], ""grey_list"": [false], ""excel_row_count"": 1, ""sources"": [""ew_travel_agencies_xlsx""]}"
travel-0168,Mehti Guliyev,0502291996,,Bakı,ew_travel_agencies_xlsx,2499940,"{""source_file"": ""c:\\Users\\ASUS G752VT\\Downloads\\EW\\Travel Agencies.xlsx"", ""ew_ids"": [""2499940""], ""agent_codes"": [""Rantour medical""], ""rate_codes"": [""Medical Rates (medikal +FB)""], ""sales_reps"": [], ""is_company"": [], ""passive"": [], ""grey_list"": [false], ""excel_row_count"": 1, ""sources"": [""ew_travel_agencies_xlsx""]}"
travel-0169,Melay Travel,,,Bakı,turlar.az,turlar-0053,"{""sources"": [""turlar.az""], ""profile_url"": ""https://turlar.az/me/melay-travel-1399"", ""listings_count"": """", ""description_snippet"": ""Biz inanırıq ki, səyahət həyatı zənginləşdirir və yeni üfüqlər açır. Bizim missiyamız hər bir tətil""}"
travel-0170,MER Travel,,,Bakı,trippost.az,trippost-0055,"{""sources"": [""trippost.az""], ""profile_url"": ""https://trippost.az/turizm-sirketleri/mer-travel/"", ""slug"": ""mer-travel"", ""tagline"": """"}"
travel-0171,Mercury Travel,,,Bakı,turlar.az,turlar-0054,"{""sources"": [""turlar.az""], ""profile_url"": ""https://turlar.az/me/mercury-travel-1383"", ""listings_count"": """", ""description_snippet"": ""Xarici turlar, daxili turlar, kruizlər, viza dəstəyi, sanatoriyalar, aviabiletlər, hotellər""}"
travel-0172,MFCLİONTRAVEL,(050) 2219190,,Bakı,turlar.az,turlar-0055,"{""sources"": [""turlar.az""], ""profile_url"": ""https://turlar.az/me/mfcliontravel-1411"", ""listings_count"": ""14"", ""description_snippet"": ""Ölkədaxili turların təşkili və sərnişin daşıma""}"
travel-0173,MG AVİO TOUR,(010) 9102201,,Bakı,turlar.az,turlar-0056,"{""sources"": [""turlar.az""], ""profile_url"": ""https://turlar.az/me/mg-avio-tour-1477"", ""listings_count"": ""21"", ""description_snippet"": ""Xarici və daxili turlar ;Ölkədaxili və Dünya üzrə otellərin rezervasiyası &amp; satışı, Aviabiletləri""}"
travel-0174,MOOD TRAVEL,(055) 4802073,,Bakı,turlar.az+trippost.az,turlar-0057,"{""sources"": [""turlar.az"", ""trippost.az""], ""profile_url"": ""https://turlar.az/me/mood-travel-1342"", ""listings_count"": ""29"", ""description_snippet"": ""Dünyanı bizimlə kəşf edin"", ""alt_values"": {""profile_url"": [""https://trippost.az/turizm-sirketleri/mood-travel/""]}, ""slug"": ""mood-travel"", ""tagline"": """"}"
travel-0175,Murad Həsənov,,,Bakı,ew_travel_agencies_xlsx,2246049,"{""source_file"": ""c:\\Users\\ASUS G752VT\\Downloads\\EW\\Travel Agencies.xlsx"", ""ew_ids"": [""2246049""], ""agent_codes"": [""Taksi Murad Həsənov""], ""rate_codes"": [""Medical Rates (medikal +FB)""], ""sales_reps"": [], ""is_company"": [], ""passive"": [], ""grey_list"": [false], ""excel_row_count"": 1, ""sources"": [""ew_travel_agencies_xlsx""]}"
travel-0176,Murov sanatoriya,,,Bakı,ew_travel_agencies_xlsx,2618288,"{""source_file"": ""c:\\Users\\ASUS G752VT\\Downloads\\EW\\Travel Agencies.xlsx"", ""ew_ids"": [""2618288""], ""agent_codes"": [""Murov sanatoriya""], ""rate_codes"": [""Medical Rates (medikal +FB)""], ""sales_reps"": [], ""is_company"": [], ""passive"": [], ""grey_list"": [false], ""excel_row_count"": 1, ""sources"": [""ew_travel_agencies_xlsx""]}"
travel-0177,My Sanatorium,,,Bakı,ew_travel_agencies_xlsx,2165202,"{""source_file"": ""c:\\Users\\ASUS G752VT\\Downloads\\EW\\Travel Agencies.xlsx"", ""ew_ids"": [""2165202"", ""2165204""], ""agent_codes"": [""My Sanatorium leisure"", ""My Sanatorium medical""], ""rate_codes"": [""Daily Rates"", ""Medical Rates (medikal +FB)""], ""sales_reps"": [], ""is_company"": [], ""passive"": [], ""grey_list"": [false, false], ""excel_row_count"": 2, ""sources"": [""ew_travel_agencies_xlsx""]}"
travel-0178,Məsud Səmədov,0704320005,,Bakı,ew_travel_agencies_xlsx,2176429,"{""source_file"": ""c:\\Users\\ASUS G752VT\\Downloads\\EW\\Travel Agencies.xlsx"", ""ew_ids"": [""2176429""], ""agent_codes"": [""Taksi Məsud Səmədov medical""], ""rate_codes"": [""Medical Rates (medikal +FB)""], ""sales_reps"": [], ""is_company"": [], ""passive"": [], ""grey_list"": [false], ""excel_row_count"": 1, ""sources"": [""ew_travel_agencies_xlsx""]}"
travel-0179,Nafdan Travel,+994102224546,,Bakı,ew_travel_agencies_xlsx,2182312,"{""source_file"": ""c:\\Users\\ASUS G752VT\\Downloads\\EW\\Travel Agencies.xlsx"", ""ew_ids"": [""2182312""], ""agent_codes"": [""Nafdan Travel medical""], ""rate_codes"": [""Medical Rates (medikal +FB)""], ""sales_reps"": [""Hüseynov Kamran""], ""is_company"": [], ""passive"": [], ""grey_list"": [false], ""excel_row_count"": 1, ""sources"": [""ew_travel_agencies_xlsx""]}"
travel-0180,Naft Med Tour,,,Bakı,ew_travel_agencies_xlsx,2165200,"{""source_file"": ""c:\\Users\\ASUS G752VT\\Downloads\\EW\\Travel Agencies.xlsx"", ""ew_ids"": [""2165200"", ""2165199""], ""agent_codes"": [""Naft Med Tour leisure"", ""Naft Med Tour medical""], ""rate_codes"": [""Daily Rates"", ""Medical Rates (medikal +FB)""], ""sales_reps"": [], ""is_company"": [], ""passive"": [], ""grey_list"": [false, false], ""excel_row_count"": 2, ""sources"": [""ew_travel_agencies_xlsx""]}"
travel-0181,Nafta Sanatoriya,,,Bakı,ew_travel_agencies_xlsx,2166313,"{""source_file"": ""c:\\Users\\ASUS G752VT\\Downloads\\EW\\Travel Agencies.xlsx"", ""ew_ids"": [""2166313""], ""agent_codes"": [""Nafta HOD""], ""rate_codes"": [], ""sales_reps"": [], ""is_company"": [], ""passive"": [false], ""grey_list"": [false], ""excel_row_count"": 1, ""sources"": [""ew_travel_agencies_xlsx""]}"
travel-0182,Naftalan booking,+994554022777,,Bakı,ew_travel_agencies_xlsx,2092190,"{""source_file"": ""c:\\Users\\ASUS G752VT\\Downloads\\EW\\Travel Agencies.xlsx"", ""ew_ids"": [""2092190"", ""2092199""], ""agent_codes"": [""Naftalan booking leisure"", ""Naftalan booking medical""], ""rate_codes"": [""Daily Rates"", ""Medical Rates (medikal +FB)""], ""sales_reps"": [""Kamilla""], ""is_company"": [], ""passive"": [], ""grey_list"": [false, false], ""excel_row_count"": 2, ""sources"": [""ew_travel_agencies_xlsx""]}"
travel-0183,Naftalan City,+994512502626,,Bakı,ew_travel_agencies_xlsx,2092129,"{""source_file"": ""c:\\Users\\ASUS G752VT\\Downloads\\EW\\Travel Agencies.xlsx"", ""ew_ids"": [""2092129""], ""agent_codes"": [""Naftalan City leisure""], ""rate_codes"": [""Daily Rates""], ""sales_reps"": [""Merdan Memmedov""], ""is_company"": [], ""passive"": [], ""grey_list"": [false], ""excel_row_count"": 1, ""sources"": [""ew_travel_agencies_xlsx""]}"
travel-0184,Naftalan Kamel tourism,+994507487999,,Bakı,ew_travel_agencies_xlsx,2117149,"{""source_file"": ""c:\\Users\\ASUS G752VT\\Downloads\\EW\\Travel Agencies.xlsx"", ""ew_ids"": [""2117149"", ""2117147""], ""agent_codes"": [""Naftalan Kamel leisure"", ""Naftalan Kamel medical""], ""rate_codes"": [""Daily Rates"", ""Medical Rates (medikal +FB)""], ""sales_reps"": [""Elçin Qələndərov""], ""is_company"": [], ""passive"": [], ""grey_list"": [false, false], ""excel_row_count"": 2, ""sources"": [""ew_travel_agencies_xlsx""]}"
travel-0185,Naftalan Med,,,Bakı,ew_travel_agencies_xlsx,2256639,"{""source_file"": ""c:\\Users\\ASUS G752VT\\Downloads\\EW\\Travel Agencies.xlsx"", ""ew_ids"": [""2256639""], ""agent_codes"": [""Naftalan Med Medical""], ""rate_codes"": [""Medical Rates (medikal +FB)""], ""sales_reps"": [], ""is_company"": [], ""passive"": [], ""grey_list"": [false], ""excel_row_count"": 1, ""sources"": [""ew_travel_agencies_xlsx""]}"
travel-0186,Naftalan Med Tur,,,Bakı,ew_travel_agencies_xlsx,2393502,"{""source_file"": ""c:\\Users\\ASUS G752VT\\Downloads\\EW\\Travel Agencies.xlsx"", ""ew_ids"": [""2393502""], ""agent_codes"": [""Naftalan Med Tur Medical""], ""rate_codes"": [""Medical Rates (medikal +FB)""], ""sales_reps"": [""Elnur Axundov""], ""is_company"": [], ""passive"": [], ""grey_list"": [false], ""excel_row_count"": 1, ""sources"": [""ew_travel_agencies_xlsx""]}"
travel-0187,Naftalan Medical,,,Bakı,ew_travel_agencies_xlsx,2165194,"{""source_file"": ""c:\\Users\\ASUS G752VT\\Downloads\\EW\\Travel Agencies.xlsx"", ""ew_ids"": [""2165194"", ""2165193""], ""agent_codes"": [""Naftalan Medical leisure"", ""Naftalan Medical medical""], ""rate_codes"": [""Daily Rates"", ""Medical Rates (medikal +FB)""], ""sales_reps"": [], ""is_company"": [], ""passive"": [], ""grey_list"": [false, false], ""excel_row_count"": 2, ""sources"": [""ew_travel_agencies_xlsx""]}"
travel-0188,Naftalan Otel və Sanatoriyaları,,,Bakı,turlar.az,turlar-0058,"{""sources"": [""turlar.az""], ""profile_url"": ""https://turlar.az/me/naftalan-otel-ve-sanatoriyalari-1218"", ""listings_count"": """", ""description_snippet"": ""Otel və sanatoriyaların rezervasiyası""}"
travel-0189,Naftalan Therapy,0508694600,,Bakı,ew_travel_agencies_xlsx,2248131,"{""source_file"": ""c:\\Users\\ASUS G752VT\\Downloads\\EW\\Travel Agencies.xlsx"", ""ew_ids"": [""2248131""], ""agent_codes"": [""Naftalan Therapy Medical""], ""rate_codes"": [""Medical Rates (medikal +FB)""], ""sales_reps"": [""Ələsova Aida""], ""is_company"": [], ""passive"": [], ""grey_list"": [false], ""excel_row_count"": 1, ""sources"": [""ew_travel_agencies_xlsx""]}"
travel-0190,Naftalan Wallness Travel,,,Bakı,ew_travel_agencies_xlsx,2566927,"{""source_file"": ""c:\\Users\\ASUS G752VT\\Downloads\\EW\\Travel Agencies.xlsx"", ""ew_ids"": [""2566927""], ""agent_codes"": [""Wallness Travel""], ""rate_codes"": [""Medical Rates (medikal +FB)""], ""sales_reps"": [], ""is_company"": [], ""passive"": [], ""grey_list"": [false], ""excel_row_count"": 1, ""sources"": [""ew_travel_agencies_xlsx""]}"
travel-0191,Naftalan Wellness,,,Bakı,ew_travel_agencies_xlsx,3538492,"{""source_file"": ""c:\\Users\\ASUS G752VT\\Downloads\\EW\\Travel Agencies.xlsx"", ""ew_ids"": [""3538492""], ""agent_codes"": [""Naftalan Wellness""], ""rate_codes"": [], ""sales_reps"": [], ""is_company"": [], ""passive"": [], ""grey_list"": [false], ""excel_row_count"": 1, ""sources"": [""ew_travel_agencies_xlsx""]}"
travel-0192,Naftalanium medical,,,Bakı,ew_travel_agencies_xlsx,3339378,"{""source_file"": ""c:\\Users\\ASUS G752VT\\Downloads\\EW\\Travel Agencies.xlsx"", ""ew_ids"": [""3339378""], ""agent_codes"": [""Naftalanium medical""], ""rate_codes"": [], ""sales_reps"": [], ""is_company"": [], ""passive"": [], ""grey_list"": [false], ""excel_row_count"": 1, ""sources"": [""ew_travel_agencies_xlsx""]}"
travel-0193,NaftaMed Travel,,,Bakı,ew_travel_agencies_xlsx,3564124,"{""source_file"": ""c:\\Users\\ASUS G752VT\\Downloads\\EW\\Travel Agencies.xlsx"", ""ew_ids"": [""3564124""], ""agent_codes"": [""NaftaMed Travel""], ""rate_codes"": [""Medical Rates (medikal +FB)""], ""sales_reps"": [], ""is_company"": [], ""passive"": [], ""grey_list"": [false], ""excel_row_count"": 1, ""sources"": [""ew_travel_agencies_xlsx""]}"
travel-0194,Naftavita medical,,,Bakı,ew_travel_agencies_xlsx,2689498,"{""source_file"": ""c:\\Users\\ASUS G752VT\\Downloads\\EW\\Travel Agencies.xlsx"", ""ew_ids"": [""2689498""], ""agent_codes"": [""Naftavita medical""], ""rate_codes"": [], ""sales_reps"": [], ""is_company"": [], ""passive"": [], ""grey_list"": [false], ""excel_row_count"": 1, ""sources"": [""ew_travel_agencies_xlsx""]}"
travel-0195,NamiGo travel,,,Bakı,turlar.az,turlar-0059,"{""sources"": [""turlar.az""], ""profile_url"": ""https://turlar.az/me/namigo-travel-1271"", ""listings_count"": ""13"", ""description_snippet"": ""Ölkəxarici ,Ölkədaxili turların təşkili.Guvenli partner.Sizin Zövqlü səyahətiniz üçün xidmətinizdəyi""}"
travel-0196,Narem Travel MMC,,,Bakı,trippost.az,trippost-0057,"{""sources"": [""trippost.az""], ""profile_url"": ""https://trippost.az/turizm-sirketleri/narem-travel-mmc/"", ""slug"": ""narem-travel-mmc"", ""tagline"": """"}"
travel-0197,Natiq İsmayılov,+994706756244,,Bakı,ew_travel_agencies_xlsx,2760897,"{""source_file"": ""c:\\Users\\ASUS G752VT\\Downloads\\EW\\Travel Agencies.xlsx"", ""ew_ids"": [""2760897""], ""agent_codes"": [""Taksi Natiq İsmayılov""], ""rate_codes"": [""Medical Rates (medikal +FB)""], ""sales_reps"": [], ""is_company"": [], ""passive"": [], ""grey_list"": [false], ""excel_row_count"": 1, ""sources"": [""ew_travel_agencies_xlsx""]}"
travel-0198,Neway Travel,,,Bakı,turlar.az,turlar-0060,"{""sources"": [""turlar.az""], ""profile_url"": ""https://turlar.az/me/neway-travel-1355"", ""listings_count"": """", ""description_snippet"": ""Ölkədaxili 1, 2, 3 və 4 günlük turların təşkili. Aviabiletlərin sərfəli qiymətə satışı. Bütün otelləri""}"
travel-0199,Nuru Məmmədov,0503846387,,Bakı,ew_travel_agencies_xlsx,2442279,"{""source_file"": ""c:\\Users\\ASUS G752VT\\Downloads\\EW\\Travel Agencies.xlsx"", ""ew_ids"": [""2442279""], ""agent_codes"": [""Taksi Nuru Məmmədov""], ""rate_codes"": [""Medical Rates (medikal +FB)""], ""sales_reps"": [], ""is_company"": [], ""passive"": [], ""grey_list"": [false], ""excel_row_count"": 1, ""sources"": [""ew_travel_agencies_xlsx""]}"
travel-0200,Nəsiri,0518823333,,Bakı,ew_travel_agencies_xlsx,2252055,"{""source_file"": ""c:\\Users\\ASUS G752VT\\Downloads\\EW\\Travel Agencies.xlsx"", ""ew_ids"": [""2252055""], ""agent_codes"": [""Taksi Nəsiri""], ""rate_codes"": [""Medical Rates (medikal +FB)""], ""sales_reps"": [], ""is_company"": [], ""passive"": [], ""grey_list"": [false], ""excel_row_count"": 1, ""sources"": [""ew_travel_agencies_xlsx""]}"
travel-0201,Nəzər Yusifov,0503170767,,Bakı,ew_travel_agencies_xlsx,2271907,"{""source_file"": ""c:\\Users\\ASUS G752VT\\Downloads\\EW\\Travel Agencies.xlsx"", ""ew_ids"": [""2271907""], ""agent_codes"": [""Taksi Nəzər Yusifov""], ""rate_codes"": [""Medical Rates (medikal +FB)""], ""sales_reps"": [""Nəzər Yusifov""], ""is_company"": [], ""passive"": [], ""grey_list"": [false], ""excel_row_count"": 1, ""sources"": [""ew_travel_agencies_xlsx""]}"
travel-0202,OBA TOURİSM,,,Bakı,turlar.az,turlar-0061,"{""sources"": [""turlar.az""], ""profile_url"": ""https://turlar.az/me/oba-tourism-1304"", ""listings_count"": ""66"", ""description_snippet"": ""Xidmətlərimiz: . Aviabiletlərin satışı. Viza dəstəyi. Nəqliyyat xidməti. Ziyarət turları. Ölkədaxil""}"
travel-0203,Oba Travel,,,Bakı,turlar.az,turlar-0062,"{""sources"": [""turlar.az""], ""profile_url"": ""https://turlar.az/me/oba-travel-1301"", ""listings_count"": ""15"", ""description_snippet"": ""Oba Turizm şirkəti olaraq hər zaman keyfiyyətli turizm xidmətlərimizlə xidmətinizdəyik"", ""alt_values"": {""profile_url"": [""https://turlar.az/me/oba-turizm-1433""], ""description_snippet"": [""Ölkə daxili,xarici,müalicəvi turların təşkili və unudulmaz səyahət təcrübələri bizim ünvanda.Səyahətləriniz""]}}"
travel-0204,Old Naftalan,,,Bakı,ew_travel_agencies_xlsx,2520700,"{""source_file"": ""c:\\Users\\ASUS G752VT\\Downloads\\EW\\Travel Agencies.xlsx"", ""ew_ids"": [""2520700""], ""agent_codes"": [""Old Naftalan medical""], ""rate_codes"": [""Medical Rates (medikal +FB)""], ""sales_reps"": [], ""is_company"": [], ""passive"": [], ""grey_list"": [false], ""excel_row_count"": 1, ""sources"": [""ew_travel_agencies_xlsx""]}"
travel-0205,Oliqarx rent a car,,,Bakı,turlar.az,turlar-0064,"{""sources"": [""turlar.az""], ""profile_url"": ""https://turlar.az/me/oliqarx-rent-a-car-1324"", ""listings_count"": """", ""description_snippet"": ""Gündəlik, Həftəlik, Aylıq Avtomobil kirayəsi. Endirimli və keyfiyyətli Avtomobillərin kirayəsi Munasi""}"
travel-0206,OLYMPOS TOUR AZERBAIJAN,,,Bakı,turlar.az,turlar-0065,"{""sources"": [""turlar.az""], ""profile_url"": ""https://turlar.az/me/olympos-tour-azerbaijan-1290"", ""listings_count"": ""31"", ""description_snippet"": ""Dünyanın bütün istiqamətlərində unudulmaz səyahətlər, müxtəlif konseptlərdə ölkədaxilii turlar, aviabiletlər""}"
travel-0207,Olympos Travel,,,Bakı,turlar.az+trippost.az,turlar-0066,"{""sources"": [""turlar.az"", ""trippost.az""], ""profile_url"": ""https://turlar.az/me/olympos-travel-1161"", ""listings_count"": """", ""description_snippet"": ""&quot;OLYMPOS Travel&quot; Turizm Agentliyi - Daxili turlar , xarici turlar, aviabilet, transfer ve ote"", ""alt_values"": {""profile_url"": [""https://trippost.az/turizm-sirketleri/olympos-travel-mmmc/""]}, ""slug"": ""olympos-travel-mmmc"", ""tagline"": """"}"
travel-0208,OMEGA TRAVEL,(055) 2869586,,Bakı,turlar.az,turlar-0067,"{""sources"": [""turlar.az""], ""profile_url"": ""https://turlar.az/me/omega-travel-1227"", ""listings_count"": ""42"", ""description_snippet"": ""&quot;OMEGA TRAVEL&quot; Azərbaycanı mümkün qədər çox kəşf etmək və daha az xərcləmək üçün qrup halınd""}"
travel-0209,ONLINE Naftalan Hotel,,,Bakı,ew_travel_agencies_xlsx,1996711,"{""source_file"": ""c:\\Users\\ASUS G752VT\\Downloads\\EW\\Travel Agencies.xlsx"", ""ew_ids"": [""1996711""], ""agent_codes"": [""ONLINE""], ""rate_codes"": [""Booking.com""], ""sales_reps"": [], ""is_company"": [], ""passive"": [], ""grey_list"": [false], ""excel_row_count"": 1, ""sources"": [""ew_travel_agencies_xlsx""]}"
travel-0210,Orange Travel,,,Bakı,trippost.az,trippost-0059,"{""sources"": [""trippost.az""], ""profile_url"": ""https://trippost.az/turizm-sirketleri/orange-travel/"", ""slug"": ""orange-travel"", ""tagline"": """"}"
travel-0211,Organic Naftalan Oil,,,Bakı,ew_travel_agencies_xlsx,2433395,"{""source_file"": ""c:\\Users\\ASUS G752VT\\Downloads\\EW\\Travel Agencies.xlsx"", ""ew_ids"": [""2433395""], ""agent_codes"": [""Organic Naftalan Oil medical""], ""rate_codes"": [""Medical Rates (medikal +FB)""], ""sales_reps"": [], ""is_company"": [], ""passive"": [], ""grey_list"": [false], ""excel_row_count"": 1, ""sources"": [""ew_travel_agencies_xlsx""]}"
travel-0212,Ostrovok.ru,,,Bakı,ew_travel_agencies_xlsx,2274659,"{""source_file"": ""c:\\Users\\ASUS G752VT\\Downloads\\EW\\Travel Agencies.xlsx"", ""ew_ids"": [""2274659""], ""agent_codes"": [""Ostrovok.ru""], ""rate_codes"": [""Ostrovok.ru""], ""sales_reps"": [], ""is_company"": [], ""passive"": [], ""grey_list"": [false], ""excel_row_count"": 1, ""sources"": [""ew_travel_agencies_xlsx""]}"
travel-0213,P.M,,,Bakı,ew_travel_agencies_xlsx,3500621,"{""source_file"": ""c:\\Users\\ASUS G752VT\\Downloads\\EW\\Travel Agencies.xlsx"", ""ew_ids"": [""3500621""], ""agent_codes"": [""P.M""], ""rate_codes"": [], ""sales_reps"": [], ""is_company"": [], ""passive"": [], ""grey_list"": [false], ""excel_row_count"": 1, ""sources"": [""ew_travel_agencies_xlsx""]}"
travel-0214,Panda Travel,,,Bakı,turlar.az,turlar-0068,"{""sources"": [""turlar.az""], ""profile_url"": ""https://turlar.az/me/panda-travel-1295"", ""listings_count"": """", ""description_snippet"": ""&quot;PANDA Travel&quot; Turizm Agentliyi - Daxili turlar , xarici turlar, aviabilet, transfer ve ote""}"
travel-0215,Passport Travel MMC,,,Bakı,trippost.az,trippost-0060,"{""sources"": [""trippost.az""], ""profile_url"": ""https://trippost.az/turizm-sirketleri/passport-travel-mmc/"", ""slug"": ""passport-travel-mmc"", ""tagline"": """"}"
travel-0216,Pegas İncoming MMC,0512078133,,Bakı,ew_travel_agencies_xlsx,2446854,"{""source_file"": ""c:\\Users\\ASUS G752VT\\Downloads\\EW\\Travel Agencies.xlsx"", ""ew_ids"": [""2446854""], ""agent_codes"": [""Pegas incoming Travel Medical""], ""rate_codes"": [""Medical Rates (medikal +FB)""], ""sales_reps"": [""İbrahim bəy""], ""is_company"": [], ""passive"": [], ""grey_list"": [false], ""excel_row_count"": 1, ""sources"": [""ew_travel_agencies_xlsx""]}"
travel-0217,PERFECT TRAVEL,(099) 8321333,,Bakı,turlar.az,turlar-0069,"{""sources"": [""turlar.az""], ""profile_url"": ""https://turlar.az/me/perfect-travel-1321"", ""listings_count"": ""31"", ""description_snippet"": ""&quot;PERFECT TRAVEL&quot; milli turizmin inkişafına öz töhfəsini vermiş, bu sahədə öz xidmətlərilə tanınmı""}"
travel-0218,Premier Holidays,,,Bakı,turlar.az,turlar-0070,"{""sources"": [""turlar.az""], ""profile_url"": ""https://turlar.az/me/premier-holidays-1331"", ""listings_count"": """", ""description_snippet"": ""Ölkəxarici ,Ölkədaxili turların təşkili.Guvenli partner.Sizin Zövqlü səyahətiniz üçün xidmətinizdəyi""}"
travel-0219,Premium Akmaral Sayahat,,,Bakı,ew_travel_agencies_xlsx,2943178,"{""source_file"": ""c:\\Users\\ASUS G752VT\\Downloads\\EW\\Travel Agencies.xlsx"", ""ew_ids"": [""2943178""], ""agent_codes"": [""Premium Akmaral Sayahat Medical""], ""rate_codes"": [""Medical Rates (medikal +FB)""], ""sales_reps"": [], ""is_company"": [], ""passive"": [], ""grey_list"": [false], ""excel_row_count"": 1, ""sources"": [""ew_travel_agencies_xlsx""]}"
travel-0220,Premium Facebook,,,Bakı,ew_travel_agencies_xlsx,3526566,"{""source_file"": ""c:\\Users\\ASUS G752VT\\Downloads\\EW\\Travel Agencies.xlsx"", ""ew_ids"": [""3526566""], ""agent_codes"": [""Premium Facebook""], ""rate_codes"": [""Medical Rates (medikal +FB)""], ""sales_reps"": [], ""is_company"": [], ""passive"": [], ""grey_list"": [false], ""excel_row_count"": 1, ""sources"": [""ew_travel_agencies_xlsx""]}"
travel-0221,Premium Medical tours,,,Bakı,ew_travel_agencies_xlsx,3525614,"{""source_file"": ""c:\\Users\\ASUS G752VT\\Downloads\\EW\\Travel Agencies.xlsx"", ""ew_ids"": [""3525614""], ""agent_codes"": [""Premium Medical tours""], ""rate_codes"": [], ""sales_reps"": [], ""is_company"": [], ""passive"": [], ""grey_list"": [false], ""excel_row_count"": 1, ""sources"": [""ew_travel_agencies_xlsx""]}"
travel-0222,Premium Nafdan travel,,,Bakı,ew_travel_agencies_xlsx,3525619,"{""source_file"": ""c:\\Users\\ASUS G752VT\\Downloads\\EW\\Travel Agencies.xlsx"", ""ew_ids"": [""3525619""], ""agent_codes"": [""Premium Nafdan travel""], ""rate_codes"": [], ""sales_reps"": [], ""is_company"": [], ""passive"": [], ""grey_list"": [false], ""excel_row_count"": 1, ""sources"": [""ew_travel_agencies_xlsx""]}"
travel-0223,Premium Naftalan booking,,,Bakı,ew_travel_agencies_xlsx,3525586,"{""source_file"": ""c:\\Users\\ASUS G752VT\\Downloads\\EW\\Travel Agencies.xlsx"", ""ew_ids"": [""3525586""], ""agent_codes"": [""Premium Naftalan booking""], ""rate_codes"": [], ""sales_reps"": [], ""is_company"": [], ""passive"": [], ""grey_list"": [false], ""excel_row_count"": 1, ""sources"": [""ew_travel_agencies_xlsx""]}"
travel-0224,Premium Naftalan Kamel,,,Bakı,ew_travel_agencies_xlsx,3525592,"{""source_file"": ""c:\\Users\\ASUS G752VT\\Downloads\\EW\\Travel Agencies.xlsx"", ""ew_ids"": [""3525592""], ""agent_codes"": [""Premium Naftalan Kamel""], ""rate_codes"": [], ""sales_reps"": [], ""is_company"": [], ""passive"": [], ""grey_list"": [false], ""excel_row_count"": 1, ""sources"": [""ew_travel_agencies_xlsx""]}"
travel-0225,Premium Naftalan Med medical,,,Bakı,ew_travel_agencies_xlsx,3525627,"{""source_file"": ""c:\\Users\\ASUS G752VT\\Downloads\\EW\\Travel Agencies.xlsx"", ""ew_ids"": [""3525627""], ""agent_codes"": [""Premium Naftalan Med medical""], ""rate_codes"": [], ""sales_reps"": [], ""is_company"": [], ""passive"": [], ""grey_list"": [false], ""excel_row_count"": 1, ""sources"": [""ew_travel_agencies_xlsx""]}"
travel-0226,Premium paket Walkin,,,Bakı,ew_travel_agencies_xlsx,2761974,"{""source_file"": ""c:\\Users\\ASUS G752VT\\Downloads\\EW\\Travel Agencies.xlsx"", ""ew_ids"": [""2761974""], ""agent_codes"": [""Premium paket Walkin""], ""rate_codes"": [], ""sales_reps"": [], ""is_company"": [], ""passive"": [], ""grey_list"": [false], ""excel_row_count"": 1, ""sources"": [""ew_travel_agencies_xlsx""]}"
travel-0227,Premium RN travel,,,Bakı,ew_travel_agencies_xlsx,3525608,"{""source_file"": ""c:\\Users\\ASUS G752VT\\Downloads\\EW\\Travel Agencies.xlsx"", ""ew_ids"": [""3525608""], ""agent_codes"": [""Premium RN travel""], ""rate_codes"": [], ""sales_reps"": [], ""is_company"": [], ""passive"": [], ""grey_list"": [false], ""excel_row_count"": 1, ""sources"": [""ew_travel_agencies_xlsx""]}"
travel-0228,Premium Sanatoriums booking,,,Bakı,ew_travel_agencies_xlsx,3525581,"{""source_file"": ""c:\\Users\\ASUS G752VT\\Downloads\\EW\\Travel Agencies.xlsx"", ""ew_ids"": [""3525581""], ""agent_codes"": [""Premium Sanatoriums booking""], ""rate_codes"": [], ""sales_reps"": [], ""is_company"": [], ""passive"": [], ""grey_list"": [false], ""excel_row_count"": 1, ""sources"": [""ew_travel_agencies_xlsx""]}"
travel-0229,Premium Sultan Travel medical,,,Bakı,ew_travel_agencies_xlsx,3501640,"{""source_file"": ""c:\\Users\\ASUS G752VT\\Downloads\\EW\\Travel Agencies.xlsx"", ""ew_ids"": [""3501640""], ""agent_codes"": [""Premium Sultan Travel medical""], ""rate_codes"": [], ""sales_reps"": [], ""is_company"": [], ""passive"": [], ""grey_list"": [false], ""excel_row_count"": 1, ""sources"": [""ew_travel_agencies_xlsx""]}"
travel-0230,Premium Viva travel,,,Bakı,ew_travel_agencies_xlsx,3525596,"{""source_file"": ""c:\\Users\\ASUS G752VT\\Downloads\\EW\\Travel Agencies.xlsx"", ""ew_ids"": [""3525596""], ""agent_codes"": [""Premium Viva travel""], ""rate_codes"": [], ""sales_reps"": [], ""is_company"": [], ""passive"": [], ""grey_list"": [false], ""excel_row_count"": 1, ""sources"": [""ew_travel_agencies_xlsx""]}"
travel-0231,Premium Vİta travel,,,Bakı,ew_travel_agencies_xlsx,3525601,"{""source_file"": ""c:\\Users\\ASUS G752VT\\Downloads\\EW\\Travel Agencies.xlsx"", ""ew_ids"": [""3525601""], ""agent_codes"": [""Premium Vita travel""], ""rate_codes"": [], ""sales_reps"": [], ""is_company"": [], ""passive"": [], ""grey_list"": [false], ""excel_row_count"": 1, ""sources"": [""ew_travel_agencies_xlsx""]}"
travel-0232,PREMİUM TRAVEL,(055) 3775357,,Bakı,turlar.az,turlar-0071,"{""sources"": [""turlar.az""], ""profile_url"": ""https://turlar.az/me/premium-travel-1320"", ""listings_count"": ""34"", ""description_snippet"": ""PREMİUM ~ TRAVEL MMC sizlər üçün Ölkə Daxili 1 Günlük 2 Günlük və 3 Günlük, Məktəbli və Qurup Turlari""}"
travel-0233,Prestige travel medical,,,Bakı,ew_travel_agencies_xlsx,2680132,"{""source_file"": ""c:\\Users\\ASUS G752VT\\Downloads\\EW\\Travel Agencies.xlsx"", ""ew_ids"": [""2680132""], ""agent_codes"": [""Prestige travel medical""], ""rate_codes"": [], ""sales_reps"": [], ""is_company"": [], ""passive"": [], ""grey_list"": [false], ""excel_row_count"": 1, ""sources"": [""ew_travel_agencies_xlsx""]}"
travel-0234,Qafar Vəliyev,0772953596,,Bakı,ew_travel_agencies_xlsx,2200065,"{""source_file"": ""c:\\Users\\ASUS G752VT\\Downloads\\EW\\Travel Agencies.xlsx"", ""ew_ids"": [""2200065""], ""agent_codes"": [""Taksi Qafar Vəliyev""], ""rate_codes"": [""Medical Rates (medikal +FB)""], ""sales_reps"": [], ""is_company"": [], ""passive"": [], ""grey_list"": [false], ""excel_row_count"": 1, ""sources"": [""ew_travel_agencies_xlsx""]}"
travel-0235,R-travel&Tour,,,Bakı,trippost.az,trippost-0061,"{""sources"": [""trippost.az""], ""profile_url"": ""https://trippost.az/turizm-sirketleri/r-traveltour/"", ""slug"": ""r-traveltour"", ""tagline"": """"}"
travel-0236,Radio walkin medical,,,Bakı,ew_travel_agencies_xlsx,3597193,"{""source_file"": ""c:\\Users\\ASUS G752VT\\Downloads\\EW\\Travel Agencies.xlsx"", ""ew_ids"": [""3597193""], ""agent_codes"": [""Radio walkin medical""], ""rate_codes"": [], ""sales_reps"": [], ""is_company"": [], ""passive"": [], ""grey_list"": [false], ""excel_row_count"": 1, ""sources"": [""ew_travel_agencies_xlsx""]}"
travel-0237,Rafn Group-Azərtourv,,,Bakı,ew_travel_agencies_xlsx,2623369,"{""source_file"": ""c:\\Users\\ASUS G752VT\\Downloads\\EW\\Travel Agencies.xlsx"", ""ew_ids"": [""2623369""], ""agent_codes"": [""Rafn Group-Azərtour""], ""rate_codes"": [""Medical Rates (medikal +FB)""], ""sales_reps"": [], ""is_company"": [], ""passive"": [], ""grey_list"": [false], ""excel_row_count"": 1, ""sources"": [""ew_travel_agencies_xlsx""]}"
travel-0238,Rayda medical,,,Bakı,ew_travel_agencies_xlsx,3548536,"{""source_file"": ""c:\\Users\\ASUS G752VT\\Downloads\\EW\\Travel Agencies.xlsx"", ""ew_ids"": [""3548536""], ""agent_codes"": [""Rayda medical""], ""rate_codes"": [], ""sales_reps"": [], ""is_company"": [], ""passive"": [], ""grey_list"": [false], ""excel_row_count"": 1, ""sources"": [""ew_travel_agencies_xlsx""]}"
travel-0239,Rena Kəngərli,,,Bakı,ew_travel_agencies_xlsx,2570782,"{""source_file"": ""c:\\Users\\ASUS G752VT\\Downloads\\EW\\Travel Agencies.xlsx"", ""ew_ids"": [""2570782""], ""agent_codes"": [""Rena Kəngərli""], ""rate_codes"": [""Medical Rates (medikal +FB)""], ""sales_reps"": [], ""is_company"": [], ""passive"": [false], ""grey_list"": [false], ""excel_row_count"": 1, ""sources"": [""ew_travel_agencies_xlsx""]}"
travel-0240,Rent A Car,,,Bakı,turlar.az,turlar-0072,"{""sources"": [""turlar.az""], ""profile_url"": ""https://turlar.az/me/rent-a-car-1293"", ""listings_count"": """", ""description_snippet"": ""Gündəlik, Həftəlik, Aylıq Avtomobil kirayəsi. Endirimli və keyfiyyətli Avtomobillərin kirayəsi Munasi""}"
travel-0241,Rent A Car 929,(055) 3002022,,Bakı,turlar.az,turlar-0073,"{""sources"": [""turlar.az""], ""profile_url"": ""https://turlar.az/me/rent-a-car-929-1288"", ""listings_count"": ""35"", ""description_snippet"": ""Sərfəli qiymətlərlə geniş avtomobil seçimi, depozit tələbi olmadan, cəmi 15 dəqiqəlik sürətli və raha""}"
travel-0242,RESTORAN FMB,,,Bakı,ew_travel_agencies_xlsx,2176306,"{""source_file"": ""c:\\Users\\ASUS G752VT\\Downloads\\EW\\Travel Agencies.xlsx"", ""ew_ids"": [""2176306""], ""agent_codes"": [""RESTORAN FMB""], ""rate_codes"": [], ""sales_reps"": [], ""is_company"": [], ""passive"": [], ""grey_list"": [false], ""excel_row_count"": 1, ""sources"": [""ew_travel_agencies_xlsx""]}"
travel-0243,RH Golden Travel,,,Bakı,turlar.az,turlar-0074,"{""sources"": [""turlar.az""], ""profile_url"": ""https://turlar.az/me/rh-golden-travel-1424"", ""listings_count"": """", ""description_snippet"": ""Səyahətini unudulmaz et! RH_TRAVEL ilə Ümrə, viza, tur paketləri və fərdi səfərlər – hamısı zəmanətli""}"
travel-0244,RN travel medical,,,Bakı,ew_travel_agencies_xlsx,3284257,"{""source_file"": ""c:\\Users\\ASUS G752VT\\Downloads\\EW\\Travel Agencies.xlsx"", ""ew_ids"": [""3284257""], ""agent_codes"": [""RN travel medical""], ""rate_codes"": [], ""sales_reps"": [], ""is_company"": [], ""passive"": [], ""grey_list"": [false], ""excel_row_count"": 1, ""sources"": [""ew_travel_agencies_xlsx""]}"
travel-0245,ROADX,(012) 3111095,,Bakı,turlar.az,turlar-0075,"{""sources"": [""turlar.az""], ""profile_url"": ""https://turlar.az/me/roadx-1451"", ""listings_count"": ""21"", ""description_snippet"": ""ROADX – korporativ və VIP müştərilər üçün premium nəqliyyat xidmətləri təqdim edən brenddir. Təhlükəsizlik""}"
travel-0246,RR Travel Company MMC,,,Bakı,trippost.az,trippost-0062,"{""sources"": [""trippost.az""], ""profile_url"": ""https://trippost.az/turizm-sirketleri/rr-travel-company-mmc/"", ""slug"": ""rr-travel-company-mmc"", ""tagline"": """"}"
travel-0247,Ruslan Verdiyev,0519564371,,Bakı,ew_travel_agencies_xlsx,2775673,"{""source_file"": ""c:\\Users\\ASUS G752VT\\Downloads\\EW\\Travel Agencies.xlsx"", ""ew_ids"": [""2775673""], ""agent_codes"": [""Taksi Ruslan Verdiyev""], ""rate_codes"": [""Medical Rates (medikal +FB)""], ""sales_reps"": [], ""is_company"": [], ""passive"": [], ""grey_list"": [false], ""excel_row_count"": 1, ""sources"": [""ew_travel_agencies_xlsx""]}"
travel-0248,Rustar,,,Bakı,ew_travel_agencies_xlsx,2679849,"{""source_file"": ""c:\\Users\\ASUS G752VT\\Downloads\\EW\\Travel Agencies.xlsx"", ""ew_ids"": [""2679849""], ""agent_codes"": [""Rustar medical""], ""rate_codes"": [], ""sales_reps"": [], ""is_company"": [], ""passive"": [], ""grey_list"": [false], ""excel_row_count"": 1, ""sources"": [""ew_travel_agencies_xlsx""]}"
travel-0249,Rövşən İsmayılov,0555930577,,Bakı,ew_travel_agencies_xlsx,3560394,"{""source_file"": ""c:\\Users\\ASUS G752VT\\Downloads\\EW\\Travel Agencies.xlsx"", ""ew_ids"": [""3560394""], ""agent_codes"": [""Taksi Rövşən İsmayılov""], ""rate_codes"": [""Medical Rates (medikal +FB)""], ""sales_reps"": [""Rövşən İsmayılov""], ""is_company"": [], ""passive"": [], ""grey_list"": [false], ""excel_row_count"": 1, ""sources"": [""ew_travel_agencies_xlsx""]}"
travel-0250,Rəhilə Şirinova,0104194545,,Bakı,ew_travel_agencies_xlsx,2531823,"{""source_file"": ""c:\\Users\\ASUS G752VT\\Downloads\\EW\\Travel Agencies.xlsx"", ""ew_ids"": [""2531823""], ""agent_codes"": [""Rəhilə Şirinova""], ""rate_codes"": [""Medical Rates (medikal +FB)""], ""sales_reps"": [], ""is_company"": [], ""passive"": [], ""grey_list"": [false], ""excel_row_count"": 1, ""sources"": [""ew_travel_agencies_xlsx""]}"
travel-0251,Saba Travel and Tourism,,,Bakı,turlar.az,turlar-0076,"{""sources"": [""turlar.az""], ""profile_url"": ""https://turlar.az/me/saba-travel-and-tourism-1417"", ""listings_count"": """", ""description_snippet"": ""SABA TRAVEL AND TOURISM MMC TURİZM SİRKƏTİ 3 ildir daxili və xarici turlar üzrə peşəkar heyyəti, il"", ""alt_values"": {""profile_url"": [""https://turlar.az/me/saba-travel-and-tourism-1327""]}}"
travel-0252,sabiroglu travel,,,Bakı,turlar.az,turlar-0078,"{""sources"": [""turlar.az""], ""profile_url"": ""https://turlar.az/me/sabiroglu-travel-1335"", ""listings_count"": """", ""description_snippet"": """"}"
travel-0253,SAFE TRAVEL TURİZM AGENTLİYİ,,,Bakı,turlar.az,turlar-0079,"{""sources"": [""turlar.az""], ""profile_url"": ""https://turlar.az/me/safe-travel-turizm-agentliyi-1257"", ""listings_count"": """", ""description_snippet"": ""SAFE ~ TRAVEL MMC sizlər üçün Ölkə Daxili 1 Günlük 2 Günlük və 3 Günlük, Məktəbli və Qurup Turlari, Xaric""}"
travel-0254,Sanal Folyo,,,Bakı,ew_travel_agencies_xlsx,2165166,"{""source_file"": ""c:\\Users\\ASUS G752VT\\Downloads\\EW\\Travel Agencies.xlsx"", ""ew_ids"": [""2165166""], ""agent_codes"": [""Sanal Folyo""], ""rate_codes"": [], ""sales_reps"": [], ""is_company"": [], ""passive"": [], ""grey_list"": [false], ""excel_row_count"": 1, ""sources"": [""ew_travel_agencies_xlsx""]}"
travel-0255,Sanatoriums booking,,,Bakı,ew_travel_agencies_xlsx,2283147,"{""source_file"": ""c:\\Users\\ASUS G752VT\\Downloads\\EW\\Travel Agencies.xlsx"", ""ew_ids"": [""2283147""], ""agent_codes"": [""Sanatoriums booking leisure""], ""rate_codes"": [""Daily Rates""], ""sales_reps"": [], ""is_company"": [], ""passive"": [], ""grey_list"": [false], ""excel_row_count"": 1, ""sources"": [""ew_travel_agencies_xlsx""]}"
travel-0256,Sanatoriums.com,0502240201,,Bakı,ew_travel_agencies_xlsx,2253946,"{""source_file"": ""c:\\Users\\ASUS G752VT\\Downloads\\EW\\Travel Agencies.xlsx"", ""ew_ids"": [""2253946""], ""agent_codes"": [""Sanatoriums.com medical""], ""rate_codes"": [""Medical Rates (medikal +FB)""], ""sales_reps"": [], ""is_company"": [], ""passive"": [], ""grey_list"": [false], ""excel_row_count"": 1, ""sources"": [""ew_travel_agencies_xlsx""]}"
travel-0257,Savtour .az medical,,,Bakı,ew_travel_agencies_xlsx,2684071,"{""source_file"": ""c:\\Users\\ASUS G752VT\\Downloads\\EW\\Travel Agencies.xlsx"", ""ew_ids"": [""2684071""], ""agent_codes"": [""Savtour .az medical""], ""rate_codes"": [], ""sales_reps"": [], ""is_company"": [], ""passive"": [], ""grey_list"": [false], ""excel_row_count"": 1, ""sources"": [""ew_travel_agencies_xlsx""]}"
travel-0258,Savtour medical,,,Bakı,ew_travel_agencies_xlsx,3615818,"{""source_file"": ""c:\\Users\\ASUS G752VT\\Downloads\\EW\\Travel Agencies.xlsx"", ""ew_ids"": [""3615818""], ""agent_codes"": [""Savtour medical""], ""rate_codes"": [], ""sales_reps"": [], ""is_company"": [], ""passive"": [], ""grey_list"": [false], ""excel_row_count"": 1, ""sources"": [""ew_travel_agencies_xlsx""]}"
travel-0259,SAVTOUR MMC,,,Bakı,turlar.az+trippost.az,turlar-0080,"{""sources"": [""turlar.az"", ""trippost.az""], ""profile_url"": ""https://turlar.az/me/savtour-mmc-1368"", ""listings_count"": """", ""description_snippet"": ""SAVTOUR MMC, 2016-cı İldən sİzİnlə!"", ""alt_values"": {""profile_url"": [""https://trippost.az/turizm-sirketleri/savtour-mmc/""]}, ""slug"": ""savtour-mmc"", ""tagline"": """"}"
travel-0260,Selena Tour,,,Bakı,turlar.az+trippost.az,turlar-0081,"{""sources"": [""turlar.az"", ""trippost.az""], ""profile_url"": ""https://turlar.az/me/selena-tour-1438"", ""listings_count"": """", ""description_snippet"": ""ATAA üzvü. 9 ildir ki, sizinlə birlikdə böyüyürük. Aviabiletlər. Ölkəxarici turlar. Viza dəstəyi"", ""alt_values"": {""profile_url"": [""https://trippost.az/turizm-sirketleri/selena-tour-mmc/""]}, ""slug"": ""selena-tour-mmc"", ""tagline"": """"}"
travel-0261,Sema Travel MMC,,,Bakı,turlar.az,turlar-0082,"{""sources"": [""turlar.az""], ""profile_url"": ""https://turlar.az/me/sema-travel-mmc-1419"", ""listings_count"": """", ""description_snippet"": ""Tur Şirketi. Tur paketər. Avia biletlər. Otel bronu. Transfer. Sığorta""}"
travel-0262,SeYa Travel MMC,,,Bakı,turlar.az,turlar-0083,"{""sources"": [""turlar.az""], ""profile_url"": ""https://turlar.az/me/seya-travel-mmc-1361"", ""listings_count"": """", ""description_snippet"": ""&quot;SeYa Travel&quot; Ölkədaxili, Ölkəxarici turların təşkili, Aviabiletlər, Viza Dəstəyi, Məktəbl""}"
travel-0263,Seyidi Elçin,,,Bakı,ew_travel_agencies_xlsx,2247528,"{""source_file"": ""c:\\Users\\ASUS G752VT\\Downloads\\EW\\Travel Agencies.xlsx"", ""ew_ids"": [""2247528""], ""agent_codes"": [""Taksi Seyidi Elçin""], ""rate_codes"": [""Medical Rates (medikal +FB)""], ""sales_reps"": [], ""is_company"": [], ""passive"": [], ""grey_list"": [false], ""excel_row_count"": 1, ""sources"": [""ew_travel_agencies_xlsx""]}"
travel-0264,Shoow travel,0708111911,,Bakı,ew_travel_agencies_xlsx,2439382,"{""source_file"": ""c:\\Users\\ASUS G752VT\\Downloads\\EW\\Travel Agencies.xlsx"", ""ew_ids"": [""2439382""], ""agent_codes"": [""Shoow travel medical""], ""rate_codes"": [""Medical Rates (medikal +FB)""], ""sales_reps"": [""Feyz Hümbətli""], ""is_company"": [], ""passive"": [], ""grey_list"": [false], ""excel_row_count"": 1, ""sources"": [""ew_travel_agencies_xlsx""]}"
travel-0265,Silkrow travel,,,Bakı,ew_travel_agencies_xlsx,3499531,"{""source_file"": ""c:\\Users\\ASUS G752VT\\Downloads\\EW\\Travel Agencies.xlsx"", ""ew_ids"": [""3499531""], ""agent_codes"": [""Silkrow travel""], ""rate_codes"": [], ""sales_reps"": [], ""is_company"": [], ""passive"": [], ""grey_list"": [false], ""excel_row_count"": 1, ""sources"": [""ew_travel_agencies_xlsx""]}"
travel-0266,Sis travel medical,,,Bakı,ew_travel_agencies_xlsx,2707397,"{""source_file"": ""c:\\Users\\ASUS G752VT\\Downloads\\EW\\Travel Agencies.xlsx"", ""ew_ids"": [""2707397""], ""agent_codes"": [""Sis travel medical""], ""rate_codes"": [], ""sales_reps"": [], ""is_company"": [], ""passive"": [], ""grey_list"": [false], ""excel_row_count"": 1, ""sources"": [""ew_travel_agencies_xlsx""]}"
travel-0267,Sizin Avtobuslar MMC,,,Bakı,turlar.az,turlar-0084,"{""sources"": [""turlar.az""], ""profile_url"": ""https://turlar.az/me/sizin-avtobuslar-mmc-1159"", ""listings_count"": """", ""description_snippet"": ""Azərbaycan daxilində istənilən istiqamətdə nəqliyyat xidməti həyata keçiririk. We provide transport service""}"
travel-0268,Smile tour,,,Bakı,ew_travel_agencies_xlsx,3621525,"{""source_file"": ""c:\\Users\\ASUS G752VT\\Downloads\\EW\\Travel Agencies.xlsx"", ""ew_ids"": [""3621525""], ""agent_codes"": [""Smile tour""], ""rate_codes"": [], ""sales_reps"": [], ""is_company"": [], ""passive"": [], ""grey_list"": [false], ""excel_row_count"": 1, ""sources"": [""ew_travel_agencies_xlsx""]}"
travel-0269,SN Travel Baku,,,Bakı,turlar.az,turlar-0085,"{""sources"": [""turlar.az""], ""profile_url"": ""https://turlar.az/me/sn-travel-baku-1377"", ""listings_count"": """", ""description_snippet"": ""SN Travel Baku şirketi 2016-ci ildən fəaliyyətdədir. Xidmətlərimiz; Aviabilet, Otellərin bronlaşdırılması""}"
travel-0270,SPACE TRAVEL MMC,,,Bakı,turlar.az+trippost.az,turlar-0086,"{""sources"": [""turlar.az"", ""trippost.az""], ""profile_url"": ""https://turlar.az/me/space-travel-mmc-1329"", ""listings_count"": """", ""description_snippet"": ""Xidmətlərimiz Aviabilet, Otel, Transfer, Daxili turlar, Viza və.s Büdcənizə uyğun qiymətlər təklif ediri"", ""alt_values"": {""profile_url"": [""https://trippost.az/turizm-sirketleri/space-travel-mmc/""]}, ""slug"": ""space-travel-mmc"", ""tagline"": """"}"
travel-0271,STORY TRAVEL,(070) 5685370,,Bakı,turlar.az,turlar-0088,"{""sources"": [""turlar.az""], ""profile_url"": ""https://turlar.az/me/story-travel-1238"", ""listings_count"": ""75"", ""description_snippet"": ""&quot;Story Travel&quot; sizlər üçün Daxili və Xarici turlar, Aviabletlər,otel rezervasyonları,Viza kim""}"
travel-0272,Sultan travel medical,,,Bakı,ew_travel_agencies_xlsx,3549533,"{""source_file"": ""c:\\Users\\ASUS G752VT\\Downloads\\EW\\Travel Agencies.xlsx"", ""ew_ids"": [""3549533""], ""agent_codes"": [""Sultan travel medical""], ""rate_codes"": [], ""sales_reps"": [], ""is_company"": [], ""passive"": [], ""grey_list"": [false], ""excel_row_count"": 1, ""sources"": [""ew_travel_agencies_xlsx""]}"
travel-0273,Summer Travel,,,Bakı,trippost.az,trippost-0066,"{""sources"": [""trippost.az""], ""profile_url"": ""https://trippost.az/turizm-sirketleri/summer-travel/"", ""slug"": ""summer-travel"", ""tagline"": """"}"
travel-0274,Summer Travel Medical,+994702581686,,Bakı,ew_travel_agencies_xlsx,2817210,"{""source_file"": ""c:\\Users\\ASUS G752VT\\Downloads\\EW\\Travel Agencies.xlsx"", ""ew_ids"": [""2817210""], ""agent_codes"": [""Summer Travel Medical""], ""rate_codes"": [""Medical Rates (medikal +FB)""], ""sales_reps"": [], ""is_company"": [true], ""passive"": [], ""grey_list"": [false], ""excel_row_count"": 1, ""sources"": [""ew_travel_agencies_xlsx""]}"
travel-0275,Sun-L Travel,,,Bakı,trippost.az,trippost-0067,"{""sources"": [""trippost.az""], ""profile_url"": ""https://trippost.az/turizm-sirketleri/sun-l-travel/"", ""slug"": ""sun-l-travel"", ""tagline"": """"}"
travel-0276,Səbuhi Məmmədov,0516656727,,Bakı,ew_travel_agencies_xlsx,2293684,"{""source_file"": ""c:\\Users\\ASUS G752VT\\Downloads\\EW\\Travel Agencies.xlsx"", ""ew_ids"": [""2293684""], ""agent_codes"": [""Taksi Səbuhi Məmmədov""], ""rate_codes"": [""Medical Rates (medikal +FB)""], ""sales_reps"": [], ""is_company"": [], ""passive"": [], ""grey_list"": [false], ""excel_row_count"": 1, ""sources"": [""ew_travel_agencies_xlsx""]}"
travel-0277,Take Off,,,Bakı,trippost.az,trippost-0068,"{""sources"": [""trippost.az""], ""profile_url"": ""https://trippost.az/turizm-sirketleri/take-off/"", ""slug"": ""take-off"", ""tagline"": """"}"
travel-0278,Taksi Aslan İsmayılov,0556267940,,Bakı,ew_travel_agencies_xlsx,3582001,"{""source_file"": ""c:\\Users\\ASUS G752VT\\Downloads\\EW\\Travel Agencies.xlsx"", ""ew_ids"": [""3582001""], ""agent_codes"": [""Taksi Aslan Ismayılov""], ""rate_codes"": [""Medical Rates (medikal +FB)""], ""sales_reps"": [], ""is_company"": [], ""passive"": [], ""grey_list"": [false], ""excel_row_count"": 1, ""sources"": [""ew_travel_agencies_xlsx""]}"
travel-0279,Taksi Azər medical,,,Bakı,ew_travel_agencies_xlsx,2683913,"{""source_file"": ""c:\\Users\\ASUS G752VT\\Downloads\\EW\\Travel Agencies.xlsx"", ""ew_ids"": [""2683913""], ""agent_codes"": [""Taksi Azər Qənbərov""], ""rate_codes"": [], ""sales_reps"": [], ""is_company"": [], ""passive"": [], ""grey_list"": [false], ""excel_row_count"": 1, ""sources"": [""ew_travel_agencies_xlsx""]}"
travel-0280,Taksi Bayram Eminov,,,Bakı,ew_travel_agencies_xlsx,2627130,"{""source_file"": ""c:\\Users\\ASUS G752VT\\Downloads\\EW\\Travel Agencies.xlsx"", ""ew_ids"": [""2627130""], ""agent_codes"": [""Taksi Bayram Eminov""], ""rate_codes"": [""Medical Rates (medikal +FB)""], ""sales_reps"": [], ""is_company"": [], ""passive"": [], ""grey_list"": [false], ""excel_row_count"": 1, ""sources"": [""ew_travel_agencies_xlsx""]}"
travel-0281,Taksi Fikret Pasayev,,,Bakı,ew_travel_agencies_xlsx,3489667,"{""source_file"": ""c:\\Users\\ASUS G752VT\\Downloads\\EW\\Travel Agencies.xlsx"", ""ew_ids"": [""3489667""], ""agent_codes"": [""Taksi Fikret Pasayev""], ""rate_codes"": [], ""sales_reps"": [], ""is_company"": [], ""passive"": [], ""grey_list"": [false], ""excel_row_count"": 1, ""sources"": [""ew_travel_agencies_xlsx""]}"
travel-0282,Taksi Mahir Quluzadə,,,Bakı,ew_travel_agencies_xlsx,2535629,"{""source_file"": ""c:\\Users\\ASUS G752VT\\Downloads\\EW\\Travel Agencies.xlsx"", ""ew_ids"": [""2535629""], ""agent_codes"": [""Taksi Mahir Quluzadə""], ""rate_codes"": [""Medical Rates (medikal +FB)""], ""sales_reps"": [], ""is_company"": [], ""passive"": [], ""grey_list"": [false], ""excel_row_count"": 1, ""sources"": [""ew_travel_agencies_xlsx""]}"
travel-0283,Taksi Mehrəliyev İkram,,,Bakı,ew_travel_agencies_xlsx,3512131,"{""source_file"": ""c:\\Users\\ASUS G752VT\\Downloads\\EW\\Travel Agencies.xlsx"", ""ew_ids"": [""3512131""], ""agent_codes"": [""Taksi Mehrəliyev İkram""], ""rate_codes"": [], ""sales_reps"": [], ""is_company"": [], ""passive"": [], ""grey_list"": [false], ""excel_row_count"": 1, ""sources"": [""ew_travel_agencies_xlsx""]}"
travel-0284,Taksi Rövşən Adıgözələv medical,,,Bakı,ew_travel_agencies_xlsx,2696998,"{""source_file"": ""c:\\Users\\ASUS G752VT\\Downloads\\EW\\Travel Agencies.xlsx"", ""ew_ids"": [""2696998""], ""agent_codes"": [""Taksi Rövşən Adıgözəlov medical""], ""rate_codes"": [], ""sales_reps"": [], ""is_company"": [], ""passive"": [], ""grey_list"": [false], ""excel_row_count"": 1, ""sources"": [""ew_travel_agencies_xlsx""]}"
travel-0285,Taksi Saməddin Nəzərov,,,Bakı,ew_travel_agencies_xlsx,2195872,"{""source_file"": ""c:\\Users\\ASUS G752VT\\Downloads\\EW\\Travel Agencies.xlsx"", ""ew_ids"": [""2195872""], ""agent_codes"": [""Taksi Saməddin medical""], ""rate_codes"": [""Medical Rates (medikal +FB)""], ""sales_reps"": [], ""is_company"": [], ""passive"": [], ""grey_list"": [false], ""excel_row_count"": 1, ""sources"": [""ew_travel_agencies_xlsx""]}"
travel-0286,Taksi Tofiq Nəsibov,,,Bakı,ew_travel_agencies_xlsx,2514451,"{""source_file"": ""c:\\Users\\ASUS G752VT\\Downloads\\EW\\Travel Agencies.xlsx"", ""ew_ids"": [""2514451""], ""agent_codes"": [""Taksi Tofiq Nəsibov""], ""rate_codes"": [""Medical Rates (medikal +FB)""], ""sales_reps"": [], ""is_company"": [], ""passive"": [], ""grey_list"": [false], ""excel_row_count"": 1, ""sources"": [""ew_travel_agencies_xlsx""]}"
travel-0287,Taksi Vüsal,0558228089,,Bakı,ew_travel_agencies_xlsx,2194537,"{""source_file"": ""c:\\Users\\ASUS G752VT\\Downloads\\EW\\Travel Agencies.xlsx"", ""ew_ids"": [""2194537""], ""agent_codes"": [""Taksi Vüsal medical""], ""rate_codes"": [], ""sales_reps"": [], ""is_company"": [], ""passive"": [], ""grey_list"": [false], ""excel_row_count"": 1, ""sources"": [""ew_travel_agencies_xlsx""]}"
travel-0288,Taksi Xaliq Yusifov,0508690099,,Bakı,ew_travel_agencies_xlsx,3561167,"{""source_file"": ""c:\\Users\\ASUS G752VT\\Downloads\\EW\\Travel Agencies.xlsx"", ""ew_ids"": [""3561167""], ""agent_codes"": [""Taksi Xaliq Yusifov""], ""rate_codes"": [], ""sales_reps"": [], ""is_company"": [false], ""passive"": [], ""grey_list"": [false], ""excel_row_count"": 1, ""sources"": [""ew_travel_agencies_xlsx""]}"
travel-0289,Taksi Xallı,,,Bakı,ew_travel_agencies_xlsx,3561157,"{""source_file"": ""c:\\Users\\ASUS G752VT\\Downloads\\EW\\Travel Agencies.xlsx"", ""ew_ids"": [""3561157""], ""agent_codes"": [""Taksi Xallı""], ""rate_codes"": [], ""sales_reps"": [], ""is_company"": [], ""passive"": [], ""grey_list"": [false], ""excel_row_count"": 1, ""sources"": [""ew_travel_agencies_xlsx""]}"
travel-0290,Taksi Şəhruz Rüstəmov,,,Bakı,ew_travel_agencies_xlsx,3508076,"{""source_file"": ""c:\\Users\\ASUS G752VT\\Downloads\\EW\\Travel Agencies.xlsx"", ""ew_ids"": [""3508076""], ""agent_codes"": [""Taksi Şəhruz Rüstəmov""], ""rate_codes"": [""Medical Rates (medikal +FB)""], ""sales_reps"": [], ""is_company"": [], ""passive"": [], ""grey_list"": [false], ""excel_row_count"": 1, ""sources"": [""ew_travel_agencies_xlsx""]}"
travel-0291,Taksi Əflatun Hüseynov,0705183650,,Bakı,ew_travel_agencies_xlsx,3618328,"{""source_file"": ""c:\\Users\\ASUS G752VT\\Downloads\\EW\\Travel Agencies.xlsx"", ""ew_ids"": [""3618328""], ""agent_codes"": [""Taksi Əflatun Hüseynov""], ""rate_codes"": [""Medical Rates (medikal +FB)""], ""sales_reps"": [], ""is_company"": [], ""passive"": [], ""grey_list"": [false], ""excel_row_count"": 1, ""sources"": [""ew_travel_agencies_xlsx""]}"
travel-0292,Taksi Əli Rüstəmov,0506158131,,Bakı,ew_travel_agencies_xlsx,2867371,"{""source_file"": ""c:\\Users\\ASUS G752VT\\Downloads\\EW\\Travel Agencies.xlsx"", ""ew_ids"": [""2867371""], ""agent_codes"": [""Taksi Əli Rüstəmov""], ""rate_codes"": [""Medical Rates (medikal +FB)""], ""sales_reps"": [], ""is_company"": [], ""passive"": [], ""grey_list"": [false], ""excel_row_count"": 1, ""sources"": [""ew_travel_agencies_xlsx""]}"
travel-0293,Teatral Travel,,,Bakı,ew_travel_agencies_xlsx,2177326,"{""source_file"": ""c:\\Users\\ASUS G752VT\\Downloads\\EW\\Travel Agencies.xlsx"", ""ew_ids"": [""2177326""], ""agent_codes"": [""Teatral Travel leisure""], ""rate_codes"": [""Daily Rates""], ""sales_reps"": [""Fariz Hacıyev""], ""is_company"": [], ""passive"": [], ""grey_list"": [false], ""excel_row_count"": 1, ""sources"": [""ew_travel_agencies_xlsx""]}"
travel-0294,Tel Travel,,,Bakı,turlar.az,turlar-0089,"{""sources"": [""turlar.az""], ""profile_url"": ""https://turlar.az/me/tel-travel-1362"", ""listings_count"": """", ""description_snippet"": ""Ölkəxarici qrup turları | Viza dəstəyi | Tur paketləri""}"
travel-0295,Telegram,,,Bakı,ew_travel_agencies_xlsx,2347349,"{""source_file"": ""c:\\Users\\ASUS G752VT\\Downloads\\EW\\Travel Agencies.xlsx"", ""ew_ids"": [""2347349""], ""agent_codes"": [""Telegram Medical""], ""rate_codes"": [""Medical Rates (medikal +FB)""], ""sales_reps"": [], ""is_company"": [], ""passive"": [], ""grey_list"": [false], ""excel_row_count"": 1, ""sources"": [""ew_travel_agencies_xlsx""]}"
travel-0296,Temp Travel,,,Bakı,trippost.az,trippost-0069,"{""sources"": [""trippost.az""], ""profile_url"": ""https://trippost.az/turizm-sirketleri/temp-travel/"", ""slug"": ""temp-travel"", ""tagline"": """"}"
travel-0297,Terra Travel,,,Bakı,ew_travel_agencies_xlsx,2440420,"{""source_file"": ""c:\\Users\\ASUS G752VT\\Downloads\\EW\\Travel Agencies.xlsx"", ""ew_ids"": [""2440420""], ""agent_codes"": [""Terra Travel medical""], ""rate_codes"": [""Medical Rates (medikal +FB)""], ""sales_reps"": [], ""is_company"": [], ""passive"": [], ""grey_list"": [false], ""excel_row_count"": 1, ""sources"": [""ew_travel_agencies_xlsx""]}"
travel-0298,Test Qonaq Medikal,,,Bakı,ew_travel_agencies_xlsx,2165903,"{""source_file"": ""c:\\Users\\ASUS G752VT\\Downloads\\EW\\Travel Agencies.xlsx"", ""ew_ids"": [""2165903""], ""agent_codes"": [""Test Qonaq Medikal""], ""rate_codes"": [], ""sales_reps"": [], ""is_company"": [], ""passive"": [], ""grey_list"": [false], ""excel_row_count"": 1, ""sources"": [""ew_travel_agencies_xlsx""]}"
travel-0299,Time Travel Services,,,Bakı,trippost.az,trippost-0070,"{""sources"": [""trippost.az""], ""profile_url"": ""https://trippost.az/turizm-sirketleri/time-travel-services/"", ""slug"": ""time-travel-services"", ""tagline"": """"}"
travel-0300,Tourotdıh medical,+79265756730,,Bakı,ew_travel_agencies_xlsx,2834431,"{""source_file"": ""c:\\Users\\ASUS G752VT\\Downloads\\EW\\Travel Agencies.xlsx"", ""ew_ids"": [""2834431""], ""agent_codes"": [""Tourotdıh medical""], ""rate_codes"": [], ""sales_reps"": [], ""is_company"": [], ""passive"": [], ""grey_list"": [false], ""excel_row_count"": 1, ""sources"": [""ew_travel_agencies_xlsx""]}"
travel-0301,Travel Expert Azerbaijan DMC,,,Bakı,trippost.az,trippost-0071,"{""sources"": [""trippost.az""], ""profile_url"": ""https://trippost.az/turizm-sirketleri/travel-expert-azerbaijan-dmc/"", ""slug"": ""travel-expert-azerbaijan-dmc"", ""tagline"": """"}"
travel-0302,TRAVEL SHOP,,,Bakı,turlar.az,turlar-0090,"{""sources"": [""turlar.az""], ""profile_url"": ""https://turlar.az/me/travel-shop-1332"", ""listings_count"": """", ""description_snippet"": """"}"
travel-0303,Travelhome,,,Bakı,turlar.az,turlar-0091,"{""sources"": [""turlar.az""], ""profile_url"": ""https://turlar.az/me/travelhome-1302"", ""listings_count"": """", ""description_snippet"": ""Ölkədaxili və ölkəxarici turların təşkili, aviabilet satışı, otel bronu. Hər növ turizm xidmətinin göstərilməs""}"
travel-0304,Travello Azerbaijan Mmc,,,Bakı,turlar.az,turlar-0092,"{""sources"": [""turlar.az""], ""profile_url"": ""https://turlar.az/me/travello-azerbaijan-mmc-302"", ""listings_count"": """", ""description_snippet"": ""Səyahət et , iş həmişə var!""}"
travel-0305,Travelstore.az,,,Bakı,trippost.az,trippost-0072,"{""sources"": [""trippost.az""], ""profile_url"": ""https://trippost.az/turizm-sirketleri/travelstore-az/"", ""slug"": ""travelstore-az"", ""tagline"": """"}"
travel-0306,Travelwith Seyrana,,,Bakı,turlar.az,turlar-0093,"{""sources"": [""turlar.az""], ""profile_url"": ""https://turlar.az/me/travelwith-seyrana-1294"", ""listings_count"": ""1"", ""description_snippet"": ""Xarici və daxili tur Məktəbli turları Aviabilet Camping""}"
travel-0307,TT Travel,,,Bakı,turlar.az,turlar-0094,"{""sources"": [""turlar.az""], ""profile_url"": ""https://turlar.az/me/tt-travel-1222"", ""listings_count"": ""27"", ""description_snippet"": ""Ölkə daxili ,Xarici, Məktəbli.Müalicəvi turların təşkili Aviabiletlərin satışı""}"
travel-0308,Turchu.az,0552488776,,Bakı,ew_travel_agencies_xlsx,2177321,"{""source_file"": ""c:\\Users\\ASUS G752VT\\Downloads\\EW\\Travel Agencies.xlsx"", ""ew_ids"": [""2177321""], ""agent_codes"": [""Turchu.az leisure""], ""rate_codes"": [""Daily Rates""], ""sales_reps"": [""Elxan Yadigarov""], ""is_company"": [], ""passive"": [], ""grey_list"": [false], ""excel_row_count"": 1, ""sources"": [""ew_travel_agencies_xlsx""]}"
travel-0309,Turdayam mmc,,,Bakı,turlar.az,turlar-0095,"{""sources"": [""turlar.az""], ""profile_url"": ""https://turlar.az/me/turdayam-mmc-1385"", ""listings_count"": """", ""description_snippet"": ""Turdayam turizm agency Daxili və Xarici turlar üzrə 15 ildir xidmət göstəririk Daxili turlar ,Xaric""}"
travel-0310,Turizm.Az,,,Bakı,trippost.az,trippost-0073,"{""sources"": [""trippost.az""], ""profile_url"": ""https://trippost.az/turizm-sirketleri/turizm-az/"", ""slug"": ""turizm-az"", ""tagline"": """"}"
travel-0311,Ugur Tours,,,Bakı,turlar.az,turlar-0096,"{""sources"": [""turlar.az""], ""profile_url"": ""https://turlar.az/me/ugur-tours-1351"", ""listings_count"": """", ""description_snippet"": ""Ugur Tours""}"
travel-0312,Ulduz Tourism,,,Bakı,trippost.az,trippost-0074,"{""sources"": [""trippost.az""], ""profile_url"": ""https://trippost.az/turizm-sirketleri/ulduz-tourism/"", ""slug"": ""ulduz-tourism"", ""tagline"": """"}"
travel-0313,Valentina tur medical,+37360250405,,Bakı,ew_travel_agencies_xlsx,3572582,"{""source_file"": ""c:\\Users\\ASUS G752VT\\Downloads\\EW\\Travel Agencies.xlsx"", ""ew_ids"": [""3572582""], ""agent_codes"": [""Valentina tur medical""], ""rate_codes"": [], ""sales_reps"": [], ""is_company"": [], ""passive"": [], ""grey_list"": [false], ""excel_row_count"": 1, ""sources"": [""ew_travel_agencies_xlsx""]}"
travel-0314,Vasif Cəfərov,,,Bakı,ew_travel_agencies_xlsx,2347351,"{""source_file"": ""c:\\Users\\ASUS G752VT\\Downloads\\EW\\Travel Agencies.xlsx"", ""ew_ids"": [""2347351""], ""agent_codes"": [""Taksi Vasif Cəfərov""], ""rate_codes"": [""Medical Rates (medikal +FB)""], ""sales_reps"": [], ""is_company"": [], ""passive"": [], ""grey_list"": [false], ""excel_row_count"": 1, ""sources"": [""ew_travel_agencies_xlsx""]}"
travel-0315,Vegas Travel,,,Bakı,ew_travel_agencies_xlsx,2723397,"{""source_file"": ""c:\\Users\\ASUS G752VT\\Downloads\\EW\\Travel Agencies.xlsx"", ""ew_ids"": [""2723397""], ""agent_codes"": [""Vegas Travel""], ""rate_codes"": [""Medical Rates (medikal +FB)""], ""sales_reps"": [], ""is_company"": [], ""passive"": [], ""grey_list"": [false], ""excel_row_count"": 1, ""sources"": [""ew_travel_agencies_xlsx""]}"
travel-0316,Velosiped yarişi,,,Bakı,ew_travel_agencies_xlsx,3602977,"{""source_file"": ""c:\\Users\\ASUS G752VT\\Downloads\\EW\\Travel Agencies.xlsx"", ""ew_ids"": [""3602977""], ""agent_codes"": [""Velosiped yarişi""], ""rate_codes"": [], ""sales_reps"": [], ""is_company"": [], ""passive"": [], ""grey_list"": [false], ""excel_row_count"": 1, ""sources"": [""ew_travel_agencies_xlsx""]}"
travel-0317,Veysəloglu MMC,,,Bakı,ew_travel_agencies_xlsx,2635486,"{""source_file"": ""c:\\Users\\ASUS G752VT\\Downloads\\EW\\Travel Agencies.xlsx"", ""ew_ids"": [""2635486""], ""agent_codes"": [""Veysəloglu MMC""], ""rate_codes"": [""Medical Rates (medikal +FB)""], ""sales_reps"": [], ""is_company"": [], ""passive"": [], ""grey_list"": [false], ""excel_row_count"": 1, ""sources"": [""ew_travel_agencies_xlsx""]}"
travel-0318,Vionera Travel,,,Bakı,turlar.az,turlar-0097,"{""sources"": [""turlar.az""], ""profile_url"": ""https://turlar.az/me/vionera-travel-1414"", ""listings_count"": """", ""description_snippet"": ""Daxili ve xarici turlarin teskili""}"
travel-0319,Vita Travel,+994512068878,,Bakı,ew_travel_agencies_xlsx+turlar.az,2111433,"{""source_file"": ""c:\\Users\\ASUS G752VT\\Downloads\\EW\\Travel Agencies.xlsx"", ""ew_ids"": [""2111433"", ""2111431""], ""agent_codes"": [""Vita Travel leisure"", ""Vita Travel medical""], ""rate_codes"": [""Daily Rates"", ""Medical Rates (medikal +FB)""], ""sales_reps"": [""Elvin Rəşidzadə""], ""is_company"": [], ""passive"": [], ""grey_list"": [false, false], ""excel_row_count"": 2, ""sources"": [""ew_travel_agencies_xlsx"", ""turlar.az""], ""profile_url"": ""https://turlar.az/me/vita-travel-mmc-1267"", ""listings_count"": """", ""description_snippet"": ""Vita Travel müştərilərinə Azərbaycanın müxtəlif istiqamətlərinə müalicə və səyahət xidmətləri təkli""}"
travel-0320,Viva Naftalan Tour,+994102506775,,Bakı,ew_travel_agencies_xlsx,2117155,"{""source_file"": ""c:\\Users\\ASUS G752VT\\Downloads\\EW\\Travel Agencies.xlsx"", ""ew_ids"": [""2117155"", ""2117154""], ""agent_codes"": [""Viva Naftalan leisure"", ""Viva Naftalan medical""], ""rate_codes"": [""Daily Rates"", ""Medical Rates (medikal +FB)""], ""sales_reps"": [""Əhmədov Azər""], ""is_company"": [], ""passive"": [], ""grey_list"": [false, false], ""excel_row_count"": 2, ""sources"": [""ew_travel_agencies_xlsx""]}"
travel-0321,Viyen Holiday medical,,,Bakı,ew_travel_agencies_xlsx,3499936,"{""source_file"": ""c:\\Users\\ASUS G752VT\\Downloads\\EW\\Travel Agencies.xlsx"", ""ew_ids"": [""3499936""], ""agent_codes"": [""Viyen Holiday medical""], ""rate_codes"": [], ""sales_reps"": [], ""is_company"": [], ""passive"": [], ""grey_list"": [false], ""excel_row_count"": 1, ""sources"": [""ew_travel_agencies_xlsx""]}"
travel-0322,Voyage Tour,,,Bakı,ew_travel_agencies_xlsx,2267765,"{""source_file"": ""c:\\Users\\ASUS G752VT\\Downloads\\EW\\Travel Agencies.xlsx"", ""ew_ids"": [""2267765""], ""agent_codes"": [""Voyage Tour Medical""], ""rate_codes"": [""Medical Rates (medikal +FB)""], ""sales_reps"": [], ""is_company"": [], ""passive"": [], ""grey_list"": [false], ""excel_row_count"": 1, ""sources"": [""ew_travel_agencies_xlsx""]}"
travel-0323,Vəkil Mirzəyev,,,Bakı,ew_travel_agencies_xlsx,2422061,"{""source_file"": ""c:\\Users\\ASUS G752VT\\Downloads\\EW\\Travel Agencies.xlsx"", ""ew_ids"": [""2422061""], ""agent_codes"": [""Taksi Vəkil Mirzəyev""], ""rate_codes"": [""Medical Rates (medikal +FB)""], ""sales_reps"": [], ""is_company"": [], ""passive"": [], ""grey_list"": [false], ""excel_row_count"": 1, ""sources"": [""ew_travel_agencies_xlsx""]}"
travel-0324,Vəli Abbasov,,,Bakı,ew_travel_agencies_xlsx,2447122,"{""source_file"": ""c:\\Users\\ASUS G752VT\\Downloads\\EW\\Travel Agencies.xlsx"", ""ew_ids"": [""2447122""], ""agent_codes"": [""Taksi Vəli Abbasov""], ""rate_codes"": [""Medical Rates (medikal +FB)""], ""sales_reps"": [], ""is_company"": [], ""passive"": [], ""grey_list"": [false], ""excel_row_count"": 1, ""sources"": [""ew_travel_agencies_xlsx""]}"
travel-0325,Walkin kupon,,,Bakı,ew_travel_agencies_xlsx,3343966,"{""source_file"": ""c:\\Users\\ASUS G752VT\\Downloads\\EW\\Travel Agencies.xlsx"", ""ew_ids"": [""3343966""], ""agent_codes"": [""Walkin kupon""], ""rate_codes"": [""Medical Rates (medikal +FB)""], ""sales_reps"": [], ""is_company"": [], ""passive"": [], ""grey_list"": [false], ""excel_row_count"": 1, ""sources"": [""ew_travel_agencies_xlsx""]}"
travel-0326,walkin medical,,,Bakı,ew_travel_agencies_xlsx,2165512,"{""source_file"": ""c:\\Users\\ASUS G752VT\\Downloads\\EW\\Travel Agencies.xlsx"", ""ew_ids"": [""2165512""], ""agent_codes"": [""Walkin medical""], ""rate_codes"": [""Medical Rates (medikal +FB)""], ""sales_reps"": [], ""is_company"": [], ""passive"": [], ""grey_list"": [false], ""excel_row_count"": 1, ""sources"": [""ew_travel_agencies_xlsx""]}"
travel-0327,Walkin Naftalan Hotel,,,Bakı,ew_travel_agencies_xlsx,1996712,"{""source_file"": ""c:\\Users\\ASUS G752VT\\Downloads\\EW\\Travel Agencies.xlsx"", ""ew_ids"": [""1996712""], ""agent_codes"": [""Walkin leisure""], ""rate_codes"": [""Daily Rates""], ""sales_reps"": [], ""is_company"": [], ""passive"": [], ""grey_list"": [false], ""excel_row_count"": 1, ""sources"": [""ew_travel_agencies_xlsx""]}"
travel-0328,Wide Travel,+994507037804,,Bakı,ew_travel_agencies_xlsx,2177314,"{""source_file"": ""c:\\Users\\ASUS G752VT\\Downloads\\EW\\Travel Agencies.xlsx"", ""ew_ids"": [""2177314"", ""2249842""], ""agent_codes"": [""Wide Travel Medical"", ""Wide Travel leisure""], ""rate_codes"": [""Daily Rates"", ""Medical Rates (medikal +FB)""], ""sales_reps"": [""İlkin Əhmədov""], ""is_company"": [], ""passive"": [], ""grey_list"": [false, false], ""excel_row_count"": 2, ""sources"": [""ew_travel_agencies_xlsx""]}"
travel-0329,Wulkan travel,0502519821,,Bakı,ew_travel_agencies_xlsx,2500900,"{""source_file"": ""c:\\Users\\ASUS G752VT\\Downloads\\EW\\Travel Agencies.xlsx"", ""ew_ids"": [""2500900""], ""agent_codes"": [""Wulkan travel medical""], ""rate_codes"": [""Medical Rates (medikal +FB)""], ""sales_reps"": [], ""is_company"": [], ""passive"": [], ""grey_list"": [false], ""excel_row_count"": 1, ""sources"": [""ew_travel_agencies_xlsx""]}"
travel-0330,Xalcha Travel MMC,,,Bakı,trippost.az,trippost-0042,"{""sources"": [""trippost.az""], ""profile_url"": ""https://trippost.az/turizm-sirketleri/xalcha-travel-mmc-2/"", ""slug"": ""xalcha-travel-mmc-2"", ""tagline"": """"}"
travel-0331,Xan Qızı Travel,,,Bakı,trippost.az,trippost-0043,"{""sources"": [""trippost.az""], ""profile_url"": ""https://trippost.az/turizm-sirketleri/xan-qizi-travel/"", ""slug"": ""xan-qizi-travel"", ""tagline"": """"}"
travel-0332,Xan Turizm,,,Bakı,ew_travel_agencies_xlsx,2195457,"{""source_file"": ""c:\\Users\\ASUS G752VT\\Downloads\\EW\\Travel Agencies.xlsx"", ""ew_ids"": [""2195457""], ""agent_codes"": [""Xan Turizm medical""], ""rate_codes"": [""Medical Rates (medikal +FB)""], ""sales_reps"": [], ""is_company"": [], ""passive"": [], ""grey_list"": [false], ""excel_row_count"": 1, ""sources"": [""ew_travel_agencies_xlsx""]}"
travel-0333,Yes Travel MMC,,,Bakı,trippost.az,trippost-0075,"{""sources"": [""trippost.az""], ""profile_url"": ""https://trippost.az/turizm-sirketleri/yes-travel-mmc/"", ""slug"": ""yes-travel-mmc"", ""tagline"": """"}"
travel-0334,Yurd FM,,,Bakı,ew_travel_agencies_xlsx,2628801,"{""source_file"": ""c:\\Users\\ASUS G752VT\\Downloads\\EW\\Travel Agencies.xlsx"", ""ew_ids"": [""2628801""], ""agent_codes"": [""Yurd FM""], ""rate_codes"": [""Medical Rates (medikal +FB)""], ""sales_reps"": [], ""is_company"": [], ""passive"": [], ""grey_list"": [false], ""excel_row_count"": 1, ""sources"": [""ew_travel_agencies_xlsx""]}"
travel-0335,Yurdtravel_azeribaijan,,,Bakı,turlar.az,turlar-0099,"{""sources"": [""turlar.az""], ""profile_url"": ""https://turlar.az/me/yurdtravel-azeribaijan-1300"", ""listings_count"": """", ""description_snippet"": ""Daxili turların,xarıcı turların,avıa biletlerin,dini turların,mektebli turlarının satışı""}"
travel-0336,YURDUM TRAVEL,,,Bakı,turlar.az,turlar-0100,"{""sources"": [""turlar.az""], ""profile_url"": ""https://turlar.az/me/yurdum-travel-1428"", ""listings_count"": """", ""description_snippet"": ""Yurdum Travel – daxili turlar, qrup səfərləri və nəqliyyat sifarişi xidmətləri ilə unudulmaz səyahətlə""}"
travel-0337,Yusi Ko Travel,,,Bakı,trippost.az,trippost-0076,"{""sources"": [""trippost.az""], ""profile_url"": ""https://trippost.az/turizm-sirketleri/yusi-ko-travel/"", ""slug"": ""yusi-ko-travel"", ""tagline"": """"}"
travel-0338,ZD Travel,,,Bakı,trippost.az,trippost-0077,"{""sources"": [""trippost.az""], ""profile_url"": ""https://trippost.az/turizm-sirketleri/zd-travel/"", ""slug"": ""zd-travel"", ""tagline"": """"}"
travel-0339,Zeynalov Mikayl,0555914600,,Bakı,ew_travel_agencies_xlsx,2271891,"{""source_file"": ""c:\\Users\\ASUS G752VT\\Downloads\\EW\\Travel Agencies.xlsx"", ""ew_ids"": [""2271891""], ""agent_codes"": [""Taksi Zeynalov Mikayıl""], ""rate_codes"": [""Medical Rates (medikal +FB)""], ""sales_reps"": [""Mikayıl Zeynalov""], ""is_company"": [], ""passive"": [], ""grey_list"": [false], ""excel_row_count"": 1, ""sources"": [""ew_travel_agencies_xlsx""]}"
travel-0340,Zirvə travel,,,Bakı,turlar.az,turlar-0101,"{""sources"": [""turlar.az""], ""profile_url"": ""https://turlar.az/me/zirve-travel-1106"", ""listings_count"": ""29"", ""description_snippet"": ""Turizm xidmətləri , daxili turizm Xarici turizm Aviebilet satışı""}"
travel-0341,Ədalət İsmayılov,,,Bakı,ew_travel_agencies_xlsx,2250532,"{""source_file"": ""c:\\Users\\ASUS G752VT\\Downloads\\EW\\Travel Agencies.xlsx"", ""ew_ids"": [""2250532""], ""agent_codes"": [""Taksi Ədalət İsmayılov""], ""rate_codes"": [""Medical Rates (medikal +FB)""], ""sales_reps"": [], ""is_company"": [], ""passive"": [], ""grey_list"": [false], ""excel_row_count"": 1, ""sources"": [""ew_travel_agencies_xlsx""]}"
travel-0342,Əli Əliyev,,,Bakı,ew_travel_agencies_xlsx,2447125,"{""source_file"": ""c:\\Users\\ASUS G752VT\\Downloads\\EW\\Travel Agencies.xlsx"", ""ew_ids"": [""2447125""], ""agent_codes"": [""Taksi Əli Əliyev""], ""rate_codes"": [""Medical Rates (medikal +FB)""], ""sales_reps"": [], ""is_company"": [], ""passive"": [], ""grey_list"": [false], ""excel_row_count"": 1, ""sources"": [""ew_travel_agencies_xlsx""]}"
travel-0343,Əlihüseyn İsmayılov,,,Bakı,ew_travel_agencies_xlsx,2433527,"{""source_file"": ""c:\\Users\\ASUS G752VT\\Downloads\\EW\\Travel Agencies.xlsx"", ""ew_ids"": [""2433527""], ""agent_codes"": [""Taksi Əlihüseyn İsmayılov medical""], ""rate_codes"": [""Medical Rates (medikal +FB)""], ""sales_reps"": [], ""is_company"": [], ""passive"": [], ""grey_list"": [false], ""excel_row_count"": 1, ""sources"": [""ew_travel_agencies_xlsx""]}"
travel-0344,Əlizadə Kənan,0553039915,,Bakı,ew_travel_agencies_xlsx,2288848,"{""source_file"": ""c:\\Users\\ASUS G752VT\\Downloads\\EW\\Travel Agencies.xlsx"", ""ew_ids"": [""2288848""], ""agent_codes"": [""Taksi Əlizadə Kənan""], ""rate_codes"": [], ""sales_reps"": [], ""is_company"": [], ""passive"": [], ""grey_list"": [false], ""excel_row_count"": 1, ""sources"": [""ew_travel_agencies_xlsx""]}"
travel-0345,Ənvər Axundov,0512809820,,Bakı,ew_travel_agencies_xlsx,2289067,"{""source_file"": ""c:\\Users\\ASUS G752VT\\Downloads\\EW\\Travel Agencies.xlsx"", ""ew_ids"": [""2289067""], ""agent_codes"": [""Taksi Ənvər Axundov""], ""rate_codes"": [""Medical Rates (medikal +FB)""], ""sales_reps"": [], ""is_company"": [], ""passive"": [], ""grey_list"": [false], ""excel_row_count"": 1, ""sources"": [""ew_travel_agencies_xlsx""]}"
travel-0346,Əsr Travel,,,Bakı,turlar.az,turlar-0102,"{""sources"": [""turlar.az""], ""profile_url"": ""https://turlar.az/me/esr-travel-1407"", ""listings_count"": """", ""description_snippet"": ""Hal hazırda şirkətimiz də həm daxili həm də xarici turlarımız mövcüddur.Hər zaman keyfiyətli turlarl""}"
